id,idHeredado,AisladoDeHospedero,ParteDeHospedero,FechaAislamiento,FechaSalida,IdAnalisisMolecular,MedioCultivo,MetodoSiembra,Estado,Comentarios,CantidadExistencias,EstaEnColeccion,idColecta,idOrganismo
322b7e8c-d0da-11f0-9ba0-fc3fdb83b633,100A,true,Hoja,,,,,,,,1,false,31fa731b-d0da-11f0-9ba0-fc3fdb83b633,3027f87b-d0da-11f0-9ba0-fc3fdb83b633
322bc208-d0da-11f0-9ba0-fc3fdb83b633,100B,true,Hoja,,,,,,,,1,false,31fa731b-d0da-11f0-9ba0-fc3fdb83b633,3027edbd-d0da-11f0-9ba0-fc3fdb83b633
322c03c5-d0da-11f0-9ba0-fc3fdb83b633,100C,true,Hoja,,,,,,,,1,false,31fa731b-d0da-11f0-9ba0-fc3fdb83b633,3027edbd-d0da-11f0-9ba0-fc3fdb83b633
322c4704-d0da-11f0-9ba0-fc3fdb83b633,100D,true,Hoja,,,,,,,,1,false,31fa731b-d0da-11f0-9ba0-fc3fdb83b633,3027edbd-d0da-11f0-9ba0-fc3fdb83b633
322c9786-d0da-11f0-9ba0-fc3fdb83b633,101A,true,Hoja,,,,,,,,1,false,31fa76a8-d0da-11f0-9ba0-fc3fdb83b633,3027edbd-d0da-11f0-9ba0-fc3fdb83b633
322cd9a8-d0da-11f0-9ba0-fc3fdb83b633,101B,true,Hoja,,,,,,,,1,false,31fa76a8-d0da-11f0-9ba0-fc3fdb83b633,3027edbd-d0da-11f0-9ba0-fc3fdb83b633
322d0479-d0da-11f0-9ba0-fc3fdb83b633,101C,true,Hoja,,,,,,,,1,false,31fa76a8-d0da-11f0-9ba0-fc3fdb83b633,3027edbd-d0da-11f0-9ba0-fc3fdb83b633
322d27d1-d0da-11f0-9ba0-fc3fdb83b633,101D,true,Hoja,,,,,,,,1,false,31fa76a8-d0da-11f0-9ba0-fc3fdb83b633,3027edbd-d0da-11f0-9ba0-fc3fdb83b633
322d4ab8-d0da-11f0-9ba0-fc3fdb83b633,101E,true,Hoja,,,,,,,,1,false,31fa76a8-d0da-11f0-9ba0-fc3fdb83b633,3027edbd-d0da-11f0-9ba0-fc3fdb83b633
322d6dd3-d0da-11f0-9ba0-fc3fdb83b633,102A,true,Hoja,,,,,,,,1,false,31fa7d4b-d0da-11f0-9ba0-fc3fdb83b633,3027f8bd-d0da-11f0-9ba0-fc3fdb83b633
322d93f8-d0da-11f0-9ba0-fc3fdb83b633,102B,true,Hoja,,,,,,,,1,false,31fa7d4b-d0da-11f0-9ba0-fc3fdb83b633,3027edbd-d0da-11f0-9ba0-fc3fdb83b633
322db8ad-d0da-11f0-9ba0-fc3fdb83b633,102C,true,Hoja,,,,,,,,1,false,31fa7d4b-d0da-11f0-9ba0-fc3fdb83b633,3027edbd-d0da-11f0-9ba0-fc3fdb83b633
322df00e-d0da-11f0-9ba0-fc3fdb83b633,102D,true,Hoja,,,,,,,,1,false,31fa7d4b-d0da-11f0-9ba0-fc3fdb83b633,3027edbd-d0da-11f0-9ba0-fc3fdb83b633
322e351f-d0da-11f0-9ba0-fc3fdb83b633,103A,true,Hoja,,,,,,,,1,false,31fa80d2-d0da-11f0-9ba0-fc3fdb83b633,3027edbd-d0da-11f0-9ba0-fc3fdb83b633
322e7859-d0da-11f0-9ba0-fc3fdb83b633,103B,true,Hoja,,,,,,,,1,false,31fa80d2-d0da-11f0-9ba0-fc3fdb83b633,3027edbd-d0da-11f0-9ba0-fc3fdb83b633
322ebb30-d0da-11f0-9ba0-fc3fdb83b633,103C,true,Tronco,,,,,,,,1,false,31fa80d2-d0da-11f0-9ba0-fc3fdb83b633,3027edbd-d0da-11f0-9ba0-fc3fdb83b633
322f0283-d0da-11f0-9ba0-fc3fdb83b633,104A,true,Hoja,,,,,,,,1,false,31fa8578-d0da-11f0-9ba0-fc3fdb83b633,3027f76b-d0da-11f0-9ba0-fc3fdb83b633
322f4688-d0da-11f0-9ba0-fc3fdb83b633,104B,true,Hoja,,,,,,,,1,false,31fa8578-d0da-11f0-9ba0-fc3fdb83b633,3027edbd-d0da-11f0-9ba0-fc3fdb83b633
322f8bd0-d0da-11f0-9ba0-fc3fdb83b633,104C,true,Hoja,,,,,,,,1,false,31fa8578-d0da-11f0-9ba0-fc3fdb83b633,3027edbd-d0da-11f0-9ba0-fc3fdb83b633
322fcdbf-d0da-11f0-9ba0-fc3fdb83b633,104D,true,Hoja,,,,,,,,1,false,31fa8578-d0da-11f0-9ba0-fc3fdb83b633,3027edbd-d0da-11f0-9ba0-fc3fdb83b633
3230235f-d0da-11f0-9ba0-fc3fdb83b633,1055A,true,Hoja,,,,,,,,1,false,31ffacb6-d0da-11f0-9ba0-fc3fdb83b633,3027edbd-d0da-11f0-9ba0-fc3fdb83b633
32306477-d0da-11f0-9ba0-fc3fdb83b633,1055B,true,Rama,,,,,,,,1,false,31ffacb6-d0da-11f0-9ba0-fc3fdb83b633,3027edbd-d0da-11f0-9ba0-fc3fdb83b633
3230a589-d0da-11f0-9ba0-fc3fdb83b633,1055C,true,Hoja,,,,,,,,1,false,31ffacb6-d0da-11f0-9ba0-fc3fdb83b633,3027edbd-d0da-11f0-9ba0-fc3fdb83b633
3230e848-d0da-11f0-9ba0-fc3fdb83b633,1055D,true,Hoja,,,,,,,,1,false,31ffacb6-d0da-11f0-9ba0-fc3fdb83b633,3027edbd-d0da-11f0-9ba0-fc3fdb83b633
32312982-d0da-11f0-9ba0-fc3fdb83b633,1055E,true,Rama,,,,,,,,1,false,31ffacb6-d0da-11f0-9ba0-fc3fdb83b633,3027edbd-d0da-11f0-9ba0-fc3fdb83b633
32316a66-d0da-11f0-9ba0-fc3fdb83b633,1055F,true,Pecíolo,,,,,,,,1,false,31ffacb6-d0da-11f0-9ba0-fc3fdb83b633,3027edbd-d0da-11f0-9ba0-fc3fdb83b633
3231a077-d0da-11f0-9ba0-fc3fdb83b633,1055G,true,Hoja,,,,,,,,1,false,31ffacb6-d0da-11f0-9ba0-fc3fdb83b633,3027edbd-d0da-11f0-9ba0-fc3fdb83b633
3231c776-d0da-11f0-9ba0-fc3fdb83b633,1057A,true,Pecíolo,,,,,,,,1,false,31ffaf0a-d0da-11f0-9ba0-fc3fdb83b633,3027edbd-d0da-11f0-9ba0-fc3fdb83b633
3231ee30-d0da-11f0-9ba0-fc3fdb83b633,1057B,true,Rama,,,,,,,,1,false,31ffaf0a-d0da-11f0-9ba0-fc3fdb83b633,3027edbd-d0da-11f0-9ba0-fc3fdb83b633
323217a2-d0da-11f0-9ba0-fc3fdb83b633,1057C,true,Pecíolo,,,,,,,,1,false,31ffaf0a-d0da-11f0-9ba0-fc3fdb83b633,3027edbd-d0da-11f0-9ba0-fc3fdb83b633
32326466-d0da-11f0-9ba0-fc3fdb83b633,1057D,true,Hoja,,,,,,,,1,false,31ffaf0a-d0da-11f0-9ba0-fc3fdb83b633,3027edbd-d0da-11f0-9ba0-fc3fdb83b633
3232aced-d0da-11f0-9ba0-fc3fdb83b633,1058A,true,Hoja,,,,,,,,1,false,31ffb16f-d0da-11f0-9ba0-fc3fdb83b633,3027edbd-d0da-11f0-9ba0-fc3fdb83b633
3232f547-d0da-11f0-9ba0-fc3fdb83b633,1059A,true,Hoja,,,,,,,,1,false,31ffb3c5-d0da-11f0-9ba0-fc3fdb83b633,3027edbd-d0da-11f0-9ba0-fc3fdb83b633
32333bfc-d0da-11f0-9ba0-fc3fdb83b633,1059B,true,Hoja,,,,,,,,1,false,31ffb3c5-d0da-11f0-9ba0-fc3fdb83b633,3027edbd-d0da-11f0-9ba0-fc3fdb83b633
323381e8-d0da-11f0-9ba0-fc3fdb83b633,1059C,true,Rama,,,,,,,,1,false,31ffb3c5-d0da-11f0-9ba0-fc3fdb83b633,302815f4-d0da-11f0-9ba0-fc3fdb83b633
3233b0eb-d0da-11f0-9ba0-fc3fdb83b633,105A,true,Hoja,,,,,,,,1,false,31fa8903-d0da-11f0-9ba0-fc3fdb83b633,3027edbd-d0da-11f0-9ba0-fc3fdb83b633
3233f447-d0da-11f0-9ba0-fc3fdb83b633,105B,true,Hoja,,,,,,,,1,false,31fa8903-d0da-11f0-9ba0-fc3fdb83b633,3027edbd-d0da-11f0-9ba0-fc3fdb83b633
32343ce7-d0da-11f0-9ba0-fc3fdb83b633,105C,true,Hoja,,,,,,,,1,false,31fa8903-d0da-11f0-9ba0-fc3fdb83b633,3027edbd-d0da-11f0-9ba0-fc3fdb83b633
323498e5-d0da-11f0-9ba0-fc3fdb83b633,1060A,true,Hoja,,,,,,,,1,false,31ffb62b-d0da-11f0-9ba0-fc3fdb83b633,3027edbd-d0da-11f0-9ba0-fc3fdb83b633
3234dfc4-d0da-11f0-9ba0-fc3fdb83b633,1062A,true,Pecíolo,,,,,,,,1,false,31ffb8c9-d0da-11f0-9ba0-fc3fdb83b633,3027edbd-d0da-11f0-9ba0-fc3fdb83b633
3235259f-d0da-11f0-9ba0-fc3fdb83b633,1062B,true,Hoja,,,,,,,,1,false,31ffb8c9-d0da-11f0-9ba0-fc3fdb83b633,3027edbd-d0da-11f0-9ba0-fc3fdb83b633
32356cb9-d0da-11f0-9ba0-fc3fdb83b633,1062C,true,Hoja,,,,,,,,1,false,31ffb8c9-d0da-11f0-9ba0-fc3fdb83b633,3027edbd-d0da-11f0-9ba0-fc3fdb83b633
3235b24f-d0da-11f0-9ba0-fc3fdb83b633,1063A,true,Hoja,,,,,,,,1,false,31ffbb6b-d0da-11f0-9ba0-fc3fdb83b633,3027edbd-d0da-11f0-9ba0-fc3fdb83b633
3235f75a-d0da-11f0-9ba0-fc3fdb83b633,1063B,true,Hoja,,,,,,,,1,false,31ffbb6b-d0da-11f0-9ba0-fc3fdb83b633,3027f7f9-d0da-11f0-9ba0-fc3fdb83b633
32363c68-d0da-11f0-9ba0-fc3fdb83b633,1063C,true,Hoja,,,,,,,,1,false,31ffbb6b-d0da-11f0-9ba0-fc3fdb83b633,3027edbd-d0da-11f0-9ba0-fc3fdb83b633
3236773c-d0da-11f0-9ba0-fc3fdb83b633,1063D,true,Hoja,,,,,,,,1,false,31ffbb6b-d0da-11f0-9ba0-fc3fdb83b633,3027edbd-d0da-11f0-9ba0-fc3fdb83b633
3236a500-d0da-11f0-9ba0-fc3fdb83b633,1063E,true,Hoja,,,,,,,,1,false,31ffbb6b-d0da-11f0-9ba0-fc3fdb83b633,3027edbd-d0da-11f0-9ba0-fc3fdb83b633
3236e9fd-d0da-11f0-9ba0-fc3fdb83b633,1064A,true,Rama,,,,,,,,1,false,31ffbe07-d0da-11f0-9ba0-fc3fdb83b633,3027edbd-d0da-11f0-9ba0-fc3fdb83b633
3237324c-d0da-11f0-9ba0-fc3fdb83b633,1064B,true,Fruto,,,,,,,,1,false,31ffbe07-d0da-11f0-9ba0-fc3fdb83b633,3027edbd-d0da-11f0-9ba0-fc3fdb83b633
32377aa7-d0da-11f0-9ba0-fc3fdb83b633,1064C,true,Rama,,,,,,,,1,false,31ffbe07-d0da-11f0-9ba0-fc3fdb83b633,302815f4-d0da-11f0-9ba0-fc3fdb83b633
3237c0b5-d0da-11f0-9ba0-fc3fdb83b633,1064D,true,Pecíolo,,,,,,,,1,false,31ffbe07-d0da-11f0-9ba0-fc3fdb83b633,3027edbd-d0da-11f0-9ba0-fc3fdb83b633
32382b65-d0da-11f0-9ba0-fc3fdb83b633,1064E,true,Fruto,,,,,,,,1,false,31ffbe07-d0da-11f0-9ba0-fc3fdb83b633,3027edbd-d0da-11f0-9ba0-fc3fdb83b633
3238d0b3-d0da-11f0-9ba0-fc3fdb83b633,1064F,true,Pecíolo,,,,,,,,1,false,31ffbe07-d0da-11f0-9ba0-fc3fdb83b633,3027edbd-d0da-11f0-9ba0-fc3fdb83b633
32397c0a-d0da-11f0-9ba0-fc3fdb83b633,1064G,true,Fruto,,,,,,,,1,false,31ffbe07-d0da-11f0-9ba0-fc3fdb83b633,3027edbd-d0da-11f0-9ba0-fc3fdb83b633
323aa085-d0da-11f0-9ba0-fc3fdb83b633,1064H,true,Hoja,,,,,,,,1,false,31ffbe07-d0da-11f0-9ba0-fc3fdb83b633,3027edbd-d0da-11f0-9ba0-fc3fdb83b633
323b3a8b-d0da-11f0-9ba0-fc3fdb83b633,1064I,true,Hoja,,,,,,,,1,false,31ffbe07-d0da-11f0-9ba0-fc3fdb83b633,3027edbd-d0da-11f0-9ba0-fc3fdb83b633
323baa4a-d0da-11f0-9ba0-fc3fdb83b633,1064J,true,Hoja,,,,,,,,1,false,31ffbe07-d0da-11f0-9ba0-fc3fdb83b633,3027edbd-d0da-11f0-9ba0-fc3fdb83b633
323c58fd-d0da-11f0-9ba0-fc3fdb83b633,1064K,true,Hoja,,,,,,,,1,false,31ffbe07-d0da-11f0-9ba0-fc3fdb83b633,3027edbd-d0da-11f0-9ba0-fc3fdb83b633
323ca297-d0da-11f0-9ba0-fc3fdb83b633,1064L,true,Hoja,,,,,,,,1,false,31ffbe07-d0da-11f0-9ba0-fc3fdb83b633,3027edbd-d0da-11f0-9ba0-fc3fdb83b633
323cf2b4-d0da-11f0-9ba0-fc3fdb83b633,1064M,true,Hoja,,,,,,,,1,false,31ffbe07-d0da-11f0-9ba0-fc3fdb83b633,3027edbd-d0da-11f0-9ba0-fc3fdb83b633
323d38d3-d0da-11f0-9ba0-fc3fdb83b633,1064N,true,Hoja,,,,,,,,1,false,31ffbe07-d0da-11f0-9ba0-fc3fdb83b633,3027edbd-d0da-11f0-9ba0-fc3fdb83b633
323d8003-d0da-11f0-9ba0-fc3fdb83b633,1065A,true,Hoja,,,,,,,,1,false,31ffc0cb-d0da-11f0-9ba0-fc3fdb83b633,30281638-d0da-11f0-9ba0-fc3fdb83b633
323eb3cd-d0da-11f0-9ba0-fc3fdb83b633,1065B,true,Hoja,,,,,,,,1,false,31ffc0cb-d0da-11f0-9ba0-fc3fdb83b633,3027edbd-d0da-11f0-9ba0-fc3fdb83b633
323efb53-d0da-11f0-9ba0-fc3fdb83b633,1065C,true,Hoja,,,,,,,,1,false,31ffc0cb-d0da-11f0-9ba0-fc3fdb83b633,3027edbd-d0da-11f0-9ba0-fc3fdb83b633
323f4775-d0da-11f0-9ba0-fc3fdb83b633,1065D,true,Hoja,,,,,,,,1,false,31ffc0cb-d0da-11f0-9ba0-fc3fdb83b633,3027edbd-d0da-11f0-9ba0-fc3fdb83b633
323f8f1c-d0da-11f0-9ba0-fc3fdb83b633,1066A,true,Hoja,,,,,,,,1,false,31ffc38e-d0da-11f0-9ba0-fc3fdb83b633,3027edbd-d0da-11f0-9ba0-fc3fdb83b633
323fd535-d0da-11f0-9ba0-fc3fdb83b633,1066B,true,Hoja,,,,,,,,1,false,31ffc38e-d0da-11f0-9ba0-fc3fdb83b633,3027edbd-d0da-11f0-9ba0-fc3fdb83b633
32401c1a-d0da-11f0-9ba0-fc3fdb83b633,1066C,true,Hoja,,,,,,,,1,false,31ffc38e-d0da-11f0-9ba0-fc3fdb83b633,3027edbd-d0da-11f0-9ba0-fc3fdb83b633
324076c8-d0da-11f0-9ba0-fc3fdb83b633,1066D,true,Rama,,,,,,,,1,false,31ffc38e-d0da-11f0-9ba0-fc3fdb83b633,3027edbd-d0da-11f0-9ba0-fc3fdb83b633
3240bb1c-d0da-11f0-9ba0-fc3fdb83b633,1067A,true,Hoja,,,,,,,,1,false,31ffc63e-d0da-11f0-9ba0-fc3fdb83b633,3027edbd-d0da-11f0-9ba0-fc3fdb83b633
32410a5e-d0da-11f0-9ba0-fc3fdb83b633,1067B,true,Rama,,,,,,,,1,false,31ffc63e-d0da-11f0-9ba0-fc3fdb83b633,3027edbd-d0da-11f0-9ba0-fc3fdb83b633
324157b4-d0da-11f0-9ba0-fc3fdb83b633,1067C,true,Hoja,,,,,,,,1,false,31ffc63e-d0da-11f0-9ba0-fc3fdb83b633,3027edbd-d0da-11f0-9ba0-fc3fdb83b633
3241ab48-d0da-11f0-9ba0-fc3fdb83b633,1068A,true,Rama,,,,,,,,1,false,31ffc8f0-d0da-11f0-9ba0-fc3fdb83b633,3027edbd-d0da-11f0-9ba0-fc3fdb83b633
3241f49f-d0da-11f0-9ba0-fc3fdb83b633,1068B,true,Hoja,,,,,,,,1,false,31ffc8f0-d0da-11f0-9ba0-fc3fdb83b633,3027edbd-d0da-11f0-9ba0-fc3fdb83b633
32433ce0-d0da-11f0-9ba0-fc3fdb83b633,1068C,true,Hoja,,,,,,,,1,false,31ffc8f0-d0da-11f0-9ba0-fc3fdb83b633,3027edbd-d0da-11f0-9ba0-fc3fdb83b633
32439298-d0da-11f0-9ba0-fc3fdb83b633,1068D,true,Hoja,,,,,,,,1,false,31ffc8f0-d0da-11f0-9ba0-fc3fdb83b633,3028167d-d0da-11f0-9ba0-fc3fdb83b633
3243dab0-d0da-11f0-9ba0-fc3fdb83b633,1068E,true,Hoja,,,,,,,,1,false,31ffc8f0-d0da-11f0-9ba0-fc3fdb83b633,3027edbd-d0da-11f0-9ba0-fc3fdb83b633
324424c6-d0da-11f0-9ba0-fc3fdb83b633,1069A,true,Hoja,,,,,,,,1,false,31ffcbac-d0da-11f0-9ba0-fc3fdb83b633,3027edbd-d0da-11f0-9ba0-fc3fdb83b633
32446e87-d0da-11f0-9ba0-fc3fdb83b633,1069B,true,Hoja,,,,,,,,1,false,31ffcbac-d0da-11f0-9ba0-fc3fdb83b633,3027edbd-d0da-11f0-9ba0-fc3fdb83b633
3244b4fe-d0da-11f0-9ba0-fc3fdb83b633,1069C,true,Rama,,,,,,,,1,false,31ffcbac-d0da-11f0-9ba0-fc3fdb83b633,3027edbd-d0da-11f0-9ba0-fc3fdb83b633
3244f963-d0da-11f0-9ba0-fc3fdb83b633,1069D,true,Rama,,,,,,,,1,false,31ffcbac-d0da-11f0-9ba0-fc3fdb83b633,3027edbd-d0da-11f0-9ba0-fc3fdb83b633
32453deb-d0da-11f0-9ba0-fc3fdb83b633,1069E,true,Rama,,,,,,,,1,false,31ffcbac-d0da-11f0-9ba0-fc3fdb83b633,3027edbd-d0da-11f0-9ba0-fc3fdb83b633
32459202-d0da-11f0-9ba0-fc3fdb83b633,1069F,true,Hoja,,,,,,,,1,false,31ffcbac-d0da-11f0-9ba0-fc3fdb83b633,3027edbd-d0da-11f0-9ba0-fc3fdb83b633
3245d8b2-d0da-11f0-9ba0-fc3fdb83b633,106A,true,Hoja,,,,,,,,1,false,31fa8c7c-d0da-11f0-9ba0-fc3fdb83b633,3027edbd-d0da-11f0-9ba0-fc3fdb83b633
32464d3b-d0da-11f0-9ba0-fc3fdb83b633,106B,true,Hoja,,,,,,,,1,false,31fa8c7c-d0da-11f0-9ba0-fc3fdb83b633,3027edbd-d0da-11f0-9ba0-fc3fdb83b633
3246b0da-d0da-11f0-9ba0-fc3fdb83b633,106C,true,Hoja,,,,,,,,1,false,31fa8c7c-d0da-11f0-9ba0-fc3fdb83b633,3027edbd-d0da-11f0-9ba0-fc3fdb83b633
3246f6c7-d0da-11f0-9ba0-fc3fdb83b633,106D,true,Hoja,,,,,,,,1,false,31fa8c7c-d0da-11f0-9ba0-fc3fdb83b633,3027edbd-d0da-11f0-9ba0-fc3fdb83b633
32473b3f-d0da-11f0-9ba0-fc3fdb83b633,106E,true,Hoja,,,,,,,,1,false,31fa8c7c-d0da-11f0-9ba0-fc3fdb83b633,3027edbd-d0da-11f0-9ba0-fc3fdb83b633
32477f56-d0da-11f0-9ba0-fc3fdb83b633,106F,true,Hoja,,,,,,,,1,false,31fa8c7c-d0da-11f0-9ba0-fc3fdb83b633,3027edbd-d0da-11f0-9ba0-fc3fdb83b633
3247dace-d0da-11f0-9ba0-fc3fdb83b633,1070A,true,Hoja,,,,,,,,1,false,31ffd06d-d0da-11f0-9ba0-fc3fdb83b633,3027edbd-d0da-11f0-9ba0-fc3fdb83b633
3248a772-d0da-11f0-9ba0-fc3fdb83b633,1070B,true,Hoja,,,,,,,,1,false,31ffd06d-d0da-11f0-9ba0-fc3fdb83b633,3027edbd-d0da-11f0-9ba0-fc3fdb83b633
3248ed36-d0da-11f0-9ba0-fc3fdb83b633,1070C,true,Hoja,,,,,,,,1,false,31ffd06d-d0da-11f0-9ba0-fc3fdb83b633,30280057-d0da-11f0-9ba0-fc3fdb83b633
3249345f-d0da-11f0-9ba0-fc3fdb83b633,1070D,true,Hoja,,,,,,,,1,false,31ffd06d-d0da-11f0-9ba0-fc3fdb83b633,3027edbd-d0da-11f0-9ba0-fc3fdb83b633
3249a30c-d0da-11f0-9ba0-fc3fdb83b633,1070E,true,Hoja,,,,,,,,1,false,31ffd06d-d0da-11f0-9ba0-fc3fdb83b633,3027edbd-d0da-11f0-9ba0-fc3fdb83b633
3249f424-d0da-11f0-9ba0-fc3fdb83b633,1070F,true,Hoja,,,,,,,,1,false,31ffd06d-d0da-11f0-9ba0-fc3fdb83b633,3027edbd-d0da-11f0-9ba0-fc3fdb83b633
324a3ddb-d0da-11f0-9ba0-fc3fdb83b633,1071A,true,Pecíolo,,,,,,,,1,false,31ffd39d-d0da-11f0-9ba0-fc3fdb83b633,3027edbd-d0da-11f0-9ba0-fc3fdb83b633
324aa91c-d0da-11f0-9ba0-fc3fdb83b633,1071B,true,Pecíolo,,,,,,,,1,false,31ffd39d-d0da-11f0-9ba0-fc3fdb83b633,3027ff97-d0da-11f0-9ba0-fc3fdb83b633
324b2a8f-d0da-11f0-9ba0-fc3fdb83b633,1072A,true,Pecíolo,,,,,,,,1,false,31ffd662-d0da-11f0-9ba0-fc3fdb83b633,3027edbd-d0da-11f0-9ba0-fc3fdb83b633
324b8e2f-d0da-11f0-9ba0-fc3fdb83b633,1072B,true,Pecíolo,,,,,,,,1,false,31ffd662-d0da-11f0-9ba0-fc3fdb83b633,3027edbd-d0da-11f0-9ba0-fc3fdb83b633
324bf34f-d0da-11f0-9ba0-fc3fdb83b633,1072C,true,Hoja,,,,,,,,1,false,31ffd662-d0da-11f0-9ba0-fc3fdb83b633,3027edbd-d0da-11f0-9ba0-fc3fdb83b633
324c3dfc-d0da-11f0-9ba0-fc3fdb83b633,1073A,true,Hoja,,,,,,,,1,false,31ffd921-d0da-11f0-9ba0-fc3fdb83b633,3027edbd-d0da-11f0-9ba0-fc3fdb83b633
324cab3b-d0da-11f0-9ba0-fc3fdb83b633,1073B,true,Hoja,,,,,,,,1,false,31ffd921-d0da-11f0-9ba0-fc3fdb83b633,3027edbd-d0da-11f0-9ba0-fc3fdb83b633
324de8b6-d0da-11f0-9ba0-fc3fdb83b633,1073C,true,Rama,,,,,,,,1,false,31ffd921-d0da-11f0-9ba0-fc3fdb83b633,3027edbd-d0da-11f0-9ba0-fc3fdb83b633
324e34b9-d0da-11f0-9ba0-fc3fdb83b633,1073D,true,Hoja,,,,,,,,1,false,31ffd921-d0da-11f0-9ba0-fc3fdb83b633,302800d9-d0da-11f0-9ba0-fc3fdb83b633
324e793c-d0da-11f0-9ba0-fc3fdb83b633,1073E,true,Hoja,,,,,,,,1,false,31ffd921-d0da-11f0-9ba0-fc3fdb83b633,3027edbd-d0da-11f0-9ba0-fc3fdb83b633
324ebfb9-d0da-11f0-9ba0-fc3fdb83b633,1077A,true,Pecíolo,,,,,,,,1,false,31ffdbf5-d0da-11f0-9ba0-fc3fdb83b633,3027edbd-d0da-11f0-9ba0-fc3fdb83b633
324fc49c-d0da-11f0-9ba0-fc3fdb83b633,1077B,true,Pecíolo,,,,,,,,1,false,31ffdbf5-d0da-11f0-9ba0-fc3fdb83b633,3027edbd-d0da-11f0-9ba0-fc3fdb83b633
325048e3-d0da-11f0-9ba0-fc3fdb83b633,1077C,true,Hoja,,,,,,,,1,false,31ffdbf5-d0da-11f0-9ba0-fc3fdb83b633,302816c3-d0da-11f0-9ba0-fc3fdb83b633
3250ad57-d0da-11f0-9ba0-fc3fdb83b633,1078A,true,Hoja,,,,,,,,1,false,31ffde6d-d0da-11f0-9ba0-fc3fdb83b633,3027edbd-d0da-11f0-9ba0-fc3fdb83b633
3250f0f5-d0da-11f0-9ba0-fc3fdb83b633,107A,true,Tronco,,,,,,,,1,false,31fa9c40-d0da-11f0-9ba0-fc3fdb83b633,3027edbd-d0da-11f0-9ba0-fc3fdb83b633
3251383b-d0da-11f0-9ba0-fc3fdb83b633,107B,true,Hoja,,,,,,,,1,false,31fa9c40-d0da-11f0-9ba0-fc3fdb83b633,3027edbd-d0da-11f0-9ba0-fc3fdb83b633
32518022-d0da-11f0-9ba0-fc3fdb83b633,107C,true,Hoja,,,,,,,,1,false,31fa9c40-d0da-11f0-9ba0-fc3fdb83b633,3027edbd-d0da-11f0-9ba0-fc3fdb83b633
3251e299-d0da-11f0-9ba0-fc3fdb83b633,1083A,true,Hoja,,,,,,,,1,false,31ffe107-d0da-11f0-9ba0-fc3fdb83b633,3027edbd-d0da-11f0-9ba0-fc3fdb83b633
325227da-d0da-11f0-9ba0-fc3fdb83b633,1083B,true,Hoja,,,,,,,,1,false,31ffe107-d0da-11f0-9ba0-fc3fdb83b633,30281707-d0da-11f0-9ba0-fc3fdb83b633
325286ce-d0da-11f0-9ba0-fc3fdb83b633,1084A,true,Hoja,,,,,,,,1,false,31ffe385-d0da-11f0-9ba0-fc3fdb83b633,3027edbd-d0da-11f0-9ba0-fc3fdb83b633
3252eb0b-d0da-11f0-9ba0-fc3fdb83b633,1084B,true,Rama,,,,,,,,1,false,31ffe385-d0da-11f0-9ba0-fc3fdb83b633,3027edbd-d0da-11f0-9ba0-fc3fdb83b633
32533379-d0da-11f0-9ba0-fc3fdb83b633,1085A,true,Hoja,,,,,,,,1,false,31ffe611-d0da-11f0-9ba0-fc3fdb83b633,3027edbd-d0da-11f0-9ba0-fc3fdb83b633
32537a84-d0da-11f0-9ba0-fc3fdb83b633,1085B,true,Pecíolo,,,,,,,,1,false,31ffe611-d0da-11f0-9ba0-fc3fdb83b633,3028174c-d0da-11f0-9ba0-fc3fdb83b633
3253c091-d0da-11f0-9ba0-fc3fdb83b633,1086A,true,Hoja,,,,,,,,1,false,31ffe8ab-d0da-11f0-9ba0-fc3fdb83b633,3027edbd-d0da-11f0-9ba0-fc3fdb83b633
32540804-d0da-11f0-9ba0-fc3fdb83b633,1086B,true,Hoja,,,,,,,,1,false,31ffe8ab-d0da-11f0-9ba0-fc3fdb83b633,3027edbd-d0da-11f0-9ba0-fc3fdb83b633
3254501b-d0da-11f0-9ba0-fc3fdb83b633,1086C,true,Hoja,,,,,,,,1,false,31ffe8ab-d0da-11f0-9ba0-fc3fdb83b633,3028011a-d0da-11f0-9ba0-fc3fdb83b633
32549854-d0da-11f0-9ba0-fc3fdb83b633,1086D,true,Hoja,,,,,,,,1,false,31ffe8ab-d0da-11f0-9ba0-fc3fdb83b633,3027edbd-d0da-11f0-9ba0-fc3fdb83b633
32560b67-d0da-11f0-9ba0-fc3fdb83b633,1087A,true,Hoja,,,,,,,,1,false,31ffeb38-d0da-11f0-9ba0-fc3fdb83b633,3027edbd-d0da-11f0-9ba0-fc3fdb83b633
32565399-d0da-11f0-9ba0-fc3fdb83b633,1087B,true,Hoja,,,,,,,,1,false,31ffeb38-d0da-11f0-9ba0-fc3fdb83b633,3027edbd-d0da-11f0-9ba0-fc3fdb83b633
32569b54-d0da-11f0-9ba0-fc3fdb83b633,1087C,true,Hoja,,,,,,,,1,false,31ffeb38-d0da-11f0-9ba0-fc3fdb83b633,30281793-d0da-11f0-9ba0-fc3fdb83b633
3256e01d-d0da-11f0-9ba0-fc3fdb83b633,1087D,true,Hoja,,,,,,,,1,false,31ffeb38-d0da-11f0-9ba0-fc3fdb83b633,3027edbd-d0da-11f0-9ba0-fc3fdb83b633
32573228-d0da-11f0-9ba0-fc3fdb83b633,1088A,true,Rama,,,,,,,,1,false,31ffede1-d0da-11f0-9ba0-fc3fdb83b633,3027edbd-d0da-11f0-9ba0-fc3fdb83b633
3258d0bb-d0da-11f0-9ba0-fc3fdb83b633,108A,true,Hoja,,,,,,,,1,false,31fa9fa5-d0da-11f0-9ba0-fc3fdb83b633,3027edbd-d0da-11f0-9ba0-fc3fdb83b633
32591bad-d0da-11f0-9ba0-fc3fdb83b633,108B,true,Hoja,,,,,,,,1,false,31fa9fa5-d0da-11f0-9ba0-fc3fdb83b633,3027edbd-d0da-11f0-9ba0-fc3fdb83b633
32596463-d0da-11f0-9ba0-fc3fdb83b633,108C,true,Hoja,,,,,,,,1,false,31fa9fa5-d0da-11f0-9ba0-fc3fdb83b633,3027edbd-d0da-11f0-9ba0-fc3fdb83b633
3259ab92-d0da-11f0-9ba0-fc3fdb83b633,108D,true,Hoja,,,,,,,,1,false,31fa9fa5-d0da-11f0-9ba0-fc3fdb83b633,3027edbd-d0da-11f0-9ba0-fc3fdb83b633
325a0a30-d0da-11f0-9ba0-fc3fdb83b633,1090A,true,Hoja,,,,,,,,1,false,31fff087-d0da-11f0-9ba0-fc3fdb83b633,3027edbd-d0da-11f0-9ba0-fc3fdb83b633
325a635e-d0da-11f0-9ba0-fc3fdb83b633,1092A,true,Rama,,,,,,,,1,false,31fff32c-d0da-11f0-9ba0-fc3fdb83b633,
325aa8c1-d0da-11f0-9ba0-fc3fdb83b633,1092B,true,Rama,,,,,,,,1,false,31fff32c-d0da-11f0-9ba0-fc3fdb83b633,
325aecf1-d0da-11f0-9ba0-fc3fdb83b633,1092C,true,Rama,,,,,,,,1,false,31fff32c-d0da-11f0-9ba0-fc3fdb83b633,
325b558e-d0da-11f0-9ba0-fc3fdb83b633,1092D,true,Pecíolo,,,,,,,,1,false,31fff32c-d0da-11f0-9ba0-fc3fdb83b633,
325b9cac-d0da-11f0-9ba0-fc3fdb83b633,1092E,true,Rama,,,,,,,,1,false,31fff32c-d0da-11f0-9ba0-fc3fdb83b633,
325be24b-d0da-11f0-9ba0-fc3fdb83b633,1092F,true,Pecíolo,,,,,,,,1,false,31fff32c-d0da-11f0-9ba0-fc3fdb83b633,
325c2714-d0da-11f0-9ba0-fc3fdb83b633,1092G,true,Pecíolo,,,,,,,,1,false,31fff32c-d0da-11f0-9ba0-fc3fdb83b633,3028051d-d0da-11f0-9ba0-fc3fdb83b633
325d4f96-d0da-11f0-9ba0-fc3fdb83b633,1092H,true,Pecíolo,,,,,,,,1,false,31fff32c-d0da-11f0-9ba0-fc3fdb83b633,
325dac9e-d0da-11f0-9ba0-fc3fdb83b633,1092I,true,Hoja,,,,,,,,1,false,31fff32c-d0da-11f0-9ba0-fc3fdb83b633,
325df3e0-d0da-11f0-9ba0-fc3fdb83b633,1092J,true,Hoja,,,,,,,,1,false,31fff32c-d0da-11f0-9ba0-fc3fdb83b633,
325e3bb1-d0da-11f0-9ba0-fc3fdb83b633,1093A,true,Hoja,,,,,,,,1,false,31fff593-d0da-11f0-9ba0-fc3fdb83b633,
325e8393-d0da-11f0-9ba0-fc3fdb83b633,1093B,true,Hoja,,,,,,,,1,false,31fff593-d0da-11f0-9ba0-fc3fdb83b633,3028055e-d0da-11f0-9ba0-fc3fdb83b633
325ecd70-d0da-11f0-9ba0-fc3fdb83b633,1093C,true,Hoja,,,,,,,,1,false,31fff593-d0da-11f0-9ba0-fc3fdb83b633,
325f13f0-d0da-11f0-9ba0-fc3fdb83b633,1093D,true,Hoja,,,,,,,,1,false,31fff593-d0da-11f0-9ba0-fc3fdb83b633,
325f6cea-d0da-11f0-9ba0-fc3fdb83b633,1093E,true,Hoja,,,,,,,,1,false,31fff593-d0da-11f0-9ba0-fc3fdb83b633,
325fb3e5-d0da-11f0-9ba0-fc3fdb83b633,1093F,true,Hoja,,,,,,,,1,false,31fff593-d0da-11f0-9ba0-fc3fdb83b633,
325ff6a4-d0da-11f0-9ba0-fc3fdb83b633,1093G,true,Hoja,,,,,,,,1,false,31fff593-d0da-11f0-9ba0-fc3fdb83b633,
32603a1d-d0da-11f0-9ba0-fc3fdb83b633,1093H,true,Hoja,,,,,,,,1,false,31fff593-d0da-11f0-9ba0-fc3fdb83b633,
32607d2d-d0da-11f0-9ba0-fc3fdb83b633,1094A,true,Rama,,,,,,,,1,false,31fff84f-d0da-11f0-9ba0-fc3fdb83b633,
3260c053-d0da-11f0-9ba0-fc3fdb83b633,1094B,true,Pecíolo,,,,,,,,1,false,31fff84f-d0da-11f0-9ba0-fc3fdb83b633,3028051d-d0da-11f0-9ba0-fc3fdb83b633
326106f8-d0da-11f0-9ba0-fc3fdb83b633,1094C,true,Pecíolo,,,,,,,,1,false,31fff84f-d0da-11f0-9ba0-fc3fdb83b633,
32614cb3-d0da-11f0-9ba0-fc3fdb83b633,1094D,true,Hoja,,,,,,,,1,false,31fff84f-d0da-11f0-9ba0-fc3fdb83b633,
32619286-d0da-11f0-9ba0-fc3fdb83b633,1094E,true,Rama,,,,,,,,1,false,31fff84f-d0da-11f0-9ba0-fc3fdb83b633,
3261d816-d0da-11f0-9ba0-fc3fdb83b633,1095A,true,Raíz,,,,,,,,1,false,31fffae1-d0da-11f0-9ba0-fc3fdb83b633,
326279e4-d0da-11f0-9ba0-fc3fdb83b633,1095B,true,Hoja,,,,,,,,1,false,31fffae1-d0da-11f0-9ba0-fc3fdb83b633,
3262bd0e-d0da-11f0-9ba0-fc3fdb83b633,1095C,true,Hoja,,,,,,,,1,false,31fffae1-d0da-11f0-9ba0-fc3fdb83b633,
32631246-d0da-11f0-9ba0-fc3fdb83b633,1095D,true,Raíz,,,,,,,,1,false,31fffae1-d0da-11f0-9ba0-fc3fdb83b633,
326363f1-d0da-11f0-9ba0-fc3fdb83b633,1095E,true,Raíz,,,,,,,,1,false,31fffae1-d0da-11f0-9ba0-fc3fdb83b633,
3263ab36-d0da-11f0-9ba0-fc3fdb83b633,1095F,true,Hoja,,,,,,,,1,false,31fffae1-d0da-11f0-9ba0-fc3fdb83b633,
3263f105-d0da-11f0-9ba0-fc3fdb83b633,1095G,true,Hoja,,,,,,,,1,false,31fffae1-d0da-11f0-9ba0-fc3fdb83b633,
3264482f-d0da-11f0-9ba0-fc3fdb83b633,1095H,true,Hoja,,,,,,,,1,false,31fffae1-d0da-11f0-9ba0-fc3fdb83b633,
3264a3c6-d0da-11f0-9ba0-fc3fdb83b633,1096A,true,Rama,,,,,,,,1,false,31fffd74-d0da-11f0-9ba0-fc3fdb83b633,
3264ffd2-d0da-11f0-9ba0-fc3fdb83b633,1096B,true,Rama,,,,,,,,1,false,31fffd74-d0da-11f0-9ba0-fc3fdb83b633,
3265466b-d0da-11f0-9ba0-fc3fdb83b633,1096C,true,Hoja,,,,,,,,1,false,31fffd74-d0da-11f0-9ba0-fc3fdb83b633,
32658c44-d0da-11f0-9ba0-fc3fdb83b633,1096D,true,Hoja,,,,,,,,1,false,31fffd74-d0da-11f0-9ba0-fc3fdb83b633,
3265d35e-d0da-11f0-9ba0-fc3fdb83b633,1096E,true,Hoja,,,,,,,,1,false,31fffd74-d0da-11f0-9ba0-fc3fdb83b633,
32661970-d0da-11f0-9ba0-fc3fdb83b633,1096F,true,Hoja,,,,,,,,1,false,31fffd74-d0da-11f0-9ba0-fc3fdb83b633,
3266623f-d0da-11f0-9ba0-fc3fdb83b633,1096G,true,Hoja,,,,,,,,1,false,31fffd74-d0da-11f0-9ba0-fc3fdb83b633,
3266a7ad-d0da-11f0-9ba0-fc3fdb83b633,1097A,true,Hoja,,,,,,,,1,false,32000018-d0da-11f0-9ba0-fc3fdb83b633,
3267074d-d0da-11f0-9ba0-fc3fdb83b633,1097B,true,Hoja,,,,,,,,1,false,32000018-d0da-11f0-9ba0-fc3fdb83b633,
32674f31-d0da-11f0-9ba0-fc3fdb83b633,1097C,true,Pecíolo,,,,,,,,1,false,32000018-d0da-11f0-9ba0-fc3fdb83b633,
32679439-d0da-11f0-9ba0-fc3fdb83b633,1097D,true,Rama,,,,,,,,1,false,32000018-d0da-11f0-9ba0-fc3fdb83b633,3028055e-d0da-11f0-9ba0-fc3fdb83b633
326b80b7-d0da-11f0-9ba0-fc3fdb83b633,1097E,true,Hoja,,,,,,,,1,false,32000018-d0da-11f0-9ba0-fc3fdb83b633,
326c383b-d0da-11f0-9ba0-fc3fdb83b633,1097F,true,Hoja,,,,,,,,1,false,32000018-d0da-11f0-9ba0-fc3fdb83b633,
326c8f3e-d0da-11f0-9ba0-fc3fdb83b633,1097G,true,Rama,,,,,,,,1,false,32000018-d0da-11f0-9ba0-fc3fdb83b633,
326cd605-d0da-11f0-9ba0-fc3fdb83b633,1097H,true,Hoja,,,,,,,,1,false,32000018-d0da-11f0-9ba0-fc3fdb83b633,
326d18f4-d0da-11f0-9ba0-fc3fdb83b633,1097I,true,Hoja,,,,,,,,1,false,32000018-d0da-11f0-9ba0-fc3fdb83b633,
326d59c9-d0da-11f0-9ba0-fc3fdb83b633,1097J,true,Hoja,,,,,,,,1,false,32000018-d0da-11f0-9ba0-fc3fdb83b633,
326d9c1b-d0da-11f0-9ba0-fc3fdb83b633,1098A,true,Hoja,,,,,,,,1,false,320002be-d0da-11f0-9ba0-fc3fdb83b633,302817d6-d0da-11f0-9ba0-fc3fdb83b633
326ddf25-d0da-11f0-9ba0-fc3fdb83b633,1098B,true,Hoja,,,,,,,,1,false,320002be-d0da-11f0-9ba0-fc3fdb83b633,
326e225f-d0da-11f0-9ba0-fc3fdb83b633,1098C,true,Rama,,,,,,,,1,false,320002be-d0da-11f0-9ba0-fc3fdb83b633,
326e65dc-d0da-11f0-9ba0-fc3fdb83b633,1098D,true,Hoja,,,,,,,,1,false,320002be-d0da-11f0-9ba0-fc3fdb83b633,
326eb8bf-d0da-11f0-9ba0-fc3fdb83b633,1098E,true,Raíz,,,,,,,,1,false,320002be-d0da-11f0-9ba0-fc3fdb83b633,
326f07df-d0da-11f0-9ba0-fc3fdb83b633,1098F,true,Hoja,,,,,,,,1,false,320002be-d0da-11f0-9ba0-fc3fdb83b633,
326f4f3e-d0da-11f0-9ba0-fc3fdb83b633,1098G,true,Pecíolo,,,,,,,,1,false,320002be-d0da-11f0-9ba0-fc3fdb83b633,
326f9b8c-d0da-11f0-9ba0-fc3fdb83b633,1098H,true,Hoja,,,,,,,,1,false,320002be-d0da-11f0-9ba0-fc3fdb83b633,
326fde9e-d0da-11f0-9ba0-fc3fdb83b633,1098I,true,Raíz,,,,,,,,1,false,320002be-d0da-11f0-9ba0-fc3fdb83b633,
327021bb-d0da-11f0-9ba0-fc3fdb83b633,1099A,true,Rama,,,,,,,,1,false,32000561-d0da-11f0-9ba0-fc3fdb83b633,
327063f4-d0da-11f0-9ba0-fc3fdb83b633,1099B,true,Hoja,,,,,,,,1,false,32000561-d0da-11f0-9ba0-fc3fdb83b633,
3270bb9a-d0da-11f0-9ba0-fc3fdb83b633,1099C,true,Rama,,,,,,,,1,false,32000561-d0da-11f0-9ba0-fc3fdb83b633,3028055e-d0da-11f0-9ba0-fc3fdb83b633
32710c9b-d0da-11f0-9ba0-fc3fdb83b633,1099D,true,Pecíolo,,,,,,,,1,false,32000561-d0da-11f0-9ba0-fc3fdb83b633,
32715cfd-d0da-11f0-9ba0-fc3fdb83b633,1099E,true,Hoja,,,,,,,,1,false,32000561-d0da-11f0-9ba0-fc3fdb83b633,
3271a0b3-d0da-11f0-9ba0-fc3fdb83b633,1099F,true,Hoja,,,,,,,,1,false,32000561-d0da-11f0-9ba0-fc3fdb83b633,
3271e38e-d0da-11f0-9ba0-fc3fdb83b633,1099G,true,Hoja,,,,,,,,1,false,32000561-d0da-11f0-9ba0-fc3fdb83b633,
32722cf5-d0da-11f0-9ba0-fc3fdb83b633,1099H,true,Rama,,,,,,,,1,false,32000561-d0da-11f0-9ba0-fc3fdb83b633,
32725b19-d0da-11f0-9ba0-fc3fdb83b633,109A,true,Hoja,,,,,,,,1,false,31faa8a0-d0da-11f0-9ba0-fc3fdb83b633,3027edbd-d0da-11f0-9ba0-fc3fdb83b633
32729e29-d0da-11f0-9ba0-fc3fdb83b633,109B,true,Hoja,,,,,,,,1,false,31faa8a0-d0da-11f0-9ba0-fc3fdb83b633,3027edbd-d0da-11f0-9ba0-fc3fdb83b633
3272e063-d0da-11f0-9ba0-fc3fdb83b633,109C,true,Hoja,,,,,,,,1,false,31faa8a0-d0da-11f0-9ba0-fc3fdb83b633,3027edbd-d0da-11f0-9ba0-fc3fdb83b633
327324e8-d0da-11f0-9ba0-fc3fdb83b633,109D,true,Hoja,,,,,,,,1,false,31faa8a0-d0da-11f0-9ba0-fc3fdb83b633,3027edbd-d0da-11f0-9ba0-fc3fdb83b633
32737974-d0da-11f0-9ba0-fc3fdb83b633,10B,true,Hoja,,,,,,,,1,false,31fc79db-d0da-11f0-9ba0-fc3fdb83b633,3027fd10-d0da-11f0-9ba0-fc3fdb83b633
32741b65-d0da-11f0-9ba0-fc3fdb83b633,10C,true,Hoja,,,,,,,,1,false,31fc79db-d0da-11f0-9ba0-fc3fdb83b633,3027edbd-d0da-11f0-9ba0-fc3fdb83b633
32748f56-d0da-11f0-9ba0-fc3fdb83b633,1100A,true,Pecíolo,,,,,,,,1,false,32000811-d0da-11f0-9ba0-fc3fdb83b633,
3274e236-d0da-11f0-9ba0-fc3fdb83b633,1100B,true,Hoja,,,,,,,,1,false,32000811-d0da-11f0-9ba0-fc3fdb83b633,
32752691-d0da-11f0-9ba0-fc3fdb83b633,1100C,true,Hoja,,,,,,,,1,false,32000811-d0da-11f0-9ba0-fc3fdb83b633,
32756e25-d0da-11f0-9ba0-fc3fdb83b633,1100D,true,Pecíolo,,,,,,,,1,false,32000811-d0da-11f0-9ba0-fc3fdb83b633,
3275bcf4-d0da-11f0-9ba0-fc3fdb83b633,1100E,true,Hoja,,,,,,,,1,false,32000811-d0da-11f0-9ba0-fc3fdb83b633,
32764cd4-d0da-11f0-9ba0-fc3fdb83b633,1100F,true,Hoja,,,,,,,,1,false,32000811-d0da-11f0-9ba0-fc3fdb83b633,
32769414-d0da-11f0-9ba0-fc3fdb83b633,1101A,true,Pecíolo,,,,,,,,1,false,32000ae3-d0da-11f0-9ba0-fc3fdb83b633,
3276d972-d0da-11f0-9ba0-fc3fdb83b633,1101B,true,Pecíolo,,,,,,,,1,false,32000ae3-d0da-11f0-9ba0-fc3fdb83b633,
32771ec9-d0da-11f0-9ba0-fc3fdb83b633,1101C,true,Hoja,,,,,,,,1,false,32000ae3-d0da-11f0-9ba0-fc3fdb83b633,
3277639a-d0da-11f0-9ba0-fc3fdb83b633,1101D,true,Rama,,,,,,,,1,false,32000ae3-d0da-11f0-9ba0-fc3fdb83b633,
3277a77a-d0da-11f0-9ba0-fc3fdb83b633,1101E,true,Rama,,,,,,,,1,false,32000ae3-d0da-11f0-9ba0-fc3fdb83b633,
3277ebb7-d0da-11f0-9ba0-fc3fdb83b633,1101F,true,Pecíolo,,,,,,,,1,false,32000ae3-d0da-11f0-9ba0-fc3fdb83b633,
3278300f-d0da-11f0-9ba0-fc3fdb83b633,1101G,true,Hoja,,,,,,,,1,false,32000ae3-d0da-11f0-9ba0-fc3fdb83b633,
3278750a-d0da-11f0-9ba0-fc3fdb83b633,1102A,true,Pecíolo,,,,,,,,1,false,32000d88-d0da-11f0-9ba0-fc3fdb83b633,
3278c6b5-d0da-11f0-9ba0-fc3fdb83b633,1102B,true,Hoja,,,,,,,,1,false,32000d88-d0da-11f0-9ba0-fc3fdb83b633,3028055e-d0da-11f0-9ba0-fc3fdb83b633
3279273d-d0da-11f0-9ba0-fc3fdb83b633,1102C,true,Hoja,,,,,,,,1,false,32000d88-d0da-11f0-9ba0-fc3fdb83b633,3028051d-d0da-11f0-9ba0-fc3fdb83b633
32798bfe-d0da-11f0-9ba0-fc3fdb83b633,1102D,true,Pecíolo,,,,,,,,1,false,32000d88-d0da-11f0-9ba0-fc3fdb83b633,3028181a-d0da-11f0-9ba0-fc3fdb83b633
3279f7d6-d0da-11f0-9ba0-fc3fdb83b633,1102E,true,Hoja,,,,,,,,1,false,32000d88-d0da-11f0-9ba0-fc3fdb83b633,
327a4806-d0da-11f0-9ba0-fc3fdb83b633,1102F,true,Rama,,,,,,,,1,false,32000d88-d0da-11f0-9ba0-fc3fdb83b633,
327a8e1b-d0da-11f0-9ba0-fc3fdb83b633,1102G,true,Pecíolo,,,,,,,,1,false,32000d88-d0da-11f0-9ba0-fc3fdb83b633,
327ad27d-d0da-11f0-9ba0-fc3fdb83b633,1102H,true,Hoja,,,,,,,,1,false,32000d88-d0da-11f0-9ba0-fc3fdb83b633,
32806509-d0da-11f0-9ba0-fc3fdb83b633,1102I,true,Rama,,,,,,,,1,false,32000d88-d0da-11f0-9ba0-fc3fdb83b633,
3280bc18-d0da-11f0-9ba0-fc3fdb83b633,1102J,true,Hoja,,,,,,,,1,false,32000d88-d0da-11f0-9ba0-fc3fdb83b633,
3281003f-d0da-11f0-9ba0-fc3fdb83b633,1102K,true,Hoja,,,,,,,,1,false,32000d88-d0da-11f0-9ba0-fc3fdb83b633,
328158c5-d0da-11f0-9ba0-fc3fdb83b633,1102L,true,Hoja,,,,,,,,1,false,32000d88-d0da-11f0-9ba0-fc3fdb83b633,
3281b07b-d0da-11f0-9ba0-fc3fdb83b633,1102M,true,Hoja,,,,,,,,1,false,32000d88-d0da-11f0-9ba0-fc3fdb83b633,
3281f815-d0da-11f0-9ba0-fc3fdb83b633,1103A,true,Hoja,,,,,,,,1,false,32001048-d0da-11f0-9ba0-fc3fdb83b633,
32823d98-d0da-11f0-9ba0-fc3fdb83b633,1103B,true,Pecíolo,,,,,,,,1,false,32001048-d0da-11f0-9ba0-fc3fdb83b633,
3282818d-d0da-11f0-9ba0-fc3fdb83b633,1103C,true,Rama,,,,,,,,1,false,32001048-d0da-11f0-9ba0-fc3fdb83b633,
32842cc5-d0da-11f0-9ba0-fc3fdb83b633,1103D,true,Hoja,,,,,,,,1,false,32001048-d0da-11f0-9ba0-fc3fdb83b633,
3284732b-d0da-11f0-9ba0-fc3fdb83b633,1104A,true,Hoja,,,,,,,,1,false,3200131c-d0da-11f0-9ba0-fc3fdb83b633,
3284bb07-d0da-11f0-9ba0-fc3fdb83b633,1104B,true,Rama,,,,,,,,1,false,3200131c-d0da-11f0-9ba0-fc3fdb83b633,
32850cef-d0da-11f0-9ba0-fc3fdb83b633,1104C,true,Hoja,,,,,,,,1,false,3200131c-d0da-11f0-9ba0-fc3fdb83b633,
32855567-d0da-11f0-9ba0-fc3fdb83b633,1104D,true,Pecíolo,,,,,,,,1,false,3200131c-d0da-11f0-9ba0-fc3fdb83b633,
3285b874-d0da-11f0-9ba0-fc3fdb83b633,1104E,true,Rama,,,,,,,,1,false,3200131c-d0da-11f0-9ba0-fc3fdb83b633,
3286009a-d0da-11f0-9ba0-fc3fdb83b633,1104F,true,Pecíolo,,,,,,,,1,false,3200131c-d0da-11f0-9ba0-fc3fdb83b633,
328646e1-d0da-11f0-9ba0-fc3fdb83b633,1104G,true,Hoja,,,,,,,,1,false,3200131c-d0da-11f0-9ba0-fc3fdb83b633,
32868d20-d0da-11f0-9ba0-fc3fdb83b633,1104H,true,Pecíolo,,,,,,,,1,false,3200131c-d0da-11f0-9ba0-fc3fdb83b633,
3286f558-d0da-11f0-9ba0-fc3fdb83b633,1104I,true,Pecíolo,,,,,,,,1,false,3200131c-d0da-11f0-9ba0-fc3fdb83b633,
32873ee1-d0da-11f0-9ba0-fc3fdb83b633,1104J,true,Hoja,,,,,,,,1,false,3200131c-d0da-11f0-9ba0-fc3fdb83b633,
32878744-d0da-11f0-9ba0-fc3fdb83b633,1104K,true,Hoja,,,,,,,,1,false,3200131c-d0da-11f0-9ba0-fc3fdb83b633,
3287cf5f-d0da-11f0-9ba0-fc3fdb83b633,1104L,true,Hoja,,,,,,,,1,false,3200131c-d0da-11f0-9ba0-fc3fdb83b633,
32882278-d0da-11f0-9ba0-fc3fdb83b633,1104M,true,Rama,,,,,,,,1,false,3200131c-d0da-11f0-9ba0-fc3fdb83b633,
328868ce-d0da-11f0-9ba0-fc3fdb83b633,1104N,true,Pecíolo,,,,,,,,1,false,3200131c-d0da-11f0-9ba0-fc3fdb83b633,
3288ad33-d0da-11f0-9ba0-fc3fdb83b633,1104O,true,Hoja,,,,,,,,1,false,3200131c-d0da-11f0-9ba0-fc3fdb83b633,
3288f153-d0da-11f0-9ba0-fc3fdb83b633,1105A,true,Hoja,,,,,,,,1,false,320015e3-d0da-11f0-9ba0-fc3fdb83b633,3028051d-d0da-11f0-9ba0-fc3fdb83b633
328963ca-d0da-11f0-9ba0-fc3fdb83b633,1105B,true,Hoja,,,,,,,,1,false,320015e3-d0da-11f0-9ba0-fc3fdb83b633,
3289ac99-d0da-11f0-9ba0-fc3fdb83b633,1105C,true,Pecíolo,,,,,,,,1,false,320015e3-d0da-11f0-9ba0-fc3fdb83b633,
3289f4a0-d0da-11f0-9ba0-fc3fdb83b633,1105D,true,Pecíolo,,,,,,,,1,false,320015e3-d0da-11f0-9ba0-fc3fdb83b633,
328a5e4a-d0da-11f0-9ba0-fc3fdb83b633,1105E,true,Pecíolo,,,,,,,,1,false,320015e3-d0da-11f0-9ba0-fc3fdb83b633,
328aca33-d0da-11f0-9ba0-fc3fdb83b633,1105F,true,Hoja,,,,,,,,1,false,320015e3-d0da-11f0-9ba0-fc3fdb83b633,
328b36cd-d0da-11f0-9ba0-fc3fdb83b633,1105G,true,Hoja,,,,,,,,1,false,320015e3-d0da-11f0-9ba0-fc3fdb83b633,
328b9536-d0da-11f0-9ba0-fc3fdb83b633,1105H,true,Rama,,,,,,,,1,false,320015e3-d0da-11f0-9ba0-fc3fdb83b633,
328bdd55-d0da-11f0-9ba0-fc3fdb83b633,1105I,true,Rama,,,,,,,,1,false,320015e3-d0da-11f0-9ba0-fc3fdb83b633,
328c50d3-d0da-11f0-9ba0-fc3fdb83b633,1106A,true,Hoja,,,,,,,,1,false,3200188e-d0da-11f0-9ba0-fc3fdb83b633,
328dace7-d0da-11f0-9ba0-fc3fdb83b633,1106B,true,Pecíolo,,,,,,,,1,false,3200188e-d0da-11f0-9ba0-fc3fdb83b633,
328dfaed-d0da-11f0-9ba0-fc3fdb83b633,1106C,true,Hoja,,,,,,,,1,false,3200188e-d0da-11f0-9ba0-fc3fdb83b633,
328eb936-d0da-11f0-9ba0-fc3fdb83b633,1106D,true,Hoja,,,,,,,,1,false,3200188e-d0da-11f0-9ba0-fc3fdb83b633,
328f1ad9-d0da-11f0-9ba0-fc3fdb83b633,1106E,true,Hoja,,,,,,,,1,false,3200188e-d0da-11f0-9ba0-fc3fdb83b633,
328f647e-d0da-11f0-9ba0-fc3fdb83b633,1106F,true,Pecíolo,,,,,,,,1,false,3200188e-d0da-11f0-9ba0-fc3fdb83b633,
32927b16-d0da-11f0-9ba0-fc3fdb83b633,1107A,true,Hoja,,,,,,,,1,false,32001b31-d0da-11f0-9ba0-fc3fdb83b633,
3292d240-d0da-11f0-9ba0-fc3fdb83b633,1107B,true,Pecíolo,,,,,,,,1,false,32001b31-d0da-11f0-9ba0-fc3fdb83b633,
329360b3-d0da-11f0-9ba0-fc3fdb83b633,1107C,true,Pecíolo,,,,,,,,1,false,32001b31-d0da-11f0-9ba0-fc3fdb83b633,3028051d-d0da-11f0-9ba0-fc3fdb83b633
3293f7ea-d0da-11f0-9ba0-fc3fdb83b633,1107D,true,Hoja,,,,,,,,1,false,32001b31-d0da-11f0-9ba0-fc3fdb83b633,
329489f9-d0da-11f0-9ba0-fc3fdb83b633,1107E,true,Hoja,,,,,,,,1,false,32001b31-d0da-11f0-9ba0-fc3fdb83b633,
3295176d-d0da-11f0-9ba0-fc3fdb83b633,1107F,true,Hoja,,,,,,,,1,false,32001b31-d0da-11f0-9ba0-fc3fdb83b633,
3295cd9d-d0da-11f0-9ba0-fc3fdb83b633,1107G,true,Hoja,,,,,,,,1,false,32001b31-d0da-11f0-9ba0-fc3fdb83b633,
32961492-d0da-11f0-9ba0-fc3fdb83b633,1107H,true,Rama,,,,,,,,1,false,32001b31-d0da-11f0-9ba0-fc3fdb83b633,
32965905-d0da-11f0-9ba0-fc3fdb83b633,1107I,true,Rama,,,,,,,,1,false,32001b31-d0da-11f0-9ba0-fc3fdb83b633,
3296a09b-d0da-11f0-9ba0-fc3fdb83b633,1107J,true,Rama,,,,,,,,1,false,32001b31-d0da-11f0-9ba0-fc3fdb83b633,
3296edf8-d0da-11f0-9ba0-fc3fdb83b633,1107K,true,Rama,,,,,,,,1,false,32001b31-d0da-11f0-9ba0-fc3fdb83b633,
32988331-d0da-11f0-9ba0-fc3fdb83b633,1108A,true,Rama,,,,,,,,1,false,32001e05-d0da-11f0-9ba0-fc3fdb83b633,
3298cb28-d0da-11f0-9ba0-fc3fdb83b633,1108B,true,Pecíolo,,,,,,,,1,false,32001e05-d0da-11f0-9ba0-fc3fdb83b633,3028051d-d0da-11f0-9ba0-fc3fdb83b633
32990fe7-d0da-11f0-9ba0-fc3fdb83b633,1108C,true,Rama,,,,,,,,1,false,32001e05-d0da-11f0-9ba0-fc3fdb83b633,
32997a68-d0da-11f0-9ba0-fc3fdb83b633,1108D,true,Pecíolo,,,,,,,,1,false,32001e05-d0da-11f0-9ba0-fc3fdb83b633,
3299bf2f-d0da-11f0-9ba0-fc3fdb83b633,1108E,true,Pecíolo,,,,,,,,1,false,32001e05-d0da-11f0-9ba0-fc3fdb83b633,
329a24e9-d0da-11f0-9ba0-fc3fdb83b633,1108F,true,Hoja,,,,,,,,1,false,32001e05-d0da-11f0-9ba0-fc3fdb83b633,
329a6b19-d0da-11f0-9ba0-fc3fdb83b633,1108G,true,Hoja,,,,,,,,1,false,32001e05-d0da-11f0-9ba0-fc3fdb83b633,
329ac79b-d0da-11f0-9ba0-fc3fdb83b633,1108H,true,Rama,,,,,,,,1,false,32001e05-d0da-11f0-9ba0-fc3fdb83b633,
329b0cd9-d0da-11f0-9ba0-fc3fdb83b633,1108I,true,Hoja,,,,,,,,1,false,32001e05-d0da-11f0-9ba0-fc3fdb83b633,
329b5092-d0da-11f0-9ba0-fc3fdb83b633,1108J,true,Hoja,,,,,,,,1,false,32001e05-d0da-11f0-9ba0-fc3fdb83b633,
329b941e-d0da-11f0-9ba0-fc3fdb83b633,1109A,true,Pecíolo,,,,,,,,1,false,32002120-d0da-11f0-9ba0-fc3fdb83b633,3028185f-d0da-11f0-9ba0-fc3fdb83b633
329bfa7e-d0da-11f0-9ba0-fc3fdb83b633,1109B,true,Pecíolo,,,,,,,,1,false,32002120-d0da-11f0-9ba0-fc3fdb83b633,
329c4144-d0da-11f0-9ba0-fc3fdb83b633,1109C,true,Pecíolo,,,,,,,,1,false,32002120-d0da-11f0-9ba0-fc3fdb83b633,
329c9fa7-d0da-11f0-9ba0-fc3fdb83b633,1109D,true,Rama,,,,,,,,1,false,32002120-d0da-11f0-9ba0-fc3fdb83b633,
329ce46e-d0da-11f0-9ba0-fc3fdb83b633,1109E,true,Rama,,,,,,,,1,false,32002120-d0da-11f0-9ba0-fc3fdb83b633,
329df18a-d0da-11f0-9ba0-fc3fdb83b633,1109F,true,Hoja,,,,,,,,1,false,32002120-d0da-11f0-9ba0-fc3fdb83b633,
329e56d2-d0da-11f0-9ba0-fc3fdb83b633,1109G,true,Rama,,,,,,,,1,false,32002120-d0da-11f0-9ba0-fc3fdb83b633,
329ec16f-d0da-11f0-9ba0-fc3fdb83b633,1109H,true,Rama,,,,,,,,1,false,32002120-d0da-11f0-9ba0-fc3fdb83b633,
329f1bdf-d0da-11f0-9ba0-fc3fdb83b633,1109I,true,Hoja,,,,,,,,1,false,32002120-d0da-11f0-9ba0-fc3fdb83b633,
329f4b5b-d0da-11f0-9ba0-fc3fdb83b633,110A,true,Hoja,,,,,,,,1,false,31fab6d5-d0da-11f0-9ba0-fc3fdb83b633,3027edbd-d0da-11f0-9ba0-fc3fdb83b633
329fb9ef-d0da-11f0-9ba0-fc3fdb83b633,110B,true,Hoja,,,,,,,,1,false,31fab6d5-d0da-11f0-9ba0-fc3fdb83b633,3027f4ae-d0da-11f0-9ba0-fc3fdb83b633
32a000d6-d0da-11f0-9ba0-fc3fdb83b633,110C,true,Hoja,,,,,,,,1,false,31fab6d5-d0da-11f0-9ba0-fc3fdb83b633,3027edbd-d0da-11f0-9ba0-fc3fdb83b633
32a06ac5-d0da-11f0-9ba0-fc3fdb83b633,1110A,true,Pecíolo,,,,,,,,1,false,320023c3-d0da-11f0-9ba0-fc3fdb83b633,
32a0e7f9-d0da-11f0-9ba0-fc3fdb83b633,1110B,true,Hoja,,,,,,,,1,false,320023c3-d0da-11f0-9ba0-fc3fdb83b633,
32a12ff7-d0da-11f0-9ba0-fc3fdb83b633,1110C,true,Hoja,,,,,,,,1,false,320023c3-d0da-11f0-9ba0-fc3fdb83b633,
32a1854c-d0da-11f0-9ba0-fc3fdb83b633,1110D,true,Pecíolo,,,,,,,,1,false,320023c3-d0da-11f0-9ba0-fc3fdb83b633,
32a1d518-d0da-11f0-9ba0-fc3fdb83b633,1111A,true,Hoja,,,,,,,,1,false,32002676-d0da-11f0-9ba0-fc3fdb83b633,
32a2346e-d0da-11f0-9ba0-fc3fdb83b633,1111B,true,Rama,,,,,,,,1,false,32002676-d0da-11f0-9ba0-fc3fdb83b633,
32a27e1d-d0da-11f0-9ba0-fc3fdb83b633,1111C,true,Pecíolo,,,,,,,,1,false,32002676-d0da-11f0-9ba0-fc3fdb83b633,
32a2d5e2-d0da-11f0-9ba0-fc3fdb83b633,1112A,true,Hoja,,,,,,,,1,false,3200293a-d0da-11f0-9ba0-fc3fdb83b633,3027edbd-d0da-11f0-9ba0-fc3fdb83b633
32a35e24-d0da-11f0-9ba0-fc3fdb83b633,1112B,true,Rama,,,,,,,,1,false,3200293a-d0da-11f0-9ba0-fc3fdb83b633,3027edbd-d0da-11f0-9ba0-fc3fdb83b633
32a3c9cb-d0da-11f0-9ba0-fc3fdb83b633,1112C,true,Rama,,,,,,,,1,false,3200293a-d0da-11f0-9ba0-fc3fdb83b633,3027edbd-d0da-11f0-9ba0-fc3fdb83b633
32a4b2f2-d0da-11f0-9ba0-fc3fdb83b633,1112D,true,Hoja,,,,,,,,1,false,3200293a-d0da-11f0-9ba0-fc3fdb83b633,3027edbd-d0da-11f0-9ba0-fc3fdb83b633
32a4fcda-d0da-11f0-9ba0-fc3fdb83b633,1113A,true,Raíz,,,,,,,,1,false,32002b8d-d0da-11f0-9ba0-fc3fdb83b633,3027edbd-d0da-11f0-9ba0-fc3fdb83b633
32a54ed2-d0da-11f0-9ba0-fc3fdb83b633,1113B,true,Hoja,,,,,,,,1,false,32002b8d-d0da-11f0-9ba0-fc3fdb83b633,3027edbd-d0da-11f0-9ba0-fc3fdb83b633
32a5c5ef-d0da-11f0-9ba0-fc3fdb83b633,1113C,true,Hoja,,,,,,,,1,false,32002b8d-d0da-11f0-9ba0-fc3fdb83b633,3027edbd-d0da-11f0-9ba0-fc3fdb83b633
32aed834-d0da-11f0-9ba0-fc3fdb83b633,1113D,true,Hoja,,,,,,,,1,false,32002b8d-d0da-11f0-9ba0-fc3fdb83b633,3027edbd-d0da-11f0-9ba0-fc3fdb83b633
32af1c78-d0da-11f0-9ba0-fc3fdb83b633,1113E,true,Pecíolo,,,,,,,,1,false,32002b8d-d0da-11f0-9ba0-fc3fdb83b633,3027edbd-d0da-11f0-9ba0-fc3fdb83b633
32af8a11-d0da-11f0-9ba0-fc3fdb83b633,1113F,true,Hoja,,,,,,,,1,false,32002b8d-d0da-11f0-9ba0-fc3fdb83b633,3027edbd-d0da-11f0-9ba0-fc3fdb83b633
32afcfd9-d0da-11f0-9ba0-fc3fdb83b633,1113G,true,Hoja,,,,,,,,1,false,32002b8d-d0da-11f0-9ba0-fc3fdb83b633,3027edbd-d0da-11f0-9ba0-fc3fdb83b633
32b0232c-d0da-11f0-9ba0-fc3fdb83b633,1113H,true,Hoja,,,,,,,,1,false,32002b8d-d0da-11f0-9ba0-fc3fdb83b633,3027edbd-d0da-11f0-9ba0-fc3fdb83b633
32b068eb-d0da-11f0-9ba0-fc3fdb83b633,1114A,true,Pecíolo,,,,,,,,1,false,32002de0-d0da-11f0-9ba0-fc3fdb83b633,3027edbd-d0da-11f0-9ba0-fc3fdb83b633
32b12192-d0da-11f0-9ba0-fc3fdb83b633,1114B,true,Hoja,,,,,,,,1,false,32002de0-d0da-11f0-9ba0-fc3fdb83b633,3027edbd-d0da-11f0-9ba0-fc3fdb83b633
32b17b08-d0da-11f0-9ba0-fc3fdb83b633,1114C,true,Hoja,,,,,,,,1,false,32002de0-d0da-11f0-9ba0-fc3fdb83b633,3027edbd-d0da-11f0-9ba0-fc3fdb83b633
32b1de98-d0da-11f0-9ba0-fc3fdb83b633,1114D,true,Pecíolo,,,,,,,,1,false,32002de0-d0da-11f0-9ba0-fc3fdb83b633,3027edbd-d0da-11f0-9ba0-fc3fdb83b633
32b22bbf-d0da-11f0-9ba0-fc3fdb83b633,1114E,true,Raíz,,,,,,,,1,false,32002de0-d0da-11f0-9ba0-fc3fdb83b633,3027edbd-d0da-11f0-9ba0-fc3fdb83b633
32b26f88-d0da-11f0-9ba0-fc3fdb83b633,1114F,true,Raíz,,,,,,,,1,false,32002de0-d0da-11f0-9ba0-fc3fdb83b633,3027edbd-d0da-11f0-9ba0-fc3fdb83b633
32b2b902-d0da-11f0-9ba0-fc3fdb83b633,1114G,true,Hoja,,,,,,,,1,false,32002de0-d0da-11f0-9ba0-fc3fdb83b633,3027f4ae-d0da-11f0-9ba0-fc3fdb83b633
32b9ea08-d0da-11f0-9ba0-fc3fdb83b633,1114H,true,Pecíolo,,,,,,,,1,false,32002de0-d0da-11f0-9ba0-fc3fdb83b633,3027edbd-d0da-11f0-9ba0-fc3fdb83b633
32ba522a-d0da-11f0-9ba0-fc3fdb83b633,1114I,true,Hoja,,,,,,,,1,false,32002de0-d0da-11f0-9ba0-fc3fdb83b633,3027edbd-d0da-11f0-9ba0-fc3fdb83b633
32ba9720-d0da-11f0-9ba0-fc3fdb83b633,1114J,true,Hoja,,,,,,,,1,false,32002de0-d0da-11f0-9ba0-fc3fdb83b633,3027edbd-d0da-11f0-9ba0-fc3fdb83b633
32bb1680-d0da-11f0-9ba0-fc3fdb83b633,1114K,true,Hoja,,,,,,,,1,false,32002de0-d0da-11f0-9ba0-fc3fdb83b633,3027edbd-d0da-11f0-9ba0-fc3fdb83b633
32bb5f6f-d0da-11f0-9ba0-fc3fdb83b633,1114L,true,Hoja,,,,,,,,1,false,32002de0-d0da-11f0-9ba0-fc3fdb83b633,
32bbe58b-d0da-11f0-9ba0-fc3fdb83b633,1114M,true,Pecíolo,,,,,,,,1,false,32002de0-d0da-11f0-9ba0-fc3fdb83b633,3027edbd-d0da-11f0-9ba0-fc3fdb83b633
32bc48fc-d0da-11f0-9ba0-fc3fdb83b633,1115A,true,Hoja,,,,,,,,1,false,3200303d-d0da-11f0-9ba0-fc3fdb83b633,3027edbd-d0da-11f0-9ba0-fc3fdb83b633
32bc8fc4-d0da-11f0-9ba0-fc3fdb83b633,1115B,true,Hoja,,,,,,,,1,false,3200303d-d0da-11f0-9ba0-fc3fdb83b633,
32bcf5ff-d0da-11f0-9ba0-fc3fdb83b633,1115C,true,Hoja,,,,,,,,1,false,3200303d-d0da-11f0-9ba0-fc3fdb83b633,3027edbd-d0da-11f0-9ba0-fc3fdb83b633
32bd4b9c-d0da-11f0-9ba0-fc3fdb83b633,1115D,true,Rama,,,,,,,,1,false,3200303d-d0da-11f0-9ba0-fc3fdb83b633,3027edbd-d0da-11f0-9ba0-fc3fdb83b633
32bda193-d0da-11f0-9ba0-fc3fdb83b633,1115E,true,Hoja,,,,,,,,1,false,3200303d-d0da-11f0-9ba0-fc3fdb83b633,
32be0756-d0da-11f0-9ba0-fc3fdb83b633,1115F,true,Rama,,,,,,,,1,false,3200303d-d0da-11f0-9ba0-fc3fdb83b633,3027edbd-d0da-11f0-9ba0-fc3fdb83b633
32be477a-d0da-11f0-9ba0-fc3fdb83b633,1116A,true,Hoja,,,,,,,,1,false,320032ae-d0da-11f0-9ba0-fc3fdb83b633,3027edbd-d0da-11f0-9ba0-fc3fdb83b633
32be977d-d0da-11f0-9ba0-fc3fdb83b633,1117A,true,Hoja,,,,,,,,1,false,32003545-d0da-11f0-9ba0-fc3fdb83b633,3027edbd-d0da-11f0-9ba0-fc3fdb83b633
32bedce6-d0da-11f0-9ba0-fc3fdb83b633,1118A,true,Hoja,,,,,,,,1,false,320037cc-d0da-11f0-9ba0-fc3fdb83b633,3027edbd-d0da-11f0-9ba0-fc3fdb83b633
32bf4bea-d0da-11f0-9ba0-fc3fdb83b633,1118B,true,Hoja,,,,,,,,1,false,320037cc-d0da-11f0-9ba0-fc3fdb83b633,3027edbd-d0da-11f0-9ba0-fc3fdb83b633
32bf8ea8-d0da-11f0-9ba0-fc3fdb83b633,1118C,true,Pecíolo,,,,,,,,1,false,320037cc-d0da-11f0-9ba0-fc3fdb83b633,3027edbd-d0da-11f0-9ba0-fc3fdb83b633
32c69d6a-d0da-11f0-9ba0-fc3fdb83b633,1118D,true,Rama,,,,,,,,1,false,320037cc-d0da-11f0-9ba0-fc3fdb83b633,3027edbd-d0da-11f0-9ba0-fc3fdb83b633
32c6e03c-d0da-11f0-9ba0-fc3fdb83b633,1118E,true,Hoja,,,,,,,,1,false,320037cc-d0da-11f0-9ba0-fc3fdb83b633,3027edbd-d0da-11f0-9ba0-fc3fdb83b633
32c725ea-d0da-11f0-9ba0-fc3fdb83b633,1118F,true,Hoja,,,,,,,,1,false,320037cc-d0da-11f0-9ba0-fc3fdb83b633,3027edbd-d0da-11f0-9ba0-fc3fdb83b633
32c768a0-d0da-11f0-9ba0-fc3fdb83b633,1118G,true,Hoja,,,,,,,,1,false,320037cc-d0da-11f0-9ba0-fc3fdb83b633,
32c7e22e-d0da-11f0-9ba0-fc3fdb83b633,1118H,true,Hoja,,,,,,,,1,false,320037cc-d0da-11f0-9ba0-fc3fdb83b633,3027edbd-d0da-11f0-9ba0-fc3fdb83b633
32c824fe-d0da-11f0-9ba0-fc3fdb83b633,1119A,true,Hoja,,,,,,,,1,false,32003a6a-d0da-11f0-9ba0-fc3fdb83b633,3027edbd-d0da-11f0-9ba0-fc3fdb83b633
32c86bf3-d0da-11f0-9ba0-fc3fdb83b633,1119B,true,Hoja,,,,,,,,1,false,32003a6a-d0da-11f0-9ba0-fc3fdb83b633,3027edbd-d0da-11f0-9ba0-fc3fdb83b633
32c8b123-d0da-11f0-9ba0-fc3fdb83b633,1119C,true,Raíz,,,,,,,,1,false,32003a6a-d0da-11f0-9ba0-fc3fdb83b633,
32c90e55-d0da-11f0-9ba0-fc3fdb83b633,1119D,true,Rama,,,,,,,,1,false,32003a6a-d0da-11f0-9ba0-fc3fdb83b633,302818a4-d0da-11f0-9ba0-fc3fdb83b633
32c95921-d0da-11f0-9ba0-fc3fdb83b633,1119E,true,Raíz,,,,,,,,1,false,32003a6a-d0da-11f0-9ba0-fc3fdb83b633,3027edbd-d0da-11f0-9ba0-fc3fdb83b633
32c9a962-d0da-11f0-9ba0-fc3fdb83b633,1119F,true,Raíz,,,,,,,,1,false,32003a6a-d0da-11f0-9ba0-fc3fdb83b633,
32c9ee0c-d0da-11f0-9ba0-fc3fdb83b633,1119G,true,Raíz,,,,,,,,1,false,32003a6a-d0da-11f0-9ba0-fc3fdb83b633,3027edbd-d0da-11f0-9ba0-fc3fdb83b633
32ca5aaa-d0da-11f0-9ba0-fc3fdb83b633,1119H,true,Raíz,,,,,,,,1,false,32003a6a-d0da-11f0-9ba0-fc3fdb83b633,
32cacb58-d0da-11f0-9ba0-fc3fdb83b633,1119I,true,Raíz,,,,,,,,1,false,32003a6a-d0da-11f0-9ba0-fc3fdb83b633,3027edbd-d0da-11f0-9ba0-fc3fdb83b633
32cb08f0-d0da-11f0-9ba0-fc3fdb83b633,111A,true,Hoja,,,,,,,,1,false,31facc11-d0da-11f0-9ba0-fc3fdb83b633,3027f8fd-d0da-11f0-9ba0-fc3fdb83b633
32cb9813-d0da-11f0-9ba0-fc3fdb83b633,111B,true,Hoja,,,,,,,,1,false,31facc11-d0da-11f0-9ba0-fc3fdb83b633,3027edbd-d0da-11f0-9ba0-fc3fdb83b633
32cbeb49-d0da-11f0-9ba0-fc3fdb83b633,111C,true,Hoja,,,,,,,,1,false,31facc11-d0da-11f0-9ba0-fc3fdb83b633,3027edbd-d0da-11f0-9ba0-fc3fdb83b633
32cc307e-d0da-11f0-9ba0-fc3fdb83b633,111D,true,Hoja,,,,,,,,1,false,31facc11-d0da-11f0-9ba0-fc3fdb83b633,3027edbd-d0da-11f0-9ba0-fc3fdb83b633
32cff607-d0da-11f0-9ba0-fc3fdb83b633,111E,true,Hoja,,,,,,,,1,false,31facc11-d0da-11f0-9ba0-fc3fdb83b633,3027edbd-d0da-11f0-9ba0-fc3fdb83b633
32d07e46-d0da-11f0-9ba0-fc3fdb83b633,1120A,true,Hoja,,,,,,,,1,false,32003d14-d0da-11f0-9ba0-fc3fdb83b633,3027edbd-d0da-11f0-9ba0-fc3fdb83b633
32d0cdca-d0da-11f0-9ba0-fc3fdb83b633,1120B,true,Hoja,,,,,,,,1,false,32003d14-d0da-11f0-9ba0-fc3fdb83b633,3027edbd-d0da-11f0-9ba0-fc3fdb83b633
32d110b8-d0da-11f0-9ba0-fc3fdb83b633,1120C,true,Pecíolo,,,,,,,,1,false,32003d14-d0da-11f0-9ba0-fc3fdb83b633,3027edbd-d0da-11f0-9ba0-fc3fdb83b633
32d15321-d0da-11f0-9ba0-fc3fdb83b633,1121A,true,Hoja,,,,,,,,1,false,32003ff1-d0da-11f0-9ba0-fc3fdb83b633,3027edbd-d0da-11f0-9ba0-fc3fdb83b633
32d1a81f-d0da-11f0-9ba0-fc3fdb83b633,1121B,true,Rama,,,,,,,,1,false,32003ff1-d0da-11f0-9ba0-fc3fdb83b633,
32d20d40-d0da-11f0-9ba0-fc3fdb83b633,1121C,true,Pecíolo,,,,,,,,1,false,32003ff1-d0da-11f0-9ba0-fc3fdb83b633,3027edbd-d0da-11f0-9ba0-fc3fdb83b633
32d25288-d0da-11f0-9ba0-fc3fdb83b633,1121D,true,Pecíolo,,,,,,,,1,false,32003ff1-d0da-11f0-9ba0-fc3fdb83b633,3027edbd-d0da-11f0-9ba0-fc3fdb83b633
32d29a29-d0da-11f0-9ba0-fc3fdb83b633,1121E,true,Rama,,,,,,,,1,false,32003ff1-d0da-11f0-9ba0-fc3fdb83b633,3027edbd-d0da-11f0-9ba0-fc3fdb83b633
32d30d74-d0da-11f0-9ba0-fc3fdb83b633,1121F,true,Rama,,,,,,,,1,false,32003ff1-d0da-11f0-9ba0-fc3fdb83b633,3027edbd-d0da-11f0-9ba0-fc3fdb83b633
32d35f16-d0da-11f0-9ba0-fc3fdb83b633,1121G,true,Rama,,,,,,,,1,false,32003ff1-d0da-11f0-9ba0-fc3fdb83b633,3027edbd-d0da-11f0-9ba0-fc3fdb83b633
32d3cbcf-d0da-11f0-9ba0-fc3fdb83b633,1122A,true,Hoja,,,,,,,,1,false,32004283-d0da-11f0-9ba0-fc3fdb83b633,3027edbd-d0da-11f0-9ba0-fc3fdb83b633
32d437a0-d0da-11f0-9ba0-fc3fdb83b633,1122B,true,Hoja,,,,,,,,1,false,32004283-d0da-11f0-9ba0-fc3fdb83b633,3027edbd-d0da-11f0-9ba0-fc3fdb83b633
32d484fc-d0da-11f0-9ba0-fc3fdb83b633,1123A,true,Pecíolo,,,,,,,,1,false,3200451a-d0da-11f0-9ba0-fc3fdb83b633,3027edbd-d0da-11f0-9ba0-fc3fdb83b633
32d4e71a-d0da-11f0-9ba0-fc3fdb83b633,1123B,true,Hoja,,,,,,,,1,false,3200451a-d0da-11f0-9ba0-fc3fdb83b633,3027edbd-d0da-11f0-9ba0-fc3fdb83b633
32d54c04-d0da-11f0-9ba0-fc3fdb83b633,1124A,true,Pecíolo,,,,,,,,1,false,32004814-d0da-11f0-9ba0-fc3fdb83b633,3027edbd-d0da-11f0-9ba0-fc3fdb83b633
32d5958b-d0da-11f0-9ba0-fc3fdb83b633,1124B,true,Rama,,,,,,,,1,false,32004814-d0da-11f0-9ba0-fc3fdb83b633,3027edbd-d0da-11f0-9ba0-fc3fdb83b633
32df7234-d0da-11f0-9ba0-fc3fdb83b633,1124C,true,Pecíolo,,,,,,,,1,false,32004814-d0da-11f0-9ba0-fc3fdb83b633,3027edbd-d0da-11f0-9ba0-fc3fdb83b633
32dfb2f5-d0da-11f0-9ba0-fc3fdb83b633,1124D,true,Pecíolo,,,,,,,,1,false,32004814-d0da-11f0-9ba0-fc3fdb83b633,3027edbd-d0da-11f0-9ba0-fc3fdb83b633
32dff37a-d0da-11f0-9ba0-fc3fdb83b633,1125A,true,Raíz,,,,,,,,1,false,32004acf-d0da-11f0-9ba0-fc3fdb83b633,3027edbd-d0da-11f0-9ba0-fc3fdb83b633
32e0463d-d0da-11f0-9ba0-fc3fdb83b633,1125B,true,Raíz,,,,,,,,1,false,32004acf-d0da-11f0-9ba0-fc3fdb83b633,
32e08795-d0da-11f0-9ba0-fc3fdb83b633,1125C,true,Raíz,,,,,,,,1,false,32004acf-d0da-11f0-9ba0-fc3fdb83b633,3027edbd-d0da-11f0-9ba0-fc3fdb83b633
32e0d63c-d0da-11f0-9ba0-fc3fdb83b633,1125D,true,Hoja,,,,,,,,1,false,32004acf-d0da-11f0-9ba0-fc3fdb83b633,3027edbd-d0da-11f0-9ba0-fc3fdb83b633
32e1d33f-d0da-11f0-9ba0-fc3fdb83b633,1125E,true,Raíz,,,,,,,,1,false,32004acf-d0da-11f0-9ba0-fc3fdb83b633,3027edbd-d0da-11f0-9ba0-fc3fdb83b633
32e2132e-d0da-11f0-9ba0-fc3fdb83b633,1126A,true,Hoja,,,,,,,,1,false,32004d66-d0da-11f0-9ba0-fc3fdb83b633,302818e9-d0da-11f0-9ba0-fc3fdb83b633
32e26d6a-d0da-11f0-9ba0-fc3fdb83b633,1126B,true,Pecíolo,,,,,,,,1,false,32004d66-d0da-11f0-9ba0-fc3fdb83b633,
32e2c3f9-d0da-11f0-9ba0-fc3fdb83b633,1126C,true,Pecíolo,,,,,,,,1,false,32004d66-d0da-11f0-9ba0-fc3fdb83b633,3027edbd-d0da-11f0-9ba0-fc3fdb83b633
32e308c6-d0da-11f0-9ba0-fc3fdb83b633,1126D,true,Hoja,,,,,,,,1,false,32004d66-d0da-11f0-9ba0-fc3fdb83b633,3027edbd-d0da-11f0-9ba0-fc3fdb83b633
32e43495-d0da-11f0-9ba0-fc3fdb83b633,1126E,true,Hoja,,,,,,,,1,false,32004d66-d0da-11f0-9ba0-fc3fdb83b633,3027edbd-d0da-11f0-9ba0-fc3fdb83b633
32e48e5e-d0da-11f0-9ba0-fc3fdb83b633,1126F,true,Hoja,,,,,,,,1,false,32004d66-d0da-11f0-9ba0-fc3fdb83b633,
32e4cea2-d0da-11f0-9ba0-fc3fdb83b633,1127A,true,Fruto,,,,,,,,1,false,32005002-d0da-11f0-9ba0-fc3fdb83b633,3027edbd-d0da-11f0-9ba0-fc3fdb83b633
32e52855-d0da-11f0-9ba0-fc3fdb83b633,1127B,true,Pecíolo,,,,,,,,1,false,32005002-d0da-11f0-9ba0-fc3fdb83b633,
32e56e1c-d0da-11f0-9ba0-fc3fdb83b633,1127C,true,Fruto,,,,,,,,1,false,32005002-d0da-11f0-9ba0-fc3fdb83b633,3027edbd-d0da-11f0-9ba0-fc3fdb83b633
32e5ae87-d0da-11f0-9ba0-fc3fdb83b633,1128A,true,Pecíolo,,,,,,,,1,false,320052b1-d0da-11f0-9ba0-fc3fdb83b633,3027edbd-d0da-11f0-9ba0-fc3fdb83b633
32e5ebac-d0da-11f0-9ba0-fc3fdb83b633,1128B,true,Hoja,,,,,,,,1,false,320052b1-d0da-11f0-9ba0-fc3fdb83b633,3027edbd-d0da-11f0-9ba0-fc3fdb83b633
32ec4d26-d0da-11f0-9ba0-fc3fdb83b633,1128C,true,Hoja,,,,,,,,1,false,320052b1-d0da-11f0-9ba0-fc3fdb83b633,3027edbd-d0da-11f0-9ba0-fc3fdb83b633
32ec994a-d0da-11f0-9ba0-fc3fdb83b633,1128D,true,Hoja,,,,,,,,1,false,320052b1-d0da-11f0-9ba0-fc3fdb83b633,
32ecd83b-d0da-11f0-9ba0-fc3fdb83b633,1128E,true,Raíz,,,,,,,,1,false,320052b1-d0da-11f0-9ba0-fc3fdb83b633,3027edbd-d0da-11f0-9ba0-fc3fdb83b633
32ed1844-d0da-11f0-9ba0-fc3fdb83b633,1129A,true,Hoja,,,,,,,,1,false,320057dc-d0da-11f0-9ba0-fc3fdb83b633,3027edbd-d0da-11f0-9ba0-fc3fdb83b633
32ed56c2-d0da-11f0-9ba0-fc3fdb83b633,1129B,true,Pecíolo,,,,,,,,1,false,320057dc-d0da-11f0-9ba0-fc3fdb83b633,3027edbd-d0da-11f0-9ba0-fc3fdb83b633
32ed9a52-d0da-11f0-9ba0-fc3fdb83b633,1129C,true,Pecíolo,,,,,,,,1,false,320057dc-d0da-11f0-9ba0-fc3fdb83b633,3027edbd-d0da-11f0-9ba0-fc3fdb83b633
32ee5ce8-d0da-11f0-9ba0-fc3fdb83b633,1129D,true,Rama,,,,,,,,1,false,320057dc-d0da-11f0-9ba0-fc3fdb83b633,3027edbd-d0da-11f0-9ba0-fc3fdb83b633
32ee9d52-d0da-11f0-9ba0-fc3fdb83b633,1129E,true,Rama,,,,,,,,1,false,320057dc-d0da-11f0-9ba0-fc3fdb83b633,3027edbd-d0da-11f0-9ba0-fc3fdb83b633
32eee1d3-d0da-11f0-9ba0-fc3fdb83b633,112A,true,Hoja,,,,,,,,1,false,31facf92-d0da-11f0-9ba0-fc3fdb83b633,3027edbd-d0da-11f0-9ba0-fc3fdb83b633
32ef2be7-d0da-11f0-9ba0-fc3fdb83b633,112B,true,Hoja,,,,,,,,1,false,31facf92-d0da-11f0-9ba0-fc3fdb83b633,3027edbd-d0da-11f0-9ba0-fc3fdb83b633
32ef6dcb-d0da-11f0-9ba0-fc3fdb83b633,112C,true,Hoja,,,,,,,,1,false,31facf92-d0da-11f0-9ba0-fc3fdb83b633,3027edbd-d0da-11f0-9ba0-fc3fdb83b633
32efb1f8-d0da-11f0-9ba0-fc3fdb83b633,112D,true,Hoja,,,,,,,,1,false,31facf92-d0da-11f0-9ba0-fc3fdb83b633,3027f83b-d0da-11f0-9ba0-fc3fdb83b633
32f00c6e-d0da-11f0-9ba0-fc3fdb83b633,112E,true,Hoja,,,,,,,,1,false,31facf92-d0da-11f0-9ba0-fc3fdb83b633,3027edbd-d0da-11f0-9ba0-fc3fdb83b633
32f0667d-d0da-11f0-9ba0-fc3fdb83b633,112F,true,Hoja,,,,,,,,1,false,31facf92-d0da-11f0-9ba0-fc3fdb83b633,3027edbd-d0da-11f0-9ba0-fc3fdb83b633
32f0bd7a-d0da-11f0-9ba0-fc3fdb83b633,1130A,true,Raíz,,,,,,,,1,false,32005a78-d0da-11f0-9ba0-fc3fdb83b633,
32f14634-d0da-11f0-9ba0-fc3fdb83b633,1130B,true,Pecíolo,,,,,,,,1,false,32005a78-d0da-11f0-9ba0-fc3fdb83b633,
32f188ee-d0da-11f0-9ba0-fc3fdb83b633,1130C,true,Raíz,,,,,,,,1,false,32005a78-d0da-11f0-9ba0-fc3fdb83b633,
32f1c81b-d0da-11f0-9ba0-fc3fdb83b633,1131A,true,Rama,,,,,,,,1,false,32005d14-d0da-11f0-9ba0-fc3fdb83b633,3027edbd-d0da-11f0-9ba0-fc3fdb83b633
32f209e0-d0da-11f0-9ba0-fc3fdb83b633,1131B,true,Hoja,,,,,,,,1,false,32005d14-d0da-11f0-9ba0-fc3fdb83b633,3027edbd-d0da-11f0-9ba0-fc3fdb83b633
32f24a97-d0da-11f0-9ba0-fc3fdb83b633,1131C,true,Hoja,,,,,,,,1,false,32005d14-d0da-11f0-9ba0-fc3fdb83b633,3027edbd-d0da-11f0-9ba0-fc3fdb83b633
32f95f42-d0da-11f0-9ba0-fc3fdb83b633,1132A,true,Pecíolo,,,,,,,,1,false,32005fc3-d0da-11f0-9ba0-fc3fdb83b633,30281933-d0da-11f0-9ba0-fc3fdb83b633
32f99f6f-d0da-11f0-9ba0-fc3fdb83b633,1132B,true,Hoja,,,,,,,,1,false,32005fc3-d0da-11f0-9ba0-fc3fdb83b633,3027edbd-d0da-11f0-9ba0-fc3fdb83b633
32fa0410-d0da-11f0-9ba0-fc3fdb83b633,1132C,true,Hoja,,,,,,,,1,false,32005fc3-d0da-11f0-9ba0-fc3fdb83b633,3027edbd-d0da-11f0-9ba0-fc3fdb83b633
32fa4fa6-d0da-11f0-9ba0-fc3fdb83b633,1132D,true,Hoja,,,,,,,,1,false,32005fc3-d0da-11f0-9ba0-fc3fdb83b633,3027edbd-d0da-11f0-9ba0-fc3fdb83b633
32fa9783-d0da-11f0-9ba0-fc3fdb83b633,1132E,true,Hoja,,,,,,,,1,false,32005fc3-d0da-11f0-9ba0-fc3fdb83b633,3027edbd-d0da-11f0-9ba0-fc3fdb83b633
32fb2abe-d0da-11f0-9ba0-fc3fdb83b633,1132F,true,Pecíolo,,,,,,,,1,false,32005fc3-d0da-11f0-9ba0-fc3fdb83b633,3027edbd-d0da-11f0-9ba0-fc3fdb83b633
32fb6e78-d0da-11f0-9ba0-fc3fdb83b633,1132G,true,Pecíolo,,,,,,,,1,false,32005fc3-d0da-11f0-9ba0-fc3fdb83b633,3027edbd-d0da-11f0-9ba0-fc3fdb83b633
32fbb094-d0da-11f0-9ba0-fc3fdb83b633,1133A,true,Hoja,,,,,,,,1,false,3200627d-d0da-11f0-9ba0-fc3fdb83b633,3027edbd-d0da-11f0-9ba0-fc3fdb83b633
32fbf47a-d0da-11f0-9ba0-fc3fdb83b633,1133B,true,Pecíolo,,,,,,,,1,false,3200627d-d0da-11f0-9ba0-fc3fdb83b633,3027edbd-d0da-11f0-9ba0-fc3fdb83b633
32fc4b7f-d0da-11f0-9ba0-fc3fdb83b633,1133C,true,Hoja,,,,,,,,1,false,3200627d-d0da-11f0-9ba0-fc3fdb83b633,3027edbd-d0da-11f0-9ba0-fc3fdb83b633
32fc8e2a-d0da-11f0-9ba0-fc3fdb83b633,1133D,true,Hoja,,,,,,,,1,false,3200627d-d0da-11f0-9ba0-fc3fdb83b633,3027edbd-d0da-11f0-9ba0-fc3fdb83b633
32fcd0b2-d0da-11f0-9ba0-fc3fdb83b633,1133E,true,Hoja,,,,,,,,1,false,3200627d-d0da-11f0-9ba0-fc3fdb83b633,3027edbd-d0da-11f0-9ba0-fc3fdb83b633
32fd3cd8-d0da-11f0-9ba0-fc3fdb83b633,1133F,true,Rama,,,,,,,,1,false,3200627d-d0da-11f0-9ba0-fc3fdb83b633,3027edbd-d0da-11f0-9ba0-fc3fdb83b633
32fda58f-d0da-11f0-9ba0-fc3fdb83b633,1134A,true,Pecíolo,,,,,,,,1,false,32006532-d0da-11f0-9ba0-fc3fdb83b633,3027edbd-d0da-11f0-9ba0-fc3fdb83b633
32fde66e-d0da-11f0-9ba0-fc3fdb83b633,1134B,true,Hoja,,,,,,,,1,false,32006532-d0da-11f0-9ba0-fc3fdb83b633,3027edbd-d0da-11f0-9ba0-fc3fdb83b633
32fe26fe-d0da-11f0-9ba0-fc3fdb83b633,1134C,true,Hoja,,,,,,,,1,false,32006532-d0da-11f0-9ba0-fc3fdb83b633,3027edbd-d0da-11f0-9ba0-fc3fdb83b633
32fe65b8-d0da-11f0-9ba0-fc3fdb83b633,1134D,true,Hoja,,,,,,,,1,false,32006532-d0da-11f0-9ba0-fc3fdb83b633,
32fec35c-d0da-11f0-9ba0-fc3fdb83b633,1134E,true,Rama,,,,,,,,1,false,32006532-d0da-11f0-9ba0-fc3fdb83b633,3027edbd-d0da-11f0-9ba0-fc3fdb83b633
32ff0409-d0da-11f0-9ba0-fc3fdb83b633,1135A,true,Pecíolo,,,,,,,,1,false,320067e1-d0da-11f0-9ba0-fc3fdb83b633,3027edbd-d0da-11f0-9ba0-fc3fdb83b633
32ff45da-d0da-11f0-9ba0-fc3fdb83b633,1135B,true,Hoja,,,,,,,,1,false,320067e1-d0da-11f0-9ba0-fc3fdb83b633,3027edbd-d0da-11f0-9ba0-fc3fdb83b633
33063476-d0da-11f0-9ba0-fc3fdb83b633,1135C,true,Hoja,,,,,,,,1,false,320067e1-d0da-11f0-9ba0-fc3fdb83b633,3027edbd-d0da-11f0-9ba0-fc3fdb83b633
3306805b-d0da-11f0-9ba0-fc3fdb83b633,1135D,true,Hoja,,,,,,,,1,false,320067e1-d0da-11f0-9ba0-fc3fdb83b633,3027edbd-d0da-11f0-9ba0-fc3fdb83b633
3306c1ad-d0da-11f0-9ba0-fc3fdb83b633,1135E,true,Hoja,,,,,,,,1,false,320067e1-d0da-11f0-9ba0-fc3fdb83b633,3027edbd-d0da-11f0-9ba0-fc3fdb83b633
33070481-d0da-11f0-9ba0-fc3fdb83b633,1135F,true,Rama,,,,,,,,1,false,320067e1-d0da-11f0-9ba0-fc3fdb83b633,3027edbd-d0da-11f0-9ba0-fc3fdb83b633
330778e5-d0da-11f0-9ba0-fc3fdb83b633,1135G,true,Hoja,,,,,,,,1,false,320067e1-d0da-11f0-9ba0-fc3fdb83b633,3027edbd-d0da-11f0-9ba0-fc3fdb83b633
3307bad0-d0da-11f0-9ba0-fc3fdb83b633,1136A,true,Hoja,,,,,,,,1,false,32006aa0-d0da-11f0-9ba0-fc3fdb83b633,3027edbd-d0da-11f0-9ba0-fc3fdb83b633
3307fc3f-d0da-11f0-9ba0-fc3fdb83b633,1136B,true,Hoja,,,,,,,,1,false,32006aa0-d0da-11f0-9ba0-fc3fdb83b633,3027edbd-d0da-11f0-9ba0-fc3fdb83b633
3308405a-d0da-11f0-9ba0-fc3fdb83b633,1136C,true,Hoja,,,,,,,,1,false,32006aa0-d0da-11f0-9ba0-fc3fdb83b633,3027edbd-d0da-11f0-9ba0-fc3fdb83b633
33088dcb-d0da-11f0-9ba0-fc3fdb83b633,1136D,true,Hoja,,,,,,,,1,false,32006aa0-d0da-11f0-9ba0-fc3fdb83b633,3027edbd-d0da-11f0-9ba0-fc3fdb83b633
3308d0f1-d0da-11f0-9ba0-fc3fdb83b633,1136E,true,Hoja,,,,,,,,1,false,32006aa0-d0da-11f0-9ba0-fc3fdb83b633,3027edbd-d0da-11f0-9ba0-fc3fdb83b633
33091530-d0da-11f0-9ba0-fc3fdb83b633,1136F,true,Hoja,,,,,,,,1,false,32006aa0-d0da-11f0-9ba0-fc3fdb83b633,3027edbd-d0da-11f0-9ba0-fc3fdb83b633
330955db-d0da-11f0-9ba0-fc3fdb83b633,1137A,true,Hoja,,,,,,,,1,false,32006daf-d0da-11f0-9ba0-fc3fdb83b633,3027edbd-d0da-11f0-9ba0-fc3fdb83b633
3309b080-d0da-11f0-9ba0-fc3fdb83b633,1137B,true,Hoja,,,,,,,,1,false,32006daf-d0da-11f0-9ba0-fc3fdb83b633,3028011a-d0da-11f0-9ba0-fc3fdb83b633
330a4474-d0da-11f0-9ba0-fc3fdb83b633,1137C,true,Hoja,,,,,,,,1,false,32006daf-d0da-11f0-9ba0-fc3fdb83b633,3027edbd-d0da-11f0-9ba0-fc3fdb83b633
330a87dc-d0da-11f0-9ba0-fc3fdb83b633,1138A,true,Pecíolo,,,,,,,,1,false,32007063-d0da-11f0-9ba0-fc3fdb83b633,3027edbd-d0da-11f0-9ba0-fc3fdb83b633
330b1cca-d0da-11f0-9ba0-fc3fdb83b633,1138B,true,Hoja,,,,,,,,1,false,32007063-d0da-11f0-9ba0-fc3fdb83b633,3027edbd-d0da-11f0-9ba0-fc3fdb83b633
330b8a39-d0da-11f0-9ba0-fc3fdb83b633,1138C,true,Pecíolo,,,,,,,,1,false,32007063-d0da-11f0-9ba0-fc3fdb83b633,3027edbd-d0da-11f0-9ba0-fc3fdb83b633
330bce53-d0da-11f0-9ba0-fc3fdb83b633,1138D,true,Raíz,,,,,,,,1,false,32007063-d0da-11f0-9ba0-fc3fdb83b633,3027edbd-d0da-11f0-9ba0-fc3fdb83b633
330da004-d0da-11f0-9ba0-fc3fdb83b633,1138E,true,Pecíolo,,,,,,,,1,false,32007063-d0da-11f0-9ba0-fc3fdb83b633,
330e478f-d0da-11f0-9ba0-fc3fdb83b633,1139A,true,Hoja,,,,,,,,1,false,3200732c-d0da-11f0-9ba0-fc3fdb83b633,3027edbd-d0da-11f0-9ba0-fc3fdb83b633
330ea092-d0da-11f0-9ba0-fc3fdb83b633,1139B,true,Hoja,,,,,,,,1,false,3200732c-d0da-11f0-9ba0-fc3fdb83b633,3027edbd-d0da-11f0-9ba0-fc3fdb83b633
330f1fa5-d0da-11f0-9ba0-fc3fdb83b633,1139C,true,Hoja,,,,,,,,1,false,3200732c-d0da-11f0-9ba0-fc3fdb83b633,3027edbd-d0da-11f0-9ba0-fc3fdb83b633
330f5de0-d0da-11f0-9ba0-fc3fdb83b633,1139D,true,Hoja,,,,,,,,1,false,3200732c-d0da-11f0-9ba0-fc3fdb83b633,3027edbd-d0da-11f0-9ba0-fc3fdb83b633
3311d134-d0da-11f0-9ba0-fc3fdb83b633,113A,true,Hoja,,,,,,,,1,false,31fad222-d0da-11f0-9ba0-fc3fdb83b633,3027f93e-d0da-11f0-9ba0-fc3fdb83b633
3314192c-d0da-11f0-9ba0-fc3fdb83b633,113B,true,Hoja,,,,,,,,1,false,31fad222-d0da-11f0-9ba0-fc3fdb83b633,3027edbd-d0da-11f0-9ba0-fc3fdb83b633
33146017-d0da-11f0-9ba0-fc3fdb83b633,113C,true,Hoja,,,,,,,,1,false,31fad222-d0da-11f0-9ba0-fc3fdb83b633,3027edbd-d0da-11f0-9ba0-fc3fdb83b633
3314bff4-d0da-11f0-9ba0-fc3fdb83b633,113D,true,Hoja,,,,,,,,1,false,31fad222-d0da-11f0-9ba0-fc3fdb83b633,3027edbd-d0da-11f0-9ba0-fc3fdb83b633
3315305e-d0da-11f0-9ba0-fc3fdb83b633,1140A,true,Raíz,,,,,,,,1,false,320075e9-d0da-11f0-9ba0-fc3fdb83b633,3027edbd-d0da-11f0-9ba0-fc3fdb83b633
331573f7-d0da-11f0-9ba0-fc3fdb83b633,1141A,true,Rama,,,,,,,,1,false,320078ac-d0da-11f0-9ba0-fc3fdb83b633,3027edbd-d0da-11f0-9ba0-fc3fdb83b633
3316149e-d0da-11f0-9ba0-fc3fdb83b633,1141B,true,Rama,,,,,,,,1,false,320078ac-d0da-11f0-9ba0-fc3fdb83b633,3027edbd-d0da-11f0-9ba0-fc3fdb83b633
331653c9-d0da-11f0-9ba0-fc3fdb83b633,1141C,true,Rama,,,,,,,,1,false,320078ac-d0da-11f0-9ba0-fc3fdb83b633,3027edbd-d0da-11f0-9ba0-fc3fdb83b633
3316c01c-d0da-11f0-9ba0-fc3fdb83b633,1142A,true,Raíz,,,,,,,,1,false,32007b4f-d0da-11f0-9ba0-fc3fdb83b633,3027edbd-d0da-11f0-9ba0-fc3fdb83b633
33170cfc-d0da-11f0-9ba0-fc3fdb83b633,1142B,true,Hoja,,,,,,,,1,false,32007b4f-d0da-11f0-9ba0-fc3fdb83b633,3027edbd-d0da-11f0-9ba0-fc3fdb83b633
33174eca-d0da-11f0-9ba0-fc3fdb83b633,1142C,true,Hoja,,,,,,,,1,false,32007b4f-d0da-11f0-9ba0-fc3fdb83b633,3027edbd-d0da-11f0-9ba0-fc3fdb83b633
33178ef7-d0da-11f0-9ba0-fc3fdb83b633,1142D,true,Hoja,,,,,,,,1,false,32007b4f-d0da-11f0-9ba0-fc3fdb83b633,3027edbd-d0da-11f0-9ba0-fc3fdb83b633
3317cc9f-d0da-11f0-9ba0-fc3fdb83b633,1142E,true,Hoja,,,,,,,,1,false,32007b4f-d0da-11f0-9ba0-fc3fdb83b633,3027edbd-d0da-11f0-9ba0-fc3fdb83b633
33180a57-d0da-11f0-9ba0-fc3fdb83b633,1143A,true,Hoja,,,,,,,,1,false,32007dff-d0da-11f0-9ba0-fc3fdb83b633,3027edbd-d0da-11f0-9ba0-fc3fdb83b633
331afff8-d0da-11f0-9ba0-fc3fdb83b633,1143B,true,Rama,,,,,,,,1,false,32007dff-d0da-11f0-9ba0-fc3fdb83b633,3027edbd-d0da-11f0-9ba0-fc3fdb83b633
331b44d6-d0da-11f0-9ba0-fc3fdb83b633,1143C,true,Rama,,,,,,,,1,false,32007dff-d0da-11f0-9ba0-fc3fdb83b633,30281979-d0da-11f0-9ba0-fc3fdb83b633
331b9abf-d0da-11f0-9ba0-fc3fdb83b633,1143D,true,Rama,,,,,,,,1,false,32007dff-d0da-11f0-9ba0-fc3fdb83b633,3027edbd-d0da-11f0-9ba0-fc3fdb83b633
331bcc46-d0da-11f0-9ba0-fc3fdb83b633,114A,true,Hoja,,,,,,,,1,false,31fad486-d0da-11f0-9ba0-fc3fdb83b633,3027edbd-d0da-11f0-9ba0-fc3fdb83b633
331c2d71-d0da-11f0-9ba0-fc3fdb83b633,114B,true,Hoja,,,,,,,,1,false,31fad486-d0da-11f0-9ba0-fc3fdb83b633,3027edbd-d0da-11f0-9ba0-fc3fdb83b633
331c8adf-d0da-11f0-9ba0-fc3fdb83b633,114C,true,Hoja,,,,,,,,1,false,31fad486-d0da-11f0-9ba0-fc3fdb83b633,3027edbd-d0da-11f0-9ba0-fc3fdb83b633
331ccd72-d0da-11f0-9ba0-fc3fdb83b633,114D,true,Hoja,,,,,,,,1,false,31fad486-d0da-11f0-9ba0-fc3fdb83b633,3027edbd-d0da-11f0-9ba0-fc3fdb83b633
331d1818-d0da-11f0-9ba0-fc3fdb83b633,114E,true,Hoja,,,,,,,,1,false,31fad486-d0da-11f0-9ba0-fc3fdb83b633,3027edbd-d0da-11f0-9ba0-fc3fdb83b633
331d8bab-d0da-11f0-9ba0-fc3fdb83b633,1159A,true,,,,,,,,,1,false,32002120-d0da-11f0-9ba0-fc3fdb83b633,
331dbb6d-d0da-11f0-9ba0-fc3fdb83b633,115A,true,Hoja,,,,,,,,1,false,31fad75d-d0da-11f0-9ba0-fc3fdb83b633,3027edbd-d0da-11f0-9ba0-fc3fdb83b633
331e015d-d0da-11f0-9ba0-fc3fdb83b633,115B,true,Hoja,,,,,,,,1,false,31fad75d-d0da-11f0-9ba0-fc3fdb83b633,3027edbd-d0da-11f0-9ba0-fc3fdb83b633
331eb331-d0da-11f0-9ba0-fc3fdb83b633,115C,true,Hoja,,,,,,,,1,false,31fad75d-d0da-11f0-9ba0-fc3fdb83b633,3027edbd-d0da-11f0-9ba0-fc3fdb83b633
331f04d8-d0da-11f0-9ba0-fc3fdb83b633,115D,true,Hoja,,,,,,,,1,false,31fad75d-d0da-11f0-9ba0-fc3fdb83b633,3027edbd-d0da-11f0-9ba0-fc3fdb83b633
331f687c-d0da-11f0-9ba0-fc3fdb83b633,116A,true,Hoja,,,,,,,,1,false,31fad9ce-d0da-11f0-9ba0-fc3fdb83b633,3027edbd-d0da-11f0-9ba0-fc3fdb83b633
331fc32e-d0da-11f0-9ba0-fc3fdb83b633,116B,true,Hoja,,,,,,,,1,false,31fad9ce-d0da-11f0-9ba0-fc3fdb83b633,3027edbd-d0da-11f0-9ba0-fc3fdb83b633
33200853-d0da-11f0-9ba0-fc3fdb83b633,117A,true,Hoja,,,,,,,,1,false,31fadc27-d0da-11f0-9ba0-fc3fdb83b633,3027edbd-d0da-11f0-9ba0-fc3fdb83b633
33204d8e-d0da-11f0-9ba0-fc3fdb83b633,117B,true,Hoja,,,,,,,,1,false,31fadc27-d0da-11f0-9ba0-fc3fdb83b633,3027edbd-d0da-11f0-9ba0-fc3fdb83b633
3320ec88-d0da-11f0-9ba0-fc3fdb83b633,117C,true,Hoja,,,,,,,,1,false,31fadc27-d0da-11f0-9ba0-fc3fdb83b633,3027edbd-d0da-11f0-9ba0-fc3fdb83b633
332140f1-d0da-11f0-9ba0-fc3fdb83b633,117D,true,Hoja,,,,,,,,1,false,31fadc27-d0da-11f0-9ba0-fc3fdb83b633,3027edbd-d0da-11f0-9ba0-fc3fdb83b633
33218558-d0da-11f0-9ba0-fc3fdb83b633,117E,true,Hoja,,,,,,,,1,false,31fadc27-d0da-11f0-9ba0-fc3fdb83b633,3027edbd-d0da-11f0-9ba0-fc3fdb83b633
3321c8d2-d0da-11f0-9ba0-fc3fdb83b633,118A,true,Hoja,,,,,,,,1,false,31fade7d-d0da-11f0-9ba0-fc3fdb83b633,3027edbd-d0da-11f0-9ba0-fc3fdb83b633
332228d7-d0da-11f0-9ba0-fc3fdb83b633,118B,true,Hoja,,,,,,,,1,false,31fade7d-d0da-11f0-9ba0-fc3fdb83b633,3027edbd-d0da-11f0-9ba0-fc3fdb83b633
33226da4-d0da-11f0-9ba0-fc3fdb83b633,118C,true,Hoja,,,,,,,,1,false,31fade7d-d0da-11f0-9ba0-fc3fdb83b633,3027edbd-d0da-11f0-9ba0-fc3fdb83b633
3322b2b1-d0da-11f0-9ba0-fc3fdb83b633,118D,true,Hoja,,,,,,,,1,false,31fade7d-d0da-11f0-9ba0-fc3fdb83b633,3027f8fd-d0da-11f0-9ba0-fc3fdb83b633
3322fa11-d0da-11f0-9ba0-fc3fdb83b633,119A,true,Hoja,,,,,,,,1,false,31fae0d6-d0da-11f0-9ba0-fc3fdb83b633,3027edbd-d0da-11f0-9ba0-fc3fdb83b633
33237bfc-d0da-11f0-9ba0-fc3fdb83b633,119B,true,Hoja,,,,,,,,1,false,31fae0d6-d0da-11f0-9ba0-fc3fdb83b633,3027edbd-d0da-11f0-9ba0-fc3fdb83b633
3323c23d-d0da-11f0-9ba0-fc3fdb83b633,119C,true,Hoja,,,,,,,,1,false,31fae0d6-d0da-11f0-9ba0-fc3fdb83b633,3027edbd-d0da-11f0-9ba0-fc3fdb83b633
33240779-d0da-11f0-9ba0-fc3fdb83b633,119D,true,Hoja,,,,,,,,1,false,31fae0d6-d0da-11f0-9ba0-fc3fdb83b633,3027edbd-d0da-11f0-9ba0-fc3fdb83b633
33245434-d0da-11f0-9ba0-fc3fdb83b633,11A,true,Hoja,,,,,,,,1,false,31fc7b58-d0da-11f0-9ba0-fc3fdb83b633,3027edbd-d0da-11f0-9ba0-fc3fdb83b633
3324eedc-d0da-11f0-9ba0-fc3fdb83b633,11B,true,Hoja,,,,,,,,1,false,32096e04-d0da-11f0-9ba0-fc3fdb83b633,3028015b-d0da-11f0-9ba0-fc3fdb83b633
33252004-d0da-11f0-9ba0-fc3fdb83b633,1203A,true,Rama,,,,,,,,1,false,32009b73-d0da-11f0-9ba0-fc3fdb83b633,3027edbd-d0da-11f0-9ba0-fc3fdb83b633
33257607-d0da-11f0-9ba0-fc3fdb83b633,1203B,true,Rama,,,,,,,,1,false,32009b73-d0da-11f0-9ba0-fc3fdb83b633,3027edbd-d0da-11f0-9ba0-fc3fdb83b633
33265441-d0da-11f0-9ba0-fc3fdb83b633,1203C,true,Hoja,,,,,,,,1,false,32009b73-d0da-11f0-9ba0-fc3fdb83b633,
3326bab5-d0da-11f0-9ba0-fc3fdb83b633,1203D,true,Hoja,,,,,,,,1,false,32009b73-d0da-11f0-9ba0-fc3fdb83b633,3027edbd-d0da-11f0-9ba0-fc3fdb83b633
3327140f-d0da-11f0-9ba0-fc3fdb83b633,1203E,true,Pecíolo,,,,,,,,1,false,32009b73-d0da-11f0-9ba0-fc3fdb83b633,
33275aca-d0da-11f0-9ba0-fc3fdb83b633,1203F,true,Pecíolo,,,,,,,,1,false,32009b73-d0da-11f0-9ba0-fc3fdb83b633,3027edbd-d0da-11f0-9ba0-fc3fdb83b633
3327a179-d0da-11f0-9ba0-fc3fdb83b633,1203G,true,Hoja,,,,,,,,1,false,32009b73-d0da-11f0-9ba0-fc3fdb83b633,
3327ef7d-d0da-11f0-9ba0-fc3fdb83b633,1203H,true,Hoja,,,,,,,,1,false,32009b73-d0da-11f0-9ba0-fc3fdb83b633,3027edbd-d0da-11f0-9ba0-fc3fdb83b633
332871a5-d0da-11f0-9ba0-fc3fdb83b633,1203I,true,Hoja,,,,,,,,1,false,32009b73-d0da-11f0-9ba0-fc3fdb83b633,
3328d59f-d0da-11f0-9ba0-fc3fdb83b633,1203J,true,Hoja,,,,,,,,1,false,32009b73-d0da-11f0-9ba0-fc3fdb83b633,
3329351f-d0da-11f0-9ba0-fc3fdb83b633,1203K,true,Hoja,,,,,,,,1,false,32009b73-d0da-11f0-9ba0-fc3fdb83b633,
3329aa46-d0da-11f0-9ba0-fc3fdb83b633,1204A,true,Hoja,,,,,,,,1,false,32009d5c-d0da-11f0-9ba0-fc3fdb83b633,3027edbd-d0da-11f0-9ba0-fc3fdb83b633
3329f309-d0da-11f0-9ba0-fc3fdb83b633,1204B,true,Hoja,,,,,,,,1,false,32009d5c-d0da-11f0-9ba0-fc3fdb83b633,
332a3994-d0da-11f0-9ba0-fc3fdb83b633,1204C,true,Hoja,,,,,,,,1,false,32009d5c-d0da-11f0-9ba0-fc3fdb83b633,3027edbd-d0da-11f0-9ba0-fc3fdb83b633
332a9016-d0da-11f0-9ba0-fc3fdb83b633,1204D,true,Hoja,,,,,,,,1,false,32009d5c-d0da-11f0-9ba0-fc3fdb83b633,
332aef6c-d0da-11f0-9ba0-fc3fdb83b633,1204E,true,Hoja,,,,,,,,1,false,32009d5c-d0da-11f0-9ba0-fc3fdb83b633,
332b3765-d0da-11f0-9ba0-fc3fdb83b633,1204F,true,Hoja,,,,,,,,1,false,32009d5c-d0da-11f0-9ba0-fc3fdb83b633,
332b7ce4-d0da-11f0-9ba0-fc3fdb83b633,1205A,true,Hoja,,,,,,,,1,false,32009f39-d0da-11f0-9ba0-fc3fdb83b633,3027edbd-d0da-11f0-9ba0-fc3fdb83b633
332bc352-d0da-11f0-9ba0-fc3fdb83b633,1205B,true,Hoja,,,,,,,,1,false,32009f39-d0da-11f0-9ba0-fc3fdb83b633,
332c0aa2-d0da-11f0-9ba0-fc3fdb83b633,1205C,true,Pecíolo,,,,,,,,1,false,32009f39-d0da-11f0-9ba0-fc3fdb83b633,
332c4fc1-d0da-11f0-9ba0-fc3fdb83b633,1205D,true,Pecíolo,,,,,,,,1,false,32009f39-d0da-11f0-9ba0-fc3fdb83b633,
332c95f4-d0da-11f0-9ba0-fc3fdb83b633,1205E,true,Rama,,,,,,,,1,false,32009f39-d0da-11f0-9ba0-fc3fdb83b633,
332ce4ef-d0da-11f0-9ba0-fc3fdb83b633,1205F,true,Rama,,,,,,,,1,false,32009f39-d0da-11f0-9ba0-fc3fdb83b633,3027edbd-d0da-11f0-9ba0-fc3fdb83b633
332d2d92-d0da-11f0-9ba0-fc3fdb83b633,1205G,true,Rama,,,,,,,,1,false,32009f39-d0da-11f0-9ba0-fc3fdb83b633,
332d9783-d0da-11f0-9ba0-fc3fdb83b633,1206A,true,Pecíolo,,,,,,,,1,false,3200a118-d0da-11f0-9ba0-fc3fdb83b633,3027edbd-d0da-11f0-9ba0-fc3fdb83b633
332de23b-d0da-11f0-9ba0-fc3fdb83b633,1206B,true,Raíz,,,,,,,,1,false,3200a118-d0da-11f0-9ba0-fc3fdb83b633,3027edbd-d0da-11f0-9ba0-fc3fdb83b633
332e2b20-d0da-11f0-9ba0-fc3fdb83b633,1206C,true,Hoja,,,,,,,,1,false,3200a118-d0da-11f0-9ba0-fc3fdb83b633,
332e7316-d0da-11f0-9ba0-fc3fdb83b633,1206D,true,Hoja,,,,,,,,1,false,3200a118-d0da-11f0-9ba0-fc3fdb83b633,3027edbd-d0da-11f0-9ba0-fc3fdb83b633
332eb932-d0da-11f0-9ba0-fc3fdb83b633,1206E,true,Pecíolo,,,,,,,,1,false,3200a118-d0da-11f0-9ba0-fc3fdb83b633,3027edbd-d0da-11f0-9ba0-fc3fdb83b633
332efdd1-d0da-11f0-9ba0-fc3fdb83b633,1206F,true,Pecíolo,,,,,,,,1,false,3200a118-d0da-11f0-9ba0-fc3fdb83b633,
332f44b9-d0da-11f0-9ba0-fc3fdb83b633,1206G,true,Hoja,,,,,,,,1,false,3200a118-d0da-11f0-9ba0-fc3fdb83b633,
332f8a42-d0da-11f0-9ba0-fc3fdb83b633,1206H,true,Hoja,,,,,,,,1,false,3200a118-d0da-11f0-9ba0-fc3fdb83b633,
332fcf20-d0da-11f0-9ba0-fc3fdb83b633,1206I,true,Hoja,,,,,,,,1,false,3200a118-d0da-11f0-9ba0-fc3fdb83b633,
333034bd-d0da-11f0-9ba0-fc3fdb83b633,1206J,true,Hoja,,,,,,,,1,false,3200a118-d0da-11f0-9ba0-fc3fdb83b633,
333088cc-d0da-11f0-9ba0-fc3fdb83b633,1206K,true,Raíz,,,,,,,,1,false,3200a118-d0da-11f0-9ba0-fc3fdb83b633,
3330fbeb-d0da-11f0-9ba0-fc3fdb83b633,1206L,true,Raíz,,,,,,,,1,false,3200a118-d0da-11f0-9ba0-fc3fdb83b633,
3331587d-d0da-11f0-9ba0-fc3fdb83b633,1207A,true,Pecíolo,,,,,,,,1,false,3200a2ef-d0da-11f0-9ba0-fc3fdb83b633,3027edbd-d0da-11f0-9ba0-fc3fdb83b633
3331accd-d0da-11f0-9ba0-fc3fdb83b633,1207B,true,Pecíolo,,,,,,,,1,false,3200a2ef-d0da-11f0-9ba0-fc3fdb83b633,3027edbd-d0da-11f0-9ba0-fc3fdb83b633
333206e8-d0da-11f0-9ba0-fc3fdb83b633,1207C,true,Raíz,,,,,,,,1,false,3200a2ef-d0da-11f0-9ba0-fc3fdb83b633,
33325d92-d0da-11f0-9ba0-fc3fdb83b633,1207D,true,Raíz,,,,,,,,1,false,3200a2ef-d0da-11f0-9ba0-fc3fdb83b633,
3332d68f-d0da-11f0-9ba0-fc3fdb83b633,1207E,true,Raíz,,,,,,,,1,false,3200a2ef-d0da-11f0-9ba0-fc3fdb83b633,
33332047-d0da-11f0-9ba0-fc3fdb83b633,1207F,true,Hoja,,,,,,,,1,false,3200a2ef-d0da-11f0-9ba0-fc3fdb83b633,
33336711-d0da-11f0-9ba0-fc3fdb83b633,1208A,true,Hoja,,,,,,,,1,false,3200a4bf-d0da-11f0-9ba0-fc3fdb83b633,
3333acde-d0da-11f0-9ba0-fc3fdb83b633,1208B,true,Rama,,,,,,,,1,false,3200a4bf-d0da-11f0-9ba0-fc3fdb83b633,
3333f2f9-d0da-11f0-9ba0-fc3fdb83b633,1208C,true,Hoja,,,,,,,,1,false,3200a4bf-d0da-11f0-9ba0-fc3fdb83b633,
33343be1-d0da-11f0-9ba0-fc3fdb83b633,1208D,true,Hoja,,,,,,,,1,false,3200a4bf-d0da-11f0-9ba0-fc3fdb83b633,
333484a4-d0da-11f0-9ba0-fc3fdb83b633,1208E,true,Pecíolo,,,,,,,,1,false,3200a4bf-d0da-11f0-9ba0-fc3fdb83b633,
3334cb15-d0da-11f0-9ba0-fc3fdb83b633,1208F,true,Hoja,,,,,,,,1,false,3200a4bf-d0da-11f0-9ba0-fc3fdb83b633,
33352716-d0da-11f0-9ba0-fc3fdb83b633,1208G,true,Hoja,,,,,,,,1,false,3200a4bf-d0da-11f0-9ba0-fc3fdb83b633,3027edbd-d0da-11f0-9ba0-fc3fdb83b633
333570b7-d0da-11f0-9ba0-fc3fdb83b633,1208H,true,Hoja,,,,,,,,1,false,3200a4bf-d0da-11f0-9ba0-fc3fdb83b633,3027edbd-d0da-11f0-9ba0-fc3fdb83b633
3335b5c6-d0da-11f0-9ba0-fc3fdb83b633,1209A,true,Rama,,,,,,,,1,false,3200a698-d0da-11f0-9ba0-fc3fdb83b633,3027edbd-d0da-11f0-9ba0-fc3fdb83b633
3335fc6a-d0da-11f0-9ba0-fc3fdb83b633,1209B,true,Raíz,,,,,,,,1,false,3200a698-d0da-11f0-9ba0-fc3fdb83b633,3027edbd-d0da-11f0-9ba0-fc3fdb83b633
33363ef3-d0da-11f0-9ba0-fc3fdb83b633,1209C,true,Raíz,,,,,,,,1,false,3200a698-d0da-11f0-9ba0-fc3fdb83b633,3027edbd-d0da-11f0-9ba0-fc3fdb83b633
333681a7-d0da-11f0-9ba0-fc3fdb83b633,1209D,true,Hoja,,,,,,,,1,false,3200a698-d0da-11f0-9ba0-fc3fdb83b633,3027edbd-d0da-11f0-9ba0-fc3fdb83b633
3336d891-d0da-11f0-9ba0-fc3fdb83b633,1209E,true,Rama,,,,,,,,1,false,3200a698-d0da-11f0-9ba0-fc3fdb83b633,
33371ff0-d0da-11f0-9ba0-fc3fdb83b633,1209F,true,Raíz,,,,,,,,1,false,3200a698-d0da-11f0-9ba0-fc3fdb83b633,
33377776-d0da-11f0-9ba0-fc3fdb83b633,1209G,true,Raíz,,,,,,,,1,false,3200a698-d0da-11f0-9ba0-fc3fdb83b633,
3337b2a1-d0da-11f0-9ba0-fc3fdb83b633,120A,true,Hoja,,,,,,,,1,false,31fae359-d0da-11f0-9ba0-fc3fdb83b633,3027edbd-d0da-11f0-9ba0-fc3fdb83b633
33380c3a-d0da-11f0-9ba0-fc3fdb83b633,120B,true,Hoja,,,,,,,,1,false,31fae359-d0da-11f0-9ba0-fc3fdb83b633,3027f97f-d0da-11f0-9ba0-fc3fdb83b633
33389312-d0da-11f0-9ba0-fc3fdb83b633,1210A,true,Rama,,,,,,,,1,false,3200a87d-d0da-11f0-9ba0-fc3fdb83b633,302819be-d0da-11f0-9ba0-fc3fdb83b633
3338f2c9-d0da-11f0-9ba0-fc3fdb83b633,1210B,true,Hoja,,,,,,,,1,false,3200a87d-d0da-11f0-9ba0-fc3fdb83b633,
33393a32-d0da-11f0-9ba0-fc3fdb83b633,1210C,true,Hoja,,,,,,,,1,false,3200a87d-d0da-11f0-9ba0-fc3fdb83b633,
333980d7-d0da-11f0-9ba0-fc3fdb83b633,1210D,true,Hoja,,,,,,,,1,false,3200a87d-d0da-11f0-9ba0-fc3fdb83b633,
3339c7bc-d0da-11f0-9ba0-fc3fdb83b633,1210E,true,Pecíolo,,,,,,,,1,false,3200a87d-d0da-11f0-9ba0-fc3fdb83b633,3027edbd-d0da-11f0-9ba0-fc3fdb83b633
333a1887-d0da-11f0-9ba0-fc3fdb83b633,1211A,true,Hoja,,,,,,,,1,false,3200aa5d-d0da-11f0-9ba0-fc3fdb83b633,
333a8baf-d0da-11f0-9ba0-fc3fdb83b633,1211B,true,Hoja,,,,,,,,1,false,3200aa5d-d0da-11f0-9ba0-fc3fdb83b633,
333ad2d7-d0da-11f0-9ba0-fc3fdb83b633,1211C,true,Hoja,,,,,,,,1,false,3200aa5d-d0da-11f0-9ba0-fc3fdb83b633,
333b189f-d0da-11f0-9ba0-fc3fdb83b633,1211D,true,Hoja,,,,,,,,1,false,3200aa5d-d0da-11f0-9ba0-fc3fdb83b633,30281a04-d0da-11f0-9ba0-fc3fdb83b633
333b5ef8-d0da-11f0-9ba0-fc3fdb83b633,1211E,true,Hoja,,,,,,,,1,false,3200aa5d-d0da-11f0-9ba0-fc3fdb83b633,3027edbd-d0da-11f0-9ba0-fc3fdb83b633
333bce2f-d0da-11f0-9ba0-fc3fdb83b633,1212A,true,Hoja,,,,,,,,1,false,3200ac34-d0da-11f0-9ba0-fc3fdb83b633,
333c1db7-d0da-11f0-9ba0-fc3fdb83b633,1212B,true,Hoja,,,,,,,,1,false,3200ac34-d0da-11f0-9ba0-fc3fdb83b633,3027edbd-d0da-11f0-9ba0-fc3fdb83b633
333c62ea-d0da-11f0-9ba0-fc3fdb83b633,1212C,true,Hoja,,,,,,,,1,false,3200ac34-d0da-11f0-9ba0-fc3fdb83b633,
333cb9b5-d0da-11f0-9ba0-fc3fdb83b633,1213A,true,Hoja,,,,,,,,1,false,3200ae26-d0da-11f0-9ba0-fc3fdb83b633,
333d10dc-d0da-11f0-9ba0-fc3fdb83b633,1213B,true,Pecíolo,,,,,,,,1,false,3200ae26-d0da-11f0-9ba0-fc3fdb83b633,
333d58c4-d0da-11f0-9ba0-fc3fdb83b633,1213C,true,Hoja,,,,,,,,1,false,3200ae26-d0da-11f0-9ba0-fc3fdb83b633,
333d9dba-d0da-11f0-9ba0-fc3fdb83b633,1213D,true,Rama,,,,,,,,1,false,3200ae26-d0da-11f0-9ba0-fc3fdb83b633,
333dedc7-d0da-11f0-9ba0-fc3fdb83b633,1214A,true,Hoja,,,,,,,,1,false,3200b077-d0da-11f0-9ba0-fc3fdb83b633,
333e3221-d0da-11f0-9ba0-fc3fdb83b633,1214B,true,Rama,,,,,,,,1,false,3200b077-d0da-11f0-9ba0-fc3fdb83b633,
333e764b-d0da-11f0-9ba0-fc3fdb83b633,1215A,true,Hoja,,,,,,,,1,false,3200b2b8-d0da-11f0-9ba0-fc3fdb83b633,
333eb9e7-d0da-11f0-9ba0-fc3fdb83b633,1215B,true,Hoja,,,,,,,,1,false,3200b2b8-d0da-11f0-9ba0-fc3fdb83b633,30281a4a-d0da-11f0-9ba0-fc3fdb83b633
333eff27-d0da-11f0-9ba0-fc3fdb83b633,1215C,true,Pecíolo,,,,,,,,1,false,3200b2b8-d0da-11f0-9ba0-fc3fdb83b633,
333f5b01-d0da-11f0-9ba0-fc3fdb83b633,1215D,true,Hoja,,,,,,,,1,false,3200b2b8-d0da-11f0-9ba0-fc3fdb83b633,
333fa7f7-d0da-11f0-9ba0-fc3fdb83b633,1215E,true,Hoja,,,,,,,,1,false,3200b2b8-d0da-11f0-9ba0-fc3fdb83b633,3027edbd-d0da-11f0-9ba0-fc3fdb83b633
333fefcb-d0da-11f0-9ba0-fc3fdb83b633,1215F,true,Hoja,,,,,,,,1,false,3200b2b8-d0da-11f0-9ba0-fc3fdb83b633,
33404281-d0da-11f0-9ba0-fc3fdb83b633,1215G,true,Hoja,,,,,,,,1,false,3200b2b8-d0da-11f0-9ba0-fc3fdb83b633,3027edbd-d0da-11f0-9ba0-fc3fdb83b633
33408c1f-d0da-11f0-9ba0-fc3fdb83b633,1215H,true,Pecíolo,,,,,,,,1,false,3200b2b8-d0da-11f0-9ba0-fc3fdb83b633,
3340d840-d0da-11f0-9ba0-fc3fdb83b633,1216A,true,Pecíolo,,,,,,,,1,false,3200b4ed-d0da-11f0-9ba0-fc3fdb83b633,3027edbd-d0da-11f0-9ba0-fc3fdb83b633
33411e98-d0da-11f0-9ba0-fc3fdb83b633,1216B,true,Pecíolo,,,,,,,,1,false,3200b4ed-d0da-11f0-9ba0-fc3fdb83b633,
334164ae-d0da-11f0-9ba0-fc3fdb83b633,1216C,true,Pecíolo,,,,,,,,1,false,3200b4ed-d0da-11f0-9ba0-fc3fdb83b633,
3341b1b7-d0da-11f0-9ba0-fc3fdb83b633,1216D,true,Hoja,,,,,,,,1,false,3200b4ed-d0da-11f0-9ba0-fc3fdb83b633,
334203a6-d0da-11f0-9ba0-fc3fdb83b633,1216E,true,Hoja,,,,,,,,1,false,3200b4ed-d0da-11f0-9ba0-fc3fdb83b633,
3342496a-d0da-11f0-9ba0-fc3fdb83b633,1216F,true,Pecíolo,,,,,,,,1,false,3200b4ed-d0da-11f0-9ba0-fc3fdb83b633,
334296b8-d0da-11f0-9ba0-fc3fdb83b633,1217A,true,Pecíolo,,,,,,,,1,false,3200b6e5-d0da-11f0-9ba0-fc3fdb83b633,
33430087-d0da-11f0-9ba0-fc3fdb83b633,1217B,true,Pecíolo,,,,,,,,1,false,3200b6e5-d0da-11f0-9ba0-fc3fdb83b633,
33434a59-d0da-11f0-9ba0-fc3fdb83b633,1218A,true,Hoja,,,,,,,,1,false,3200b935-d0da-11f0-9ba0-fc3fdb83b633,
334391db-d0da-11f0-9ba0-fc3fdb83b633,1218B,true,Rama,,,,,,,,1,false,3200b935-d0da-11f0-9ba0-fc3fdb83b633,3027edbd-d0da-11f0-9ba0-fc3fdb83b633
3343d9a8-d0da-11f0-9ba0-fc3fdb83b633,1218C,true,Pecíolo,,,,,,,,1,false,3200b935-d0da-11f0-9ba0-fc3fdb83b633,
33441f15-d0da-11f0-9ba0-fc3fdb83b633,1218D,true,Hoja,,,,,,,,1,false,3200b935-d0da-11f0-9ba0-fc3fdb83b633,
33446bbf-d0da-11f0-9ba0-fc3fdb83b633,1218E,true,Hoja,,,,,,,,1,false,3200b935-d0da-11f0-9ba0-fc3fdb83b633,
3344b4e6-d0da-11f0-9ba0-fc3fdb83b633,1218F,true,Pecíolo,,,,,,,,1,false,3200b935-d0da-11f0-9ba0-fc3fdb83b633,
3344f9be-d0da-11f0-9ba0-fc3fdb83b633,1219A,true,Pecíolo,,,,,,,,1,false,3200bb14-d0da-11f0-9ba0-fc3fdb83b633,
33453dda-d0da-11f0-9ba0-fc3fdb83b633,1219B,true,Pecíolo,,,,,,,,1,false,3200bb14-d0da-11f0-9ba0-fc3fdb83b633,
33458415-d0da-11f0-9ba0-fc3fdb83b633,1219C,true,Hoja,,,,,,,,1,false,3200bb14-d0da-11f0-9ba0-fc3fdb83b633,3027f4ae-d0da-11f0-9ba0-fc3fdb83b633
3345d482-d0da-11f0-9ba0-fc3fdb83b633,1219D,true,Raíz,,,,,,,,1,false,3200bb14-d0da-11f0-9ba0-fc3fdb83b633,
334619b5-d0da-11f0-9ba0-fc3fdb83b633,1219E,true,Hoja,,,,,,,,1,false,3200bb14-d0da-11f0-9ba0-fc3fdb83b633,
334645b4-d0da-11f0-9ba0-fc3fdb83b633,121A,true,Hoja,,,,,,,,1,false,31fae5c7-d0da-11f0-9ba0-fc3fdb83b633,3027edbd-d0da-11f0-9ba0-fc3fdb83b633
33468d8f-d0da-11f0-9ba0-fc3fdb83b633,121B,true,Hoja,,,,,,,,1,false,31fae5c7-d0da-11f0-9ba0-fc3fdb83b633,
3347088e-d0da-11f0-9ba0-fc3fdb83b633,121C,true,Hoja,,,,,,,,1,false,31fae5c7-d0da-11f0-9ba0-fc3fdb83b633,3027edbd-d0da-11f0-9ba0-fc3fdb83b633
33475b00-d0da-11f0-9ba0-fc3fdb83b633,121D,true,Hoja,,,,,,,,1,false,31fae5c7-d0da-11f0-9ba0-fc3fdb83b633,3027edbd-d0da-11f0-9ba0-fc3fdb83b633
3347c0f0-d0da-11f0-9ba0-fc3fdb83b633,121E,true,Hoja,,,,,,,,1,false,31fae5c7-d0da-11f0-9ba0-fc3fdb83b633,3027edbd-d0da-11f0-9ba0-fc3fdb83b633
33483c30-d0da-11f0-9ba0-fc3fdb83b633,1220A,true,Hoja,,,,,,,,1,false,3200be09-d0da-11f0-9ba0-fc3fdb83b633,30280863-d0da-11f0-9ba0-fc3fdb83b633
33488105-d0da-11f0-9ba0-fc3fdb83b633,1220B,true,Rama,,,,,,,,1,false,3200be09-d0da-11f0-9ba0-fc3fdb83b633,3027edbd-d0da-11f0-9ba0-fc3fdb83b633
3348c5dc-d0da-11f0-9ba0-fc3fdb83b633,1220C,true,Pecíolo,,,,,,,,1,false,3200be09-d0da-11f0-9ba0-fc3fdb83b633,
33490a69-d0da-11f0-9ba0-fc3fdb83b633,1220D,true,Pecíolo,,,,,,,,1,false,3200be09-d0da-11f0-9ba0-fc3fdb83b633,3027edbd-d0da-11f0-9ba0-fc3fdb83b633
33495d74-d0da-11f0-9ba0-fc3fdb83b633,1220E,true,Hoja,,,,,,,,1,false,3200be09-d0da-11f0-9ba0-fc3fdb83b633,
3349bbc2-d0da-11f0-9ba0-fc3fdb83b633,1220F,true,Pecíolo,,,,,,,,1,false,3200be09-d0da-11f0-9ba0-fc3fdb83b633,
334a02c7-d0da-11f0-9ba0-fc3fdb83b633,1220G,true,Hoja,,,,,,,,1,false,3200be09-d0da-11f0-9ba0-fc3fdb83b633,
334a4951-d0da-11f0-9ba0-fc3fdb83b633,1221A,true,Hoja,,,,,,,,1,false,3200bfe2-d0da-11f0-9ba0-fc3fdb83b633,
334a9244-d0da-11f0-9ba0-fc3fdb83b633,1221B,true,Raíz,,,,,,,,1,false,3200bfe2-d0da-11f0-9ba0-fc3fdb83b633,
334ad9a8-d0da-11f0-9ba0-fc3fdb83b633,1221C,true,Raíz,,,,,,,,1,false,3200bfe2-d0da-11f0-9ba0-fc3fdb83b633,
334b1f99-d0da-11f0-9ba0-fc3fdb83b633,1221D,true,Raíz,,,,,,,,1,false,3200bfe2-d0da-11f0-9ba0-fc3fdb83b633,3027edbd-d0da-11f0-9ba0-fc3fdb83b633
334b63e7-d0da-11f0-9ba0-fc3fdb83b633,1221E,true,Raíz,,,,,,,,1,false,3200bfe2-d0da-11f0-9ba0-fc3fdb83b633,
334c0c6a-d0da-11f0-9ba0-fc3fdb83b633,1221F,true,Raíz,,,,,,,,1,false,3200bfe2-d0da-11f0-9ba0-fc3fdb83b633,
334c84f3-d0da-11f0-9ba0-fc3fdb83b633,1221G,true,Raíz,,,,,,,,1,false,3200bfe2-d0da-11f0-9ba0-fc3fdb83b633,
334ce5a2-d0da-11f0-9ba0-fc3fdb83b633,1221H,true,Hoja,,,,,,,,1,false,3200bfe2-d0da-11f0-9ba0-fc3fdb83b633,
334d3829-d0da-11f0-9ba0-fc3fdb83b633,1221I,true,Hoja,,,,,,,,1,false,3200bfe2-d0da-11f0-9ba0-fc3fdb83b633,
334d82ce-d0da-11f0-9ba0-fc3fdb83b633,1222A,true,Hoja,,,,,,,,1,false,3200c1c1-d0da-11f0-9ba0-fc3fdb83b633,
334dd015-d0da-11f0-9ba0-fc3fdb83b633,1222B,true,Rama,,,,,,,,1,false,3200c1c1-d0da-11f0-9ba0-fc3fdb83b633,
334e2c0d-d0da-11f0-9ba0-fc3fdb83b633,1222C,true,Hoja,,,,,,,,1,false,3200c1c1-d0da-11f0-9ba0-fc3fdb83b633,
334e83f7-d0da-11f0-9ba0-fc3fdb83b633,1222D,true,Raíz,,,,,,,,1,false,3200c1c1-d0da-11f0-9ba0-fc3fdb83b633,
334ee5fa-d0da-11f0-9ba0-fc3fdb83b633,1223A,true,Hoja,,,,,,,,1,false,320080bb-d0da-11f0-9ba0-fc3fdb83b633,
334f66a0-d0da-11f0-9ba0-fc3fdb83b633,1223B,true,Hoja,,,,,,,,1,false,320080bb-d0da-11f0-9ba0-fc3fdb83b633,
334fae91-d0da-11f0-9ba0-fc3fdb83b633,1223D,true,Rama,,,,,,,,1,false,320080bb-d0da-11f0-9ba0-fc3fdb83b633,
33500261-d0da-11f0-9ba0-fc3fdb83b633,1223E,true,Pecíolo,,,,,,,,1,false,320080bb-d0da-11f0-9ba0-fc3fdb83b633,
33504ecf-d0da-11f0-9ba0-fc3fdb83b633,1224A,true,Raíz,,,,,,,,1,false,3200830b-d0da-11f0-9ba0-fc3fdb83b633,
3350a9e3-d0da-11f0-9ba0-fc3fdb83b633,1224B,true,Hoja,,,,,,,,1,false,3200830b-d0da-11f0-9ba0-fc3fdb83b633,
33511110-d0da-11f0-9ba0-fc3fdb83b633,1224C,true,Rama,,,,,,,,1,false,3200830b-d0da-11f0-9ba0-fc3fdb83b633,
33518441-d0da-11f0-9ba0-fc3fdb83b633,1224D,true,Hoja,,,,,,,,1,false,3200830b-d0da-11f0-9ba0-fc3fdb83b633,
3351e28a-d0da-11f0-9ba0-fc3fdb83b633,1225A,true,Rama,,,,,,,,1,false,32008575-d0da-11f0-9ba0-fc3fdb83b633,
33522b1f-d0da-11f0-9ba0-fc3fdb83b633,1225B,true,Hoja,,,,,,,,1,false,32008575-d0da-11f0-9ba0-fc3fdb83b633,
3352744d-d0da-11f0-9ba0-fc3fdb83b633,1225C,true,Hoja,,,,,,,,1,false,32008575-d0da-11f0-9ba0-fc3fdb83b633,
3352c6c6-d0da-11f0-9ba0-fc3fdb83b633,1225D,true,Pecíolo,,,,,,,,1,false,32008575-d0da-11f0-9ba0-fc3fdb83b633,
33531cfa-d0da-11f0-9ba0-fc3fdb83b633,1225E,true,Pecíolo,,,,,,,,1,false,32008575-d0da-11f0-9ba0-fc3fdb83b633,
33536479-d0da-11f0-9ba0-fc3fdb83b633,1226A,true,Hoja,,,,,,,,1,false,32008817-d0da-11f0-9ba0-fc3fdb83b633,
3353b89d-d0da-11f0-9ba0-fc3fdb83b633,1226B,true,Pecíolo,,,,,,,,1,false,32008817-d0da-11f0-9ba0-fc3fdb83b633,
33547ae8-d0da-11f0-9ba0-fc3fdb83b633,1226C,true,Hoja,,,,,,,,1,false,32008817-d0da-11f0-9ba0-fc3fdb83b633,
3354c698-d0da-11f0-9ba0-fc3fdb83b633,1226D,true,Hoja,,,,,,,,1,false,32008817-d0da-11f0-9ba0-fc3fdb83b633,
33550ed2-d0da-11f0-9ba0-fc3fdb83b633,1226E,true,Hoja,,,,,,,,1,false,32008817-d0da-11f0-9ba0-fc3fdb83b633,
33556fb1-d0da-11f0-9ba0-fc3fdb83b633,1227A,true,Hoja,,,,,,,,1,false,32008a9c-d0da-11f0-9ba0-fc3fdb83b633,
3355b9ec-d0da-11f0-9ba0-fc3fdb83b633,1227B,true,Raíz,,,,,,,,1,false,32008a9c-d0da-11f0-9ba0-fc3fdb83b633,
33563dc6-d0da-11f0-9ba0-fc3fdb83b633,1227C,true,Hoja,,,,,,,,1,false,32008a9c-d0da-11f0-9ba0-fc3fdb83b633,
33576494-d0da-11f0-9ba0-fc3fdb83b633,1228A,true,Hoja,,,,,,,,1,false,32008d2e-d0da-11f0-9ba0-fc3fdb83b633,
3357d045-d0da-11f0-9ba0-fc3fdb83b633,1228B,true,Hoja,,,,,,,,1,false,32008d2e-d0da-11f0-9ba0-fc3fdb83b633,
33582331-d0da-11f0-9ba0-fc3fdb83b633,1228C,true,Hoja,,,,,,,,1,false,32008d2e-d0da-11f0-9ba0-fc3fdb83b633,
33586993-d0da-11f0-9ba0-fc3fdb83b633,1228D,true,Hoja,,,,,,,,1,false,32008d2e-d0da-11f0-9ba0-fc3fdb83b633,
3358bc72-d0da-11f0-9ba0-fc3fdb83b633,1229A,true,Pecíolo,,,,,,,,1,false,32008fd4-d0da-11f0-9ba0-fc3fdb83b633,
33593d63-d0da-11f0-9ba0-fc3fdb83b633,1229B,true,Hoja,,,,,,,,1,false,32008fd4-d0da-11f0-9ba0-fc3fdb83b633,
3359f3cf-d0da-11f0-9ba0-fc3fdb83b633,1229C,true,Hoja,,,,,,,,1,false,32008fd4-d0da-11f0-9ba0-fc3fdb83b633,
335a4664-d0da-11f0-9ba0-fc3fdb83b633,1229D,true,Hoja,,,,,,,,1,false,32008fd4-d0da-11f0-9ba0-fc3fdb83b633,
335a7de5-d0da-11f0-9ba0-fc3fdb83b633,122A,true,Hoja,,,,,,,,1,false,31fae83c-d0da-11f0-9ba0-fc3fdb83b633,3027edbd-d0da-11f0-9ba0-fc3fdb83b633
335ac8ae-d0da-11f0-9ba0-fc3fdb83b633,122B,true,Hoja,,,,,,,,1,false,31fae83c-d0da-11f0-9ba0-fc3fdb83b633,3027edbd-d0da-11f0-9ba0-fc3fdb83b633
335b116a-d0da-11f0-9ba0-fc3fdb83b633,122C,true,Hoja,,,,,,,,1,false,31fae83c-d0da-11f0-9ba0-fc3fdb83b633,3027edbd-d0da-11f0-9ba0-fc3fdb83b633
335cc0b2-d0da-11f0-9ba0-fc3fdb83b633,122D,true,Hoja,,,,,,,,1,false,31fae83c-d0da-11f0-9ba0-fc3fdb83b633,3027edbd-d0da-11f0-9ba0-fc3fdb83b633
335d14bd-d0da-11f0-9ba0-fc3fdb83b633,122E,true,Hoja,,,,,,,,1,false,31fae83c-d0da-11f0-9ba0-fc3fdb83b633,3027edbd-d0da-11f0-9ba0-fc3fdb83b633
335d7673-d0da-11f0-9ba0-fc3fdb83b633,1230A,true,Raíz,,,,,,,,1,false,3200930b-d0da-11f0-9ba0-fc3fdb83b633,
335ec3ab-d0da-11f0-9ba0-fc3fdb83b633,1230B,true,Pecíolo,,,,,,,,1,false,3200930b-d0da-11f0-9ba0-fc3fdb83b633,
335f3a09-d0da-11f0-9ba0-fc3fdb83b633,1230C,true,Raíz,,,,,,,,1,false,3200930b-d0da-11f0-9ba0-fc3fdb83b633,
335f876d-d0da-11f0-9ba0-fc3fdb83b633,1230D,true,Hoja,,,,,,,,1,false,3200930b-d0da-11f0-9ba0-fc3fdb83b633,
335fd68a-d0da-11f0-9ba0-fc3fdb83b633,1230E,true,Pecíolo,,,,,,,,1,false,3200930b-d0da-11f0-9ba0-fc3fdb83b633,
336024d1-d0da-11f0-9ba0-fc3fdb83b633,1230F,true,Rama,,,,,,,,1,false,3200930b-d0da-11f0-9ba0-fc3fdb83b633,
3361592b-d0da-11f0-9ba0-fc3fdb83b633,1230G,true,Rama,,,,,,,,1,false,3200930b-d0da-11f0-9ba0-fc3fdb83b633,
3361b798-d0da-11f0-9ba0-fc3fdb83b633,1231A,true,Hoja,,,,,,,,1,false,32009636-d0da-11f0-9ba0-fc3fdb83b633,
33622795-d0da-11f0-9ba0-fc3fdb83b633,1231B,true,Pecíolo,,,,,,,,1,false,32009636-d0da-11f0-9ba0-fc3fdb83b633,
33627a91-d0da-11f0-9ba0-fc3fdb83b633,1231C,true,Hoja,,,,,,,,1,false,32009636-d0da-11f0-9ba0-fc3fdb83b633,
3362d8b6-d0da-11f0-9ba0-fc3fdb83b633,1231D,true,Rama,,,,,,,,1,false,32009636-d0da-11f0-9ba0-fc3fdb83b633,
33635569-d0da-11f0-9ba0-fc3fdb83b633,1231E,true,Hoja,,,,,,,,1,false,32009636-d0da-11f0-9ba0-fc3fdb83b633,
3363c205-d0da-11f0-9ba0-fc3fdb83b633,1232A,true,Rama,,,,,,,,1,false,320098f2-d0da-11f0-9ba0-fc3fdb83b633,
3364242c-d0da-11f0-9ba0-fc3fdb83b633,1232B,true,Hoja,,,,,,,,1,false,320098f2-d0da-11f0-9ba0-fc3fdb83b633,
33647078-d0da-11f0-9ba0-fc3fdb83b633,1232C,true,Hoja,,,,,,,,1,false,320098f2-d0da-11f0-9ba0-fc3fdb83b633,
3364b2a2-d0da-11f0-9ba0-fc3fdb83b633,1232D,true,Hoja,,,,,,,,1,false,320098f2-d0da-11f0-9ba0-fc3fdb83b633,
3364f579-d0da-11f0-9ba0-fc3fdb83b633,1232E,true,Hoja,,,,,,,,1,false,320098f2-d0da-11f0-9ba0-fc3fdb83b633,
3365d413-d0da-11f0-9ba0-fc3fdb83b633,123A,true,Hoja,,,,,,,,1,false,31faea96-d0da-11f0-9ba0-fc3fdb83b633,3027edbd-d0da-11f0-9ba0-fc3fdb83b633
336644d4-d0da-11f0-9ba0-fc3fdb83b633,123B,true,Hoja,,,,,,,,1,false,31faea96-d0da-11f0-9ba0-fc3fdb83b633,3027edbd-d0da-11f0-9ba0-fc3fdb83b633
33668f46-d0da-11f0-9ba0-fc3fdb83b633,123C,true,Hoja,,,,,,,,1,false,31faea96-d0da-11f0-9ba0-fc3fdb83b633,3027edbd-d0da-11f0-9ba0-fc3fdb83b633
3366d624-d0da-11f0-9ba0-fc3fdb83b633,123D,true,Hoja,,,,,,,,1,false,31faea96-d0da-11f0-9ba0-fc3fdb83b633,3027edbd-d0da-11f0-9ba0-fc3fdb83b633
33671cc8-d0da-11f0-9ba0-fc3fdb83b633,123E,true,Hoja,,,,,,,,1,false,31faea96-d0da-11f0-9ba0-fc3fdb83b633,3027edbd-d0da-11f0-9ba0-fc3fdb83b633
33677bc1-d0da-11f0-9ba0-fc3fdb83b633,1243A,true,Hoja,,,,,,,,1,false,3200c405-d0da-11f0-9ba0-fc3fdb83b633,
3367fa86-d0da-11f0-9ba0-fc3fdb83b633,1243B,true,Hoja,,,,,,,,1,false,3200c405-d0da-11f0-9ba0-fc3fdb83b633,
3368a75c-d0da-11f0-9ba0-fc3fdb83b633,1243C,true,Hoja,,,,,,,,1,false,3200c405-d0da-11f0-9ba0-fc3fdb83b633,
3369128b-d0da-11f0-9ba0-fc3fdb83b633,1243D,true,Hoja,,,,,,,,1,false,3200c405-d0da-11f0-9ba0-fc3fdb83b633,
3369a761-d0da-11f0-9ba0-fc3fdb83b633,1244A,true,Rama,,,,,,,,1,false,3200c650-d0da-11f0-9ba0-fc3fdb83b633,
336a0fe8-d0da-11f0-9ba0-fc3fdb83b633,1244B,true,Pecíolo,,,,,,,,1,false,3200c650-d0da-11f0-9ba0-fc3fdb83b633,
336aa1bf-d0da-11f0-9ba0-fc3fdb83b633,1244C,true,Hoja,,,,,,,,1,false,3200c650-d0da-11f0-9ba0-fc3fdb83b633,
336aedfd-d0da-11f0-9ba0-fc3fdb83b633,1245A,true,Hoja,,,,,,,,1,false,3200c89f-d0da-11f0-9ba0-fc3fdb83b633,
336b7114-d0da-11f0-9ba0-fc3fdb83b633,1245B,true,Hoja,,,,,,,,1,false,3200c89f-d0da-11f0-9ba0-fc3fdb83b633,
336be06c-d0da-11f0-9ba0-fc3fdb83b633,1245C,true,Hoja,,,,,,,,1,false,3200c89f-d0da-11f0-9ba0-fc3fdb83b633,
336c3e2f-d0da-11f0-9ba0-fc3fdb83b633,1245D,true,Hoja,,,,,,,,1,false,3200c89f-d0da-11f0-9ba0-fc3fdb83b633,
336ccdf4-d0da-11f0-9ba0-fc3fdb83b633,1246A,true,Rama,,,,,,,,1,false,3200cafc-d0da-11f0-9ba0-fc3fdb83b633,
336d7b10-d0da-11f0-9ba0-fc3fdb83b633,1246B,true,Raíz,,,,,,,,1,false,3200cafc-d0da-11f0-9ba0-fc3fdb83b633,
336e244a-d0da-11f0-9ba0-fc3fdb83b633,1247A,true,Hoja,,,,,,,,1,false,3200cd61-d0da-11f0-9ba0-fc3fdb83b633,
336e6f26-d0da-11f0-9ba0-fc3fdb83b633,1247B,true,Hoja,,,,,,,,1,false,3200cd61-d0da-11f0-9ba0-fc3fdb83b633,
336ec6ca-d0da-11f0-9ba0-fc3fdb83b633,1247C,true,Hoja,,,,,,,,1,false,3200cd61-d0da-11f0-9ba0-fc3fdb83b633,
336f2027-d0da-11f0-9ba0-fc3fdb83b633,1247D,true,Pecíolo,,,,,,,,1,false,3200cd61-d0da-11f0-9ba0-fc3fdb83b633,
336f6408-d0da-11f0-9ba0-fc3fdb83b633,1247E,true,Rama,,,,,,,,1,false,3200cd61-d0da-11f0-9ba0-fc3fdb83b633,
336fd555-d0da-11f0-9ba0-fc3fdb83b633,1247F,true,Rama,,,,,,,,1,false,3200cd61-d0da-11f0-9ba0-fc3fdb83b633,
337040b0-d0da-11f0-9ba0-fc3fdb83b633,1247G,true,Rama,,,,,,,,1,false,3200cd61-d0da-11f0-9ba0-fc3fdb83b633,
33708cb1-d0da-11f0-9ba0-fc3fdb83b633,1247H,true,Hoja,,,,,,,,1,false,3200cd61-d0da-11f0-9ba0-fc3fdb83b633,
3370d1d5-d0da-11f0-9ba0-fc3fdb83b633,1248A,true,Raíz,,,,,,,,1,false,3200cfe4-d0da-11f0-9ba0-fc3fdb83b633,
33711a99-d0da-11f0-9ba0-fc3fdb83b633,1248B,true,Pecíolo,,,,,,,,1,false,3200cfe4-d0da-11f0-9ba0-fc3fdb83b633,
3371655e-d0da-11f0-9ba0-fc3fdb83b633,1248C,true,Rama,,,,,,,,1,false,3200cfe4-d0da-11f0-9ba0-fc3fdb83b633,
3371ad11-d0da-11f0-9ba0-fc3fdb83b633,1248D,true,Raíz,,,,,,,,1,false,3200cfe4-d0da-11f0-9ba0-fc3fdb83b633,
3371f809-d0da-11f0-9ba0-fc3fdb83b633,1248E,true,Hoja,,,,,,,,1,false,3200cfe4-d0da-11f0-9ba0-fc3fdb83b633,
3372504e-d0da-11f0-9ba0-fc3fdb83b633,1248F,true,Hoja,,,,,,,,1,false,3200cfe4-d0da-11f0-9ba0-fc3fdb83b633,
3372a8e9-d0da-11f0-9ba0-fc3fdb83b633,1248G,true,Rama,,,,,,,,1,false,3200cfe4-d0da-11f0-9ba0-fc3fdb83b633,
33730efd-d0da-11f0-9ba0-fc3fdb83b633,1248H,true,Hoja,,,,,,,,1,false,3200cfe4-d0da-11f0-9ba0-fc3fdb83b633,
33737164-d0da-11f0-9ba0-fc3fdb83b633,1249A,true,Hoja,,,,,,,,1,false,3200d27d-d0da-11f0-9ba0-fc3fdb83b633,
3373d3eb-d0da-11f0-9ba0-fc3fdb83b633,1249B,true,Rama,,,,,,,,1,false,3200d27d-d0da-11f0-9ba0-fc3fdb83b633,
33742b37-d0da-11f0-9ba0-fc3fdb83b633,1249C,true,Hoja,,,,,,,,1,false,3200d27d-d0da-11f0-9ba0-fc3fdb83b633,
33747fe0-d0da-11f0-9ba0-fc3fdb83b633,1249D,true,Hoja,,,,,,,,1,false,3200d27d-d0da-11f0-9ba0-fc3fdb83b633,
3374ff68-d0da-11f0-9ba0-fc3fdb83b633,1249E,true,Rama,,,,,,,,1,false,3200d27d-d0da-11f0-9ba0-fc3fdb83b633,
337558b5-d0da-11f0-9ba0-fc3fdb83b633,1249F,true,Hoja,,,,,,,,1,false,3200d27d-d0da-11f0-9ba0-fc3fdb83b633,
3375a1da-d0da-11f0-9ba0-fc3fdb83b633,1249G,true,Rama,,,,,,,,1,false,3200d27d-d0da-11f0-9ba0-fc3fdb83b633,
3375e8df-d0da-11f0-9ba0-fc3fdb83b633,1249H,true,Rama,,,,,,,,1,false,3200d27d-d0da-11f0-9ba0-fc3fdb83b633,
33762d93-d0da-11f0-9ba0-fc3fdb83b633,1249I,true,Hoja,,,,,,,,1,false,3200d27d-d0da-11f0-9ba0-fc3fdb83b633,
337672f3-d0da-11f0-9ba0-fc3fdb83b633,1249J,true,Hoja,,,,,,,,1,false,3200d27d-d0da-11f0-9ba0-fc3fdb83b633,
3376baa3-d0da-11f0-9ba0-fc3fdb83b633,1249K,true,Hoja,,,,,,,,1,false,3200d27d-d0da-11f0-9ba0-fc3fdb83b633,
337700e9-d0da-11f0-9ba0-fc3fdb83b633,1249L,true,Rama,,,,,,,,1,false,3200d27d-d0da-11f0-9ba0-fc3fdb83b633,
3377997f-d0da-11f0-9ba0-fc3fdb83b633,1249M,true,Hoja,,,,,,,,1,false,3200d27d-d0da-11f0-9ba0-fc3fdb83b633,
3377ecc1-d0da-11f0-9ba0-fc3fdb83b633,1250A,true,Rama,,,,,,,,1,false,3200d51e-d0da-11f0-9ba0-fc3fdb83b633,
337844a9-d0da-11f0-9ba0-fc3fdb83b633,1250B,true,Hoja,,,,,,,,1,false,3200d51e-d0da-11f0-9ba0-fc3fdb83b633,
33788c3a-d0da-11f0-9ba0-fc3fdb83b633,1250C,true,Hoja,,,,,,,,1,false,3200d51e-d0da-11f0-9ba0-fc3fdb83b633,
3378d33b-d0da-11f0-9ba0-fc3fdb83b633,1250D,true,Rama,,,,,,,,1,false,3200d51e-d0da-11f0-9ba0-fc3fdb83b633,
33791d1c-d0da-11f0-9ba0-fc3fdb83b633,1250E,true,Raíz,,,,,,,,1,false,3200d51e-d0da-11f0-9ba0-fc3fdb83b633,
337966ac-d0da-11f0-9ba0-fc3fdb83b633,1250F,true,Hoja,,,,,,,,1,false,3200d51e-d0da-11f0-9ba0-fc3fdb83b633,
3379b3a6-d0da-11f0-9ba0-fc3fdb83b633,1250G,true,Rama,,,,,,,,1,false,3200d51e-d0da-11f0-9ba0-fc3fdb83b633,
337a0da7-d0da-11f0-9ba0-fc3fdb83b633,1250H,true,Hoja,,,,,,,,1,false,3200d51e-d0da-11f0-9ba0-fc3fdb83b633,
337a870e-d0da-11f0-9ba0-fc3fdb83b633,1251A,true,Rama,,,,,,,,1,false,3200d7d5-d0da-11f0-9ba0-fc3fdb83b633,
337ae842-d0da-11f0-9ba0-fc3fdb83b633,1251B,true,Hoja,,,,,,,,1,false,3200d7d5-d0da-11f0-9ba0-fc3fdb83b633,
337b5b4f-d0da-11f0-9ba0-fc3fdb83b633,1251C,true,Hoja,,,,,,,,1,false,3200d7d5-d0da-11f0-9ba0-fc3fdb83b633,
337b9e0a-d0da-11f0-9ba0-fc3fdb83b633,1251D,true,Rama,,,,,,,,1,false,3200d7d5-d0da-11f0-9ba0-fc3fdb83b633,
337be5c4-d0da-11f0-9ba0-fc3fdb83b633,1251E,true,Hoja,,,,,,,,1,false,3200d7d5-d0da-11f0-9ba0-fc3fdb83b633,
337ccad7-d0da-11f0-9ba0-fc3fdb83b633,1251F,true,Hoja,,,,,,,,1,false,3200d7d5-d0da-11f0-9ba0-fc3fdb83b633,
337d1246-d0da-11f0-9ba0-fc3fdb83b633,1251G,true,Hoja,,,,,,,,1,false,3200d7d5-d0da-11f0-9ba0-fc3fdb83b633,
337d5833-d0da-11f0-9ba0-fc3fdb83b633,1251H,true,Hoja,,,,,,,,1,false,3200d7d5-d0da-11f0-9ba0-fc3fdb83b633,
337db1e0-d0da-11f0-9ba0-fc3fdb83b633,1251I,true,Hoja,,,,,,,,1,false,3200d7d5-d0da-11f0-9ba0-fc3fdb83b633,
337df8f8-d0da-11f0-9ba0-fc3fdb83b633,1252A,true,Rama,,,,,,,,1,false,3200da6c-d0da-11f0-9ba0-fc3fdb83b633,
337e3eb4-d0da-11f0-9ba0-fc3fdb83b633,1252B,true,Hoja,,,,,,,,1,false,3200da6c-d0da-11f0-9ba0-fc3fdb83b633,
337e83cb-d0da-11f0-9ba0-fc3fdb83b633,1252C,true,Hoja,,,,,,,,1,false,3200da6c-d0da-11f0-9ba0-fc3fdb83b633,
337edcb4-d0da-11f0-9ba0-fc3fdb83b633,1252D,true,Rama,,,,,,,,1,false,3200da6c-d0da-11f0-9ba0-fc3fdb83b633,
337f381b-d0da-11f0-9ba0-fc3fdb83b633,1252E,true,Hoja,,,,,,,,1,false,3200da6c-d0da-11f0-9ba0-fc3fdb83b633,
337f7efe-d0da-11f0-9ba0-fc3fdb83b633,1252F,true,Hoja,,,,,,,,1,false,3200da6c-d0da-11f0-9ba0-fc3fdb83b633,
337fc46d-d0da-11f0-9ba0-fc3fdb83b633,1252G,true,Rama,,,,,,,,1,false,3200da6c-d0da-11f0-9ba0-fc3fdb83b633,
33800939-d0da-11f0-9ba0-fc3fdb83b633,1253A,true,Raíz,,,,,,,,1,false,3200dd1a-d0da-11f0-9ba0-fc3fdb83b633,
33804e9c-d0da-11f0-9ba0-fc3fdb83b633,1253B,true,Hoja,,,,,,,,1,false,3200dd1a-d0da-11f0-9ba0-fc3fdb83b633,
338093e7-d0da-11f0-9ba0-fc3fdb83b633,1253C,true,Pecíolo,,,,,,,,1,false,3200dd1a-d0da-11f0-9ba0-fc3fdb83b633,
3380d80c-d0da-11f0-9ba0-fc3fdb83b633,1253D,true,Rama,,,,,,,,1,false,3200dd1a-d0da-11f0-9ba0-fc3fdb83b633,
33811fcf-d0da-11f0-9ba0-fc3fdb83b633,1253E,true,Rama,,,,,,,,1,false,3200dd1a-d0da-11f0-9ba0-fc3fdb83b633,
3382152e-d0da-11f0-9ba0-fc3fdb83b633,1253F,true,Pecíolo,,,,,,,,1,false,3200dd1a-d0da-11f0-9ba0-fc3fdb83b633,
33825d7b-d0da-11f0-9ba0-fc3fdb83b633,1253G,true,Rama,,,,,,,,1,false,3200dd1a-d0da-11f0-9ba0-fc3fdb83b633,
3382b65b-d0da-11f0-9ba0-fc3fdb83b633,1254A,true,Rama,,,,,,,,1,false,3200dfeb-d0da-11f0-9ba0-fc3fdb83b633,
3382fc55-d0da-11f0-9ba0-fc3fdb83b633,1254B,true,Rama,,,,,,,,1,false,3200dfeb-d0da-11f0-9ba0-fc3fdb83b633,
33834137-d0da-11f0-9ba0-fc3fdb83b633,1254C,true,Pecíolo,,,,,,,,1,false,3200dfeb-d0da-11f0-9ba0-fc3fdb83b633,
338386fb-d0da-11f0-9ba0-fc3fdb83b633,1254D,true,Hoja,,,,,,,,1,false,3200dfeb-d0da-11f0-9ba0-fc3fdb83b633,
338405a7-d0da-11f0-9ba0-fc3fdb83b633,1254E,true,Hoja,,,,,,,,1,false,3200dfeb-d0da-11f0-9ba0-fc3fdb83b633,
33846f49-d0da-11f0-9ba0-fc3fdb83b633,1254F,true,Pecíolo,,,,,,,,1,false,3200dfeb-d0da-11f0-9ba0-fc3fdb83b633,
3384b7dc-d0da-11f0-9ba0-fc3fdb83b633,1254G,true,Hoja,,,,,,,,1,false,3200dfeb-d0da-11f0-9ba0-fc3fdb83b633,
33850281-d0da-11f0-9ba0-fc3fdb83b633,1254H,true,Hoja,,,,,,,,1,false,3200dfeb-d0da-11f0-9ba0-fc3fdb83b633,
33855555-d0da-11f0-9ba0-fc3fdb83b633,1254I,true,Hoja,,,,,,,,1,false,3200dfeb-d0da-11f0-9ba0-fc3fdb83b633,
3385a426-d0da-11f0-9ba0-fc3fdb83b633,1255A,true,Rama,,,,,,,,1,false,3200e32c-d0da-11f0-9ba0-fc3fdb83b633,
3385dbd5-d0da-11f0-9ba0-fc3fdb83b633,1255B,true,Rama,,,,,,,,1,false,3200e32c-d0da-11f0-9ba0-fc3fdb83b633,
338603fc-d0da-11f0-9ba0-fc3fdb83b633,1256A,true,Hoja,,,,,,,,1,false,3200e5ee-d0da-11f0-9ba0-fc3fdb83b633,
3386955f-d0da-11f0-9ba0-fc3fdb83b633,1256B,true,Rama,,,,,,,,1,false,3200e5ee-d0da-11f0-9ba0-fc3fdb83b633,
3386f3ab-d0da-11f0-9ba0-fc3fdb83b633,1256C,true,Rama,,,,,,,,1,false,3200e5ee-d0da-11f0-9ba0-fc3fdb83b633,
33873863-d0da-11f0-9ba0-fc3fdb83b633,1256D,true,Hoja,,,,,,,,1,false,3200e5ee-d0da-11f0-9ba0-fc3fdb83b633,
33877c83-d0da-11f0-9ba0-fc3fdb83b633,1256E,true,Hoja,,,,,,,,1,false,3200e5ee-d0da-11f0-9ba0-fc3fdb83b633,
3387c033-d0da-11f0-9ba0-fc3fdb83b633,1256F,true,Pecíolo,,,,,,,,1,false,3200e5ee-d0da-11f0-9ba0-fc3fdb83b633,
33880573-d0da-11f0-9ba0-fc3fdb83b633,1256G,true,Rama,,,,,,,,1,false,3200e5ee-d0da-11f0-9ba0-fc3fdb83b633,
338848e3-d0da-11f0-9ba0-fc3fdb83b633,1256H,true,Pecíolo,,,,,,,,1,false,3200e5ee-d0da-11f0-9ba0-fc3fdb83b633,
33888d58-d0da-11f0-9ba0-fc3fdb83b633,1256I,true,Rama,,,,,,,,1,false,3200e5ee-d0da-11f0-9ba0-fc3fdb83b633,
3388d260-d0da-11f0-9ba0-fc3fdb83b633,1256J,true,Hoja,,,,,,,,1,false,3200e5ee-d0da-11f0-9ba0-fc3fdb83b633,
33897054-d0da-11f0-9ba0-fc3fdb83b633,1257A,true,Pecíolo,,,,,,,,1,false,3200e8b5-d0da-11f0-9ba0-fc3fdb83b633,
3389ca50-d0da-11f0-9ba0-fc3fdb83b633,1257B,true,Pecíolo,,,,,,,,1,false,3200e8b5-d0da-11f0-9ba0-fc3fdb83b633,
338a2695-d0da-11f0-9ba0-fc3fdb83b633,1258A,true,Rama,,,,,,,,1,false,3200eb90-d0da-11f0-9ba0-fc3fdb83b633,
338a4ea8-d0da-11f0-9ba0-fc3fdb83b633,1258B,true,Rama,,,,,,,,1,false,3200eb90-d0da-11f0-9ba0-fc3fdb83b633,
338a75fe-d0da-11f0-9ba0-fc3fdb83b633,1258C,true,Hoja,,,,,,,,1,false,3200eb90-d0da-11f0-9ba0-fc3fdb83b633,
338a9b10-d0da-11f0-9ba0-fc3fdb83b633,1258D,true,Rama,,,,,,,,1,false,3200eb90-d0da-11f0-9ba0-fc3fdb83b633,
338abf7c-d0da-11f0-9ba0-fc3fdb83b633,1258E,true,Rama,,,,,,,,1,false,3200eb90-d0da-11f0-9ba0-fc3fdb83b633,
338ae413-d0da-11f0-9ba0-fc3fdb83b633,1258F,true,Hoja,,,,,,,,1,false,3200eb90-d0da-11f0-9ba0-fc3fdb83b633,
338b0838-d0da-11f0-9ba0-fc3fdb83b633,1258G,true,Rama,,,,,,,,1,false,3200eb90-d0da-11f0-9ba0-fc3fdb83b633,
338b2cba-d0da-11f0-9ba0-fc3fdb83b633,1258H,true,Hoja,,,,,,,,1,false,3200eb90-d0da-11f0-9ba0-fc3fdb83b633,
338b7786-d0da-11f0-9ba0-fc3fdb83b633,1258I,true,Hoja,,,,,,,,1,false,3200eb90-d0da-11f0-9ba0-fc3fdb83b633,
338bd010-d0da-11f0-9ba0-fc3fdb83b633,1258J,true,Hoja,,,,,,,,1,false,3200eb90-d0da-11f0-9ba0-fc3fdb83b633,
338bf8a7-d0da-11f0-9ba0-fc3fdb83b633,1258K,true,Hoja,,,,,,,,1,false,3200eb90-d0da-11f0-9ba0-fc3fdb83b633,
338c1df5-d0da-11f0-9ba0-fc3fdb83b633,1259A,true,Hoja,,,,,,,,1,false,3200ee53-d0da-11f0-9ba0-fc3fdb83b633,
338c424b-d0da-11f0-9ba0-fc3fdb83b633,1259B,true,Rama,,,,,,,,1,false,3200ee53-d0da-11f0-9ba0-fc3fdb83b633,
338c666b-d0da-11f0-9ba0-fc3fdb83b633,1259C,true,Hoja,,,,,,,,1,false,3200ee53-d0da-11f0-9ba0-fc3fdb83b633,
338c8bde-d0da-11f0-9ba0-fc3fdb83b633,1259D,true,Hoja,,,,,,,,1,false,3200ee53-d0da-11f0-9ba0-fc3fdb83b633,
338cb450-d0da-11f0-9ba0-fc3fdb83b633,1259E,true,Hoja,,,,,,,,1,false,3200ee53-d0da-11f0-9ba0-fc3fdb83b633,
338ce25d-d0da-11f0-9ba0-fc3fdb83b633,1259F,true,Hoja,,,,,,,,1,false,3200ee53-d0da-11f0-9ba0-fc3fdb83b633,
338d070b-d0da-11f0-9ba0-fc3fdb83b633,1259G,true,Hoja,,,,,,,,1,false,3200ee53-d0da-11f0-9ba0-fc3fdb83b633,
338d1e25-d0da-11f0-9ba0-fc3fdb83b633,125A,true,Hoja,,,,,,,,1,false,31faeea5-d0da-11f0-9ba0-fc3fdb83b633,3027edbd-d0da-11f0-9ba0-fc3fdb83b633
338d4309-d0da-11f0-9ba0-fc3fdb83b633,125B,true,Hoja,,,,,,,,1,false,31faeea5-d0da-11f0-9ba0-fc3fdb83b633,3027edbd-d0da-11f0-9ba0-fc3fdb83b633
338d67b4-d0da-11f0-9ba0-fc3fdb83b633,125C,true,Hoja,,,,,,,,1,false,31faeea5-d0da-11f0-9ba0-fc3fdb83b633,3027edbd-d0da-11f0-9ba0-fc3fdb83b633
338d9c51-d0da-11f0-9ba0-fc3fdb83b633,1260A,true,Hoja,,,,,,,,1,false,3200f0f4-d0da-11f0-9ba0-fc3fdb83b633,
338dde69-d0da-11f0-9ba0-fc3fdb83b633,1260B,true,Hoja,,,,,,,,1,false,3200f0f4-d0da-11f0-9ba0-fc3fdb83b633,
338e4c70-d0da-11f0-9ba0-fc3fdb83b633,1260C,true,Hoja,,,,,,,,1,false,3200f0f4-d0da-11f0-9ba0-fc3fdb83b633,
338e9456-d0da-11f0-9ba0-fc3fdb83b633,1260D,true,Hoja,,,,,,,,1,false,3200f0f4-d0da-11f0-9ba0-fc3fdb83b633,
338eda86-d0da-11f0-9ba0-fc3fdb83b633,1260E,true,Hoja,,,,,,,,1,false,3200f0f4-d0da-11f0-9ba0-fc3fdb83b633,
338f1fd9-d0da-11f0-9ba0-fc3fdb83b633,1261A,true,Rama,,,,,,,,1,false,3200f3a0-d0da-11f0-9ba0-fc3fdb83b633,
338f6509-d0da-11f0-9ba0-fc3fdb83b633,1261B,true,Hoja,,,,,,,,1,false,3200f3a0-d0da-11f0-9ba0-fc3fdb83b633,
338faa6e-d0da-11f0-9ba0-fc3fdb83b633,1261C,true,Pecíolo,,,,,,,,1,false,3200f3a0-d0da-11f0-9ba0-fc3fdb83b633,
338ff08f-d0da-11f0-9ba0-fc3fdb83b633,1262A,true,Hoja,,,,,,,,1,false,3200f65a-d0da-11f0-9ba0-fc3fdb83b633,
3390390f-d0da-11f0-9ba0-fc3fdb83b633,1262B,true,Rama,,,,,,,,1,false,3200f65a-d0da-11f0-9ba0-fc3fdb83b633,
33907eed-d0da-11f0-9ba0-fc3fdb83b633,1262C,true,Hoja,,,,,,,,1,false,3200f65a-d0da-11f0-9ba0-fc3fdb83b633,
33911742-d0da-11f0-9ba0-fc3fdb83b633,1262D,true,Hoja,,,,,,,,1,false,3200f65a-d0da-11f0-9ba0-fc3fdb83b633,
339167b6-d0da-11f0-9ba0-fc3fdb83b633,1262E,true,Hoja,,,,,,,,1,false,3200f65a-d0da-11f0-9ba0-fc3fdb83b633,
339194d8-d0da-11f0-9ba0-fc3fdb83b633,126A,true,Hoja,,,,,,,,1,false,31faf138-d0da-11f0-9ba0-fc3fdb83b633,3027edbd-d0da-11f0-9ba0-fc3fdb83b633
3391d96a-d0da-11f0-9ba0-fc3fdb83b633,126B,true,Hoja,,,,,,,,1,false,31faf138-d0da-11f0-9ba0-fc3fdb83b633,3027edbd-d0da-11f0-9ba0-fc3fdb83b633
33921d61-d0da-11f0-9ba0-fc3fdb83b633,126C,true,Hoja,,,,,,,,1,false,31faf138-d0da-11f0-9ba0-fc3fdb83b633,3027edbd-d0da-11f0-9ba0-fc3fdb83b633
3392616b-d0da-11f0-9ba0-fc3fdb83b633,126D,true,Hoja,,,,,,,,1,false,31faf138-d0da-11f0-9ba0-fc3fdb83b633,3027edbd-d0da-11f0-9ba0-fc3fdb83b633
3392a814-d0da-11f0-9ba0-fc3fdb83b633,126E,true,Hoja,,,,,,,,1,false,31faf138-d0da-11f0-9ba0-fc3fdb83b633,3027edbd-d0da-11f0-9ba0-fc3fdb83b633
3392ed57-d0da-11f0-9ba0-fc3fdb83b633,126F,true,Tronco,,,,,,,,1,false,31faf138-d0da-11f0-9ba0-fc3fdb83b633,3027edbd-d0da-11f0-9ba0-fc3fdb83b633
33934459-d0da-11f0-9ba0-fc3fdb83b633,127A,true,Hoja,,,,,,,,1,false,31faf3fc-d0da-11f0-9ba0-fc3fdb83b633,3027edbd-d0da-11f0-9ba0-fc3fdb83b633
3393982f-d0da-11f0-9ba0-fc3fdb83b633,127B,true,Hoja,,,,,,,,1,false,31faf3fc-d0da-11f0-9ba0-fc3fdb83b633,3027f8fd-d0da-11f0-9ba0-fc3fdb83b633
3393dd6d-d0da-11f0-9ba0-fc3fdb83b633,127C,true,Hoja,,,,,,,,1,false,31faf3fc-d0da-11f0-9ba0-fc3fdb83b633,3027f8fd-d0da-11f0-9ba0-fc3fdb83b633
33942225-d0da-11f0-9ba0-fc3fdb83b633,128A,true,Hoja,,,,,,,,1,false,31faf6b1-d0da-11f0-9ba0-fc3fdb83b633,
339465e1-d0da-11f0-9ba0-fc3fdb83b633,128B,true,Hoja,,,,,,,,1,false,31faf6b1-d0da-11f0-9ba0-fc3fdb83b633,3027edbd-d0da-11f0-9ba0-fc3fdb83b633
3394aa85-d0da-11f0-9ba0-fc3fdb83b633,128C,true,Hoja,,,,,,,,1,false,31faf6b1-d0da-11f0-9ba0-fc3fdb83b633,3027fac3-d0da-11f0-9ba0-fc3fdb83b633
3394eecc-d0da-11f0-9ba0-fc3fdb83b633,128D,true,Hoja,,,,,,,,1,false,31faf6b1-d0da-11f0-9ba0-fc3fdb83b633,
33953337-d0da-11f0-9ba0-fc3fdb83b633,128E,true,Hoja,,,,,,,,1,false,31faf6b1-d0da-11f0-9ba0-fc3fdb83b633,3027fc09-d0da-11f0-9ba0-fc3fdb83b633
33957746-d0da-11f0-9ba0-fc3fdb83b633,128F,true,Hoja,,,,,,,,1,false,31faf6b1-d0da-11f0-9ba0-fc3fdb83b633,3027edbd-d0da-11f0-9ba0-fc3fdb83b633
3395d7cd-d0da-11f0-9ba0-fc3fdb83b633,129A,true,Hoja,,,,,,,,1,false,31faf954-d0da-11f0-9ba0-fc3fdb83b633,3027edbd-d0da-11f0-9ba0-fc3fdb83b633
3396324d-d0da-11f0-9ba0-fc3fdb83b633,129B,true,Hoja,,,,,,,,1,false,31faf954-d0da-11f0-9ba0-fc3fdb83b633,3027edbd-d0da-11f0-9ba0-fc3fdb83b633
3396799f-d0da-11f0-9ba0-fc3fdb83b633,129C,true,Hoja,,,,,,,,1,false,31faf954-d0da-11f0-9ba0-fc3fdb83b633,3027f7b2-d0da-11f0-9ba0-fc3fdb83b633
3396c1c6-d0da-11f0-9ba0-fc3fdb83b633,129D,true,Hoja,,,,,,,,1,false,31faf954-d0da-11f0-9ba0-fc3fdb83b633,3027edbd-d0da-11f0-9ba0-fc3fdb83b633
33970e5e-d0da-11f0-9ba0-fc3fdb83b633,12A,true,Hoja,,,,,,,,1,false,31fc7e3f-d0da-11f0-9ba0-fc3fdb83b633,3027edbd-d0da-11f0-9ba0-fc3fdb83b633
33975a4c-d0da-11f0-9ba0-fc3fdb83b633,12B,true,Hoja,,,,,,,,1,false,31fc7e3f-d0da-11f0-9ba0-fc3fdb83b633,3027edbd-d0da-11f0-9ba0-fc3fdb83b633
3397bdac-d0da-11f0-9ba0-fc3fdb83b633,1307A,true,Hoja,,,,,,,,1,false,3200f91f-d0da-11f0-9ba0-fc3fdb83b633,
339801b8-d0da-11f0-9ba0-fc3fdb83b633,1307B,true,Rama,,,,,,,,1,false,3200f91f-d0da-11f0-9ba0-fc3fdb83b633,
33988601-d0da-11f0-9ba0-fc3fdb83b633,1307C,true,Hoja,,,,,,,,1,false,3200f91f-d0da-11f0-9ba0-fc3fdb83b633,
3398d50b-d0da-11f0-9ba0-fc3fdb83b633,1307D,true,Rama,,,,,,,,1,false,3200f91f-d0da-11f0-9ba0-fc3fdb83b633,
33991ca6-d0da-11f0-9ba0-fc3fdb83b633,1308A,true,Pecíolo,,,,,,,,1,false,3200fb89-d0da-11f0-9ba0-fc3fdb83b633,
339961be-d0da-11f0-9ba0-fc3fdb83b633,1308B,true,Pecíolo,,,,,,,,1,false,3200fb89-d0da-11f0-9ba0-fc3fdb83b633,
3399b131-d0da-11f0-9ba0-fc3fdb83b633,1308C,true,Hoja,,,,,,,,1,false,3200fb89-d0da-11f0-9ba0-fc3fdb83b633,
339a139a-d0da-11f0-9ba0-fc3fdb83b633,1308D,true,Rama,,,,,,,,1,false,3200fb89-d0da-11f0-9ba0-fc3fdb83b633,
339a7198-d0da-11f0-9ba0-fc3fdb83b633,1308E,true,Hoja,,,,,,,,1,false,3200fb89-d0da-11f0-9ba0-fc3fdb83b633,
339b010d-d0da-11f0-9ba0-fc3fdb83b633,1308F,true,Hoja,,,,,,,,1,false,3200fb89-d0da-11f0-9ba0-fc3fdb83b633,
339b5c24-d0da-11f0-9ba0-fc3fdb83b633,1308G,true,Hoja,,,,,,,,1,false,3200fb89-d0da-11f0-9ba0-fc3fdb83b633,
339b858f-d0da-11f0-9ba0-fc3fdb83b633,1309A,true,Raíz,,,,,,,,1,false,3200fdf1-d0da-11f0-9ba0-fc3fdb83b633,
339ba52b-d0da-11f0-9ba0-fc3fdb83b633,130A,true,Hoja,,,,,,,,1,false,31fafbd2-d0da-11f0-9ba0-fc3fdb83b633,3027edbd-d0da-11f0-9ba0-fc3fdb83b633
339bcb67-d0da-11f0-9ba0-fc3fdb83b633,130B,true,Hoja,,,,,,,,1,false,31fafbd2-d0da-11f0-9ba0-fc3fdb83b633,3027edbd-d0da-11f0-9ba0-fc3fdb83b633
339bf249-d0da-11f0-9ba0-fc3fdb83b633,130C,true,Hoja,,,,,,,,1,false,31fafbd2-d0da-11f0-9ba0-fc3fdb83b633,3027edbd-d0da-11f0-9ba0-fc3fdb83b633
339c3ee9-d0da-11f0-9ba0-fc3fdb83b633,130D,true,Hoja,,,,,,,,1,false,31fafbd2-d0da-11f0-9ba0-fc3fdb83b633,3027fa41-d0da-11f0-9ba0-fc3fdb83b633
339c8417-d0da-11f0-9ba0-fc3fdb83b633,130E,true,Hoja,,,,,,,,1,false,31fafbd2-d0da-11f0-9ba0-fc3fdb83b633,3027edbd-d0da-11f0-9ba0-fc3fdb83b633
339ce25a-d0da-11f0-9ba0-fc3fdb83b633,1310A,true,Rama,,,,,,,,1,false,3201006a-d0da-11f0-9ba0-fc3fdb83b633,
339d263c-d0da-11f0-9ba0-fc3fdb83b633,1310B,true,Raíz,,,,,,,,1,false,3201006a-d0da-11f0-9ba0-fc3fdb83b633,
339d9f2c-d0da-11f0-9ba0-fc3fdb83b633,1310C,true,Fruto,,,,,,,,1,false,3201006a-d0da-11f0-9ba0-fc3fdb83b633,
339dcc1e-d0da-11f0-9ba0-fc3fdb83b633,1311A,true,Pecíolo,,,,,,,,1,false,320102d5-d0da-11f0-9ba0-fc3fdb83b633,
339df14f-d0da-11f0-9ba0-fc3fdb83b633,1311B,true,Raíz,,,,,,,,1,false,320102d5-d0da-11f0-9ba0-fc3fdb83b633,
339e196f-d0da-11f0-9ba0-fc3fdb83b633,1311C,true,Rama,,,,,,,,1,false,320102d5-d0da-11f0-9ba0-fc3fdb83b633,
339e3e01-d0da-11f0-9ba0-fc3fdb83b633,1311D,true,Hoja,,,,,,,,1,false,320102d5-d0da-11f0-9ba0-fc3fdb83b633,
339e6892-d0da-11f0-9ba0-fc3fdb83b633,1311E,true,Hoja,,,,,,,,1,false,320102d5-d0da-11f0-9ba0-fc3fdb83b633,
339ecc11-d0da-11f0-9ba0-fc3fdb83b633,1312A,true,Hoja,,,,,,,,1,false,32010577-d0da-11f0-9ba0-fc3fdb83b633,
339f2ecb-d0da-11f0-9ba0-fc3fdb83b633,1312B,true,Pecíolo,,,,,,,,1,false,32010577-d0da-11f0-9ba0-fc3fdb83b633,
339f751c-d0da-11f0-9ba0-fc3fdb83b633,1312C,true,Pecíolo,,,,,,,,1,false,32010577-d0da-11f0-9ba0-fc3fdb83b633,
339fbadc-d0da-11f0-9ba0-fc3fdb83b633,1312D,true,Hoja,,,,,,,,1,false,32010577-d0da-11f0-9ba0-fc3fdb83b633,
33a0279e-d0da-11f0-9ba0-fc3fdb83b633,1313A,true,Hoja,,,,,,,,1,false,32010801-d0da-11f0-9ba0-fc3fdb83b633,
33a07409-d0da-11f0-9ba0-fc3fdb83b633,1313B,true,Rama,,,,,,,,1,false,32010801-d0da-11f0-9ba0-fc3fdb83b633,
33a0baff-d0da-11f0-9ba0-fc3fdb83b633,1313C,true,Hoja,,,,,,,,1,false,32010801-d0da-11f0-9ba0-fc3fdb83b633,
33a102e1-d0da-11f0-9ba0-fc3fdb83b633,1314A,true,Rama,,,,,,,,1,false,32010ae1-d0da-11f0-9ba0-fc3fdb83b633,
33a14657-d0da-11f0-9ba0-fc3fdb83b633,1315A,true,Hoja,,,,,,,,1,false,32010d5b-d0da-11f0-9ba0-fc3fdb83b633,
33a189d9-d0da-11f0-9ba0-fc3fdb83b633,1315B,true,Raíz,,,,,,,,1,false,32010d5b-d0da-11f0-9ba0-fc3fdb83b633,
33a1cd3e-d0da-11f0-9ba0-fc3fdb83b633,1315C,true,Hoja,,,,,,,,1,false,32010d5b-d0da-11f0-9ba0-fc3fdb83b633,
33a21053-d0da-11f0-9ba0-fc3fdb83b633,1316A,true,Hoja,,,,,,,,1,false,32010fee-d0da-11f0-9ba0-fc3fdb83b633,
33a25e6c-d0da-11f0-9ba0-fc3fdb83b633,1316B,true,Rama,,,,,,,,1,false,32010fee-d0da-11f0-9ba0-fc3fdb83b633,
33a2a82f-d0da-11f0-9ba0-fc3fdb83b633,1316C,true,Rama,,,,,,,,1,false,32010fee-d0da-11f0-9ba0-fc3fdb83b633,
33a303bf-d0da-11f0-9ba0-fc3fdb83b633,1317A,true,Hoja,,,,,,,,1,false,32011289-d0da-11f0-9ba0-fc3fdb83b633,
33a34998-d0da-11f0-9ba0-fc3fdb83b633,1317B,true,Rama,,,,,,,,1,false,32011289-d0da-11f0-9ba0-fc3fdb83b633,
33a39393-d0da-11f0-9ba0-fc3fdb83b633,1318A,true,Rama,,,,,,,,1,false,32011535-d0da-11f0-9ba0-fc3fdb83b633,
33a3d784-d0da-11f0-9ba0-fc3fdb83b633,1318B,true,Raíz,,,,,,,,1,false,32011535-d0da-11f0-9ba0-fc3fdb83b633,
33a41b3a-d0da-11f0-9ba0-fc3fdb83b633,1318C,true,Hoja,,,,,,,,1,false,32011535-d0da-11f0-9ba0-fc3fdb83b633,
33a4600d-d0da-11f0-9ba0-fc3fdb83b633,1318D,true,Raíz,,,,,,,,1,false,32011535-d0da-11f0-9ba0-fc3fdb83b633,
33a4a39e-d0da-11f0-9ba0-fc3fdb83b633,1319A,true,Rama,,,,,,,,1,false,320117e4-d0da-11f0-9ba0-fc3fdb83b633,
33a5004e-d0da-11f0-9ba0-fc3fdb83b633,1319B,true,Hoja,,,,,,,,1,false,320117e4-d0da-11f0-9ba0-fc3fdb83b633,
33a52f8b-d0da-11f0-9ba0-fc3fdb83b633,1319C,true,Pecíolo,,,,,,,,1,false,320117e4-d0da-11f0-9ba0-fc3fdb83b633,
33a55734-d0da-11f0-9ba0-fc3fdb83b633,1319D,true,Fruto,,,,,,,,1,false,320117e4-d0da-11f0-9ba0-fc3fdb83b633,
33a57dd4-d0da-11f0-9ba0-fc3fdb83b633,1319E,true,Hoja,,,,,,,,1,false,320117e4-d0da-11f0-9ba0-fc3fdb83b633,
33a5a289-d0da-11f0-9ba0-fc3fdb83b633,1319F,true,Hoja,,,,,,,,1,false,320117e4-d0da-11f0-9ba0-fc3fdb83b633,
33a5d243-d0da-11f0-9ba0-fc3fdb83b633,1319G,true,Pecíolo,,,,,,,,1,false,320117e4-d0da-11f0-9ba0-fc3fdb83b633,
33a61be9-d0da-11f0-9ba0-fc3fdb83b633,1319H,true,Fruto,,,,,,,,1,false,320117e4-d0da-11f0-9ba0-fc3fdb83b633,
33a66313-d0da-11f0-9ba0-fc3fdb83b633,1319I,true,Pecíolo,,,,,,,,1,false,320117e4-d0da-11f0-9ba0-fc3fdb83b633,
33a68fb3-d0da-11f0-9ba0-fc3fdb83b633,131A,true,Hoja,,,,,,,,1,false,31fafe57-d0da-11f0-9ba0-fc3fdb83b633,3027f585-d0da-11f0-9ba0-fc3fdb83b633
33a6d88b-d0da-11f0-9ba0-fc3fdb83b633,131B,true,Hoja,,,,,,,,1,false,31fafe57-d0da-11f0-9ba0-fc3fdb83b633,3028039b-d0da-11f0-9ba0-fc3fdb83b633
33a71e6b-d0da-11f0-9ba0-fc3fdb83b633,131C,true,Hoja,,,,,,,,1,false,31fafe57-d0da-11f0-9ba0-fc3fdb83b633,3027edbd-d0da-11f0-9ba0-fc3fdb83b633
33a773db-d0da-11f0-9ba0-fc3fdb83b633,131D,true,Hoja,,,,,,,,1,false,31fafe57-d0da-11f0-9ba0-fc3fdb83b633,3027edbd-d0da-11f0-9ba0-fc3fdb83b633
33a7f1ce-d0da-11f0-9ba0-fc3fdb83b633,1320A,true,Rama,,,,,,,,1,false,32011a9a-d0da-11f0-9ba0-fc3fdb83b633,
33a842a2-d0da-11f0-9ba0-fc3fdb83b633,1320B,true,Rama,,,,,,,,1,false,32011a9a-d0da-11f0-9ba0-fc3fdb83b633,
33a869c4-d0da-11f0-9ba0-fc3fdb83b633,1320C,true,Rama,,,,,,,,1,false,32011a9a-d0da-11f0-9ba0-fc3fdb83b633,
33a88f16-d0da-11f0-9ba0-fc3fdb83b633,1320D,true,Pecíolo,,,,,,,,1,false,32011a9a-d0da-11f0-9ba0-fc3fdb83b633,
33a8b37e-d0da-11f0-9ba0-fc3fdb83b633,1320E,true,Pecíolo,,,,,,,,1,false,32011a9a-d0da-11f0-9ba0-fc3fdb83b633,
33a8d846-d0da-11f0-9ba0-fc3fdb83b633,1321A,true,Hoja,,,,,,,,1,false,32011d05-d0da-11f0-9ba0-fc3fdb83b633,
33a8fd07-d0da-11f0-9ba0-fc3fdb83b633,1323A,true,Hoja,,,,,,,,1,false,320121d4-d0da-11f0-9ba0-fc3fdb83b633,
33a92135-d0da-11f0-9ba0-fc3fdb83b633,1323B,true,Hoja,,,,,,,,1,false,320121d4-d0da-11f0-9ba0-fc3fdb83b633,
33a94579-d0da-11f0-9ba0-fc3fdb83b633,1323C,true,Pecíolo,,,,,,,,1,false,320121d4-d0da-11f0-9ba0-fc3fdb83b633,
33a96dba-d0da-11f0-9ba0-fc3fdb83b633,1324A,true,Hoja,,,,,,,,1,false,3201244d-d0da-11f0-9ba0-fc3fdb83b633,
33a9959e-d0da-11f0-9ba0-fc3fdb83b633,1324B,true,Rama,,,,,,,,1,false,3201244d-d0da-11f0-9ba0-fc3fdb83b633,
33a9bf02-d0da-11f0-9ba0-fc3fdb83b633,1324C,true,Rama,,,,,,,,1,false,3201244d-d0da-11f0-9ba0-fc3fdb83b633,
33a9e6ef-d0da-11f0-9ba0-fc3fdb83b633,1326A,true,Hoja,,,,,,,,1,false,320126ac-d0da-11f0-9ba0-fc3fdb83b633,
33aa2ee4-d0da-11f0-9ba0-fc3fdb83b633,1326B,true,Hoja,,,,,,,,1,false,320126ac-d0da-11f0-9ba0-fc3fdb83b633,
33aa6987-d0da-11f0-9ba0-fc3fdb83b633,1327A,true,Pecíolo,,,,,,,,1,false,3201291b-d0da-11f0-9ba0-fc3fdb83b633,
33aaaf2f-d0da-11f0-9ba0-fc3fdb83b633,1327B,true,Hoja,,,,,,,,1,false,3201291b-d0da-11f0-9ba0-fc3fdb83b633,
33aaf4a2-d0da-11f0-9ba0-fc3fdb83b633,1327C,true,Hoja,,,,,,,,1,false,3201291b-d0da-11f0-9ba0-fc3fdb83b633,
33ab39e9-d0da-11f0-9ba0-fc3fdb83b633,1327D,true,Hoja,,,,,,,,1,false,3201291b-d0da-11f0-9ba0-fc3fdb83b633,
33ab7f4f-d0da-11f0-9ba0-fc3fdb83b633,1328A,true,Hoja,,,,,,,,1,false,32012b92-d0da-11f0-9ba0-fc3fdb83b633,
33abc439-d0da-11f0-9ba0-fc3fdb83b633,1328B,true,Hoja,,,,,,,,1,false,32012b92-d0da-11f0-9ba0-fc3fdb83b633,
33ac0961-d0da-11f0-9ba0-fc3fdb83b633,1329A,true,Hoja,,,,,,,,1,false,32012df7-d0da-11f0-9ba0-fc3fdb83b633,
33ac4e37-d0da-11f0-9ba0-fc3fdb83b633,1329B,true,Pecíolo,,,,,,,,1,false,32012df7-d0da-11f0-9ba0-fc3fdb83b633,
33ac7933-d0da-11f0-9ba0-fc3fdb83b633,132A,true,Hoja,,,,,,,,1,false,31fb00af-d0da-11f0-9ba0-fc3fdb83b633,3027edbd-d0da-11f0-9ba0-fc3fdb83b633
33acc3ad-d0da-11f0-9ba0-fc3fdb83b633,132B,true,Hoja,,,,,,,,1,false,31fb00af-d0da-11f0-9ba0-fc3fdb83b633,3027edbd-d0da-11f0-9ba0-fc3fdb83b633
33ad0b07-d0da-11f0-9ba0-fc3fdb83b633,132C,true,Hoja,,,,,,,,1,false,31fb00af-d0da-11f0-9ba0-fc3fdb83b633,3027edbd-d0da-11f0-9ba0-fc3fdb83b633
33ad54c3-d0da-11f0-9ba0-fc3fdb83b633,132D,true,Hoja,,,,,,,,1,false,31fb00af-d0da-11f0-9ba0-fc3fdb83b633,3027edbd-d0da-11f0-9ba0-fc3fdb83b633
33ad9a11-d0da-11f0-9ba0-fc3fdb83b633,132E,true,Hoja,,,,,,,,1,false,31fb00af-d0da-11f0-9ba0-fc3fdb83b633,3027edbd-d0da-11f0-9ba0-fc3fdb83b633
33adf8a8-d0da-11f0-9ba0-fc3fdb83b633,1330A,true,Pecíolo,,,,,,,,1,false,3201450d-d0da-11f0-9ba0-fc3fdb83b633,
33ae3cdd-d0da-11f0-9ba0-fc3fdb83b633,1331A,true,Pecíolo,,,,,,,,1,false,320149df-d0da-11f0-9ba0-fc3fdb83b633,
33ae81ed-d0da-11f0-9ba0-fc3fdb83b633,1332A,true,Rama,,,,,,,,1,false,32014dc2-d0da-11f0-9ba0-fc3fdb83b633,
33aec67d-d0da-11f0-9ba0-fc3fdb83b633,1332B,true,Rama,,,,,,,,1,false,32014dc2-d0da-11f0-9ba0-fc3fdb83b633,
33af1246-d0da-11f0-9ba0-fc3fdb83b633,1332C,true,Rama,,,,,,,,1,false,32014dc2-d0da-11f0-9ba0-fc3fdb83b633,
33af5c1f-d0da-11f0-9ba0-fc3fdb83b633,1333A,true,Hoja,,,,,,,,1,false,32015165-d0da-11f0-9ba0-fc3fdb83b633,
33af9c77-d0da-11f0-9ba0-fc3fdb83b633,1333B,true,Hoja,,,,,,,,1,false,32015165-d0da-11f0-9ba0-fc3fdb83b633,
33afc313-d0da-11f0-9ba0-fc3fdb83b633,1333C,true,Hoja,,,,,,,,1,false,32015165-d0da-11f0-9ba0-fc3fdb83b633,
33afef0d-d0da-11f0-9ba0-fc3fdb83b633,1333D,true,Hoja,,,,,,,,1,false,32015165-d0da-11f0-9ba0-fc3fdb83b633,
33b01666-d0da-11f0-9ba0-fc3fdb83b633,1334A,true,Pecíolo,,,,,,,,1,false,32015558-d0da-11f0-9ba0-fc3fdb83b633,
33b03ac1-d0da-11f0-9ba0-fc3fdb83b633,1334B,true,Rama,,,,,,,,1,false,32015558-d0da-11f0-9ba0-fc3fdb83b633,
33b05f05-d0da-11f0-9ba0-fc3fdb83b633,1334C,true,Pecíolo,,,,,,,,1,false,32015558-d0da-11f0-9ba0-fc3fdb83b633,
33b0833d-d0da-11f0-9ba0-fc3fdb83b633,1334D,true,Rama,,,,,,,,1,false,32015558-d0da-11f0-9ba0-fc3fdb83b633,
33b0a77b-d0da-11f0-9ba0-fc3fdb83b633,1334E,true,Hoja,,,,,,,,1,false,32015558-d0da-11f0-9ba0-fc3fdb83b633,
33b0cbc4-d0da-11f0-9ba0-fc3fdb83b633,1335A,true,Hoja,,,,,,,,1,false,320159ca-d0da-11f0-9ba0-fc3fdb83b633,
33b0f01c-d0da-11f0-9ba0-fc3fdb83b633,1335B,true,Rama,,,,,,,,1,false,320159ca-d0da-11f0-9ba0-fc3fdb83b633,
33b1068e-d0da-11f0-9ba0-fc3fdb83b633,133A,true,Hoja,,,,,,,,1,false,31fb0312-d0da-11f0-9ba0-fc3fdb83b633,3027edbd-d0da-11f0-9ba0-fc3fdb83b633
33b12b6e-d0da-11f0-9ba0-fc3fdb83b633,133B,true,Hoja,,,,,,,,1,false,31fb0312-d0da-11f0-9ba0-fc3fdb83b633,3027edbd-d0da-11f0-9ba0-fc3fdb83b633
33b1541d-d0da-11f0-9ba0-fc3fdb83b633,133C,true,Hoja,,,,,,,,1,false,31fb0312-d0da-11f0-9ba0-fc3fdb83b633,3027edbd-d0da-11f0-9ba0-fc3fdb83b633
33b183d2-d0da-11f0-9ba0-fc3fdb83b633,133D,true,Hoja,,,,,,,,1,false,31fb0312-d0da-11f0-9ba0-fc3fdb83b633,3027edbd-d0da-11f0-9ba0-fc3fdb83b633
33b22491-d0da-11f0-9ba0-fc3fdb83b633,134A,true,Hoja,,,,,,,,1,false,31fb0579-d0da-11f0-9ba0-fc3fdb83b633,3027edbd-d0da-11f0-9ba0-fc3fdb83b633
33b26990-d0da-11f0-9ba0-fc3fdb83b633,134B,true,Hoja,,,,,,,,1,false,31fb0579-d0da-11f0-9ba0-fc3fdb83b633,3027f4ae-d0da-11f0-9ba0-fc3fdb83b633
33b2b1d1-d0da-11f0-9ba0-fc3fdb83b633,134C,true,Hoja,,,,,,,,1,false,31fb0579-d0da-11f0-9ba0-fc3fdb83b633,3027edbd-d0da-11f0-9ba0-fc3fdb83b633
33b31456-d0da-11f0-9ba0-fc3fdb83b633,1355A,true,Pecíolo,,,,,,,,1,false,32015da0-d0da-11f0-9ba0-fc3fdb83b633,
33b35c21-d0da-11f0-9ba0-fc3fdb83b633,1355B,true,Pecíolo,,,,,,,,1,false,32015da0-d0da-11f0-9ba0-fc3fdb83b633,
33b3a27f-d0da-11f0-9ba0-fc3fdb83b633,1355C,true,Pecíolo,,,,,,,,1,false,32015da0-d0da-11f0-9ba0-fc3fdb83b633,
33b3e80b-d0da-11f0-9ba0-fc3fdb83b633,1355D,true,Hoja,,,,,,,,1,false,32015da0-d0da-11f0-9ba0-fc3fdb83b633,
33b43dc9-d0da-11f0-9ba0-fc3fdb83b633,1355E,true,Hoja,,,,,,,,1,false,32015da0-d0da-11f0-9ba0-fc3fdb83b633,
33b48dbd-d0da-11f0-9ba0-fc3fdb83b633,1355F,true,Rama,,,,,,,,1,false,32015da0-d0da-11f0-9ba0-fc3fdb83b633,
33b4d254-d0da-11f0-9ba0-fc3fdb83b633,1355G,true,Hoja,,,,,,,,1,false,32015da0-d0da-11f0-9ba0-fc3fdb83b633,
33b51637-d0da-11f0-9ba0-fc3fdb83b633,1356A,true,Hoja,,,,,,,,1,false,3201621e-d0da-11f0-9ba0-fc3fdb83b633,
33b55a1e-d0da-11f0-9ba0-fc3fdb83b633,1356B,true,Hoja,,,,,,,,1,false,3201621e-d0da-11f0-9ba0-fc3fdb83b633,
33b59dd9-d0da-11f0-9ba0-fc3fdb83b633,1356C,true,Hoja,,,,,,,,1,false,3201621e-d0da-11f0-9ba0-fc3fdb83b633,
33b5e1d5-d0da-11f0-9ba0-fc3fdb83b633,1356D,true,Hoja,,,,,,,,1,false,3201621e-d0da-11f0-9ba0-fc3fdb83b633,
33b62573-d0da-11f0-9ba0-fc3fdb83b633,1356E,true,Hoja,,,,,,,,1,false,3201621e-d0da-11f0-9ba0-fc3fdb83b633,
33b669c4-d0da-11f0-9ba0-fc3fdb83b633,1357A,true,Hoja,,,,,,,,1,false,320165a6-d0da-11f0-9ba0-fc3fdb83b633,
33b6bc87-d0da-11f0-9ba0-fc3fdb83b633,1357B,true,Hoja,,,,,,,,1,false,320165a6-d0da-11f0-9ba0-fc3fdb83b633,
33b6f8b4-d0da-11f0-9ba0-fc3fdb83b633,1357C,true,Hoja,,,,,,,,1,false,320165a6-d0da-11f0-9ba0-fc3fdb83b633,
33b71e31-d0da-11f0-9ba0-fc3fdb83b633,1357D,true,Rama,,,,,,,,1,false,320165a6-d0da-11f0-9ba0-fc3fdb83b633,
33b74657-d0da-11f0-9ba0-fc3fdb83b633,1357E,true,Hoja,,,,,,,,1,false,320165a6-d0da-11f0-9ba0-fc3fdb83b633,
33b76b01-d0da-11f0-9ba0-fc3fdb83b633,1357F,true,Hoja,,,,,,,,1,false,320165a6-d0da-11f0-9ba0-fc3fdb83b633,
33b797db-d0da-11f0-9ba0-fc3fdb83b633,1357G,true,Hoja,,,,,,,,1,false,320165a6-d0da-11f0-9ba0-fc3fdb83b633,
33b7bea7-d0da-11f0-9ba0-fc3fdb83b633,1357H,true,Hoja,,,,,,,,1,false,320165a6-d0da-11f0-9ba0-fc3fdb83b633,
33b7e2dd-d0da-11f0-9ba0-fc3fdb83b633,1357I,true,Hoja,,,,,,,,1,false,320165a6-d0da-11f0-9ba0-fc3fdb83b633,
33b8072d-d0da-11f0-9ba0-fc3fdb83b633,1357J,true,Pecíolo,,,,,,,,1,false,320165a6-d0da-11f0-9ba0-fc3fdb83b633,
33b82b8d-d0da-11f0-9ba0-fc3fdb83b633,1358A,true,Rama,,,,,,,,1,false,32016a4a-d0da-11f0-9ba0-fc3fdb83b633,
33b84fb9-d0da-11f0-9ba0-fc3fdb83b633,1358B,true,Hoja,,,,,,,,1,false,32016a4a-d0da-11f0-9ba0-fc3fdb83b633,
33b873ee-d0da-11f0-9ba0-fc3fdb83b633,1358C,true,Hoja,,,,,,,,1,false,32016a4a-d0da-11f0-9ba0-fc3fdb83b633,
33b89aa2-d0da-11f0-9ba0-fc3fdb83b633,1358D,true,Hoja,,,,,,,,1,false,32016a4a-d0da-11f0-9ba0-fc3fdb83b633,
33b8bf57-d0da-11f0-9ba0-fc3fdb83b633,1358E,true,Rama,,,,,,,,1,false,32016a4a-d0da-11f0-9ba0-fc3fdb83b633,
33b8e3d3-d0da-11f0-9ba0-fc3fdb83b633,1358F,true,Hoja,,,,,,,,1,false,32016a4a-d0da-11f0-9ba0-fc3fdb83b633,
33b90f5f-d0da-11f0-9ba0-fc3fdb83b633,1358H,true,Hoja,,,,,,,,1,false,32016a4a-d0da-11f0-9ba0-fc3fdb83b633,
33b9705c-d0da-11f0-9ba0-fc3fdb83b633,1359A,true,Pecíolo,,,,,,,,1,false,32016de6-d0da-11f0-9ba0-fc3fdb83b633,
33b9be90-d0da-11f0-9ba0-fc3fdb83b633,1359B,true,Pecíolo,,,,,,,,1,false,32016de6-d0da-11f0-9ba0-fc3fdb83b633,
33ba036d-d0da-11f0-9ba0-fc3fdb83b633,1359C,true,Hoja,,,,,,,,1,false,32016de6-d0da-11f0-9ba0-fc3fdb83b633,
33ba48f5-d0da-11f0-9ba0-fc3fdb83b633,1359D,true,Rama,,,,,,,,1,false,32016de6-d0da-11f0-9ba0-fc3fdb83b633,
33ba91a7-d0da-11f0-9ba0-fc3fdb83b633,1359E,true,Hoja,,,,,,,,1,false,32016de6-d0da-11f0-9ba0-fc3fdb83b633,
33bad8e6-d0da-11f0-9ba0-fc3fdb83b633,1359F,true,Hoja,,,,,,,,1,false,32016de6-d0da-11f0-9ba0-fc3fdb83b633,
33bb1e92-d0da-11f0-9ba0-fc3fdb83b633,1359G,true,Hoja,,,,,,,,1,false,32016de6-d0da-11f0-9ba0-fc3fdb83b633,
33bb48f2-d0da-11f0-9ba0-fc3fdb83b633,135A,true,Hoja,,,,,,,,1,false,31fb07e3-d0da-11f0-9ba0-fc3fdb83b633,3027edbd-d0da-11f0-9ba0-fc3fdb83b633
33bb8ef3-d0da-11f0-9ba0-fc3fdb83b633,135B,true,Hoja,,,,,,,,1,false,31fb07e3-d0da-11f0-9ba0-fc3fdb83b633,3027fa41-d0da-11f0-9ba0-fc3fdb83b633
33bc0cc0-d0da-11f0-9ba0-fc3fdb83b633,135C,true,Hoja,,,,,,,,1,false,31fb07e3-d0da-11f0-9ba0-fc3fdb83b633,3027edbd-d0da-11f0-9ba0-fc3fdb83b633
33bc5286-d0da-11f0-9ba0-fc3fdb83b633,135D,true,Hoja,,,,,,,,1,false,31fb07e3-d0da-11f0-9ba0-fc3fdb83b633,3027edbd-d0da-11f0-9ba0-fc3fdb83b633
33bc95ac-d0da-11f0-9ba0-fc3fdb83b633,135E,true,Hoja,,,,,,,,1,false,31fb07e3-d0da-11f0-9ba0-fc3fdb83b633,3027edbd-d0da-11f0-9ba0-fc3fdb83b633
33bcf132-d0da-11f0-9ba0-fc3fdb83b633,1360A,true,Pecíolo,,,,,,,,1,false,32017187-d0da-11f0-9ba0-fc3fdb83b633,
33bd3243-d0da-11f0-9ba0-fc3fdb83b633,1360B,true,Pecíolo,,,,,,,,1,false,32017187-d0da-11f0-9ba0-fc3fdb83b633,
33bd7340-d0da-11f0-9ba0-fc3fdb83b633,1360C,true,Pecíolo,,,,,,,,1,false,32017187-d0da-11f0-9ba0-fc3fdb83b633,
33bdb46c-d0da-11f0-9ba0-fc3fdb83b633,1360D,true,Pecíolo,,,,,,,,1,false,32017187-d0da-11f0-9ba0-fc3fdb83b633,
33bdf561-d0da-11f0-9ba0-fc3fdb83b633,1361A,true,Hoja,,,,,,,,1,false,32017536-d0da-11f0-9ba0-fc3fdb83b633,
33be38b8-d0da-11f0-9ba0-fc3fdb83b633,1361B,true,Raíz,,,,,,,,1,false,32017536-d0da-11f0-9ba0-fc3fdb83b633,
33be732a-d0da-11f0-9ba0-fc3fdb83b633,1361C,true,Hoja,,,,,,,,1,false,32017536-d0da-11f0-9ba0-fc3fdb83b633,
33be98bf-d0da-11f0-9ba0-fc3fdb83b633,1361D,true,Hoja,,,,,,,,1,false,32017536-d0da-11f0-9ba0-fc3fdb83b633,
33bebdab-d0da-11f0-9ba0-fc3fdb83b633,1361E,true,Raíz,,,,,,,,1,false,32017536-d0da-11f0-9ba0-fc3fdb83b633,
33bee458-d0da-11f0-9ba0-fc3fdb83b633,1361F,true,Hoja,,,,,,,,1,false,32017536-d0da-11f0-9ba0-fc3fdb83b633,
33bf08f6-d0da-11f0-9ba0-fc3fdb83b633,1361G,true,Hoja,,,,,,,,1,false,32017536-d0da-11f0-9ba0-fc3fdb83b633,
33bf42a0-d0da-11f0-9ba0-fc3fdb83b633,1362A,true,Hoja,,,,,,,,1,false,320178eb-d0da-11f0-9ba0-fc3fdb83b633,
33bf840f-d0da-11f0-9ba0-fc3fdb83b633,1362B,true,Rama,,,,,,,,1,false,320178eb-d0da-11f0-9ba0-fc3fdb83b633,
33bfc52d-d0da-11f0-9ba0-fc3fdb83b633,1362C,true,Hoja,,,,,,,,1,false,320178eb-d0da-11f0-9ba0-fc3fdb83b633,
33c00642-d0da-11f0-9ba0-fc3fdb83b633,1363A,true,Rama,,,,,,,,1,false,32017cae-d0da-11f0-9ba0-fc3fdb83b633,
33c04771-d0da-11f0-9ba0-fc3fdb83b633,1363B,true,Hoja,,,,,,,,1,false,32017cae-d0da-11f0-9ba0-fc3fdb83b633,
33c08aa9-d0da-11f0-9ba0-fc3fdb83b633,1363C,true,Pecíolo,,,,,,,,1,false,32017cae-d0da-11f0-9ba0-fc3fdb83b633,
33c0cdd7-d0da-11f0-9ba0-fc3fdb83b633,1363D,true,Pecíolo,,,,,,,,1,false,32017cae-d0da-11f0-9ba0-fc3fdb83b633,
33c11665-d0da-11f0-9ba0-fc3fdb83b633,1363E,true,Hoja,,,,,,,,1,false,32017cae-d0da-11f0-9ba0-fc3fdb83b633,
33c166ec-d0da-11f0-9ba0-fc3fdb83b633,1363F,true,Pecíolo,,,,,,,,1,false,32017cae-d0da-11f0-9ba0-fc3fdb83b633,
33c1a89c-d0da-11f0-9ba0-fc3fdb83b633,1363G,true,Rama,,,,,,,,1,false,32017cae-d0da-11f0-9ba0-fc3fdb83b633,
33c1ec86-d0da-11f0-9ba0-fc3fdb83b633,1363H,true,Hoja,,,,,,,,1,false,32017cae-d0da-11f0-9ba0-fc3fdb83b633,
33c23140-d0da-11f0-9ba0-fc3fdb83b633,1364A,true,Hoja,,,,,,,,1,false,320180d9-d0da-11f0-9ba0-fc3fdb83b633,
33c27622-d0da-11f0-9ba0-fc3fdb83b633,1364B,true,Hoja,,,,,,,,1,false,320180d9-d0da-11f0-9ba0-fc3fdb83b633,
33c2b916-d0da-11f0-9ba0-fc3fdb83b633,1364C,true,Hoja,,,,,,,,1,false,320180d9-d0da-11f0-9ba0-fc3fdb83b633,
33c30406-d0da-11f0-9ba0-fc3fdb83b633,1364D,true,Hoja,,,,,,,,1,false,320180d9-d0da-11f0-9ba0-fc3fdb83b633,
33c36bd5-d0da-11f0-9ba0-fc3fdb83b633,1364E,true,Hoja,,,,,,,,1,false,320180d9-d0da-11f0-9ba0-fc3fdb83b633,
33c3b5f3-d0da-11f0-9ba0-fc3fdb83b633,1364F,true,Hoja,,,,,,,,1,false,320180d9-d0da-11f0-9ba0-fc3fdb83b633,
33c3f8b1-d0da-11f0-9ba0-fc3fdb83b633,1364G,true,Hoja,,,,,,,,1,false,320180d9-d0da-11f0-9ba0-fc3fdb83b633,
33c43a23-d0da-11f0-9ba0-fc3fdb83b633,1365A,true,Fruto,,,,,,,,1,false,3201849c-d0da-11f0-9ba0-fc3fdb83b633,
33c47c17-d0da-11f0-9ba0-fc3fdb83b633,1365B,true,Rama,,,,,,,,1,false,3201849c-d0da-11f0-9ba0-fc3fdb83b633,
33c4bd43-d0da-11f0-9ba0-fc3fdb83b633,1365C,true,Fruto,,,,,,,,1,false,3201849c-d0da-11f0-9ba0-fc3fdb83b633,
33c4fe2c-d0da-11f0-9ba0-fc3fdb83b633,1366A,true,Hoja,,,,,,,,1,false,320190e7-d0da-11f0-9ba0-fc3fdb83b633,
33c53c7e-d0da-11f0-9ba0-fc3fdb83b633,1366B,true,Rama,,,,,,,,1,false,320190e7-d0da-11f0-9ba0-fc3fdb83b633,
33c578c3-d0da-11f0-9ba0-fc3fdb83b633,1366C,true,Pecíolo,,,,,,,,1,false,320190e7-d0da-11f0-9ba0-fc3fdb83b633,
33c5bc91-d0da-11f0-9ba0-fc3fdb83b633,1366D,true,Rama,,,,,,,,1,false,320190e7-d0da-11f0-9ba0-fc3fdb83b633,
33c60b84-d0da-11f0-9ba0-fc3fdb83b633,1366E,true,Hoja,,,,,,,,1,false,320190e7-d0da-11f0-9ba0-fc3fdb83b633,
33c65058-d0da-11f0-9ba0-fc3fdb83b633,1366F,true,Pecíolo,,,,,,,,1,false,320190e7-d0da-11f0-9ba0-fc3fdb83b633,
33c69463-d0da-11f0-9ba0-fc3fdb83b633,1366G,true,Pecíolo,,,,,,,,1,false,320190e7-d0da-11f0-9ba0-fc3fdb83b633,
33c6ced8-d0da-11f0-9ba0-fc3fdb83b633,1367A,true,Rama,,,,,,,,1,false,32019434-d0da-11f0-9ba0-fc3fdb83b633,
33c6f63a-d0da-11f0-9ba0-fc3fdb83b633,1367B,true,Pecíolo,,,,,,,,1,false,32019434-d0da-11f0-9ba0-fc3fdb83b633,
33c719a0-d0da-11f0-9ba0-fc3fdb83b633,1367C,true,Hoja,,,,,,,,1,false,32019434-d0da-11f0-9ba0-fc3fdb83b633,
33c73ce0-d0da-11f0-9ba0-fc3fdb83b633,1367D,true,Hoja,,,,,,,,1,false,32019434-d0da-11f0-9ba0-fc3fdb83b633,
33c7600f-d0da-11f0-9ba0-fc3fdb83b633,1367E,true,Rama,,,,,,,,1,false,32019434-d0da-11f0-9ba0-fc3fdb83b633,
33c7833a-d0da-11f0-9ba0-fc3fdb83b633,1367F,true,Hoja,,,,,,,,1,false,32019434-d0da-11f0-9ba0-fc3fdb83b633,
33c7a679-d0da-11f0-9ba0-fc3fdb83b633,1367G,true,Hoja,,,,,,,,1,false,32019434-d0da-11f0-9ba0-fc3fdb83b633,
33c7dbc5-d0da-11f0-9ba0-fc3fdb83b633,1367H,true,Hoja,,,,,,,,1,false,32019434-d0da-11f0-9ba0-fc3fdb83b633,
33c8464f-d0da-11f0-9ba0-fc3fdb83b633,1368A,true,Hoja,,,,,,,,1,false,32019717-d0da-11f0-9ba0-fc3fdb83b633,
33c89db5-d0da-11f0-9ba0-fc3fdb83b633,1369A,true,Raíz,,,,,,,,1,false,32019a03-d0da-11f0-9ba0-fc3fdb83b633,
33c8f65a-d0da-11f0-9ba0-fc3fdb83b633,1369B,true,Rama,,,,,,,,1,false,32019a03-d0da-11f0-9ba0-fc3fdb83b633,
33c93a90-d0da-11f0-9ba0-fc3fdb83b633,1369C,true,Raíz,,,,,,,,1,false,32019a03-d0da-11f0-9ba0-fc3fdb83b633,
33c98139-d0da-11f0-9ba0-fc3fdb83b633,1369D,true,Hoja,,,,,,,,1,false,32019a03-d0da-11f0-9ba0-fc3fdb83b633,
33c9d225-d0da-11f0-9ba0-fc3fdb83b633,1369E,true,Hoja,,,,,,,,1,false,32019a03-d0da-11f0-9ba0-fc3fdb83b633,
33ca1af0-d0da-11f0-9ba0-fc3fdb83b633,1369F,true,Raíz,,,,,,,,1,false,32019a03-d0da-11f0-9ba0-fc3fdb83b633,
33ca565f-d0da-11f0-9ba0-fc3fdb83b633,136A,true,Hoja,,,,,,,,1,false,31fb0a48-d0da-11f0-9ba0-fc3fdb83b633,3028029a-d0da-11f0-9ba0-fc3fdb83b633
33cab6cd-d0da-11f0-9ba0-fc3fdb83b633,136B,true,Hoja,,,,,,,,1,false,31fb0a48-d0da-11f0-9ba0-fc3fdb83b633,3028039b-d0da-11f0-9ba0-fc3fdb83b633
33cb827f-d0da-11f0-9ba0-fc3fdb83b633,1370A,true,Rama,,,,,,,,1,false,3201a03e-d0da-11f0-9ba0-fc3fdb83b633,
33cbcbfa-d0da-11f0-9ba0-fc3fdb83b633,1370B,true,Hoja,,,,,,,,1,false,3201a03e-d0da-11f0-9ba0-fc3fdb83b633,
33cc1239-d0da-11f0-9ba0-fc3fdb83b633,1370C,true,Hoja,,,,,,,,1,false,3201a03e-d0da-11f0-9ba0-fc3fdb83b633,
33cc57d0-d0da-11f0-9ba0-fc3fdb83b633,1371A,true,Hoja,,,,,,,,1,false,3201a35a-d0da-11f0-9ba0-fc3fdb83b633,
33cc9f05-d0da-11f0-9ba0-fc3fdb83b633,1371B,true,Hoja,,,,,,,,1,false,3201a35a-d0da-11f0-9ba0-fc3fdb83b633,
33cce438-d0da-11f0-9ba0-fc3fdb83b633,1371C,true,Hoja,,,,,,,,1,false,3201a35a-d0da-11f0-9ba0-fc3fdb83b633,
33cd2838-d0da-11f0-9ba0-fc3fdb83b633,1371D,true,Hoja,,,,,,,,1,false,3201a35a-d0da-11f0-9ba0-fc3fdb83b633,
33cd6bca-d0da-11f0-9ba0-fc3fdb83b633,1372A,true,Hoja,,,,,,,,1,false,3201a660-d0da-11f0-9ba0-fc3fdb83b633,
33cdc610-d0da-11f0-9ba0-fc3fdb83b633,1372B,true,Hoja,,,,,,,,1,false,3201a660-d0da-11f0-9ba0-fc3fdb83b633,
33ce0a68-d0da-11f0-9ba0-fc3fdb83b633,1372C,true,Raíz,,,,,,,,1,false,3201a660-d0da-11f0-9ba0-fc3fdb83b633,
33ce4e0c-d0da-11f0-9ba0-fc3fdb83b633,1372D,true,Hoja,,,,,,,,1,false,3201a660-d0da-11f0-9ba0-fc3fdb83b633,
33ce96ff-d0da-11f0-9ba0-fc3fdb83b633,1372E,true,Hoja,,,,,,,,1,false,3201a660-d0da-11f0-9ba0-fc3fdb83b633,
33cedd15-d0da-11f0-9ba0-fc3fdb83b633,1372F,true,Hoja,,,,,,,,1,false,3201a660-d0da-11f0-9ba0-fc3fdb83b633,
33cf2351-d0da-11f0-9ba0-fc3fdb83b633,1372G,true,Raíz,,,,,,,,1,false,3201a660-d0da-11f0-9ba0-fc3fdb83b633,
33cf68d8-d0da-11f0-9ba0-fc3fdb83b633,1372H,true,Hoja,,,,,,,,1,false,3201a660-d0da-11f0-9ba0-fc3fdb83b633,
33cfae4c-d0da-11f0-9ba0-fc3fdb83b633,1372I,true,Raíz,,,,,,,,1,false,3201a660-d0da-11f0-9ba0-fc3fdb83b633,
33cffce6-d0da-11f0-9ba0-fc3fdb83b633,1373A,true,Rama,,,,,,,,1,false,3201a944-d0da-11f0-9ba0-fc3fdb83b633,
33d07745-d0da-11f0-9ba0-fc3fdb83b633,1373B,true,Hoja,,,,,,,,1,false,3201a944-d0da-11f0-9ba0-fc3fdb83b633,
33d09d17-d0da-11f0-9ba0-fc3fdb83b633,1374A,true,Hoja,,,,,,,,1,false,3201ac35-d0da-11f0-9ba0-fc3fdb83b633,
33d0c58f-d0da-11f0-9ba0-fc3fdb83b633,1374B,true,Rama,,,,,,,,1,false,3201ac35-d0da-11f0-9ba0-fc3fdb83b633,
33d0eb91-d0da-11f0-9ba0-fc3fdb83b633,1374C,true,Rama,,,,,,,,1,false,3201ac35-d0da-11f0-9ba0-fc3fdb83b633,
33d10fac-d0da-11f0-9ba0-fc3fdb83b633,1374D,true,Pecíolo,,,,,,,,1,false,3201ac35-d0da-11f0-9ba0-fc3fdb83b633,
33d13629-d0da-11f0-9ba0-fc3fdb83b633,1374E,true,Hoja,,,,,,,,1,false,3201ac35-d0da-11f0-9ba0-fc3fdb83b633,
33d18dd9-d0da-11f0-9ba0-fc3fdb83b633,1374F,true,Rama,,,,,,,,1,false,3201ac35-d0da-11f0-9ba0-fc3fdb83b633,
33d1d403-d0da-11f0-9ba0-fc3fdb83b633,1374G,true,Rama,,,,,,,,1,false,3201ac35-d0da-11f0-9ba0-fc3fdb83b633,
33d2195e-d0da-11f0-9ba0-fc3fdb83b633,1374H,true,Rama,,,,,,,,1,false,3201ac35-d0da-11f0-9ba0-fc3fdb83b633,
33d25e89-d0da-11f0-9ba0-fc3fdb83b633,1374I,true,Rama,,,,,,,,1,false,3201ac35-d0da-11f0-9ba0-fc3fdb83b633,
33d2ad89-d0da-11f0-9ba0-fc3fdb83b633,1374J,true,Pecíolo,,,,,,,,1,false,3201ac35-d0da-11f0-9ba0-fc3fdb83b633,
33d2f736-d0da-11f0-9ba0-fc3fdb83b633,1375A,true,Pecíolo,,,,,,,,1,false,3201af39-d0da-11f0-9ba0-fc3fdb83b633,
33d32338-d0da-11f0-9ba0-fc3fdb83b633,1375B,true,Rama,,,,,,,,1,false,3201af39-d0da-11f0-9ba0-fc3fdb83b633,
33d34a4c-d0da-11f0-9ba0-fc3fdb83b633,1375C,true,Rama,,,,,,,,1,false,3201af39-d0da-11f0-9ba0-fc3fdb83b633,
33d3706b-d0da-11f0-9ba0-fc3fdb83b633,1376A,true,Rama,,,,,,,,1,false,3201b20b-d0da-11f0-9ba0-fc3fdb83b633,
33d394b3-d0da-11f0-9ba0-fc3fdb83b633,1376B,true,Pecíolo,,,,,,,,1,false,3201b20b-d0da-11f0-9ba0-fc3fdb83b633,
33d3c1f2-d0da-11f0-9ba0-fc3fdb83b633,1376C,true,Hoja,,,,,,,,1,false,3201b20b-d0da-11f0-9ba0-fc3fdb83b633,
33d3eaa4-d0da-11f0-9ba0-fc3fdb83b633,1377A,true,Hoja,,,,,,,,1,false,3201b4e5-d0da-11f0-9ba0-fc3fdb83b633,
33d4103d-d0da-11f0-9ba0-fc3fdb83b633,1377B,true,Hoja,,,,,,,,1,false,3201b4e5-d0da-11f0-9ba0-fc3fdb83b633,
33d441be-d0da-11f0-9ba0-fc3fdb83b633,1377C,true,Hoja,,,,,,,,1,false,3201b4e5-d0da-11f0-9ba0-fc3fdb83b633,
33d492bc-d0da-11f0-9ba0-fc3fdb83b633,1379A,true,Pecíolo,,,,,,,,1,false,3201b75e-d0da-11f0-9ba0-fc3fdb83b633,
33d4d8ff-d0da-11f0-9ba0-fc3fdb83b633,1379B,true,Rama,,,,,,,,1,false,3201b75e-d0da-11f0-9ba0-fc3fdb83b633,
33d51fab-d0da-11f0-9ba0-fc3fdb83b633,1379C,true,Hoja,,,,,,,,1,false,3201b75e-d0da-11f0-9ba0-fc3fdb83b633,
33d58069-d0da-11f0-9ba0-fc3fdb83b633,1379D,true,Rama,,,,,,,,1,false,3201b75e-d0da-11f0-9ba0-fc3fdb83b633,
33d5c6f8-d0da-11f0-9ba0-fc3fdb83b633,1379E,true,Hoja,,,,,,,,1,false,3201b75e-d0da-11f0-9ba0-fc3fdb83b633,
33d60a61-d0da-11f0-9ba0-fc3fdb83b633,1379F,true,Pecíolo,,,,,,,,1,false,3201b75e-d0da-11f0-9ba0-fc3fdb83b633,
33d7a664-d0da-11f0-9ba0-fc3fdb83b633,1379G,true,Rama,,,,,,,,1,false,3201b75e-d0da-11f0-9ba0-fc3fdb83b633,
33d802f9-d0da-11f0-9ba0-fc3fdb83b633,137A,true,Hoja,,,,,,,,1,false,31fb0cc3-d0da-11f0-9ba0-fc3fdb83b633,3027edbd-d0da-11f0-9ba0-fc3fdb83b633
33d84bfd-d0da-11f0-9ba0-fc3fdb83b633,137B,true,Hoja,,,,,,,,1,false,31fb0cc3-d0da-11f0-9ba0-fc3fdb83b633,3027edbd-d0da-11f0-9ba0-fc3fdb83b633
33d8e752-d0da-11f0-9ba0-fc3fdb83b633,137C,true,Hoja,,,,,,,,1,false,31fb0cc3-d0da-11f0-9ba0-fc3fdb83b633,3027edbd-d0da-11f0-9ba0-fc3fdb83b633
33d95444-d0da-11f0-9ba0-fc3fdb83b633,137D,true,Hoja,,,,,,,,1,false,31fb0cc3-d0da-11f0-9ba0-fc3fdb83b633,3027edbd-d0da-11f0-9ba0-fc3fdb83b633
33d98059-d0da-11f0-9ba0-fc3fdb83b633,137E,true,Hoja,,,,,,,,1,false,31fb0cc3-d0da-11f0-9ba0-fc3fdb83b633,3027edbd-d0da-11f0-9ba0-fc3fdb83b633
33d9b3f6-d0da-11f0-9ba0-fc3fdb83b633,1380A,true,Hoja,,,,,,,,1,false,3201b9e0-d0da-11f0-9ba0-fc3fdb83b633,
33d9da90-d0da-11f0-9ba0-fc3fdb83b633,1381A,true,Hoja,,,,,,,,1,false,3201bc63-d0da-11f0-9ba0-fc3fdb83b633,
33da0239-d0da-11f0-9ba0-fc3fdb83b633,1381B,true,Hoja,,,,,,,,1,false,3201bc63-d0da-11f0-9ba0-fc3fdb83b633,
33da26af-d0da-11f0-9ba0-fc3fdb83b633,1381C,true,Hoja,,,,,,,,1,false,3201bc63-d0da-11f0-9ba0-fc3fdb83b633,
33daa283-d0da-11f0-9ba0-fc3fdb83b633,1381D,true,Pecíolo,,,,,,,,1,false,3201bc63-d0da-11f0-9ba0-fc3fdb83b633,
33db0804-d0da-11f0-9ba0-fc3fdb83b633,1381E,true,Rama,,,,,,,,1,false,3201bc63-d0da-11f0-9ba0-fc3fdb83b633,
33db5178-d0da-11f0-9ba0-fc3fdb83b633,1381F,true,Rama,,,,,,,,1,false,3201bc63-d0da-11f0-9ba0-fc3fdb83b633,
33db98ba-d0da-11f0-9ba0-fc3fdb83b633,1381G,true,Hoja,,,,,,,,1,false,3201bc63-d0da-11f0-9ba0-fc3fdb83b633,
33dbe045-d0da-11f0-9ba0-fc3fdb83b633,1382A,true,Hoja,,,,,,,,1,false,3201bf1c-d0da-11f0-9ba0-fc3fdb83b633,
33dc26c6-d0da-11f0-9ba0-fc3fdb83b633,1382B,true,Pecíolo,,,,,,,,1,false,3201bf1c-d0da-11f0-9ba0-fc3fdb83b633,
33dc6d2f-d0da-11f0-9ba0-fc3fdb83b633,1382C,true,Pecíolo,,,,,,,,1,false,3201bf1c-d0da-11f0-9ba0-fc3fdb83b633,
33dcc83c-d0da-11f0-9ba0-fc3fdb83b633,1383A,true,Hoja,,,,,,,,1,false,3201c1d2-d0da-11f0-9ba0-fc3fdb83b633,
33dd4078-d0da-11f0-9ba0-fc3fdb83b633,1383B,true,Hoja,,,,,,,,1,false,3201c1d2-d0da-11f0-9ba0-fc3fdb83b633,
33ddca5f-d0da-11f0-9ba0-fc3fdb83b633,1385A,true,Hoja,,,,,,,,1,false,3201c489-d0da-11f0-9ba0-fc3fdb83b633,
33de2c1e-d0da-11f0-9ba0-fc3fdb83b633,1385B,true,Raíz,,,,,,,,1,false,3201c489-d0da-11f0-9ba0-fc3fdb83b633,
33de95b0-d0da-11f0-9ba0-fc3fdb83b633,1385C,true,Hoja,,,,,,,,1,false,3201c489-d0da-11f0-9ba0-fc3fdb83b633,
33dee399-d0da-11f0-9ba0-fc3fdb83b633,1386A,true,Hoja,,,,,,,,1,false,3201c748-d0da-11f0-9ba0-fc3fdb83b633,
33df2afe-d0da-11f0-9ba0-fc3fdb83b633,1386B,true,Hoja,,,,,,,,1,false,3201c748-d0da-11f0-9ba0-fc3fdb83b633,
33df7ec6-d0da-11f0-9ba0-fc3fdb83b633,1386C,true,Raíz,,,,,,,,1,false,3201c748-d0da-11f0-9ba0-fc3fdb83b633,
33dfabf4-d0da-11f0-9ba0-fc3fdb83b633,1387A,true,Hoja,,,,,,,,1,false,3201c9bc-d0da-11f0-9ba0-fc3fdb83b633,
33dfd4cc-d0da-11f0-9ba0-fc3fdb83b633,1389A,true,Rama,,,,,,,,1,false,3201cc39-d0da-11f0-9ba0-fc3fdb83b633,
33dff552-d0da-11f0-9ba0-fc3fdb83b633,138A,true,Hoja,,,,,,,,1,false,31fb0f31-d0da-11f0-9ba0-fc3fdb83b633,3027edbd-d0da-11f0-9ba0-fc3fdb83b633
33e03880-d0da-11f0-9ba0-fc3fdb83b633,138B,true,Hoja,,,,,,,,1,false,31fb0f31-d0da-11f0-9ba0-fc3fdb83b633,3027fac3-d0da-11f0-9ba0-fc3fdb83b633
33e07f5e-d0da-11f0-9ba0-fc3fdb83b633,138C,true,Hoja,,,,,,,,1,false,31fb0f31-d0da-11f0-9ba0-fc3fdb83b633,3027edbd-d0da-11f0-9ba0-fc3fdb83b633
33e0e1bc-d0da-11f0-9ba0-fc3fdb83b633,1391A,true,Rama,,,,,,,,1,false,3201cedd-d0da-11f0-9ba0-fc3fdb83b633,
33e12702-d0da-11f0-9ba0-fc3fdb83b633,1391B,true,Hoja,,,,,,,,1,false,3201cedd-d0da-11f0-9ba0-fc3fdb83b633,
33e16c3e-d0da-11f0-9ba0-fc3fdb83b633,1392A,true,Fruto,,,,,,,,1,false,3201d16b-d0da-11f0-9ba0-fc3fdb83b633,
33e1b181-d0da-11f0-9ba0-fc3fdb83b633,1393A,true,Hoja,,,,,,,,1,false,3201d41f-d0da-11f0-9ba0-fc3fdb83b633,
33e1f8ee-d0da-11f0-9ba0-fc3fdb83b633,1393B,true,Rama,,,,,,,,1,false,3201d41f-d0da-11f0-9ba0-fc3fdb83b633,
33e23c2b-d0da-11f0-9ba0-fc3fdb83b633,1393C,true,Hoja,,,,,,,,1,false,3201d41f-d0da-11f0-9ba0-fc3fdb83b633,
33e273ba-d0da-11f0-9ba0-fc3fdb83b633,1393D,true,Hoja,,,,,,,,1,false,3201d41f-d0da-11f0-9ba0-fc3fdb83b633,
33e2b86f-d0da-11f0-9ba0-fc3fdb83b633,1394A,true,Rama,,,,,,,,1,false,3201d6e5-d0da-11f0-9ba0-fc3fdb83b633,
33e2fc67-d0da-11f0-9ba0-fc3fdb83b633,1396A,true,Rama,,,,,,,,1,false,3201d9af-d0da-11f0-9ba0-fc3fdb83b633,
33e34039-d0da-11f0-9ba0-fc3fdb83b633,1396B,true,Rama,,,,,,,,1,false,3201d9af-d0da-11f0-9ba0-fc3fdb83b633,
33e38419-d0da-11f0-9ba0-fc3fdb83b633,1396C,true,Hoja,,,,,,,,1,false,3201d9af-d0da-11f0-9ba0-fc3fdb83b633,
33e3c908-d0da-11f0-9ba0-fc3fdb83b633,1397A,true,Rama,,,,,,,,1,false,3201dd25-d0da-11f0-9ba0-fc3fdb83b633,
33e40caf-d0da-11f0-9ba0-fc3fdb83b633,1397B,true,Pecíolo,,,,,,,,1,false,3201dd25-d0da-11f0-9ba0-fc3fdb83b633,
33e450a6-d0da-11f0-9ba0-fc3fdb83b633,1399A,true,Rama,,,,,,,,1,false,3201dfb7-d0da-11f0-9ba0-fc3fdb83b633,
33e47f90-d0da-11f0-9ba0-fc3fdb83b633,139A,true,Hoja,,,,,,,,1,false,31fb11b5-d0da-11f0-9ba0-fc3fdb83b633,3027edbd-d0da-11f0-9ba0-fc3fdb83b633
33e4a7df-d0da-11f0-9ba0-fc3fdb83b633,139B,true,Hoja,,,,,,,,1,false,31fb11b5-d0da-11f0-9ba0-fc3fdb83b633,3027edbd-d0da-11f0-9ba0-fc3fdb83b633
33e4e0a3-d0da-11f0-9ba0-fc3fdb83b633,13A,true,Hoja,,,,,,,,1,false,31fc7fd8-d0da-11f0-9ba0-fc3fdb83b633,3027edbd-d0da-11f0-9ba0-fc3fdb83b633
33e554a5-d0da-11f0-9ba0-fc3fdb83b633,1400A,true,Hoja,,,,,,,,1,false,3201e23e-d0da-11f0-9ba0-fc3fdb83b633,
33e5b150-d0da-11f0-9ba0-fc3fdb83b633,1400B,true,Pecíolo,,,,,,,,1,false,3201e23e-d0da-11f0-9ba0-fc3fdb83b633,
33e61291-d0da-11f0-9ba0-fc3fdb83b633,1400C,true,Hoja,,,,,,,,1,false,3201e23e-d0da-11f0-9ba0-fc3fdb83b633,
33e63bed-d0da-11f0-9ba0-fc3fdb83b633,1400D,true,Hoja,,,,,,,,1,false,3201e23e-d0da-11f0-9ba0-fc3fdb83b633,
33e6619c-d0da-11f0-9ba0-fc3fdb83b633,1400E,true,Hoja,,,,,,,,1,false,3201e23e-d0da-11f0-9ba0-fc3fdb83b633,
33e688d4-d0da-11f0-9ba0-fc3fdb83b633,1401A,true,Pecíolo,,,,,,,,1,false,3201e4cb-d0da-11f0-9ba0-fc3fdb83b633,
33e6b293-d0da-11f0-9ba0-fc3fdb83b633,1402A,true,Rama,,,,,,,,1,false,3201e76c-d0da-11f0-9ba0-fc3fdb83b633,
33e6eecb-d0da-11f0-9ba0-fc3fdb83b633,1402B,true,Fruto,,,,,,,,1,false,3201e76c-d0da-11f0-9ba0-fc3fdb83b633,
33e7537a-d0da-11f0-9ba0-fc3fdb83b633,1402C,true,Pecíolo,,,,,,,,1,false,3201e76c-d0da-11f0-9ba0-fc3fdb83b633,
33e77a15-d0da-11f0-9ba0-fc3fdb83b633,1402D,true,Rama,,,,,,,,1,false,3201e76c-d0da-11f0-9ba0-fc3fdb83b633,
33e79eda-d0da-11f0-9ba0-fc3fdb83b633,1402E,true,Fruto,,,,,,,,1,false,3201e76c-d0da-11f0-9ba0-fc3fdb83b633,
33e7c365-d0da-11f0-9ba0-fc3fdb83b633,1403A,true,Pecíolo,,,,,,,,1,false,3201ea35-d0da-11f0-9ba0-fc3fdb83b633,
33e7e7b7-d0da-11f0-9ba0-fc3fdb83b633,1403B,true,Rama,,,,,,,,1,false,3201ea35-d0da-11f0-9ba0-fc3fdb83b633,
33e8216e-d0da-11f0-9ba0-fc3fdb83b633,1403C,true,Rama,,,,,,,,1,false,3201ea35-d0da-11f0-9ba0-fc3fdb83b633,
33e867ad-d0da-11f0-9ba0-fc3fdb83b633,1403D,true,Rama,,,,,,,,1,false,3201ea35-d0da-11f0-9ba0-fc3fdb83b633,
33e8adee-d0da-11f0-9ba0-fc3fdb83b633,1405A,true,Hoja,,,,,,,,1,false,3201ecf3-d0da-11f0-9ba0-fc3fdb83b633,
33e8f370-d0da-11f0-9ba0-fc3fdb83b633,1405B,true,Pecíolo,,,,,,,,1,false,3201ecf3-d0da-11f0-9ba0-fc3fdb83b633,
33e9390a-d0da-11f0-9ba0-fc3fdb83b633,1405C,true,Pecíolo,,,,,,,,1,false,3201ecf3-d0da-11f0-9ba0-fc3fdb83b633,
33e98130-d0da-11f0-9ba0-fc3fdb83b633,1406A,true,Rama,,,,,,,,1,false,3201efc1-d0da-11f0-9ba0-fc3fdb83b633,
33e9de69-d0da-11f0-9ba0-fc3fdb83b633,1407A,true,Hoja,,,,,,,,1,false,3201f285-d0da-11f0-9ba0-fc3fdb83b633,
33ea2288-d0da-11f0-9ba0-fc3fdb83b633,1407B,true,Hoja,,,,,,,,1,false,3201f285-d0da-11f0-9ba0-fc3fdb83b633,
33ea62f9-d0da-11f0-9ba0-fc3fdb83b633,1408A,true,Hoja,,,,,,,,1,false,3201f53d-d0da-11f0-9ba0-fc3fdb83b633,
33eaad22-d0da-11f0-9ba0-fc3fdb83b633,1409A,true,Hoja,,,,,,,,1,false,3201f857-d0da-11f0-9ba0-fc3fdb83b633,
33eaee01-d0da-11f0-9ba0-fc3fdb83b633,1409B,true,Hoja,,,,,,,,1,false,3201f857-d0da-11f0-9ba0-fc3fdb83b633,
33eb3134-d0da-11f0-9ba0-fc3fdb83b633,1409C,true,Hoja,,,,,,,,1,false,3201f857-d0da-11f0-9ba0-fc3fdb83b633,
33eb7d85-d0da-11f0-9ba0-fc3fdb83b633,1409D,true,Hoja,,,,,,,,1,false,3201f857-d0da-11f0-9ba0-fc3fdb83b633,
33eba682-d0da-11f0-9ba0-fc3fdb83b633,140A,true,Hoja,,,,,,,,1,false,31fb1411-d0da-11f0-9ba0-fc3fdb83b633,3027edbd-d0da-11f0-9ba0-fc3fdb83b633
33ebec01-d0da-11f0-9ba0-fc3fdb83b633,140B,true,Hoja,,,,,,,,1,false,31fb1411-d0da-11f0-9ba0-fc3fdb83b633,3027edbd-d0da-11f0-9ba0-fc3fdb83b633
33eccbd4-d0da-11f0-9ba0-fc3fdb83b633,140C,true,Hoja,,,,,,,,1,false,31fb1411-d0da-11f0-9ba0-fc3fdb83b633,3027edbd-d0da-11f0-9ba0-fc3fdb83b633
33ed1f03-d0da-11f0-9ba0-fc3fdb83b633,140D,true,Hoja,,,,,,,,1,false,31fb1411-d0da-11f0-9ba0-fc3fdb83b633,3027edbd-d0da-11f0-9ba0-fc3fdb83b633
33ed666c-d0da-11f0-9ba0-fc3fdb83b633,140E,true,Hoja,,,,,,,,1,false,31fb1411-d0da-11f0-9ba0-fc3fdb83b633,3027edbd-d0da-11f0-9ba0-fc3fdb83b633
33edc9ae-d0da-11f0-9ba0-fc3fdb83b633,1410A,true,Rama,,,,,,,,1,false,3201fb30-d0da-11f0-9ba0-fc3fdb83b633,
33ee0eed-d0da-11f0-9ba0-fc3fdb83b633,1410B,true,Rama,,,,,,,,1,false,3201fb30-d0da-11f0-9ba0-fc3fdb83b633,
33ee543c-d0da-11f0-9ba0-fc3fdb83b633,1411A,true,Fruto,,,,,,,,1,false,3201fdf0-d0da-11f0-9ba0-fc3fdb83b633,
33ee8bb3-d0da-11f0-9ba0-fc3fdb83b633,1411B,true,Pecíolo,,,,,,,,1,false,3201fdf0-d0da-11f0-9ba0-fc3fdb83b633,
33eebfbc-d0da-11f0-9ba0-fc3fdb83b633,1412A,true,Hoja,,,,,,,,1,false,320200b4-d0da-11f0-9ba0-fc3fdb83b633,
33eee4cf-d0da-11f0-9ba0-fc3fdb83b633,1414A,true,Pecíolo,,,,,,,,1,false,3202037f-d0da-11f0-9ba0-fc3fdb83b633,
33ef0954-d0da-11f0-9ba0-fc3fdb83b633,1416A,true,Hoja,,,,,,,,1,false,32020669-d0da-11f0-9ba0-fc3fdb83b633,
33ef2dae-d0da-11f0-9ba0-fc3fdb83b633,1416B,true,Hoja,,,,,,,,1,false,32020669-d0da-11f0-9ba0-fc3fdb83b633,
33ef543f-d0da-11f0-9ba0-fc3fdb83b633,1416C,true,Hoja,,,,,,,,1,false,32020669-d0da-11f0-9ba0-fc3fdb83b633,
33ef78e7-d0da-11f0-9ba0-fc3fdb83b633,1416D,true,Hoja,,,,,,,,1,false,32020669-d0da-11f0-9ba0-fc3fdb83b633,
33ef9e47-d0da-11f0-9ba0-fc3fdb83b633,1417A,true,Pecíolo,,,,,,,,1,false,32020925-d0da-11f0-9ba0-fc3fdb83b633,
33efc3fb-d0da-11f0-9ba0-fc3fdb83b633,1417B,true,Hoja,,,,,,,,1,false,32020925-d0da-11f0-9ba0-fc3fdb83b633,
33efea4c-d0da-11f0-9ba0-fc3fdb83b633,1417C,true,Hoja,,,,,,,,1,false,32020925-d0da-11f0-9ba0-fc3fdb83b633,
33f0150a-d0da-11f0-9ba0-fc3fdb83b633,1418A,true,Rama,,,,,,,,1,false,32020b98-d0da-11f0-9ba0-fc3fdb83b633,
33f03a62-d0da-11f0-9ba0-fc3fdb83b633,1418B,true,Rama,,,,,,,,1,false,32020b98-d0da-11f0-9ba0-fc3fdb83b633,
33f05eb6-d0da-11f0-9ba0-fc3fdb83b633,1418C,true,Rama,,,,,,,,1,false,32020b98-d0da-11f0-9ba0-fc3fdb83b633,
33f08307-d0da-11f0-9ba0-fc3fdb83b633,1418D,true,Rama,,,,,,,,1,false,32020b98-d0da-11f0-9ba0-fc3fdb83b633,
33f0a71a-d0da-11f0-9ba0-fc3fdb83b633,1419A,true,Hoja,,,,,,,,1,false,32020e28-d0da-11f0-9ba0-fc3fdb83b633,
33f0cb47-d0da-11f0-9ba0-fc3fdb83b633,1419B,true,Hoja,,,,,,,,1,false,32020e28-d0da-11f0-9ba0-fc3fdb83b633,
33f0fa36-d0da-11f0-9ba0-fc3fdb83b633,1419C,true,Rama,,,,,,,,1,false,32020e28-d0da-11f0-9ba0-fc3fdb83b633,
33f12419-d0da-11f0-9ba0-fc3fdb83b633,1419D,true,Hoja,,,,,,,,1,false,32020e28-d0da-11f0-9ba0-fc3fdb83b633,
33f15989-d0da-11f0-9ba0-fc3fdb83b633,1419E,true,Rama,,,,,,,,1,false,32020e28-d0da-11f0-9ba0-fc3fdb83b633,
33f176f8-d0da-11f0-9ba0-fc3fdb83b633,141A,true,Hoja,,,,,,,,1,false,31fb1686-d0da-11f0-9ba0-fc3fdb83b633,3027f97f-d0da-11f0-9ba0-fc3fdb83b633
33f1a1ef-d0da-11f0-9ba0-fc3fdb83b633,141B,true,Hoja,,,,,,,,1,false,31fb1686-d0da-11f0-9ba0-fc3fdb83b633,3027edbd-d0da-11f0-9ba0-fc3fdb83b633
33f1c92b-d0da-11f0-9ba0-fc3fdb83b633,141C,true,Hoja,,,,,,,,1,false,31fb1686-d0da-11f0-9ba0-fc3fdb83b633,3027edbd-d0da-11f0-9ba0-fc3fdb83b633
33f1ede9-d0da-11f0-9ba0-fc3fdb83b633,141D,true,Hoja,,,,,,,,1,false,31fb1686-d0da-11f0-9ba0-fc3fdb83b633,3027edbd-d0da-11f0-9ba0-fc3fdb83b633
33f221c1-d0da-11f0-9ba0-fc3fdb83b633,1420A,true,Hoja,,,,,,,,1,false,320210b1-d0da-11f0-9ba0-fc3fdb83b633,
33f246d8-d0da-11f0-9ba0-fc3fdb83b633,1420B,true,Hoja,,,,,,,,1,false,320210b1-d0da-11f0-9ba0-fc3fdb83b633,
33f26b3c-d0da-11f0-9ba0-fc3fdb83b633,1420C,true,Hoja,,,,,,,,1,false,320210b1-d0da-11f0-9ba0-fc3fdb83b633,
33f2918a-d0da-11f0-9ba0-fc3fdb83b633,1420D,true,Fruto,,,,,,,,1,false,320210b1-d0da-11f0-9ba0-fc3fdb83b633,
33f2b7cc-d0da-11f0-9ba0-fc3fdb83b633,1420E,true,Fruto,,,,,,,,1,false,320210b1-d0da-11f0-9ba0-fc3fdb83b633,
33f2dc45-d0da-11f0-9ba0-fc3fdb83b633,1420F,true,Rama,,,,,,,,1,false,320210b1-d0da-11f0-9ba0-fc3fdb83b633,
33f30697-d0da-11f0-9ba0-fc3fdb83b633,1421A,true,Hoja,,,,,,,,1,false,32021337-d0da-11f0-9ba0-fc3fdb83b633,
33f32d0e-d0da-11f0-9ba0-fc3fdb83b633,1421B,true,Rama,,,,,,,,1,false,32021337-d0da-11f0-9ba0-fc3fdb83b633,
33f363f8-d0da-11f0-9ba0-fc3fdb83b633,1421C,true,Hoja,,,,,,,,1,false,32021337-d0da-11f0-9ba0-fc3fdb83b633,
33f3a8a2-d0da-11f0-9ba0-fc3fdb83b633,1422A,true,Rama,,,,,,,,1,false,320215f3-d0da-11f0-9ba0-fc3fdb83b633,
33f3f99c-d0da-11f0-9ba0-fc3fdb83b633,1422B,true,Hoja,,,,,,,,1,false,320215f3-d0da-11f0-9ba0-fc3fdb83b633,
33f43ea7-d0da-11f0-9ba0-fc3fdb83b633,1422C,true,Pecíolo,,,,,,,,1,false,320215f3-d0da-11f0-9ba0-fc3fdb83b633,
33f4920f-d0da-11f0-9ba0-fc3fdb83b633,1422D,true,Hoja,,,,,,,,1,false,320215f3-d0da-11f0-9ba0-fc3fdb83b633,
33f4d8d8-d0da-11f0-9ba0-fc3fdb83b633,1422E,true,Hoja,,,,,,,,1,false,320215f3-d0da-11f0-9ba0-fc3fdb83b633,
33f51cbd-d0da-11f0-9ba0-fc3fdb83b633,1422F,true,Hoja,,,,,,,,1,false,320215f3-d0da-11f0-9ba0-fc3fdb83b633,
33f5602f-d0da-11f0-9ba0-fc3fdb83b633,1422G,true,Hoja,,,,,,,,1,false,320215f3-d0da-11f0-9ba0-fc3fdb83b633,
33f5e7cf-d0da-11f0-9ba0-fc3fdb83b633,1423A,true,Rama,,,,,,,,1,false,320218b0-d0da-11f0-9ba0-fc3fdb83b633,
33f657dd-d0da-11f0-9ba0-fc3fdb83b633,1423B,true,Pecíolo,,,,,,,,1,false,320218b0-d0da-11f0-9ba0-fc3fdb83b633,
33f69d19-d0da-11f0-9ba0-fc3fdb83b633,1423C,true,Hoja,,,,,,,,1,false,320218b0-d0da-11f0-9ba0-fc3fdb83b633,
33f6e4bc-d0da-11f0-9ba0-fc3fdb83b633,1423D,true,Hoja,,,,,,,,1,false,320218b0-d0da-11f0-9ba0-fc3fdb83b633,
33f72a95-d0da-11f0-9ba0-fc3fdb83b633,1423E,true,Hoja,,,,,,,,1,false,320218b0-d0da-11f0-9ba0-fc3fdb83b633,
33f76fd4-d0da-11f0-9ba0-fc3fdb83b633,1423F,true,Rama,,,,,,,,1,false,320218b0-d0da-11f0-9ba0-fc3fdb83b633,
33f7b587-d0da-11f0-9ba0-fc3fdb83b633,1423G,true,Rama,,,,,,,,1,false,320218b0-d0da-11f0-9ba0-fc3fdb83b633,
33f80ba4-d0da-11f0-9ba0-fc3fdb83b633,1423H,true,Rama,,,,,,,,1,false,320218b0-d0da-11f0-9ba0-fc3fdb83b633,
33f853dc-d0da-11f0-9ba0-fc3fdb83b633,1423I,true,Pecíolo,,,,,,,,1,false,320218b0-d0da-11f0-9ba0-fc3fdb83b633,
33f898c7-d0da-11f0-9ba0-fc3fdb83b633,1424A,true,Rama,,,,,,,,1,false,32021c3b-d0da-11f0-9ba0-fc3fdb83b633,
33f8e94e-d0da-11f0-9ba0-fc3fdb83b633,1424B,true,Hoja,,,,,,,,1,false,32021c3b-d0da-11f0-9ba0-fc3fdb83b633,
33f93073-d0da-11f0-9ba0-fc3fdb83b633,1424C,true,Hoja,,,,,,,,1,false,32021c3b-d0da-11f0-9ba0-fc3fdb83b633,
33f96ab5-d0da-11f0-9ba0-fc3fdb83b633,1424D,true,Hoja,,,,,,,,1,false,32021c3b-d0da-11f0-9ba0-fc3fdb83b633,
33f99399-d0da-11f0-9ba0-fc3fdb83b633,1425A,true,Pecíolo,,,,,,,,1,false,32021f8a-d0da-11f0-9ba0-fc3fdb83b633,
33f9b874-d0da-11f0-9ba0-fc3fdb83b633,1425B,true,Rama,,,,,,,,1,false,32021f8a-d0da-11f0-9ba0-fc3fdb83b633,
33f9dce8-d0da-11f0-9ba0-fc3fdb83b633,1425C,true,Rama,,,,,,,,1,false,32021f8a-d0da-11f0-9ba0-fc3fdb83b633,
33fa0144-d0da-11f0-9ba0-fc3fdb83b633,1425D,true,Hoja,,,,,,,,1,false,32021f8a-d0da-11f0-9ba0-fc3fdb83b633,
33fa29b9-d0da-11f0-9ba0-fc3fdb83b633,1425E,true,Hoja,,,,,,,,1,false,32021f8a-d0da-11f0-9ba0-fc3fdb83b633,
33fa4f24-d0da-11f0-9ba0-fc3fdb83b633,1426A,true,Hoja,,,,,,,,1,false,32022266-d0da-11f0-9ba0-fc3fdb83b633,
33fa7d5f-d0da-11f0-9ba0-fc3fdb83b633,142A,true,Hoja,,,,,,,,1,false,31fd0b98-d0da-11f0-9ba0-fc3fdb83b633,3027edbd-d0da-11f0-9ba0-fc3fdb83b633
33fac7bd-d0da-11f0-9ba0-fc3fdb83b633,142B,true,Hoja,,,,,,,,1,false,31fd0b98-d0da-11f0-9ba0-fc3fdb83b633,3027edbd-d0da-11f0-9ba0-fc3fdb83b633
33fb0e3a-d0da-11f0-9ba0-fc3fdb83b633,142C,true,Hoja,,,,,,,,1,false,31fd0b98-d0da-11f0-9ba0-fc3fdb83b633,3027edbd-d0da-11f0-9ba0-fc3fdb83b633
33fb62b6-d0da-11f0-9ba0-fc3fdb83b633,143A,true,Hoja,,,,,,,,1,false,31fd0e4c-d0da-11f0-9ba0-fc3fdb83b633,3027edbd-d0da-11f0-9ba0-fc3fdb83b633
33fbac3d-d0da-11f0-9ba0-fc3fdb83b633,143B,true,Hoja,,,,,,,,1,false,31fd0e4c-d0da-11f0-9ba0-fc3fdb83b633,3027edbd-d0da-11f0-9ba0-fc3fdb83b633
33fbf40f-d0da-11f0-9ba0-fc3fdb83b633,143C,true,Hoja,,,,,,,,1,false,31fd0e4c-d0da-11f0-9ba0-fc3fdb83b633,3027edbd-d0da-11f0-9ba0-fc3fdb83b633
33fc4426-d0da-11f0-9ba0-fc3fdb83b633,144A,true,Hoja,,,,,,,,1,false,31fd10dd-d0da-11f0-9ba0-fc3fdb83b633,3027edbd-d0da-11f0-9ba0-fc3fdb83b633
33fc8b04-d0da-11f0-9ba0-fc3fdb83b633,144B,true,Hoja,,,,,,,,1,false,31fd10dd-d0da-11f0-9ba0-fc3fdb83b633,3027edbd-d0da-11f0-9ba0-fc3fdb83b633
33fcd121-d0da-11f0-9ba0-fc3fdb83b633,144C,true,Hoja,,,,,,,,1,false,31fd10dd-d0da-11f0-9ba0-fc3fdb83b633,3027edbd-d0da-11f0-9ba0-fc3fdb83b633
33fd1487-d0da-11f0-9ba0-fc3fdb83b633,1453A,true,Hoja,,,,,,,,1,false,31fc5607-d0da-11f0-9ba0-fc3fdb83b633,
33fd5a11-d0da-11f0-9ba0-fc3fdb83b633,1453B,true,Pecíolo,,,,,,,,1,false,31fc5607-d0da-11f0-9ba0-fc3fdb83b633,
33fd9fe4-d0da-11f0-9ba0-fc3fdb83b633,1453C,true,Hoja,,,,,,,,1,false,31fc5607-d0da-11f0-9ba0-fc3fdb83b633,
33fde7e0-d0da-11f0-9ba0-fc3fdb83b633,1453D,true,Rama,,,,,,,,1,false,31fc5607-d0da-11f0-9ba0-fc3fdb83b633,
33fe30d2-d0da-11f0-9ba0-fc3fdb83b633,1455A,true,Pecíolo,,,,,,,,1,false,31fc5789-d0da-11f0-9ba0-fc3fdb83b633,
33fe763b-d0da-11f0-9ba0-fc3fdb83b633,1455B,true,Pecíolo,,,,,,,,1,false,31fc5789-d0da-11f0-9ba0-fc3fdb83b633,
33febb74-d0da-11f0-9ba0-fc3fdb83b633,1455C,true,Pecíolo,,,,,,,,1,false,31fc5789-d0da-11f0-9ba0-fc3fdb83b633,
33ff021e-d0da-11f0-9ba0-fc3fdb83b633,1455D,true,Hoja,,,,,,,,1,false,31fc5789-d0da-11f0-9ba0-fc3fdb83b633,
33ff48e7-d0da-11f0-9ba0-fc3fdb83b633,1455E,true,Hoja,,,,,,,,1,false,31fc5789-d0da-11f0-9ba0-fc3fdb83b633,
33ff77fc-d0da-11f0-9ba0-fc3fdb83b633,1455F,true,Hoja,,,,,,,,1,false,31fc5789-d0da-11f0-9ba0-fc3fdb83b633,
33ff9e79-d0da-11f0-9ba0-fc3fdb83b633,1455G,true,Hoja,,,,,,,,1,false,31fc5789-d0da-11f0-9ba0-fc3fdb83b633,
33ffc2de-d0da-11f0-9ba0-fc3fdb83b633,1455H,true,Hoja,,,,,,,,1,false,31fc5789-d0da-11f0-9ba0-fc3fdb83b633,
33ffe757-d0da-11f0-9ba0-fc3fdb83b633,1455I,true,Pecíolo,,,,,,,,1,false,31fc5789-d0da-11f0-9ba0-fc3fdb83b633,
34000bb1-d0da-11f0-9ba0-fc3fdb83b633,1456A,true,Hoja,,,,,,,,1,false,31fc58f9-d0da-11f0-9ba0-fc3fdb83b633,
3400370e-d0da-11f0-9ba0-fc3fdb83b633,1456B,true,Rama,,,,,,,,1,false,31fc58f9-d0da-11f0-9ba0-fc3fdb83b633,
34007f8d-d0da-11f0-9ba0-fc3fdb83b633,1456C,true,Raíz,,,,,,,,1,false,31fc58f9-d0da-11f0-9ba0-fc3fdb83b633,
3400c61d-d0da-11f0-9ba0-fc3fdb83b633,1456D,true,Hoja,,,,,,,,1,false,31fc58f9-d0da-11f0-9ba0-fc3fdb83b633,
34010c4b-d0da-11f0-9ba0-fc3fdb83b633,1456E,true,Hoja,,,,,,,,1,false,31fc58f9-d0da-11f0-9ba0-fc3fdb83b633,
340169fa-d0da-11f0-9ba0-fc3fdb83b633,1457A,true,Hoja,,,,,,,,1,false,32022521-d0da-11f0-9ba0-fc3fdb83b633,
3401aef3-d0da-11f0-9ba0-fc3fdb83b633,1457B,true,Hoja,,,,,,,,1,false,32022521-d0da-11f0-9ba0-fc3fdb83b633,
3401f3b7-d0da-11f0-9ba0-fc3fdb83b633,1457C,true,Rama,,,,,,,,1,false,32022521-d0da-11f0-9ba0-fc3fdb83b633,
34024fd5-d0da-11f0-9ba0-fc3fdb83b633,1457D,true,Rama,,,,,,,,1,false,32022521-d0da-11f0-9ba0-fc3fdb83b633,
3402b208-d0da-11f0-9ba0-fc3fdb83b633,1457E,true,Hoja,,,,,,,,1,false,32022521-d0da-11f0-9ba0-fc3fdb83b633,
34031011-d0da-11f0-9ba0-fc3fdb83b633,1457F,true,Hoja,,,,,,,,1,false,32022521-d0da-11f0-9ba0-fc3fdb83b633,
340356eb-d0da-11f0-9ba0-fc3fdb83b633,1457G,true,Hoja,,,,,,,,1,false,32022521-d0da-11f0-9ba0-fc3fdb83b633,
3403a219-d0da-11f0-9ba0-fc3fdb83b633,1458A,true,Raíz,,,,,,,,1,false,3202278a-d0da-11f0-9ba0-fc3fdb83b633,
3403ee32-d0da-11f0-9ba0-fc3fdb83b633,1458B,true,Raíz,,,,,,,,1,false,3202278a-d0da-11f0-9ba0-fc3fdb83b633,
34043b0a-d0da-11f0-9ba0-fc3fdb83b633,1459A,true,Pecíolo,,,,,,,,1,false,320229e9-d0da-11f0-9ba0-fc3fdb83b633,
340481e8-d0da-11f0-9ba0-fc3fdb83b633,1459B,true,Pecíolo,,,,,,,,1,false,320229e9-d0da-11f0-9ba0-fc3fdb83b633,
3404b2f0-d0da-11f0-9ba0-fc3fdb83b633,145A,true,Hoja,,,,,,,,1,false,31fd1364-d0da-11f0-9ba0-fc3fdb83b633,3027edbd-d0da-11f0-9ba0-fc3fdb83b633
3404f884-d0da-11f0-9ba0-fc3fdb83b633,145B,true,Hoja,,,,,,,,1,false,31fd1364-d0da-11f0-9ba0-fc3fdb83b633,3027edbd-d0da-11f0-9ba0-fc3fdb83b633
34053e71-d0da-11f0-9ba0-fc3fdb83b633,145C,true,Hoja,,,,,,,,1,false,31fd1364-d0da-11f0-9ba0-fc3fdb83b633,3027edbd-d0da-11f0-9ba0-fc3fdb83b633
34058946-d0da-11f0-9ba0-fc3fdb83b633,145D,true,Hoja,,,,,,,,1,false,31fd1364-d0da-11f0-9ba0-fc3fdb83b633,3027edbd-d0da-11f0-9ba0-fc3fdb83b633
3405d191-d0da-11f0-9ba0-fc3fdb83b633,145E,true,Hoja,,,,,,,,1,false,31fd1364-d0da-11f0-9ba0-fc3fdb83b633,3027edbd-d0da-11f0-9ba0-fc3fdb83b633
34061865-d0da-11f0-9ba0-fc3fdb83b633,145F,true,Hoja,,,,,,,,1,false,31fd1364-d0da-11f0-9ba0-fc3fdb83b633,3027edbd-d0da-11f0-9ba0-fc3fdb83b633
34065fd5-d0da-11f0-9ba0-fc3fdb83b633,145G,true,Hoja,,,,,,,,1,false,31fd1364-d0da-11f0-9ba0-fc3fdb83b633,3027edbd-d0da-11f0-9ba0-fc3fdb83b633
3406c82a-d0da-11f0-9ba0-fc3fdb83b633,1460A,true,Fruto,,,,,,,,1,false,32022c62-d0da-11f0-9ba0-fc3fdb83b633,
3406fc79-d0da-11f0-9ba0-fc3fdb83b633,1460B,true,Rama,,,,,,,,1,false,32022c62-d0da-11f0-9ba0-fc3fdb83b633,
34072140-d0da-11f0-9ba0-fc3fdb83b633,1461A,true,Hoja,,,,,,,,1,false,32022eee-d0da-11f0-9ba0-fc3fdb83b633,
34074558-d0da-11f0-9ba0-fc3fdb83b633,1461B,true,Hoja,,,,,,,,1,false,32022eee-d0da-11f0-9ba0-fc3fdb83b633,
34076b28-d0da-11f0-9ba0-fc3fdb83b633,1461C,true,Hoja,,,,,,,,1,false,32022eee-d0da-11f0-9ba0-fc3fdb83b633,
340790eb-d0da-11f0-9ba0-fc3fdb83b633,1461D,true,Hoja,,,,,,,,1,false,32022eee-d0da-11f0-9ba0-fc3fdb83b633,
3407b6b6-d0da-11f0-9ba0-fc3fdb83b633,1461E,true,Hoja,,,,,,,,1,false,32022eee-d0da-11f0-9ba0-fc3fdb83b633,
3407dc7f-d0da-11f0-9ba0-fc3fdb83b633,1461F,true,Hoja,,,,,,,,1,false,32022eee-d0da-11f0-9ba0-fc3fdb83b633,
34080253-d0da-11f0-9ba0-fc3fdb83b633,1461H,true,Hoja,,,,,,,,1,false,32022eee-d0da-11f0-9ba0-fc3fdb83b633,
34083a3b-d0da-11f0-9ba0-fc3fdb83b633,1463A,true,Hoja,,,,,,,,1,false,320231a6-d0da-11f0-9ba0-fc3fdb83b633,
340867e1-d0da-11f0-9ba0-fc3fdb83b633,1464A,true,Hoja,,,,,,,,1,false,32023442-d0da-11f0-9ba0-fc3fdb83b633,
34088f1c-d0da-11f0-9ba0-fc3fdb83b633,1464B,true,Hoja,,,,,,,,1,false,32023442-d0da-11f0-9ba0-fc3fdb83b633,
3408b347-d0da-11f0-9ba0-fc3fdb83b633,1465A,true,Fruto,,,,,,,,1,false,320236f0-d0da-11f0-9ba0-fc3fdb83b633,
3408d743-d0da-11f0-9ba0-fc3fdb83b633,1466A,true,Hoja,,,,,,,,1,false,320239b5-d0da-11f0-9ba0-fc3fdb83b633,
3408fb6e-d0da-11f0-9ba0-fc3fdb83b633,1467A,true,Hoja,,,,,,,,1,false,32023c8a-d0da-11f0-9ba0-fc3fdb83b633,
340920f4-d0da-11f0-9ba0-fc3fdb83b633,1467B,true,Hoja,,,,,,,,1,false,32023c8a-d0da-11f0-9ba0-fc3fdb83b633,
340943c0-d0da-11f0-9ba0-fc3fdb83b633,1467C,true,Pecíolo,,,,,,,,1,false,32023c8a-d0da-11f0-9ba0-fc3fdb83b633,
34096688-d0da-11f0-9ba0-fc3fdb83b633,1467D,true,Hoja,,,,,,,,1,false,32023c8a-d0da-11f0-9ba0-fc3fdb83b633,
34098b02-d0da-11f0-9ba0-fc3fdb83b633,1467E,true,Hoja,,,,,,,,1,false,32023c8a-d0da-11f0-9ba0-fc3fdb83b633,
3409add5-d0da-11f0-9ba0-fc3fdb83b633,1467F,true,Hoja,,,,,,,,1,false,32023c8a-d0da-11f0-9ba0-fc3fdb83b633,
3409f3fc-d0da-11f0-9ba0-fc3fdb83b633,1467G,true,Hoja,,,,,,,,1,false,32023c8a-d0da-11f0-9ba0-fc3fdb83b633,
340a4dc7-d0da-11f0-9ba0-fc3fdb83b633,1467H,true,Hoja,,,,,,,,1,false,32023c8a-d0da-11f0-9ba0-fc3fdb83b633,
340ab113-d0da-11f0-9ba0-fc3fdb83b633,1467I,true,Hoja,,,,,,,,1,false,32023c8a-d0da-11f0-9ba0-fc3fdb83b633,
340af4f0-d0da-11f0-9ba0-fc3fdb83b633,1467J,true,Hoja,,,,,,,,1,false,32023c8a-d0da-11f0-9ba0-fc3fdb83b633,
340b389f-d0da-11f0-9ba0-fc3fdb83b633,1468A,true,Hoja,,,,,,,,1,false,32023eef-d0da-11f0-9ba0-fc3fdb83b633,
340b7bfd-d0da-11f0-9ba0-fc3fdb83b633,1468B,true,Hoja,,,,,,,,1,false,32023eef-d0da-11f0-9ba0-fc3fdb83b633,
340bbf33-d0da-11f0-9ba0-fc3fdb83b633,1468C,true,Hoja,,,,,,,,1,false,32023eef-d0da-11f0-9ba0-fc3fdb83b633,
340c01e7-d0da-11f0-9ba0-fc3fdb83b633,1468D,true,Rama,,,,,,,,1,false,32023eef-d0da-11f0-9ba0-fc3fdb83b633,
340c447c-d0da-11f0-9ba0-fc3fdb83b633,1468E,true,Rama,,,,,,,,1,false,32023eef-d0da-11f0-9ba0-fc3fdb83b633,
340c733e-d0da-11f0-9ba0-fc3fdb83b633,146A,true,Hoja,,,,,,,,1,false,31fd15e6-d0da-11f0-9ba0-fc3fdb83b633,3027edbd-d0da-11f0-9ba0-fc3fdb83b633
340cb6a0-d0da-11f0-9ba0-fc3fdb83b633,146B,true,Hoja,,,,,,,,1,false,31fd15e6-d0da-11f0-9ba0-fc3fdb83b633,3027edbd-d0da-11f0-9ba0-fc3fdb83b633
340d1737-d0da-11f0-9ba0-fc3fdb83b633,146C,true,Hoja,,,,,,,,1,false,31fd15e6-d0da-11f0-9ba0-fc3fdb83b633,3028039b-d0da-11f0-9ba0-fc3fdb83b633
340d62ea-d0da-11f0-9ba0-fc3fdb83b633,1470A,true,Hoja,,,,,,,,1,false,3202417d-d0da-11f0-9ba0-fc3fdb83b633,
340d878b-d0da-11f0-9ba0-fc3fdb83b633,1470B,true,Hoja,,,,,,,,1,false,3202417d-d0da-11f0-9ba0-fc3fdb83b633,
340daae6-d0da-11f0-9ba0-fc3fdb83b633,1470C,true,Hoja,,,,,,,,1,false,3202417d-d0da-11f0-9ba0-fc3fdb83b633,
340dd0cb-d0da-11f0-9ba0-fc3fdb83b633,1470D,true,Hoja,,,,,,,,1,false,3202417d-d0da-11f0-9ba0-fc3fdb83b633,
340df473-d0da-11f0-9ba0-fc3fdb83b633,1470E,true,Fruto,,,,,,,,1,false,3202417d-d0da-11f0-9ba0-fc3fdb83b633,
340e1961-d0da-11f0-9ba0-fc3fdb83b633,1470F,true,Fruto,,,,,,,,1,false,3202417d-d0da-11f0-9ba0-fc3fdb83b633,
340e52e8-d0da-11f0-9ba0-fc3fdb83b633,1471A,true,Hoja,,,,,,,,1,false,3202441e-d0da-11f0-9ba0-fc3fdb83b633,
340e9acc-d0da-11f0-9ba0-fc3fdb83b633,1472A,true,Rama,,,,,,,,1,false,320246d3-d0da-11f0-9ba0-fc3fdb83b633,
340ede2d-d0da-11f0-9ba0-fc3fdb83b633,1472B,true,Pecíolo,,,,,,,,1,false,320246d3-d0da-11f0-9ba0-fc3fdb83b633,
340f2164-d0da-11f0-9ba0-fc3fdb83b633,1472C,true,Fruto,,,,,,,,1,false,320246d3-d0da-11f0-9ba0-fc3fdb83b633,
340f87dd-d0da-11f0-9ba0-fc3fdb83b633,1473A,true,Rama,,,,,,,,1,false,32024974-d0da-11f0-9ba0-fc3fdb83b633,
340ff03d-d0da-11f0-9ba0-fc3fdb83b633,1473B,true,Rama,,,,,,,,1,false,32024974-d0da-11f0-9ba0-fc3fdb83b633,
341032e9-d0da-11f0-9ba0-fc3fdb83b633,1473C,true,Rama,,,,,,,,1,false,32024974-d0da-11f0-9ba0-fc3fdb83b633,
3410769b-d0da-11f0-9ba0-fc3fdb83b633,1473D,true,Rama,,,,,,,,1,false,32024974-d0da-11f0-9ba0-fc3fdb83b633,
3410ba76-d0da-11f0-9ba0-fc3fdb83b633,1474A,true,Hoja,,,,,,,,1,false,32024c23-d0da-11f0-9ba0-fc3fdb83b633,
3410fda8-d0da-11f0-9ba0-fc3fdb83b633,1474B,true,Rama,,,,,,,,1,false,32024c23-d0da-11f0-9ba0-fc3fdb83b633,
341140a0-d0da-11f0-9ba0-fc3fdb83b633,1474C,true,Hoja,,,,,,,,1,false,32024c23-d0da-11f0-9ba0-fc3fdb83b633,
34118908-d0da-11f0-9ba0-fc3fdb83b633,1474D,true,Hoja,,,,,,,,1,false,32024c23-d0da-11f0-9ba0-fc3fdb83b633,
3411b41c-d0da-11f0-9ba0-fc3fdb83b633,1474E,true,Hoja,,,,,,,,1,false,32024c23-d0da-11f0-9ba0-fc3fdb83b633,
3411d996-d0da-11f0-9ba0-fc3fdb83b633,1474F,true,Hoja,,,,,,,,1,false,32024c23-d0da-11f0-9ba0-fc3fdb83b633,
3411fcec-d0da-11f0-9ba0-fc3fdb83b633,1474G,true,Hoja,,,,,,,,1,false,32024c23-d0da-11f0-9ba0-fc3fdb83b633,
34122201-d0da-11f0-9ba0-fc3fdb83b633,1475A,true,Pecíolo,,,,,,,,1,false,32024eee-d0da-11f0-9ba0-fc3fdb83b633,
34126632-d0da-11f0-9ba0-fc3fdb83b633,1475B,true,Hoja,,,,,,,,1,false,32024eee-d0da-11f0-9ba0-fc3fdb83b633,
3412a9f8-d0da-11f0-9ba0-fc3fdb83b633,1475C,true,Hoja,,,,,,,,1,false,32024eee-d0da-11f0-9ba0-fc3fdb83b633,
3412ecde-d0da-11f0-9ba0-fc3fdb83b633,1475D,true,Hoja,,,,,,,,1,false,32024eee-d0da-11f0-9ba0-fc3fdb83b633,
3413323c-d0da-11f0-9ba0-fc3fdb83b633,1475E,true,Pecíolo,,,,,,,,1,false,32024eee-d0da-11f0-9ba0-fc3fdb83b633,
34137729-d0da-11f0-9ba0-fc3fdb83b633,1475F,true,Hoja,,,,,,,,1,false,32024eee-d0da-11f0-9ba0-fc3fdb83b633,
3413ba0f-d0da-11f0-9ba0-fc3fdb83b633,1476A,true,Raíz,,,,,,,,1,false,320251b3-d0da-11f0-9ba0-fc3fdb83b633,
3413ff88-d0da-11f0-9ba0-fc3fdb83b633,1476B,true,Raíz,,,,,,,,1,false,320251b3-d0da-11f0-9ba0-fc3fdb83b633,
341443bf-d0da-11f0-9ba0-fc3fdb83b633,1476C,true,Raíz,,,,,,,,1,false,320251b3-d0da-11f0-9ba0-fc3fdb83b633,
341487e4-d0da-11f0-9ba0-fc3fdb83b633,1477A,true,Hoja,,,,,,,,1,false,32025441-d0da-11f0-9ba0-fc3fdb83b633,
3414cb26-d0da-11f0-9ba0-fc3fdb83b633,1477B,true,Pecíolo,,,,,,,,1,false,32025441-d0da-11f0-9ba0-fc3fdb83b633,
3415125f-d0da-11f0-9ba0-fc3fdb83b633,1477C,true,Hoja,,,,,,,,1,false,32025441-d0da-11f0-9ba0-fc3fdb83b633,
3415555a-d0da-11f0-9ba0-fc3fdb83b633,1477D,true,Hoja,,,,,,,,1,false,32025441-d0da-11f0-9ba0-fc3fdb83b633,
3415986e-d0da-11f0-9ba0-fc3fdb83b633,1477E,true,Hoja,,,,,,,,1,false,32025441-d0da-11f0-9ba0-fc3fdb83b633,
3415dd37-d0da-11f0-9ba0-fc3fdb83b633,1478A,true,Pecíolo,,,,,,,,1,false,320256a8-d0da-11f0-9ba0-fc3fdb83b633,
3416239c-d0da-11f0-9ba0-fc3fdb83b633,1478B,true,Pecíolo,,,,,,,,1,false,320256a8-d0da-11f0-9ba0-fc3fdb83b633,
34166824-d0da-11f0-9ba0-fc3fdb83b633,1478C,true,Hoja,,,,,,,,1,false,320256a8-d0da-11f0-9ba0-fc3fdb83b633,
3416ab2c-d0da-11f0-9ba0-fc3fdb83b633,1478D,true,Hoja,,,,,,,,1,false,320256a8-d0da-11f0-9ba0-fc3fdb83b633,
3416edd1-d0da-11f0-9ba0-fc3fdb83b633,1478E,true,Hoja,,,,,,,,1,false,320256a8-d0da-11f0-9ba0-fc3fdb83b633,
3417308e-d0da-11f0-9ba0-fc3fdb83b633,1479A,true,Hoja,,,,,,,,1,false,3202593e-d0da-11f0-9ba0-fc3fdb83b633,
34176859-d0da-11f0-9ba0-fc3fdb83b633,147A,true,Hoja,,,,,,,,1,false,31fd18a3-d0da-11f0-9ba0-fc3fdb83b633,3027edbd-d0da-11f0-9ba0-fc3fdb83b633
3417a5ec-d0da-11f0-9ba0-fc3fdb83b633,147B,true,Hoja,,,,,,,,1,false,31fd18a3-d0da-11f0-9ba0-fc3fdb83b633,3027edbd-d0da-11f0-9ba0-fc3fdb83b633
3417c9dd-d0da-11f0-9ba0-fc3fdb83b633,147C,true,Hoja,,,,,,,,1,false,31fd18a3-d0da-11f0-9ba0-fc3fdb83b633,3027f7b2-d0da-11f0-9ba0-fc3fdb83b633
3417f18a-d0da-11f0-9ba0-fc3fdb83b633,147D,true,Hoja,,,,,,,,1,false,31fd18a3-d0da-11f0-9ba0-fc3fdb83b633,3027edbd-d0da-11f0-9ba0-fc3fdb83b633
34184a0f-d0da-11f0-9ba0-fc3fdb83b633,1481A,true,Hoja,,,,,,,,1,false,32025bd7-d0da-11f0-9ba0-fc3fdb83b633,
34188cc4-d0da-11f0-9ba0-fc3fdb83b633,1481B,true,Hoja,,,,,,,,1,false,32025bd7-d0da-11f0-9ba0-fc3fdb83b633,
3418d19d-d0da-11f0-9ba0-fc3fdb83b633,1481C,true,Hoja,,,,,,,,1,false,32025bd7-d0da-11f0-9ba0-fc3fdb83b633,
34191772-d0da-11f0-9ba0-fc3fdb83b633,1482A,true,Pecíolo,,,,,,,,1,false,32025e64-d0da-11f0-9ba0-fc3fdb83b633,
34195cd9-d0da-11f0-9ba0-fc3fdb83b633,1482B,true,Rama,,,,,,,,1,false,32025e64-d0da-11f0-9ba0-fc3fdb83b633,
3419a21a-d0da-11f0-9ba0-fc3fdb83b633,1487A,true,Hoja,,,,,,,,1,false,32026105-d0da-11f0-9ba0-fc3fdb83b633,
3419ea6e-d0da-11f0-9ba0-fc3fdb83b633,1487B,true,Hoja,,,,,,,,1,false,32026105-d0da-11f0-9ba0-fc3fdb83b633,
341a304a-d0da-11f0-9ba0-fc3fdb83b633,1487C,true,Pecíolo,,,,,,,,1,false,32026105-d0da-11f0-9ba0-fc3fdb83b633,
341a8021-d0da-11f0-9ba0-fc3fdb83b633,1487D,true,Hoja,,,,,,,,1,false,32026105-d0da-11f0-9ba0-fc3fdb83b633,
341ab3a5-d0da-11f0-9ba0-fc3fdb83b633,1487E,true,Hoja,,,,,,,,1,false,32026105-d0da-11f0-9ba0-fc3fdb83b633,
341adaf9-d0da-11f0-9ba0-fc3fdb83b633,1487F,true,Hoja,,,,,,,,1,false,32026105-d0da-11f0-9ba0-fc3fdb83b633,
341aff38-d0da-11f0-9ba0-fc3fdb83b633,1488A,true,Pecíolo,,,,,,,,1,false,3202636e-d0da-11f0-9ba0-fc3fdb83b633,
341b23f7-d0da-11f0-9ba0-fc3fdb83b633,1488C,true,Hoja,,,,,,,,1,false,3202636e-d0da-11f0-9ba0-fc3fdb83b633,
341b47f9-d0da-11f0-9ba0-fc3fdb83b633,1488E,true,Hoja,,,,,,,,1,false,3202636e-d0da-11f0-9ba0-fc3fdb83b633,
341b6dc1-d0da-11f0-9ba0-fc3fdb83b633,1489A,true,Hoja,,,,,,,,1,false,320265ef-d0da-11f0-9ba0-fc3fdb83b633,
341b91a1-d0da-11f0-9ba0-fc3fdb83b633,1489B,true,Hoja,,,,,,,,1,false,320265ef-d0da-11f0-9ba0-fc3fdb83b633,
341baa9a-d0da-11f0-9ba0-fc3fdb83b633,148A,true,Hoja,,,,,,,,1,false,31fd1b4d-d0da-11f0-9ba0-fc3fdb83b633,3027edbd-d0da-11f0-9ba0-fc3fdb83b633
341bcf03-d0da-11f0-9ba0-fc3fdb83b633,148B,true,Hoja,,,,,,,,1,false,31fd1b4d-d0da-11f0-9ba0-fc3fdb83b633,
341bf2f7-d0da-11f0-9ba0-fc3fdb83b633,148C,true,Hoja,,,,,,,,1,false,31fd1b4d-d0da-11f0-9ba0-fc3fdb83b633,3027edbd-d0da-11f0-9ba0-fc3fdb83b633
341c17f3-d0da-11f0-9ba0-fc3fdb83b633,148D,true,Hoja,,,,,,,,1,false,31fd1b4d-d0da-11f0-9ba0-fc3fdb83b633,3027edbd-d0da-11f0-9ba0-fc3fdb83b633
341c4509-d0da-11f0-9ba0-fc3fdb83b633,148E,true,Hoja,,,,,,,,1,false,31fd1b4d-d0da-11f0-9ba0-fc3fdb83b633,3027edbd-d0da-11f0-9ba0-fc3fdb83b633
341c83ed-d0da-11f0-9ba0-fc3fdb83b633,1490A,true,Hoja,,,,,,,,1,false,32026905-d0da-11f0-9ba0-fc3fdb83b633,
341cabe4-d0da-11f0-9ba0-fc3fdb83b633,1491A,true,Rama,,,,,,,,1,false,32026c94-d0da-11f0-9ba0-fc3fdb83b633,
341ccff8-d0da-11f0-9ba0-fc3fdb83b633,1492A,true,Hoja,,,,,,,,1,false,320270ef-d0da-11f0-9ba0-fc3fdb83b633,
341cf3f2-d0da-11f0-9ba0-fc3fdb83b633,1493A,true,Hoja,,,,,,,,1,false,3202740f-d0da-11f0-9ba0-fc3fdb83b633,
341d17dd-d0da-11f0-9ba0-fc3fdb83b633,1493B,true,Rama,,,,,,,,1,false,3202740f-d0da-11f0-9ba0-fc3fdb83b633,
341d3bcb-d0da-11f0-9ba0-fc3fdb83b633,1493C,true,Rama,,,,,,,,1,false,3202740f-d0da-11f0-9ba0-fc3fdb83b633,
341d6318-d0da-11f0-9ba0-fc3fdb83b633,1493D,true,Pecíolo,,,,,,,,1,false,3202740f-d0da-11f0-9ba0-fc3fdb83b633,
341d8903-d0da-11f0-9ba0-fc3fdb83b633,1494A,true,Hoja,,,,,,,,1,false,320279b7-d0da-11f0-9ba0-fc3fdb83b633,
341df0b5-d0da-11f0-9ba0-fc3fdb83b633,1495A,true,Hoja,,,,,,,,1,false,32027cb0-d0da-11f0-9ba0-fc3fdb83b633,
341e3557-d0da-11f0-9ba0-fc3fdb83b633,1495B,true,Hoja,,,,,,,,1,false,32027cb0-d0da-11f0-9ba0-fc3fdb83b633,
341e793b-d0da-11f0-9ba0-fc3fdb83b633,1496A,true,Pecíolo,,,,,,,,1,false,32027f81-d0da-11f0-9ba0-fc3fdb83b633,
341ebafb-d0da-11f0-9ba0-fc3fdb83b633,1496B,true,Hoja,,,,,,,,1,false,32027f81-d0da-11f0-9ba0-fc3fdb83b633,
341ee38d-d0da-11f0-9ba0-fc3fdb83b633,1496C,true,Raíz,,,,,,,,1,false,32027f81-d0da-11f0-9ba0-fc3fdb83b633,
341f2ae1-d0da-11f0-9ba0-fc3fdb83b633,1496D,true,Pecíolo,,,,,,,,1,false,32027f81-d0da-11f0-9ba0-fc3fdb83b633,
341f721d-d0da-11f0-9ba0-fc3fdb83b633,1497A,true,Pecíolo,,,,,,,,1,false,32028238-d0da-11f0-9ba0-fc3fdb83b633,
341fb632-d0da-11f0-9ba0-fc3fdb83b633,1497B,true,Hoja,,,,,,,,1,false,32028238-d0da-11f0-9ba0-fc3fdb83b633,
341ffa54-d0da-11f0-9ba0-fc3fdb83b633,1498A,true,Rama,,,,,,,,1,false,32028497-d0da-11f0-9ba0-fc3fdb83b633,
34203e4c-d0da-11f0-9ba0-fc3fdb83b633,1498B,true,Rama,,,,,,,,1,false,32028497-d0da-11f0-9ba0-fc3fdb83b633,
34208191-d0da-11f0-9ba0-fc3fdb83b633,1499A,true,Hoja,,,,,,,,1,false,3202871a-d0da-11f0-9ba0-fc3fdb83b633,
3420c541-d0da-11f0-9ba0-fc3fdb83b633,1499B,true,Pecíolo,,,,,,,,1,false,3202871a-d0da-11f0-9ba0-fc3fdb83b633,
34210889-d0da-11f0-9ba0-fc3fdb83b633,1499C,true,Hoja,,,,,,,,1,false,3202871a-d0da-11f0-9ba0-fc3fdb83b633,
34213748-d0da-11f0-9ba0-fc3fdb83b633,149A,true,Hoja,,,,,,,,1,false,31fd1dec-d0da-11f0-9ba0-fc3fdb83b633,3027edbd-d0da-11f0-9ba0-fc3fdb83b633
34216999-d0da-11f0-9ba0-fc3fdb83b633,149B,true,Hoja,,,,,,,,1,false,31fd1dec-d0da-11f0-9ba0-fc3fdb83b633,3027edbd-d0da-11f0-9ba0-fc3fdb83b633
3421a4fb-d0da-11f0-9ba0-fc3fdb83b633,149C,true,Hoja,,,,,,,,1,false,31fd1dec-d0da-11f0-9ba0-fc3fdb83b633,3027edbd-d0da-11f0-9ba0-fc3fdb83b633
3421e930-d0da-11f0-9ba0-fc3fdb83b633,149D,true,Hoja,,,,,,,,1,false,31fd1dec-d0da-11f0-9ba0-fc3fdb83b633,3027edbd-d0da-11f0-9ba0-fc3fdb83b633
34222dd5-d0da-11f0-9ba0-fc3fdb83b633,149E,true,Hoja,,,,,,,,1,false,31fd1dec-d0da-11f0-9ba0-fc3fdb83b633,3027edbd-d0da-11f0-9ba0-fc3fdb83b633
342276b0-d0da-11f0-9ba0-fc3fdb83b633,149F,true,Hoja,,,,,,,,1,false,31fd1dec-d0da-11f0-9ba0-fc3fdb83b633,3027edbd-d0da-11f0-9ba0-fc3fdb83b633
3422ba8f-d0da-11f0-9ba0-fc3fdb83b633,14B,true,Hoja,,,,,,,,1,false,31fc814e-d0da-11f0-9ba0-fc3fdb83b633,3027edbd-d0da-11f0-9ba0-fc3fdb83b633
34231955-d0da-11f0-9ba0-fc3fdb83b633,1501A,true,Rama,,,,,,,,1,false,3202898a-d0da-11f0-9ba0-fc3fdb83b633,
34235e56-d0da-11f0-9ba0-fc3fdb83b633,1501B,true,Hoja,,,,,,,,1,false,3202898a-d0da-11f0-9ba0-fc3fdb83b633,
3423a44e-d0da-11f0-9ba0-fc3fdb83b633,1501C,true,Hoja,,,,,,,,1,false,3202898a-d0da-11f0-9ba0-fc3fdb83b633,
3423ebd8-d0da-11f0-9ba0-fc3fdb83b633,1502A,true,Hoja,,,,,,,,1,false,32028c0c-d0da-11f0-9ba0-fc3fdb83b633,
34243231-d0da-11f0-9ba0-fc3fdb83b633,1502B,true,Hoja,,,,,,,,1,false,32028c0c-d0da-11f0-9ba0-fc3fdb83b633,
3424791b-d0da-11f0-9ba0-fc3fdb83b633,1502C,true,Hoja,,,,,,,,1,false,32028c0c-d0da-11f0-9ba0-fc3fdb83b633,
3424bebb-d0da-11f0-9ba0-fc3fdb83b633,1502D,true,Hoja,,,,,,,,1,false,32028c0c-d0da-11f0-9ba0-fc3fdb83b633,
34250498-d0da-11f0-9ba0-fc3fdb83b633,1503A,true,Hoja,,,,,,,,1,false,32028ed1-d0da-11f0-9ba0-fc3fdb83b633,
34254a5a-d0da-11f0-9ba0-fc3fdb83b633,1504A,true,Hoja,,,,,,,,1,false,3202917a-d0da-11f0-9ba0-fc3fdb83b633,
34258f99-d0da-11f0-9ba0-fc3fdb83b633,1504B,true,Hoja,,,,,,,,1,false,3202917a-d0da-11f0-9ba0-fc3fdb83b633,
3425d4e2-d0da-11f0-9ba0-fc3fdb83b633,1505A,true,Hoja,,,,,,,,1,false,32029443-d0da-11f0-9ba0-fc3fdb83b633,
342619aa-d0da-11f0-9ba0-fc3fdb83b633,1505B,true,Pecíolo,,,,,,,,1,false,32029443-d0da-11f0-9ba0-fc3fdb83b633,
34265e88-d0da-11f0-9ba0-fc3fdb83b633,1505C,true,Hoja,,,,,,,,1,false,32029443-d0da-11f0-9ba0-fc3fdb83b633,
3426a3aa-d0da-11f0-9ba0-fc3fdb83b633,1505D,true,Hoja,,,,,,,,1,false,32029443-d0da-11f0-9ba0-fc3fdb83b633,
342701dd-d0da-11f0-9ba0-fc3fdb83b633,1505E,true,Hoja,,,,,,,,1,false,32029443-d0da-11f0-9ba0-fc3fdb83b633,
34275115-d0da-11f0-9ba0-fc3fdb83b633,1505F,true,Rama,,,,,,,,1,false,32029443-d0da-11f0-9ba0-fc3fdb83b633,
34279506-d0da-11f0-9ba0-fc3fdb83b633,1505G,true,Rama,,,,,,,,1,false,32029443-d0da-11f0-9ba0-fc3fdb83b633,
3427d8fb-d0da-11f0-9ba0-fc3fdb83b633,1506A,true,Fruto,,,,,,,,1,false,32029b8a-d0da-11f0-9ba0-fc3fdb83b633,
34281c7f-d0da-11f0-9ba0-fc3fdb83b633,1506B,true,Pecíolo,,,,,,,,1,false,32029b8a-d0da-11f0-9ba0-fc3fdb83b633,
34286142-d0da-11f0-9ba0-fc3fdb83b633,1506C,true,Rama,,,,,,,,1,false,32029b8a-d0da-11f0-9ba0-fc3fdb83b633,
3428a6a8-d0da-11f0-9ba0-fc3fdb83b633,1506D,true,Rama,,,,,,,,1,false,32029b8a-d0da-11f0-9ba0-fc3fdb83b633,
3428ec53-d0da-11f0-9ba0-fc3fdb83b633,1506E,true,Hoja,,,,,,,,1,false,32029b8a-d0da-11f0-9ba0-fc3fdb83b633,
3429346c-d0da-11f0-9ba0-fc3fdb83b633,1506F,true,Rama,,,,,,,,1,false,32029b8a-d0da-11f0-9ba0-fc3fdb83b633,
34297b11-d0da-11f0-9ba0-fc3fdb83b633,1507A,true,Pecíolo,,,,,,,,1,false,32029e56-d0da-11f0-9ba0-fc3fdb83b633,
3429bfe8-d0da-11f0-9ba0-fc3fdb83b633,1507B,true,Rama,,,,,,,,1,false,32029e56-d0da-11f0-9ba0-fc3fdb83b633,
342afdad-d0da-11f0-9ba0-fc3fdb83b633,1508A,true,Hoja,,,,,,,,1,false,3202a0d8-d0da-11f0-9ba0-fc3fdb83b633,
342b43ce-d0da-11f0-9ba0-fc3fdb83b633,1508B,true,Hoja,,,,,,,,1,false,3202a0d8-d0da-11f0-9ba0-fc3fdb83b633,
342bfc83-d0da-11f0-9ba0-fc3fdb83b633,1509A,true,Hoja,,,,,,,,1,false,3202a360-d0da-11f0-9ba0-fc3fdb83b633,
342c4353-d0da-11f0-9ba0-fc3fdb83b633,1509B,true,Hoja,,,,,,,,1,false,3202a360-d0da-11f0-9ba0-fc3fdb83b633,
342c7a2d-d0da-11f0-9ba0-fc3fdb83b633,150A,true,Hoja,,,,,,,,1,false,31fd20c6-d0da-11f0-9ba0-fc3fdb83b633,3028031c-d0da-11f0-9ba0-fc3fdb83b633
342cd26d-d0da-11f0-9ba0-fc3fdb83b633,150B,true,Hoja,,,,,,,,1,false,31fd20c6-d0da-11f0-9ba0-fc3fdb83b633,3027edbd-d0da-11f0-9ba0-fc3fdb83b633
342d3947-d0da-11f0-9ba0-fc3fdb83b633,150C,true,Hoja,,,,,,,,1,false,31fd20c6-d0da-11f0-9ba0-fc3fdb83b633,3027edbd-d0da-11f0-9ba0-fc3fdb83b633
342dcde6-d0da-11f0-9ba0-fc3fdb83b633,1510A,true,Pecíolo,,,,,,,,1,false,3202a61a-d0da-11f0-9ba0-fc3fdb83b633,
342e1f01-d0da-11f0-9ba0-fc3fdb83b633,1511A,true,Hoja,,,,,,,,1,false,3202a904-d0da-11f0-9ba0-fc3fdb83b633,
342ea51c-d0da-11f0-9ba0-fc3fdb83b633,1511B,true,Hoja,,,,,,,,1,false,3202a904-d0da-11f0-9ba0-fc3fdb83b633,
342eeadd-d0da-11f0-9ba0-fc3fdb83b633,1511C,true,Hoja,,,,,,,,1,false,3202a904-d0da-11f0-9ba0-fc3fdb83b633,
342f2fa2-d0da-11f0-9ba0-fc3fdb83b633,1511D,true,Hoja,,,,,,,,1,false,3202a904-d0da-11f0-9ba0-fc3fdb83b633,
342f878b-d0da-11f0-9ba0-fc3fdb83b633,1512A,true,Rama,,,,,,,,1,false,3202aba4-d0da-11f0-9ba0-fc3fdb83b633,
342fe055-d0da-11f0-9ba0-fc3fdb83b633,1513A,true,Pecíolo,,,,,,,,1,false,3202ae3d-d0da-11f0-9ba0-fc3fdb83b633,
34302fec-d0da-11f0-9ba0-fc3fdb83b633,1513B,true,Hoja,,,,,,,,1,false,3202ae3d-d0da-11f0-9ba0-fc3fdb83b633,
343081dd-d0da-11f0-9ba0-fc3fdb83b633,1513C,true,Hoja,,,,,,,,1,false,3202ae3d-d0da-11f0-9ba0-fc3fdb83b633,
3430e5ab-d0da-11f0-9ba0-fc3fdb83b633,1513D,true,Hoja,,,,,,,,1,false,3202ae3d-d0da-11f0-9ba0-fc3fdb83b633,
34313024-d0da-11f0-9ba0-fc3fdb83b633,1513E,true,Hoja,,,,,,,,1,false,3202ae3d-d0da-11f0-9ba0-fc3fdb83b633,
343175c6-d0da-11f0-9ba0-fc3fdb83b633,1514A,true,Rama,,,,,,,,1,false,3202b0f9-d0da-11f0-9ba0-fc3fdb83b633,
3431ba45-d0da-11f0-9ba0-fc3fdb83b633,1514B,true,Rama,,,,,,,,1,false,3202b0f9-d0da-11f0-9ba0-fc3fdb83b633,
3431ff47-d0da-11f0-9ba0-fc3fdb83b633,1515A,true,Raíz,,,,,,,,1,false,3202b3af-d0da-11f0-9ba0-fc3fdb83b633,
3432438f-d0da-11f0-9ba0-fc3fdb83b633,1515B,true,Hoja,,,,,,,,1,false,3202b3af-d0da-11f0-9ba0-fc3fdb83b633,
3432878e-d0da-11f0-9ba0-fc3fdb83b633,1515C,true,Hoja,,,,,,,,1,false,3202b3af-d0da-11f0-9ba0-fc3fdb83b633,
3432cb45-d0da-11f0-9ba0-fc3fdb83b633,1515D,true,Rama,,,,,,,,1,false,3202b3af-d0da-11f0-9ba0-fc3fdb83b633,
34331236-d0da-11f0-9ba0-fc3fdb83b633,1516A,true,Hoja,,,,,,,,1,false,3202b603-d0da-11f0-9ba0-fc3fdb83b633,
343357b8-d0da-11f0-9ba0-fc3fdb83b633,1517A,true,Hoja,,,,,,,,1,false,3202b855-d0da-11f0-9ba0-fc3fdb83b633,
3433ab76-d0da-11f0-9ba0-fc3fdb83b633,1517B,true,Rama,,,,,,,,1,false,3202b855-d0da-11f0-9ba0-fc3fdb83b633,
3433f85e-d0da-11f0-9ba0-fc3fdb83b633,1517C,true,Hoja,,,,,,,,1,false,3202b855-d0da-11f0-9ba0-fc3fdb83b633,
343449ac-d0da-11f0-9ba0-fc3fdb83b633,1518A,true,Rama,,,,,,,,1,false,3202babb-d0da-11f0-9ba0-fc3fdb83b633,
34349c4e-d0da-11f0-9ba0-fc3fdb83b633,1519A,true,Hoja,,,,,,,,1,false,3202bd7d-d0da-11f0-9ba0-fc3fdb83b633,
3434e102-d0da-11f0-9ba0-fc3fdb83b633,1519B,true,Hoja,,,,,,,,1,false,3202bd7d-d0da-11f0-9ba0-fc3fdb83b633,
343526f7-d0da-11f0-9ba0-fc3fdb83b633,1519C,true,Rama,,,,,,,,1,false,3202bd7d-d0da-11f0-9ba0-fc3fdb83b633,
34356c57-d0da-11f0-9ba0-fc3fdb83b633,1519D,true,Rama,,,,,,,,1,false,3202bd7d-d0da-11f0-9ba0-fc3fdb83b633,
3435b1a5-d0da-11f0-9ba0-fc3fdb83b633,1519E,true,Hoja,,,,,,,,1,false,3202bd7d-d0da-11f0-9ba0-fc3fdb83b633,
3435fe4f-d0da-11f0-9ba0-fc3fdb83b633,1519F,true,Hoja,,,,,,,,1,false,3202bd7d-d0da-11f0-9ba0-fc3fdb83b633,
3436378f-d0da-11f0-9ba0-fc3fdb83b633,151A,true,Hoja,,,,,,,,1,false,31fd2386-d0da-11f0-9ba0-fc3fdb83b633,3027f97f-d0da-11f0-9ba0-fc3fdb83b633
34367c8e-d0da-11f0-9ba0-fc3fdb83b633,151B,true,Hoja,,,,,,,,1,false,31fd2386-d0da-11f0-9ba0-fc3fdb83b633,3027edbd-d0da-11f0-9ba0-fc3fdb83b633
3436c0ed-d0da-11f0-9ba0-fc3fdb83b633,151C,true,Hoja,,,,,,,,1,false,31fd2386-d0da-11f0-9ba0-fc3fdb83b633,3027edbd-d0da-11f0-9ba0-fc3fdb83b633
34371338-d0da-11f0-9ba0-fc3fdb83b633,151D,true,Hoja,,,,,,,,1,false,31fd2386-d0da-11f0-9ba0-fc3fdb83b633,3027edbd-d0da-11f0-9ba0-fc3fdb83b633
343771df-d0da-11f0-9ba0-fc3fdb83b633,1520A,true,Rama,,,,,,,,1,false,3202bff5-d0da-11f0-9ba0-fc3fdb83b633,
3437b86e-d0da-11f0-9ba0-fc3fdb83b633,1520B,true,Hoja,,,,,,,,1,false,3202bff5-d0da-11f0-9ba0-fc3fdb83b633,
3437fd63-d0da-11f0-9ba0-fc3fdb83b633,1521A,true,Raíz,,,,,,,,1,false,3202c276-d0da-11f0-9ba0-fc3fdb83b633,
34384305-d0da-11f0-9ba0-fc3fdb83b633,1521B,true,Raíz,,,,,,,,1,false,3202c276-d0da-11f0-9ba0-fc3fdb83b633,
34389386-d0da-11f0-9ba0-fc3fdb83b633,1522A,true,Hoja,,,,,,,,1,false,3202c4fd-d0da-11f0-9ba0-fc3fdb83b633,
3438d8b1-d0da-11f0-9ba0-fc3fdb83b633,1522B,true,Hoja,,,,,,,,1,false,3202c4fd-d0da-11f0-9ba0-fc3fdb83b633,
34391e62-d0da-11f0-9ba0-fc3fdb83b633,1522C,true,Hoja,,,,,,,,1,false,3202c4fd-d0da-11f0-9ba0-fc3fdb83b633,
34396323-d0da-11f0-9ba0-fc3fdb83b633,1522D,true,Hoja,,,,,,,,1,false,3202c4fd-d0da-11f0-9ba0-fc3fdb83b633,
3439a8c7-d0da-11f0-9ba0-fc3fdb83b633,1522E,true,Rama,,,,,,,,1,false,3202c4fd-d0da-11f0-9ba0-fc3fdb83b633,
3439d306-d0da-11f0-9ba0-fc3fdb83b633,1523A,true,Hoja,,,,,,,,1,false,31fc5a5a-d0da-11f0-9ba0-fc3fdb83b633,
343a181d-d0da-11f0-9ba0-fc3fdb83b633,1523B,true,Rama,,,,,,,,1,false,31fc5a5a-d0da-11f0-9ba0-fc3fdb83b633,
343a5cae-d0da-11f0-9ba0-fc3fdb83b633,1523C,true,Hoja,,,,,,,,1,false,31fc5a5a-d0da-11f0-9ba0-fc3fdb83b633,
343aa2b3-d0da-11f0-9ba0-fc3fdb83b633,1523D,true,Hoja,,,,,,,,1,false,31fc5a5a-d0da-11f0-9ba0-fc3fdb83b633,
343ae79a-d0da-11f0-9ba0-fc3fdb83b633,1523E,true,Hoja,,,,,,,,1,false,31fc5a5a-d0da-11f0-9ba0-fc3fdb83b633,
343b5337-d0da-11f0-9ba0-fc3fdb83b633,1524A,true,Hoja,,,,,,,,1,false,31fc5ba1-d0da-11f0-9ba0-fc3fdb83b633,
343ba6f2-d0da-11f0-9ba0-fc3fdb83b633,1524B,true,Hoja,,,,,,,,1,false,31fc5ba1-d0da-11f0-9ba0-fc3fdb83b633,
343bf1a4-d0da-11f0-9ba0-fc3fdb83b633,1525A,true,Pecíolo,,,,,,,,1,false,31fc5d0b-d0da-11f0-9ba0-fc3fdb83b633,
343c3ed9-d0da-11f0-9ba0-fc3fdb83b633,1525B,true,Raíz,,,,,,,,1,false,31fc5d0b-d0da-11f0-9ba0-fc3fdb83b633,
343c8451-d0da-11f0-9ba0-fc3fdb83b633,1525C,true,Rama,,,,,,,,1,false,31fc5d0b-d0da-11f0-9ba0-fc3fdb83b633,
343ccab5-d0da-11f0-9ba0-fc3fdb83b633,1525D,true,Pecíolo,,,,,,,,1,false,31fc5d0b-d0da-11f0-9ba0-fc3fdb83b633,
343d0faf-d0da-11f0-9ba0-fc3fdb83b633,1525E,true,Hoja,,,,,,,,1,false,31fc5d0b-d0da-11f0-9ba0-fc3fdb83b633,
343d53f6-d0da-11f0-9ba0-fc3fdb83b633,1525F,true,Hoja,,,,,,,,1,false,31fc5d0b-d0da-11f0-9ba0-fc3fdb83b633,
343da8c9-d0da-11f0-9ba0-fc3fdb83b633,1527A,true,Hoja,,,,,,,,1,false,31fc5e6b-d0da-11f0-9ba0-fc3fdb83b633,
343dfa12-d0da-11f0-9ba0-fc3fdb83b633,1527B,true,Hoja,,,,,,,,1,false,31fc5e6b-d0da-11f0-9ba0-fc3fdb83b633,
343e3ec4-d0da-11f0-9ba0-fc3fdb83b633,1527C,true,Hoja,,,,,,,,1,false,31fc5e6b-d0da-11f0-9ba0-fc3fdb83b633,
343e82ad-d0da-11f0-9ba0-fc3fdb83b633,1529A,true,Hoja,,,,,,,,1,false,31fc5fc0-d0da-11f0-9ba0-fc3fdb83b633,
343eca8c-d0da-11f0-9ba0-fc3fdb83b633,152A,true,Hoja,,,,,,,,1,false,31fd262b-d0da-11f0-9ba0-fc3fdb83b633,3027edbd-d0da-11f0-9ba0-fc3fdb83b633
343f0ef7-d0da-11f0-9ba0-fc3fdb83b633,152B,true,Hoja,,,,,,,,1,false,31fd262b-d0da-11f0-9ba0-fc3fdb83b633,3027edbd-d0da-11f0-9ba0-fc3fdb83b633
343f54e1-d0da-11f0-9ba0-fc3fdb83b633,152C,true,Hoja,,,,,,,,1,false,31fd262b-d0da-11f0-9ba0-fc3fdb83b633,3027edbd-d0da-11f0-9ba0-fc3fdb83b633
343f9511-d0da-11f0-9ba0-fc3fdb83b633,1530A,true,Rama,,,,,,,,1,false,31fc612b-d0da-11f0-9ba0-fc3fdb83b633,
343fd86b-d0da-11f0-9ba0-fc3fdb83b633,1530B,true,Rama,,,,,,,,1,false,31fc612b-d0da-11f0-9ba0-fc3fdb83b633,
344027ba-d0da-11f0-9ba0-fc3fdb83b633,1530C,true,Pecíolo,,,,,,,,1,false,31fc612b-d0da-11f0-9ba0-fc3fdb83b633,
34407cf1-d0da-11f0-9ba0-fc3fdb83b633,1530D,true,Rama,,,,,,,,1,false,31fc612b-d0da-11f0-9ba0-fc3fdb83b633,
3440c587-d0da-11f0-9ba0-fc3fdb83b633,1530E,true,Hoja,,,,,,,,1,false,31fc612b-d0da-11f0-9ba0-fc3fdb83b633,
34411bd8-d0da-11f0-9ba0-fc3fdb83b633,1530F,true,Hoja,,,,,,,,1,false,31fc612b-d0da-11f0-9ba0-fc3fdb83b633,
34418a57-d0da-11f0-9ba0-fc3fdb83b633,1531A,true,Hoja,,,,,,,,1,false,31fc6371-d0da-11f0-9ba0-fc3fdb83b633,
3441d4bd-d0da-11f0-9ba0-fc3fdb83b633,1531B,true,Hoja,,,,,,,,1,false,31fc6371-d0da-11f0-9ba0-fc3fdb83b633,
34422120-d0da-11f0-9ba0-fc3fdb83b633,1532A,true,Rama,,,,,,,,1,false,31fc64dd-d0da-11f0-9ba0-fc3fdb83b633,
344276aa-d0da-11f0-9ba0-fc3fdb83b633,1532B,true,Hoja,,,,,,,,1,false,31fc64dd-d0da-11f0-9ba0-fc3fdb83b633,
3442cd14-d0da-11f0-9ba0-fc3fdb83b633,1533A,true,Rama,,,,,,,,1,false,31fc6626-d0da-11f0-9ba0-fc3fdb83b633,
34431b1d-d0da-11f0-9ba0-fc3fdb83b633,1533B,true,Rama,,,,,,,,1,false,31fc6626-d0da-11f0-9ba0-fc3fdb83b633,
344363fa-d0da-11f0-9ba0-fc3fdb83b633,1533C,true,Pecíolo,,,,,,,,1,false,31fc6626-d0da-11f0-9ba0-fc3fdb83b633,
3443ab43-d0da-11f0-9ba0-fc3fdb83b633,1534A,true,Hoja,,,,,,,,1,false,31fc677f-d0da-11f0-9ba0-fc3fdb83b633,
3443f1d2-d0da-11f0-9ba0-fc3fdb83b633,1535A,true,Pecíolo,,,,,,,,1,false,31fc68d2-d0da-11f0-9ba0-fc3fdb83b633,
3444374d-d0da-11f0-9ba0-fc3fdb83b633,1535B,true,Hoja,,,,,,,,1,false,31fc68d2-d0da-11f0-9ba0-fc3fdb83b633,
34447e3f-d0da-11f0-9ba0-fc3fdb83b633,1535C,true,Hoja,,,,,,,,1,false,31fc68d2-d0da-11f0-9ba0-fc3fdb83b633,
3444c54e-d0da-11f0-9ba0-fc3fdb83b633,1535D,true,Hoja,,,,,,,,1,false,31fc68d2-d0da-11f0-9ba0-fc3fdb83b633,
34450b81-d0da-11f0-9ba0-fc3fdb83b633,1536A,true,Hoja,,,,,,,,1,false,31fc6a3f-d0da-11f0-9ba0-fc3fdb83b633,
34457b45-d0da-11f0-9ba0-fc3fdb83b633,1536B,true,Raíz,,,,,,,,1,false,31fc6a3f-d0da-11f0-9ba0-fc3fdb83b633,
3445dc8c-d0da-11f0-9ba0-fc3fdb83b633,1538A,true,Hoja,,,,,,,,1,false,31fc6b9a-d0da-11f0-9ba0-fc3fdb83b633,
34464200-d0da-11f0-9ba0-fc3fdb83b633,1539A,true,Pecíolo,,,,,,,,1,false,31fc6d08-d0da-11f0-9ba0-fc3fdb83b633,
344688e4-d0da-11f0-9ba0-fc3fdb83b633,1539B,true,Hoja,,,,,,,,1,false,31fc6d08-d0da-11f0-9ba0-fc3fdb83b633,
3446cf45-d0da-11f0-9ba0-fc3fdb83b633,1539C,true,Hoja,,,,,,,,1,false,31fc6d08-d0da-11f0-9ba0-fc3fdb83b633,
3447155e-d0da-11f0-9ba0-fc3fdb83b633,1539D,true,Hoja,,,,,,,,1,false,31fc6d08-d0da-11f0-9ba0-fc3fdb83b633,
34476010-d0da-11f0-9ba0-fc3fdb83b633,153A,true,Hoja,,,,,,,,1,false,31fd28f9-d0da-11f0-9ba0-fc3fdb83b633,3027edbd-d0da-11f0-9ba0-fc3fdb83b633
3447e56b-d0da-11f0-9ba0-fc3fdb83b633,153B,true,Hoja,,,,,,,,1,false,3209757e-d0da-11f0-9ba0-fc3fdb83b633,3027edbd-d0da-11f0-9ba0-fc3fdb83b633
3447fc7d-d0da-11f0-9ba0-fc3fdb83b633,153C,true,Hoja,,,,,,,,1,false,31fd28f9-d0da-11f0-9ba0-fc3fdb83b633,3027edbd-d0da-11f0-9ba0-fc3fdb83b633
34484554-d0da-11f0-9ba0-fc3fdb83b633,153D,true,Hoja,,,,,,,,1,false,31fd28f9-d0da-11f0-9ba0-fc3fdb83b633,3027edbd-d0da-11f0-9ba0-fc3fdb83b633
34488ca9-d0da-11f0-9ba0-fc3fdb83b633,153E,true,Hoja,,,,,,,,1,false,31fd28f9-d0da-11f0-9ba0-fc3fdb83b633,3027edbd-d0da-11f0-9ba0-fc3fdb83b633
3448cdff-d0da-11f0-9ba0-fc3fdb83b633,1541A,true,Hoja,,,,,,,,1,false,31fc6ea6-d0da-11f0-9ba0-fc3fdb83b633,
344913aa-d0da-11f0-9ba0-fc3fdb83b633,1542A,true,Hoja,,,,,,,,1,false,31fc705f-d0da-11f0-9ba0-fc3fdb83b633,
34495d41-d0da-11f0-9ba0-fc3fdb83b633,154A,true,Hoja,,,,,,,,1,false,31fd2bc8-d0da-11f0-9ba0-fc3fdb83b633,3027edbd-d0da-11f0-9ba0-fc3fdb83b633
3449a2d5-d0da-11f0-9ba0-fc3fdb83b633,154B,true,Hoja,,,,,,,,1,false,31fd2bc8-d0da-11f0-9ba0-fc3fdb83b633,
3449ec54-d0da-11f0-9ba0-fc3fdb83b633,154C,true,Hoja,,,,,,,,1,false,31fd2bc8-d0da-11f0-9ba0-fc3fdb83b633,3027fd10-d0da-11f0-9ba0-fc3fdb83b633
344a3875-d0da-11f0-9ba0-fc3fdb83b633,154D,true,Hoja,,,,,,,,1,false,31fd2bc8-d0da-11f0-9ba0-fc3fdb83b633,3027edbd-d0da-11f0-9ba0-fc3fdb83b633
344a80ea-d0da-11f0-9ba0-fc3fdb83b633,155A,true,Hoja,,,,,,,,1,false,31fd2eb7-d0da-11f0-9ba0-fc3fdb83b633,3027edbd-d0da-11f0-9ba0-fc3fdb83b633
344ad329-d0da-11f0-9ba0-fc3fdb83b633,155B,true,Hoja,,,,,,,,1,false,31fd2eb7-d0da-11f0-9ba0-fc3fdb83b633,3027edbd-d0da-11f0-9ba0-fc3fdb83b633
344b246a-d0da-11f0-9ba0-fc3fdb83b633,155C,true,Hoja,,,,,,,,1,false,31fd2eb7-d0da-11f0-9ba0-fc3fdb83b633,3027edbd-d0da-11f0-9ba0-fc3fdb83b633
344b783a-d0da-11f0-9ba0-fc3fdb83b633,155D,true,Hoja,,,,,,,,1,false,31fd2eb7-d0da-11f0-9ba0-fc3fdb83b633,3027edbd-d0da-11f0-9ba0-fc3fdb83b633
344bbee0-d0da-11f0-9ba0-fc3fdb83b633,155E,true,Hoja,,,,,,,,1,false,31fd2eb7-d0da-11f0-9ba0-fc3fdb83b633,3027edbd-d0da-11f0-9ba0-fc3fdb83b633
344c0444-d0da-11f0-9ba0-fc3fdb83b633,156A,true,Hoja,,,,,,,,1,false,31fd3171-d0da-11f0-9ba0-fc3fdb83b633,3027edbd-d0da-11f0-9ba0-fc3fdb83b633
344c4a61-d0da-11f0-9ba0-fc3fdb83b633,156B,true,Hoja,,,,,,,,1,false,31fd3171-d0da-11f0-9ba0-fc3fdb83b633,3027edbd-d0da-11f0-9ba0-fc3fdb83b633
344c8f64-d0da-11f0-9ba0-fc3fdb83b633,156C,true,Hoja,,,,,,,,1,false,31fd3171-d0da-11f0-9ba0-fc3fdb83b633,3027edbd-d0da-11f0-9ba0-fc3fdb83b633
344cd8e0-d0da-11f0-9ba0-fc3fdb83b633,156D,true,Hoja,,,,,,,,1,false,31fd3171-d0da-11f0-9ba0-fc3fdb83b633,3027f83b-d0da-11f0-9ba0-fc3fdb83b633
344d2c35-d0da-11f0-9ba0-fc3fdb83b633,156E,true,Hoja,,,,,,,,1,false,31fd3171-d0da-11f0-9ba0-fc3fdb83b633,3027edbd-d0da-11f0-9ba0-fc3fdb83b633
344d711f-d0da-11f0-9ba0-fc3fdb83b633,156F,true,Hoja,,,,,,,,1,false,31fd3171-d0da-11f0-9ba0-fc3fdb83b633,3027edbd-d0da-11f0-9ba0-fc3fdb83b633
344dbd5f-d0da-11f0-9ba0-fc3fdb83b633,157A,true,Hoja,,,,,,,,1,false,31fd34b1-d0da-11f0-9ba0-fc3fdb83b633,3027edbd-d0da-11f0-9ba0-fc3fdb83b633
344e035f-d0da-11f0-9ba0-fc3fdb83b633,157B,true,Hoja,,,,,,,,1,false,31fd34b1-d0da-11f0-9ba0-fc3fdb83b633,3027edbd-d0da-11f0-9ba0-fc3fdb83b633
344e47a1-d0da-11f0-9ba0-fc3fdb83b633,158A,true,Hoja,,,,,,,,1,false,31fd379a-d0da-11f0-9ba0-fc3fdb83b633,3027edbd-d0da-11f0-9ba0-fc3fdb83b633
344e8bd0-d0da-11f0-9ba0-fc3fdb83b633,158B,true,Hoja,,,,,,,,1,false,31fd379a-d0da-11f0-9ba0-fc3fdb83b633,3027edbd-d0da-11f0-9ba0-fc3fdb83b633
344ecfc9-d0da-11f0-9ba0-fc3fdb83b633,158C,true,Hoja,,,,,,,,1,false,31fd379a-d0da-11f0-9ba0-fc3fdb83b633,3027f83b-d0da-11f0-9ba0-fc3fdb83b633
344f148c-d0da-11f0-9ba0-fc3fdb83b633,159A,true,Hoja,,,,,,,,1,false,31fd3a7c-d0da-11f0-9ba0-fc3fdb83b633,3027edbd-d0da-11f0-9ba0-fc3fdb83b633
344f5b90-d0da-11f0-9ba0-fc3fdb83b633,159B,true,Hoja,,,,,,,,1,false,31fd3a7c-d0da-11f0-9ba0-fc3fdb83b633,3027edbd-d0da-11f0-9ba0-fc3fdb83b633
344fa216-d0da-11f0-9ba0-fc3fdb83b633,159C,true,Hoja,,,,,,,,1,false,31fd3a7c-d0da-11f0-9ba0-fc3fdb83b633,3027edbd-d0da-11f0-9ba0-fc3fdb83b633
344fe6bc-d0da-11f0-9ba0-fc3fdb83b633,159D,true,Hoja,,,,,,,,1,false,31fd3a7c-d0da-11f0-9ba0-fc3fdb83b633,3027edbd-d0da-11f0-9ba0-fc3fdb83b633
345045de-d0da-11f0-9ba0-fc3fdb83b633,159E,true,Hoja,,,,,,,,1,false,31fd3a7c-d0da-11f0-9ba0-fc3fdb83b633,3027edbd-d0da-11f0-9ba0-fc3fdb83b633
3450dcd0-d0da-11f0-9ba0-fc3fdb83b633,15A,true,Hoja,,,,,,,,1,false,31fc82c8-d0da-11f0-9ba0-fc3fdb83b633,3027edbd-d0da-11f0-9ba0-fc3fdb83b633
345183ce-d0da-11f0-9ba0-fc3fdb83b633,160A,true,Hoja,,,,,,,,1,false,31fd3d5f-d0da-11f0-9ba0-fc3fdb83b633,3027edbd-d0da-11f0-9ba0-fc3fdb83b633
34523891-d0da-11f0-9ba0-fc3fdb83b633,160B,true,Hoja,,,,,,,,1,false,31fd3d5f-d0da-11f0-9ba0-fc3fdb83b633,3027edbd-d0da-11f0-9ba0-fc3fdb83b633
3452c410-d0da-11f0-9ba0-fc3fdb83b633,160C,true,Hoja,,,,,,,,1,false,31fd3d5f-d0da-11f0-9ba0-fc3fdb83b633,3027edbd-d0da-11f0-9ba0-fc3fdb83b633
34536ae4-d0da-11f0-9ba0-fc3fdb83b633,160D,true,Hoja,,,,,,,,1,false,31fd3d5f-d0da-11f0-9ba0-fc3fdb83b633,3027fac3-d0da-11f0-9ba0-fc3fdb83b633
34540dd9-d0da-11f0-9ba0-fc3fdb83b633,160E,true,Hoja,,,,,,,,1,false,31fd3d5f-d0da-11f0-9ba0-fc3fdb83b633,3027edbd-d0da-11f0-9ba0-fc3fdb83b633
345493a4-d0da-11f0-9ba0-fc3fdb83b633,160F,true,Hoja,,,,,,,,1,false,31fd3d5f-d0da-11f0-9ba0-fc3fdb83b633,3027edbd-d0da-11f0-9ba0-fc3fdb83b633
3454e508-d0da-11f0-9ba0-fc3fdb83b633,160G,true,Tronco,,,,,,,,1,false,31fd3d5f-d0da-11f0-9ba0-fc3fdb83b633,3027edbd-d0da-11f0-9ba0-fc3fdb83b633
34553945-d0da-11f0-9ba0-fc3fdb83b633,160H,true,Hoja,,,,,,,,1,false,31fd3d5f-d0da-11f0-9ba0-fc3fdb83b633,3027edbd-d0da-11f0-9ba0-fc3fdb83b633
34559a76-d0da-11f0-9ba0-fc3fdb83b633,161A,true,Hoja,,,,,,,,1,false,31fd403e-d0da-11f0-9ba0-fc3fdb83b633,3027edbd-d0da-11f0-9ba0-fc3fdb83b633
345694fe-d0da-11f0-9ba0-fc3fdb83b633,161B,true,Hoja,,,,,,,,1,false,31fd403e-d0da-11f0-9ba0-fc3fdb83b633,3027edbd-d0da-11f0-9ba0-fc3fdb83b633
3456dbcb-d0da-11f0-9ba0-fc3fdb83b633,161C,true,Hoja,,,,,,,,1,false,31fd403e-d0da-11f0-9ba0-fc3fdb83b633,3027edbd-d0da-11f0-9ba0-fc3fdb83b633
3457366b-d0da-11f0-9ba0-fc3fdb83b633,161D,true,Hoja,,,,,,,,1,false,31fd403e-d0da-11f0-9ba0-fc3fdb83b633,302802dc-d0da-11f0-9ba0-fc3fdb83b633
345774d3-d0da-11f0-9ba0-fc3fdb83b633,162A,true,Hoja,,,,,,,,1,false,31fb1901-d0da-11f0-9ba0-fc3fdb83b633,3027edbd-d0da-11f0-9ba0-fc3fdb83b633
3457c671-d0da-11f0-9ba0-fc3fdb83b633,162B,true,Hoja,,,,,,,,1,false,31fb1901-d0da-11f0-9ba0-fc3fdb83b633,3027edbd-d0da-11f0-9ba0-fc3fdb83b633
34580fd7-d0da-11f0-9ba0-fc3fdb83b633,162C,true,Hoja,,,,,,,,1,false,31fb1901-d0da-11f0-9ba0-fc3fdb83b633,3027edbd-d0da-11f0-9ba0-fc3fdb83b633
345856fa-d0da-11f0-9ba0-fc3fdb83b633,162D,true,Hoja,,,,,,,,1,false,31fb1901-d0da-11f0-9ba0-fc3fdb83b633,3027f4ae-d0da-11f0-9ba0-fc3fdb83b633
34589e20-d0da-11f0-9ba0-fc3fdb83b633,162E,true,Hoja,,,,,,,,1,false,31fb1901-d0da-11f0-9ba0-fc3fdb83b633,3027edbd-d0da-11f0-9ba0-fc3fdb83b633
3459099a-d0da-11f0-9ba0-fc3fdb83b633,1631A,true,Hoja,,,,,,,,1,false,3202c784-d0da-11f0-9ba0-fc3fdb83b633,
345957ba-d0da-11f0-9ba0-fc3fdb83b633,1631B,true,Hoja,,,,,,,,1,false,3202c784-d0da-11f0-9ba0-fc3fdb83b633,
3459bd01-d0da-11f0-9ba0-fc3fdb83b633,1632A,true,Raíz,,,,,,,,1,false,3202c9db-d0da-11f0-9ba0-fc3fdb83b633,
345a1a4f-d0da-11f0-9ba0-fc3fdb83b633,1632B,true,Hoja,,,,,,,,1,false,3202c9db-d0da-11f0-9ba0-fc3fdb83b633,
345a803b-d0da-11f0-9ba0-fc3fdb83b633,1632C,true,Rama,,,,,,,,1,false,3202c9db-d0da-11f0-9ba0-fc3fdb83b633,
345ae023-d0da-11f0-9ba0-fc3fdb83b633,1633A,true,Raíz,,,,,,,,1,false,3202cc4a-d0da-11f0-9ba0-fc3fdb83b633,
345b3323-d0da-11f0-9ba0-fc3fdb83b633,1634A,true,Rama,,,,,,,,1,false,3202ced0-d0da-11f0-9ba0-fc3fdb83b633,
345b7ae2-d0da-11f0-9ba0-fc3fdb83b633,1634B,true,Pecíolo,,,,,,,,1,false,3202ced0-d0da-11f0-9ba0-fc3fdb83b633,
345bc216-d0da-11f0-9ba0-fc3fdb83b633,1636A,true,Hoja,,,,,,,,1,false,3202d15b-d0da-11f0-9ba0-fc3fdb83b633,
345c0c39-d0da-11f0-9ba0-fc3fdb83b633,1636B,true,Hoja,,,,,,,,1,false,3202d15b-d0da-11f0-9ba0-fc3fdb83b633,
345c5365-d0da-11f0-9ba0-fc3fdb83b633,1637A,true,Rama,,,,,,,,1,false,3202d3f0-d0da-11f0-9ba0-fc3fdb83b633,
345c9895-d0da-11f0-9ba0-fc3fdb83b633,1637B,true,Rama,,,,,,,,1,false,3202d3f0-d0da-11f0-9ba0-fc3fdb83b633,
345cdda0-d0da-11f0-9ba0-fc3fdb83b633,1638A,true,Rama,,,,,,,,1,false,3202d69d-d0da-11f0-9ba0-fc3fdb83b633,
345d2ebc-d0da-11f0-9ba0-fc3fdb83b633,1638B,true,Rama,,,,,,,,1,false,3202d69d-d0da-11f0-9ba0-fc3fdb83b633,
345d87f6-d0da-11f0-9ba0-fc3fdb83b633,1638C,true,Rama,,,,,,,,1,false,3202d69d-d0da-11f0-9ba0-fc3fdb83b633,
345de083-d0da-11f0-9ba0-fc3fdb83b633,1638D,true,Hoja,,,,,,,,1,false,3202d69d-d0da-11f0-9ba0-fc3fdb83b633,
345e11da-d0da-11f0-9ba0-fc3fdb83b633,163A,true,Hoja,,,,,,,,1,false,31fb1b59-d0da-11f0-9ba0-fc3fdb83b633,3028031c-d0da-11f0-9ba0-fc3fdb83b633
345e731b-d0da-11f0-9ba0-fc3fdb83b633,163B,true,Hoja,,,,,,,,1,false,31fb1b59-d0da-11f0-9ba0-fc3fdb83b633,3027edbd-d0da-11f0-9ba0-fc3fdb83b633
345ebccb-d0da-11f0-9ba0-fc3fdb83b633,163C,true,Hoja,,,,,,,,1,false,31fb1b59-d0da-11f0-9ba0-fc3fdb83b633,3027edbd-d0da-11f0-9ba0-fc3fdb83b633
345f0450-d0da-11f0-9ba0-fc3fdb83b633,163D,true,Hoja,,,,,,,,1,false,31fb1b59-d0da-11f0-9ba0-fc3fdb83b633,3027edbd-d0da-11f0-9ba0-fc3fdb83b633
345f4a43-d0da-11f0-9ba0-fc3fdb83b633,163E,true,Hoja,,,,,,,,1,false,31fb1b59-d0da-11f0-9ba0-fc3fdb83b633,3027edbd-d0da-11f0-9ba0-fc3fdb83b633
345f934b-d0da-11f0-9ba0-fc3fdb83b633,163F,true,Hoja,,,,,,,,1,false,31fb1b59-d0da-11f0-9ba0-fc3fdb83b633,3027f4ae-d0da-11f0-9ba0-fc3fdb83b633
345fd7a9-d0da-11f0-9ba0-fc3fdb83b633,163G,true,Hoja,,,,,,,,1,false,31fb1b59-d0da-11f0-9ba0-fc3fdb83b633,3027edbd-d0da-11f0-9ba0-fc3fdb83b633
34607d11-d0da-11f0-9ba0-fc3fdb83b633,1640A,true,Hoja,,,,,,,,1,false,3202d94e-d0da-11f0-9ba0-fc3fdb83b633,
3460f808-d0da-11f0-9ba0-fc3fdb83b633,1640B,true,Raíz,,,,,,,,1,false,3202d94e-d0da-11f0-9ba0-fc3fdb83b633,
34614841-d0da-11f0-9ba0-fc3fdb83b633,1640C,true,Hoja,,,,,,,,1,false,3202d94e-d0da-11f0-9ba0-fc3fdb83b633,
34619ac7-d0da-11f0-9ba0-fc3fdb83b633,1640D,true,Raíz,,,,,,,,1,false,3202d94e-d0da-11f0-9ba0-fc3fdb83b633,
3461ebb3-d0da-11f0-9ba0-fc3fdb83b633,1640E,true,Hoja,,,,,,,,1,false,3202d94e-d0da-11f0-9ba0-fc3fdb83b633,
346239d3-d0da-11f0-9ba0-fc3fdb83b633,1640F,true,Hoja,,,,,,,,1,false,3202d94e-d0da-11f0-9ba0-fc3fdb83b633,
3462802e-d0da-11f0-9ba0-fc3fdb83b633,1641A,true,Rama,,,,,,,,1,false,3202dbd6-d0da-11f0-9ba0-fc3fdb83b633,
3462c52c-d0da-11f0-9ba0-fc3fdb83b633,1641B,true,Rama,,,,,,,,1,false,3202dbd6-d0da-11f0-9ba0-fc3fdb83b633,
34630ce2-d0da-11f0-9ba0-fc3fdb83b633,1642A,true,Rama,,,,,,,,1,false,3202de2c-d0da-11f0-9ba0-fc3fdb83b633,
346351ec-d0da-11f0-9ba0-fc3fdb83b633,1642B,true,Hoja,,,,,,,,1,false,3202de2c-d0da-11f0-9ba0-fc3fdb83b633,
346398f0-d0da-11f0-9ba0-fc3fdb83b633,1642C,true,Rama,,,,,,,,1,false,3202de2c-d0da-11f0-9ba0-fc3fdb83b633,
3463ef5f-d0da-11f0-9ba0-fc3fdb83b633,1642D,true,Rama,,,,,,,,1,false,3202de2c-d0da-11f0-9ba0-fc3fdb83b633,
346435f4-d0da-11f0-9ba0-fc3fdb83b633,1642E,true,Hoja,,,,,,,,1,false,3202de2c-d0da-11f0-9ba0-fc3fdb83b633,
34647c0f-d0da-11f0-9ba0-fc3fdb83b633,1644A,true,Raíz,,,,,,,,1,false,3202e08e-d0da-11f0-9ba0-fc3fdb83b633,
3464c26c-d0da-11f0-9ba0-fc3fdb83b633,1644B,true,Raíz,,,,,,,,1,false,3202e08e-d0da-11f0-9ba0-fc3fdb83b633,
34650a44-d0da-11f0-9ba0-fc3fdb83b633,1646A,true,Raíz,,,,,,,,1,false,3202e2f6-d0da-11f0-9ba0-fc3fdb83b633,
34655128-d0da-11f0-9ba0-fc3fdb83b633,1646B,true,Raíz,,,,,,,,1,false,3202e2f6-d0da-11f0-9ba0-fc3fdb83b633,
3465990b-d0da-11f0-9ba0-fc3fdb83b633,1646C,true,Raíz,,,,,,,,1,false,3202e2f6-d0da-11f0-9ba0-fc3fdb83b633,
3465de7d-d0da-11f0-9ba0-fc3fdb83b633,1646D,true,Raíz,,,,,,,,1,false,3202e2f6-d0da-11f0-9ba0-fc3fdb83b633,
3466528d-d0da-11f0-9ba0-fc3fdb83b633,1646E,true,Raíz,,,,,,,,1,false,3202e2f6-d0da-11f0-9ba0-fc3fdb83b633,
34669986-d0da-11f0-9ba0-fc3fdb83b633,1647A,true,Hoja,,,,,,,,1,false,3202e5f1-d0da-11f0-9ba0-fc3fdb83b633,
3466df59-d0da-11f0-9ba0-fc3fdb83b633,1647B,true,Raíz,,,,,,,,1,false,3202e5f1-d0da-11f0-9ba0-fc3fdb83b633,
34672978-d0da-11f0-9ba0-fc3fdb83b633,1647C,true,Raíz,,,,,,,,1,false,3202e5f1-d0da-11f0-9ba0-fc3fdb83b633,
3467708f-d0da-11f0-9ba0-fc3fdb83b633,1647D,true,Raíz,,,,,,,,1,false,3202e5f1-d0da-11f0-9ba0-fc3fdb83b633,
3467b68e-d0da-11f0-9ba0-fc3fdb83b633,1647E,true,Hoja,,,,,,,,1,false,3202e5f1-d0da-11f0-9ba0-fc3fdb83b633,
3468022c-d0da-11f0-9ba0-fc3fdb83b633,1648A,true,Hoja,,,,,,,,1,false,3202e886-d0da-11f0-9ba0-fc3fdb83b633,
3468505a-d0da-11f0-9ba0-fc3fdb83b633,1649A,true,Rama,,,,,,,,1,false,3202eb17-d0da-11f0-9ba0-fc3fdb83b633,
3468aa24-d0da-11f0-9ba0-fc3fdb83b633,1649B,true,Rama,,,,,,,,1,false,3202eb17-d0da-11f0-9ba0-fc3fdb83b633,
3468f636-d0da-11f0-9ba0-fc3fdb83b633,164A,true,Hoja,,,,,,,,1,false,31fb1dba-d0da-11f0-9ba0-fc3fdb83b633,3027edbd-d0da-11f0-9ba0-fc3fdb83b633
3469579b-d0da-11f0-9ba0-fc3fdb83b633,164B,true,Hoja,,,,,,,,1,false,31fb1dba-d0da-11f0-9ba0-fc3fdb83b633,3027edbd-d0da-11f0-9ba0-fc3fdb83b633
3469aae9-d0da-11f0-9ba0-fc3fdb83b633,164C,true,Hoja,,,,,,,,1,false,31fb1dba-d0da-11f0-9ba0-fc3fdb83b633,3027edbd-d0da-11f0-9ba0-fc3fdb83b633
3469f282-d0da-11f0-9ba0-fc3fdb83b633,164D,true,Hoja,,,,,,,,1,false,31fb1dba-d0da-11f0-9ba0-fc3fdb83b633,3027edbd-d0da-11f0-9ba0-fc3fdb83b633
346a39ab-d0da-11f0-9ba0-fc3fdb83b633,164E,true,Hoja,,,,,,,,1,false,31fb1dba-d0da-11f0-9ba0-fc3fdb83b633,3027edbd-d0da-11f0-9ba0-fc3fdb83b633
346a853c-d0da-11f0-9ba0-fc3fdb83b633,164F,true,Hoja,,,,,,,,1,false,31fb1dba-d0da-11f0-9ba0-fc3fdb83b633,3027edbd-d0da-11f0-9ba0-fc3fdb83b633
346ad337-d0da-11f0-9ba0-fc3fdb83b633,164G,true,Hoja,,,,,,,,1,false,31fb1dba-d0da-11f0-9ba0-fc3fdb83b633,3027edbd-d0da-11f0-9ba0-fc3fdb83b633
346b5831-d0da-11f0-9ba0-fc3fdb83b633,1650A,true,Hoja,,,,,,,,1,false,3202eda7-d0da-11f0-9ba0-fc3fdb83b633,
346bb71e-d0da-11f0-9ba0-fc3fdb83b633,1650B,true,Hoja,,,,,,,,1,false,3202eda7-d0da-11f0-9ba0-fc3fdb83b633,
346c01c7-d0da-11f0-9ba0-fc3fdb83b633,1650C,true,Hoja,,,,,,,,1,false,3202eda7-d0da-11f0-9ba0-fc3fdb83b633,
346c56d2-d0da-11f0-9ba0-fc3fdb83b633,1650D,true,Hoja,,,,,,,,1,false,3202eda7-d0da-11f0-9ba0-fc3fdb83b633,
346ca2ff-d0da-11f0-9ba0-fc3fdb83b633,1651A,true,Rama,,,,,,,,1,false,3202f043-d0da-11f0-9ba0-fc3fdb83b633,
346cf32e-d0da-11f0-9ba0-fc3fdb83b633,1651B,true,Hoja,,,,,,,,1,false,3202f043-d0da-11f0-9ba0-fc3fdb83b633,
346d42c1-d0da-11f0-9ba0-fc3fdb83b633,1651C,true,Rama,,,,,,,,1,false,3202f043-d0da-11f0-9ba0-fc3fdb83b633,
346d8937-d0da-11f0-9ba0-fc3fdb83b633,1652A,true,Raíz,,,,,,,,1,false,3202f29f-d0da-11f0-9ba0-fc3fdb83b633,
346dcf3a-d0da-11f0-9ba0-fc3fdb83b633,1652B,true,Hoja,,,,,,,,1,false,3202f29f-d0da-11f0-9ba0-fc3fdb83b633,
346e179a-d0da-11f0-9ba0-fc3fdb83b633,1652C,true,Rama,,,,,,,,1,false,3202f29f-d0da-11f0-9ba0-fc3fdb83b633,
346e680c-d0da-11f0-9ba0-fc3fdb83b633,1652D,true,Hoja,,,,,,,,1,false,3202f29f-d0da-11f0-9ba0-fc3fdb83b633,
346ebc55-d0da-11f0-9ba0-fc3fdb83b633,1652E,true,Raíz,,,,,,,,1,false,3202f29f-d0da-11f0-9ba0-fc3fdb83b633,
346f039a-d0da-11f0-9ba0-fc3fdb83b633,1653A,true,Raíz,,,,,,,,1,false,3202f506-d0da-11f0-9ba0-fc3fdb83b633,
346f495a-d0da-11f0-9ba0-fc3fdb83b633,1653B,true,Rama,,,,,,,,1,false,3202f506-d0da-11f0-9ba0-fc3fdb83b633,
346f8eec-d0da-11f0-9ba0-fc3fdb83b633,1653C,true,Raíz,,,,,,,,1,false,3202f506-d0da-11f0-9ba0-fc3fdb83b633,
346fda36-d0da-11f0-9ba0-fc3fdb83b633,1653D,true,Hoja,,,,,,,,1,false,3202f506-d0da-11f0-9ba0-fc3fdb83b633,
34703371-d0da-11f0-9ba0-fc3fdb83b633,1653E,true,Raíz,,,,,,,,1,false,3202f506-d0da-11f0-9ba0-fc3fdb83b633,
34712f85-d0da-11f0-9ba0-fc3fdb83b633,1654A,true,Pecíolo,,,,,,,,1,false,3202f860-d0da-11f0-9ba0-fc3fdb83b633,
34717601-d0da-11f0-9ba0-fc3fdb83b633,1654B,true,Hoja,,,,,,,,1,false,3202f860-d0da-11f0-9ba0-fc3fdb83b633,
3471bdca-d0da-11f0-9ba0-fc3fdb83b633,1654C,true,Hoja,,,,,,,,1,false,3202f860-d0da-11f0-9ba0-fc3fdb83b633,
3472071b-d0da-11f0-9ba0-fc3fdb83b633,1655A,true,Raíz,,,,,,,,1,false,3202fad0-d0da-11f0-9ba0-fc3fdb83b633,
34724d20-d0da-11f0-9ba0-fc3fdb83b633,1655B,true,Hoja,,,,,,,,1,false,3202fad0-d0da-11f0-9ba0-fc3fdb83b633,
3472919d-d0da-11f0-9ba0-fc3fdb83b633,1655C,true,Raíz,,,,,,,,1,false,3202fad0-d0da-11f0-9ba0-fc3fdb83b633,
3472d7ec-d0da-11f0-9ba0-fc3fdb83b633,1655D,true,Raíz,,,,,,,,1,false,3202fad0-d0da-11f0-9ba0-fc3fdb83b633,
347338b4-d0da-11f0-9ba0-fc3fdb83b633,1655E,true,Hoja,,,,,,,,1,false,3202fad0-d0da-11f0-9ba0-fc3fdb83b633,
3473a644-d0da-11f0-9ba0-fc3fdb83b633,1656A,true,Raíz,,,,,,,,1,false,3202fd6e-d0da-11f0-9ba0-fc3fdb83b633,
3473eca8-d0da-11f0-9ba0-fc3fdb83b633,1658A,true,Hoja,,,,,,,,1,false,3203001a-d0da-11f0-9ba0-fc3fdb83b633,
347430c0-d0da-11f0-9ba0-fc3fdb83b633,1659A,true,Hoja,,,,,,,,1,false,320302c1-d0da-11f0-9ba0-fc3fdb83b633,
3474792c-d0da-11f0-9ba0-fc3fdb83b633,1659B,true,Hoja,,,,,,,,1,false,320302c1-d0da-11f0-9ba0-fc3fdb83b633,
3474c028-d0da-11f0-9ba0-fc3fdb83b633,1659C,true,Hoja,,,,,,,,1,false,320302c1-d0da-11f0-9ba0-fc3fdb83b633,
34750646-d0da-11f0-9ba0-fc3fdb83b633,1659D,true,Rama,,,,,,,,1,false,320302c1-d0da-11f0-9ba0-fc3fdb83b633,
34752b6c-d0da-11f0-9ba0-fc3fdb83b633,165A,true,Hoja,,,,,,,,1,false,31fb2026-d0da-11f0-9ba0-fc3fdb83b633,3027edbd-d0da-11f0-9ba0-fc3fdb83b633
3475787a-d0da-11f0-9ba0-fc3fdb83b633,165B,true,Hoja,,,,,,,,1,false,31fb2026-d0da-11f0-9ba0-fc3fdb83b633,3027edbd-d0da-11f0-9ba0-fc3fdb83b633
3475f125-d0da-11f0-9ba0-fc3fdb83b633,165C,true,Hoja,,,,,,,,1,false,31fb2026-d0da-11f0-9ba0-fc3fdb83b633,3027edbd-d0da-11f0-9ba0-fc3fdb83b633
347641ae-d0da-11f0-9ba0-fc3fdb83b633,165D,true,Hoja,,,,,,,,1,false,31fb2026-d0da-11f0-9ba0-fc3fdb83b633,3027edbd-d0da-11f0-9ba0-fc3fdb83b633
34769015-d0da-11f0-9ba0-fc3fdb83b633,165E,true,Hoja,,,,,,,,1,false,31fb2026-d0da-11f0-9ba0-fc3fdb83b633,3027edbd-d0da-11f0-9ba0-fc3fdb83b633
3476d873-d0da-11f0-9ba0-fc3fdb83b633,165F,true,Hoja,,,,,,,,1,false,31fb2026-d0da-11f0-9ba0-fc3fdb83b633,3027edbd-d0da-11f0-9ba0-fc3fdb83b633
34772026-d0da-11f0-9ba0-fc3fdb83b633,165G,true,Hoja,,,,,,,,1,false,31fb2026-d0da-11f0-9ba0-fc3fdb83b633,3027edbd-d0da-11f0-9ba0-fc3fdb83b633
347766f6-d0da-11f0-9ba0-fc3fdb83b633,165H,true,Hoja,,,,,,,,1,false,31fb2026-d0da-11f0-9ba0-fc3fdb83b633,3027edbd-d0da-11f0-9ba0-fc3fdb83b633
3477d000-d0da-11f0-9ba0-fc3fdb83b633,1660A,true,Hoja,,,,,,,,1,false,32030545-d0da-11f0-9ba0-fc3fdb83b633,
34782a7b-d0da-11f0-9ba0-fc3fdb83b633,1660B,true,Hoja,,,,,,,,1,false,32030545-d0da-11f0-9ba0-fc3fdb83b633,
34787c5d-d0da-11f0-9ba0-fc3fdb83b633,1660C,true,Hoja,,,,,,,,1,false,32030545-d0da-11f0-9ba0-fc3fdb83b633,
3478bb73-d0da-11f0-9ba0-fc3fdb83b633,1664A,true,Rama,,,,,,,,1,false,31fc71aa-d0da-11f0-9ba0-fc3fdb83b633,
34790362-d0da-11f0-9ba0-fc3fdb83b633,1665A,true,Hoja,,,,,,,,1,false,31fc72f1-d0da-11f0-9ba0-fc3fdb83b633,
34794c57-d0da-11f0-9ba0-fc3fdb83b633,1665B,true,Rama,,,,,,,,1,false,31fc72f1-d0da-11f0-9ba0-fc3fdb83b633,
347991fd-d0da-11f0-9ba0-fc3fdb83b633,1665C,true,Rama,,,,,,,,1,false,31fc72f1-d0da-11f0-9ba0-fc3fdb83b633,
3479d856-d0da-11f0-9ba0-fc3fdb83b633,1665D,true,Rama,,,,,,,,1,false,31fc72f1-d0da-11f0-9ba0-fc3fdb83b633,
347a1831-d0da-11f0-9ba0-fc3fdb83b633,166A,true,Hoja,,,,,,,,1,false,31fb229a-d0da-11f0-9ba0-fc3fdb83b633,3027edbd-d0da-11f0-9ba0-fc3fdb83b633
347a6006-d0da-11f0-9ba0-fc3fdb83b633,166B,true,Hoja,,,,,,,,1,false,31fb229a-d0da-11f0-9ba0-fc3fdb83b633,3027edbd-d0da-11f0-9ba0-fc3fdb83b633
347ab0fb-d0da-11f0-9ba0-fc3fdb83b633,166C,true,Hoja,,,,,,,,1,false,31fb229a-d0da-11f0-9ba0-fc3fdb83b633,3027fb45-d0da-11f0-9ba0-fc3fdb83b633
347affd1-d0da-11f0-9ba0-fc3fdb83b633,166D,true,Hoja,,,,,,,,1,false,31fb229a-d0da-11f0-9ba0-fc3fdb83b633,3027edbd-d0da-11f0-9ba0-fc3fdb83b633
347b4feb-d0da-11f0-9ba0-fc3fdb83b633,166E,true,Hoja,,,,,,,,1,false,31fb229a-d0da-11f0-9ba0-fc3fdb83b633,3027edbd-d0da-11f0-9ba0-fc3fdb83b633
347b98c1-d0da-11f0-9ba0-fc3fdb83b633,166F,true,Hoja,,,,,,,,1,false,31fb229a-d0da-11f0-9ba0-fc3fdb83b633,3027edbd-d0da-11f0-9ba0-fc3fdb83b633
347bde51-d0da-11f0-9ba0-fc3fdb83b633,166G,true,Hoja,,,,,,,,1,false,31fb229a-d0da-11f0-9ba0-fc3fdb83b633,3027edbd-d0da-11f0-9ba0-fc3fdb83b633
347c2330-d0da-11f0-9ba0-fc3fdb83b633,166H,true,Hoja,,,,,,,,1,false,31fb229a-d0da-11f0-9ba0-fc3fdb83b633,3027edbd-d0da-11f0-9ba0-fc3fdb83b633
347c6778-d0da-11f0-9ba0-fc3fdb83b633,166I,true,Tronco,,,,,,,,1,false,31fb229a-d0da-11f0-9ba0-fc3fdb83b633,3027edbd-d0da-11f0-9ba0-fc3fdb83b633
347cabdf-d0da-11f0-9ba0-fc3fdb83b633,167A,true,Hoja,,,,,,,,1,false,31fb2506-d0da-11f0-9ba0-fc3fdb83b633,3027fb87-d0da-11f0-9ba0-fc3fdb83b633
347ceff7-d0da-11f0-9ba0-fc3fdb83b633,168A,true,Hoja,,,,,,,,1,false,31fb2757-d0da-11f0-9ba0-fc3fdb83b633,3027edbd-d0da-11f0-9ba0-fc3fdb83b633
347d3e7d-d0da-11f0-9ba0-fc3fdb83b633,168B,true,Hoja,,,,,,,,1,false,31fb2757-d0da-11f0-9ba0-fc3fdb83b633,3027f8fd-d0da-11f0-9ba0-fc3fdb83b633
347d8c90-d0da-11f0-9ba0-fc3fdb83b633,168C,true,Hoja,,,,,,,,1,false,31fb2757-d0da-11f0-9ba0-fc3fdb83b633,3027edbd-d0da-11f0-9ba0-fc3fdb83b633
347e1433-d0da-11f0-9ba0-fc3fdb83b633,1690A,true,Rama,,,,,,,,1,false,320307de-d0da-11f0-9ba0-fc3fdb83b633,
347e5b23-d0da-11f0-9ba0-fc3fdb83b633,1692A,true,Hoja,,,,,,,,1,false,32030a34-d0da-11f0-9ba0-fc3fdb83b633,
347ea0af-d0da-11f0-9ba0-fc3fdb83b633,1696A,true,Rama,,,,,,,,1,false,32030e6d-d0da-11f0-9ba0-fc3fdb83b633,
347ee5dc-d0da-11f0-9ba0-fc3fdb83b633,1696B,true,Rama,,,,,,,,1,false,32030e6d-d0da-11f0-9ba0-fc3fdb83b633,
347f2d20-d0da-11f0-9ba0-fc3fdb83b633,1696C,true,Rama,,,,,,,,1,false,32030e6d-d0da-11f0-9ba0-fc3fdb83b633,
347f7400-d0da-11f0-9ba0-fc3fdb83b633,1697A,true,Pecíolo,,,,,,,,1,false,320310d9-d0da-11f0-9ba0-fc3fdb83b633,
347fe6ab-d0da-11f0-9ba0-fc3fdb83b633,1697B,true,Hoja,,,,,,,,1,false,320310d9-d0da-11f0-9ba0-fc3fdb83b633,
34804aa4-d0da-11f0-9ba0-fc3fdb83b633,1697C,true,Rama,,,,,,,,1,false,320310d9-d0da-11f0-9ba0-fc3fdb83b633,
34809e30-d0da-11f0-9ba0-fc3fdb83b633,1697D,true,Pecíolo,,,,,,,,1,false,320310d9-d0da-11f0-9ba0-fc3fdb83b633,
3480e527-d0da-11f0-9ba0-fc3fdb83b633,1697E,true,Pecíolo,,,,,,,,1,false,320310d9-d0da-11f0-9ba0-fc3fdb83b633,
34812e05-d0da-11f0-9ba0-fc3fdb83b633,1697F,true,Rama,,,,,,,,1,false,320310d9-d0da-11f0-9ba0-fc3fdb83b633,
34817643-d0da-11f0-9ba0-fc3fdb83b633,1697G,true,Hoja,,,,,,,,1,false,320310d9-d0da-11f0-9ba0-fc3fdb83b633,
3481bd2d-d0da-11f0-9ba0-fc3fdb83b633,1698A,true,Hoja,,,,,,,,1,false,3203147e-d0da-11f0-9ba0-fc3fdb83b633,
348205f2-d0da-11f0-9ba0-fc3fdb83b633,1698B,true,Hoja,,,,,,,,1,false,3203147e-d0da-11f0-9ba0-fc3fdb83b633,
34825b00-d0da-11f0-9ba0-fc3fdb83b633,1698C,true,Hoja,,,,,,,,1,false,3203147e-d0da-11f0-9ba0-fc3fdb83b633,
3482c092-d0da-11f0-9ba0-fc3fdb83b633,1699A,true,Hoja,,,,,,,,1,false,32031800-d0da-11f0-9ba0-fc3fdb83b633,
34832361-d0da-11f0-9ba0-fc3fdb83b633,1699B,true,Hoja,,,,,,,,1,false,32031800-d0da-11f0-9ba0-fc3fdb83b633,
34834d15-d0da-11f0-9ba0-fc3fdb83b633,169A,true,Hoja,,,,,,,,1,false,31fb29b5-d0da-11f0-9ba0-fc3fdb83b633,3027edbd-d0da-11f0-9ba0-fc3fdb83b633
348393e8-d0da-11f0-9ba0-fc3fdb83b633,169B,true,Hoja,,,,,,,,1,false,31fb29b5-d0da-11f0-9ba0-fc3fdb83b633,3027edbd-d0da-11f0-9ba0-fc3fdb83b633
3483db84-d0da-11f0-9ba0-fc3fdb83b633,169C,true,Hoja,,,,,,,,1,false,31fb29b5-d0da-11f0-9ba0-fc3fdb83b633,3027edbd-d0da-11f0-9ba0-fc3fdb83b633
3484222c-d0da-11f0-9ba0-fc3fdb83b633,169D,true,Hoja,,,,,,,,1,false,31fb29b5-d0da-11f0-9ba0-fc3fdb83b633,3027edbd-d0da-11f0-9ba0-fc3fdb83b633
34846890-d0da-11f0-9ba0-fc3fdb83b633,169E,true,Hoja,,,,,,,,1,false,31fb29b5-d0da-11f0-9ba0-fc3fdb83b633,3027edbd-d0da-11f0-9ba0-fc3fdb83b633
3484b36c-d0da-11f0-9ba0-fc3fdb83b633,169F,true,Hoja,,,,,,,,1,false,31fb29b5-d0da-11f0-9ba0-fc3fdb83b633,3027f83b-d0da-11f0-9ba0-fc3fdb83b633
34850550-d0da-11f0-9ba0-fc3fdb83b633,169G,true,Hoja,,,,,,,,1,false,31fb29b5-d0da-11f0-9ba0-fc3fdb83b633,3027edbd-d0da-11f0-9ba0-fc3fdb83b633
3486179d-d0da-11f0-9ba0-fc3fdb83b633,169H,true,Hoja,,,,,,,,1,false,31fb29b5-d0da-11f0-9ba0-fc3fdb83b633,3027edbd-d0da-11f0-9ba0-fc3fdb83b633
34867ee5-d0da-11f0-9ba0-fc3fdb83b633,169I,true,Hoja,,,,,,,,1,false,31fb29b5-d0da-11f0-9ba0-fc3fdb83b633,3027edbd-d0da-11f0-9ba0-fc3fdb83b633
3486cdcd-d0da-11f0-9ba0-fc3fdb83b633,16A,true,Hoja,,,,,,,,1,false,31fc8450-d0da-11f0-9ba0-fc3fdb83b633,3027edbd-d0da-11f0-9ba0-fc3fdb83b633
3487301d-d0da-11f0-9ba0-fc3fdb83b633,1700A,true,Pecíolo,,,,,,,,1,false,32031ad4-d0da-11f0-9ba0-fc3fdb83b633,
348914ea-d0da-11f0-9ba0-fc3fdb83b633,1700B,true,Rama,,,,,,,,1,false,32031ad4-d0da-11f0-9ba0-fc3fdb83b633,
3489631c-d0da-11f0-9ba0-fc3fdb83b633,1703A,true,Hoja,,,,,,,,1,false,32031ce4-d0da-11f0-9ba0-fc3fdb83b633,
3489ae71-d0da-11f0-9ba0-fc3fdb83b633,1703B,true,Hoja,,,,,,,,1,false,32031ce4-d0da-11f0-9ba0-fc3fdb83b633,
348a50da-d0da-11f0-9ba0-fc3fdb83b633,1704A,true,Rama,,,,,,,,1,false,32031ef0-d0da-11f0-9ba0-fc3fdb83b633,
348aa75f-d0da-11f0-9ba0-fc3fdb83b633,1704B,true,Hoja,,,,,,,,1,false,32031ef0-d0da-11f0-9ba0-fc3fdb83b633,
348aed62-d0da-11f0-9ba0-fc3fdb83b633,1704C,true,Rama,,,,,,,,1,false,32031ef0-d0da-11f0-9ba0-fc3fdb83b633,
348b2f8d-d0da-11f0-9ba0-fc3fdb83b633,1704D,true,Rama,,,,,,,,1,false,32031ef0-d0da-11f0-9ba0-fc3fdb83b633,
348b76e4-d0da-11f0-9ba0-fc3fdb83b633,1704E,true,Hoja,,,,,,,,1,false,32031ef0-d0da-11f0-9ba0-fc3fdb83b633,
348bbd2d-d0da-11f0-9ba0-fc3fdb83b633,1705A,true,Hoja,,,,,,,,1,false,32032121-d0da-11f0-9ba0-fc3fdb83b633,
348c0118-d0da-11f0-9ba0-fc3fdb83b633,1705B,true,Hoja,,,,,,,,1,false,32032121-d0da-11f0-9ba0-fc3fdb83b633,
348c44d3-d0da-11f0-9ba0-fc3fdb83b633,1705C,true,Hoja,,,,,,,,1,false,32032121-d0da-11f0-9ba0-fc3fdb83b633,
348c9743-d0da-11f0-9ba0-fc3fdb83b633,1705D,true,Hoja,,,,,,,,1,false,32032121-d0da-11f0-9ba0-fc3fdb83b633,
348d6056-d0da-11f0-9ba0-fc3fdb83b633,1706A,true,Hoja,,,,,,,,1,false,32032328-d0da-11f0-9ba0-fc3fdb83b633,
348da382-d0da-11f0-9ba0-fc3fdb83b633,1706B,true,Hoja,,,,,,,,1,false,32032328-d0da-11f0-9ba0-fc3fdb83b633,
348deb71-d0da-11f0-9ba0-fc3fdb83b633,1706C,true,Hoja,,,,,,,,1,false,32032328-d0da-11f0-9ba0-fc3fdb83b633,
348e3d7c-d0da-11f0-9ba0-fc3fdb83b633,1707A,true,Rama,,,,,,,,1,false,32032527-d0da-11f0-9ba0-fc3fdb83b633,
348e8f66-d0da-11f0-9ba0-fc3fdb83b633,1707B,true,Hoja,,,,,,,,1,false,32032527-d0da-11f0-9ba0-fc3fdb83b633,
348fa1ed-d0da-11f0-9ba0-fc3fdb83b633,1707C,true,Rama,,,,,,,,1,false,32032527-d0da-11f0-9ba0-fc3fdb83b633,
348fe8ea-d0da-11f0-9ba0-fc3fdb83b633,1707D,true,Hoja,,,,,,,,1,false,32032527-d0da-11f0-9ba0-fc3fdb83b633,
34903619-d0da-11f0-9ba0-fc3fdb83b633,1708A,true,Rama,,,,,,,,1,false,32032727-d0da-11f0-9ba0-fc3fdb83b633,
34908535-d0da-11f0-9ba0-fc3fdb83b633,1708B,true,Rama,,,,,,,,1,false,32032727-d0da-11f0-9ba0-fc3fdb83b633,
3490e44c-d0da-11f0-9ba0-fc3fdb83b633,1708C,true,Hoja,,,,,,,,1,false,32032727-d0da-11f0-9ba0-fc3fdb83b633,
3491127f-d0da-11f0-9ba0-fc3fdb83b633,1708D,true,Rama,,,,,,,,1,false,32032727-d0da-11f0-9ba0-fc3fdb83b633,
349135fa-d0da-11f0-9ba0-fc3fdb83b633,1709A,true,Hoja,,,,,,,,1,false,32032937-d0da-11f0-9ba0-fc3fdb83b633,
3491886b-d0da-11f0-9ba0-fc3fdb83b633,1709B,true,Hoja,,,,,,,,1,false,32032937-d0da-11f0-9ba0-fc3fdb83b633,
3491af08-d0da-11f0-9ba0-fc3fdb83b633,170A,true,Hoja,,,,,,,,1,false,31fb2c27-d0da-11f0-9ba0-fc3fdb83b633,3027edbd-d0da-11f0-9ba0-fc3fdb83b633
3491fd6d-d0da-11f0-9ba0-fc3fdb83b633,171A,true,Hoja,,,,,,,,1,false,31fb2e84-d0da-11f0-9ba0-fc3fdb83b633,3027edbd-d0da-11f0-9ba0-fc3fdb83b633
34924570-d0da-11f0-9ba0-fc3fdb83b633,172A,true,Hoja,,,,,,,,1,false,31fb30d4-d0da-11f0-9ba0-fc3fdb83b633,3027edbd-d0da-11f0-9ba0-fc3fdb83b633
34928ae0-d0da-11f0-9ba0-fc3fdb83b633,172B,true,Hoja,,,,,,,,1,false,31fb30d4-d0da-11f0-9ba0-fc3fdb83b633,3027edbd-d0da-11f0-9ba0-fc3fdb83b633
3492cf0c-d0da-11f0-9ba0-fc3fdb83b633,172C,true,Hoja,,,,,,,,1,false,31fb30d4-d0da-11f0-9ba0-fc3fdb83b633,3027edbd-d0da-11f0-9ba0-fc3fdb83b633
3493130d-d0da-11f0-9ba0-fc3fdb83b633,172D,true,Hoja,,,,,,,,1,false,31fb30d4-d0da-11f0-9ba0-fc3fdb83b633,3027edbd-d0da-11f0-9ba0-fc3fdb83b633
3493572e-d0da-11f0-9ba0-fc3fdb83b633,172E,true,Hoja,,,,,,,,1,false,31fb30d4-d0da-11f0-9ba0-fc3fdb83b633,3027edbd-d0da-11f0-9ba0-fc3fdb83b633
34939afc-d0da-11f0-9ba0-fc3fdb83b633,172F,true,Hoja,,,,,,,,1,false,31fb30d4-d0da-11f0-9ba0-fc3fdb83b633,3027fbc7-d0da-11f0-9ba0-fc3fdb83b633
3493e1a0-d0da-11f0-9ba0-fc3fdb83b633,172G,true,Hoja,,,,,,,,1,false,31fb30d4-d0da-11f0-9ba0-fc3fdb83b633,3027edbd-d0da-11f0-9ba0-fc3fdb83b633
34943bff-d0da-11f0-9ba0-fc3fdb83b633,173A,true,Hoja,,,,,,,,1,false,31fb3331-d0da-11f0-9ba0-fc3fdb83b633,3027edbd-d0da-11f0-9ba0-fc3fdb83b633
3494be4b-d0da-11f0-9ba0-fc3fdb83b633,173B,true,Hoja,,,,,,,,1,false,31fb3331-d0da-11f0-9ba0-fc3fdb83b633,3027edbd-d0da-11f0-9ba0-fc3fdb83b633
34950a36-d0da-11f0-9ba0-fc3fdb83b633,173C,true,Hoja,,,,,,,,1,false,31fb3331-d0da-11f0-9ba0-fc3fdb83b633,3027edbd-d0da-11f0-9ba0-fc3fdb83b633
349539b6-d0da-11f0-9ba0-fc3fdb83b633,173D,true,Hoja,,,,,,,,1,false,31fb3331-d0da-11f0-9ba0-fc3fdb83b633,3027edbd-d0da-11f0-9ba0-fc3fdb83b633
34956123-d0da-11f0-9ba0-fc3fdb83b633,173E,true,Tronco,,,,,,,,1,false,31fb3331-d0da-11f0-9ba0-fc3fdb83b633,3027edbd-d0da-11f0-9ba0-fc3fdb83b633
34958518-d0da-11f0-9ba0-fc3fdb83b633,174A,true,Hoja,,,,,,,,1,false,31fb3574-d0da-11f0-9ba0-fc3fdb83b633,3027edbd-d0da-11f0-9ba0-fc3fdb83b633
3495a9de-d0da-11f0-9ba0-fc3fdb83b633,174B,true,Hoja,,,,,,,,1,false,31fb3574-d0da-11f0-9ba0-fc3fdb83b633,3027edbd-d0da-11f0-9ba0-fc3fdb83b633
3495cd51-d0da-11f0-9ba0-fc3fdb83b633,174C,true,Hoja,,,,,,,,1,false,31fb3574-d0da-11f0-9ba0-fc3fdb83b633,3027edbd-d0da-11f0-9ba0-fc3fdb83b633
3495f0f6-d0da-11f0-9ba0-fc3fdb83b633,174D,true,Hoja,,,,,,,,1,false,31fb3574-d0da-11f0-9ba0-fc3fdb83b633,3027edbd-d0da-11f0-9ba0-fc3fdb83b633
3496156c-d0da-11f0-9ba0-fc3fdb83b633,174E,true,Hoja,,,,,,,,1,false,31fb3574-d0da-11f0-9ba0-fc3fdb83b633,3027fc09-d0da-11f0-9ba0-fc3fdb83b633
34964acf-d0da-11f0-9ba0-fc3fdb83b633,174F,true,Hoja,,,,,,,,1,false,31fb3574-d0da-11f0-9ba0-fc3fdb83b633,3027edbd-d0da-11f0-9ba0-fc3fdb83b633
34969f94-d0da-11f0-9ba0-fc3fdb83b633,175A,true,Hoja,,,,,,,,1,false,31fb37b6-d0da-11f0-9ba0-fc3fdb83b633,3027edbd-d0da-11f0-9ba0-fc3fdb83b633
3496e9b7-d0da-11f0-9ba0-fc3fdb83b633,175B,true,Hoja,,,,,,,,1,false,31fb37b6-d0da-11f0-9ba0-fc3fdb83b633,3027edbd-d0da-11f0-9ba0-fc3fdb83b633
349737ba-d0da-11f0-9ba0-fc3fdb83b633,175C,true,Hoja,,,,,,,,1,false,31fb37b6-d0da-11f0-9ba0-fc3fdb83b633,3027edbd-d0da-11f0-9ba0-fc3fdb83b633
34977e41-d0da-11f0-9ba0-fc3fdb83b633,175D,true,Hoja,,,,,,,,1,false,31fb37b6-d0da-11f0-9ba0-fc3fdb83b633,3027edbd-d0da-11f0-9ba0-fc3fdb83b633
3497c27c-d0da-11f0-9ba0-fc3fdb83b633,175E,true,Hoja,,,,,,,,1,false,31fb37b6-d0da-11f0-9ba0-fc3fdb83b633,3027fc49-d0da-11f0-9ba0-fc3fdb83b633
349805e9-d0da-11f0-9ba0-fc3fdb83b633,175F,true,Hoja,,,,,,,,1,false,31fb37b6-d0da-11f0-9ba0-fc3fdb83b633,3027edbd-d0da-11f0-9ba0-fc3fdb83b633
34984988-d0da-11f0-9ba0-fc3fdb83b633,175G,true,Hoja,,,,,,,,1,false,31fb37b6-d0da-11f0-9ba0-fc3fdb83b633,3027edbd-d0da-11f0-9ba0-fc3fdb83b633
3498922a-d0da-11f0-9ba0-fc3fdb83b633,176A,true,Hoja,,,,,,,,1,false,31fb3a08-d0da-11f0-9ba0-fc3fdb83b633,3027edbd-d0da-11f0-9ba0-fc3fdb83b633
3498d79b-d0da-11f0-9ba0-fc3fdb83b633,176B,true,Hoja,,,,,,,,1,false,31fb3a08-d0da-11f0-9ba0-fc3fdb83b633,3027edbd-d0da-11f0-9ba0-fc3fdb83b633
34992886-d0da-11f0-9ba0-fc3fdb83b633,176C,true,Tronco,,,,,,,,1,false,31fb3a08-d0da-11f0-9ba0-fc3fdb83b633,3027fc8b-d0da-11f0-9ba0-fc3fdb83b633
34997f21-d0da-11f0-9ba0-fc3fdb83b633,176D,true,Hoja,,,,,,,,1,false,31fb3a08-d0da-11f0-9ba0-fc3fdb83b633,3027edbd-d0da-11f0-9ba0-fc3fdb83b633
3499d3b7-d0da-11f0-9ba0-fc3fdb83b633,176E,true,Hoja,,,,,,,,1,false,31fb3a08-d0da-11f0-9ba0-fc3fdb83b633,3027edbd-d0da-11f0-9ba0-fc3fdb83b633
349a30ac-d0da-11f0-9ba0-fc3fdb83b633,176F,true,Hoja,,,,,,,,1,false,31fb3a08-d0da-11f0-9ba0-fc3fdb83b633,3027fc09-d0da-11f0-9ba0-fc3fdb83b633
349aa1d4-d0da-11f0-9ba0-fc3fdb83b633,1773A,true,Rama,,,,,,,,1,false,32032b61-d0da-11f0-9ba0-fc3fdb83b633,
349ae31f-d0da-11f0-9ba0-fc3fdb83b633,1773B,true,Hoja,,,,,,,,1,false,32032b61-d0da-11f0-9ba0-fc3fdb83b633,
349b46f6-d0da-11f0-9ba0-fc3fdb83b633,1773C,true,Hoja,,,,,,,,1,false,32032b61-d0da-11f0-9ba0-fc3fdb83b633,
349bb32d-d0da-11f0-9ba0-fc3fdb83b633,1774A,true,Pecíolo,,,,,,,,1,false,32032dd9-d0da-11f0-9ba0-fc3fdb83b633,
349c0456-d0da-11f0-9ba0-fc3fdb83b633,1774B,true,Rama,,,,,,,,1,false,32032dd9-d0da-11f0-9ba0-fc3fdb83b633,
349c4b81-d0da-11f0-9ba0-fc3fdb83b633,1774C,true,Hoja,,,,,,,,1,false,32032dd9-d0da-11f0-9ba0-fc3fdb83b633,
349cb157-d0da-11f0-9ba0-fc3fdb83b633,1774D,true,Hoja,,,,,,,,1,false,32032dd9-d0da-11f0-9ba0-fc3fdb83b633,
349cf68b-d0da-11f0-9ba0-fc3fdb83b633,1774E,true,Hoja,,,,,,,,1,false,32032dd9-d0da-11f0-9ba0-fc3fdb83b633,
349d3a3a-d0da-11f0-9ba0-fc3fdb83b633,1774F,true,Hoja,,,,,,,,1,false,32032dd9-d0da-11f0-9ba0-fc3fdb83b633,
349d82ed-d0da-11f0-9ba0-fc3fdb83b633,1775A,true,Pecíolo,,,,,,,,1,false,32033056-d0da-11f0-9ba0-fc3fdb83b633,
349dac3b-d0da-11f0-9ba0-fc3fdb83b633,1775B,true,Rama,,,,,,,,1,false,32033056-d0da-11f0-9ba0-fc3fdb83b633,
349dd154-d0da-11f0-9ba0-fc3fdb83b633,1775C,true,Pecíolo,,,,,,,,1,false,32033056-d0da-11f0-9ba0-fc3fdb83b633,
349dff10-d0da-11f0-9ba0-fc3fdb83b633,1775D,true,Rama,,,,,,,,1,false,32033056-d0da-11f0-9ba0-fc3fdb83b633,
349e4f05-d0da-11f0-9ba0-fc3fdb83b633,1775E,true,Rama,,,,,,,,1,false,32033056-d0da-11f0-9ba0-fc3fdb83b633,
349ebd1b-d0da-11f0-9ba0-fc3fdb83b633,1776A,true,Pecíolo,,,,,,,,1,false,3203334f-d0da-11f0-9ba0-fc3fdb83b633,
349efa54-d0da-11f0-9ba0-fc3fdb83b633,1778A,true,Pecíolo,,,,,,,,1,false,320335f4-d0da-11f0-9ba0-fc3fdb83b633,
349f21ef-d0da-11f0-9ba0-fc3fdb83b633,1778B,true,Hoja,,,,,,,,1,false,320335f4-d0da-11f0-9ba0-fc3fdb83b633,
349f489c-d0da-11f0-9ba0-fc3fdb83b633,1779A,true,Rama,,,,,,,,1,false,320338a7-d0da-11f0-9ba0-fc3fdb83b633,
349f768c-d0da-11f0-9ba0-fc3fdb83b633,1779B,true,Rama,,,,,,,,1,false,320338a7-d0da-11f0-9ba0-fc3fdb83b633,
349f9eca-d0da-11f0-9ba0-fc3fdb83b633,1779C,true,Hoja,,,,,,,,1,false,320338a7-d0da-11f0-9ba0-fc3fdb83b633,
349fe82a-d0da-11f0-9ba0-fc3fdb83b633,1779D,true,Hoja,,,,,,,,1,false,320338a7-d0da-11f0-9ba0-fc3fdb83b633,
34a030ca-d0da-11f0-9ba0-fc3fdb83b633,1779E,true,Hoja,,,,,,,,1,false,320338a7-d0da-11f0-9ba0-fc3fdb83b633,
34a05509-d0da-11f0-9ba0-fc3fdb83b633,177A,true,Hoja,,,,,,,,1,false,31fb3c53-d0da-11f0-9ba0-fc3fdb83b633,3027edbd-d0da-11f0-9ba0-fc3fdb83b633
34a09a8b-d0da-11f0-9ba0-fc3fdb83b633,177B,true,Hoja,,,,,,,,1,false,31fb3c53-d0da-11f0-9ba0-fc3fdb83b633,3027edbd-d0da-11f0-9ba0-fc3fdb83b633
34a1403e-d0da-11f0-9ba0-fc3fdb83b633,177C,true,Hoja,,,,,,,,1,false,31fb3c53-d0da-11f0-9ba0-fc3fdb83b633,3027edbd-d0da-11f0-9ba0-fc3fdb83b633
34a1873b-d0da-11f0-9ba0-fc3fdb83b633,177D,true,Hoja,,,,,,,,1,false,31fb3c53-d0da-11f0-9ba0-fc3fdb83b633,3027edbd-d0da-11f0-9ba0-fc3fdb83b633
34a1f50c-d0da-11f0-9ba0-fc3fdb83b633,1780A,true,Hoja,,,,,,,,1,false,32033b44-d0da-11f0-9ba0-fc3fdb83b633,
34a23b31-d0da-11f0-9ba0-fc3fdb83b633,1781A,true,Rama,,,,,,,,1,false,32033df9-d0da-11f0-9ba0-fc3fdb83b633,
34a27dcb-d0da-11f0-9ba0-fc3fdb83b633,1781B,true,Raíz,,,,,,,,1,false,32033df9-d0da-11f0-9ba0-fc3fdb83b633,
34a2aca3-d0da-11f0-9ba0-fc3fdb83b633,1781C,true,Hoja,,,,,,,,1,false,32033df9-d0da-11f0-9ba0-fc3fdb83b633,
34a2d370-d0da-11f0-9ba0-fc3fdb83b633,1782A,true,Pecíolo,,,,,,,,1,false,320340ba-d0da-11f0-9ba0-fc3fdb83b633,
34a2f873-d0da-11f0-9ba0-fc3fdb83b633,1782B,true,Rama,,,,,,,,1,false,320340ba-d0da-11f0-9ba0-fc3fdb83b633,
34a32552-d0da-11f0-9ba0-fc3fdb83b633,1782C,true,Pecíolo,,,,,,,,1,false,320340ba-d0da-11f0-9ba0-fc3fdb83b633,
34a37ce0-d0da-11f0-9ba0-fc3fdb83b633,1782D,true,Hoja,,,,,,,,1,false,320340ba-d0da-11f0-9ba0-fc3fdb83b633,
34a3c419-d0da-11f0-9ba0-fc3fdb83b633,1782E,true,Hoja,,,,,,,,1,false,320340ba-d0da-11f0-9ba0-fc3fdb83b633,
34a40ae1-d0da-11f0-9ba0-fc3fdb83b633,1783A,true,Fruto,,,,,,,,1,false,32034373-d0da-11f0-9ba0-fc3fdb83b633,
34a45004-d0da-11f0-9ba0-fc3fdb83b633,1784A,true,Rama,,,,,,,,1,false,3203460a-d0da-11f0-9ba0-fc3fdb83b633,
34a49508-d0da-11f0-9ba0-fc3fdb83b633,1784B,true,Hoja,,,,,,,,1,false,3203460a-d0da-11f0-9ba0-fc3fdb83b633,
34a4da5b-d0da-11f0-9ba0-fc3fdb83b633,1785A,true,Hoja,,,,,,,,1,false,320348b8-d0da-11f0-9ba0-fc3fdb83b633,
34a51f92-d0da-11f0-9ba0-fc3fdb83b633,1785B,true,Rama,,,,,,,,1,false,320348b8-d0da-11f0-9ba0-fc3fdb83b633,
34a568e0-d0da-11f0-9ba0-fc3fdb83b633,1785C,true,Hoja,,,,,,,,1,false,320348b8-d0da-11f0-9ba0-fc3fdb83b633,
34a5afa9-d0da-11f0-9ba0-fc3fdb83b633,1785D,true,Rama,,,,,,,,1,false,320348b8-d0da-11f0-9ba0-fc3fdb83b633,
34a5f8db-d0da-11f0-9ba0-fc3fdb83b633,1786A,true,Hoja,,,,,,,,1,false,32034b77-d0da-11f0-9ba0-fc3fdb83b633,
34a63d6d-d0da-11f0-9ba0-fc3fdb83b633,1787A,true,Hoja,,,,,,,,1,false,32034e35-d0da-11f0-9ba0-fc3fdb83b633,
34a680bc-d0da-11f0-9ba0-fc3fdb83b633,1787B,true,Pecíolo,,,,,,,,1,false,32034e35-d0da-11f0-9ba0-fc3fdb83b633,
34a6c646-d0da-11f0-9ba0-fc3fdb83b633,1787C,true,Pecíolo,,,,,,,,1,false,32034e35-d0da-11f0-9ba0-fc3fdb83b633,
34a70ee6-d0da-11f0-9ba0-fc3fdb83b633,1788A,true,Rama,,,,,,,,1,false,320350db-d0da-11f0-9ba0-fc3fdb83b633,
34a75716-d0da-11f0-9ba0-fc3fdb83b633,1788B,true,Pecíolo,,,,,,,,1,false,320350db-d0da-11f0-9ba0-fc3fdb83b633,
34a79ea0-d0da-11f0-9ba0-fc3fdb83b633,1788C,true,Rama,,,,,,,,1,false,320350db-d0da-11f0-9ba0-fc3fdb83b633,
34a7ecaa-d0da-11f0-9ba0-fc3fdb83b633,1788D,true,Hoja,,,,,,,,1,false,320350db-d0da-11f0-9ba0-fc3fdb83b633,
34a82a52-d0da-11f0-9ba0-fc3fdb83b633,1788E,true,Rama,,,,,,,,1,false,320350db-d0da-11f0-9ba0-fc3fdb83b633,
34a8761c-d0da-11f0-9ba0-fc3fdb83b633,1788F,true,Hoja,,,,,,,,1,false,320350db-d0da-11f0-9ba0-fc3fdb83b633,
34a8cf1b-d0da-11f0-9ba0-fc3fdb83b633,1788G,true,Rama,,,,,,,,1,false,320350db-d0da-11f0-9ba0-fc3fdb83b633,
34a931a6-d0da-11f0-9ba0-fc3fdb83b633,1789A,true,Hoja,,,,,,,,1,false,32035390-d0da-11f0-9ba0-fc3fdb83b633,
34a96fa2-d0da-11f0-9ba0-fc3fdb83b633,1789B,true,Hoja,,,,,,,,1,false,32035390-d0da-11f0-9ba0-fc3fdb83b633,
34a99830-d0da-11f0-9ba0-fc3fdb83b633,1789C,true,Hoja,,,,,,,,1,false,32035390-d0da-11f0-9ba0-fc3fdb83b633,
34a9c02f-d0da-11f0-9ba0-fc3fdb83b633,1789D,true,Hoja,,,,,,,,1,false,32035390-d0da-11f0-9ba0-fc3fdb83b633,
34a9d4cf-d0da-11f0-9ba0-fc3fdb83b633,178A,true,Hoja,,,,,,,,1,false,31fb3e94-d0da-11f0-9ba0-fc3fdb83b633,3027edbd-d0da-11f0-9ba0-fc3fdb83b633
34a9fc30-d0da-11f0-9ba0-fc3fdb83b633,178B,true,Hoja,,,,,,,,1,false,31fb3e94-d0da-11f0-9ba0-fc3fdb83b633,3027f585-d0da-11f0-9ba0-fc3fdb83b633
34aa25a5-d0da-11f0-9ba0-fc3fdb83b633,178C,true,Hoja,,,,,,,,1,false,31fb3e94-d0da-11f0-9ba0-fc3fdb83b633,3027edbd-d0da-11f0-9ba0-fc3fdb83b633
34aa4b88-d0da-11f0-9ba0-fc3fdb83b633,178D,true,Hoja,,,,,,,,1,false,31fb3e94-d0da-11f0-9ba0-fc3fdb83b633,3027edbd-d0da-11f0-9ba0-fc3fdb83b633
34aa72c4-d0da-11f0-9ba0-fc3fdb83b633,178E,true,Hoja,,,,,,,,1,false,31fb3e94-d0da-11f0-9ba0-fc3fdb83b633,3027f83b-d0da-11f0-9ba0-fc3fdb83b633
34aa9775-d0da-11f0-9ba0-fc3fdb83b633,178F,true,Hoja,,,,,,,,1,false,31fb3e94-d0da-11f0-9ba0-fc3fdb83b633,3027edbd-d0da-11f0-9ba0-fc3fdb83b633
34aad8c4-d0da-11f0-9ba0-fc3fdb83b633,1790A,true,Rama,,,,,,,,1,false,3203565f-d0da-11f0-9ba0-fc3fdb83b633,
34ab1e9b-d0da-11f0-9ba0-fc3fdb83b633,1790B,true,Hoja,,,,,,,,1,false,3203565f-d0da-11f0-9ba0-fc3fdb83b633,
34ab66db-d0da-11f0-9ba0-fc3fdb83b633,1790C,true,Hoja,,,,,,,,1,false,3203565f-d0da-11f0-9ba0-fc3fdb83b633,
34abd813-d0da-11f0-9ba0-fc3fdb83b633,1791A,true,Hoja,,,,,,,,1,false,3203591e-d0da-11f0-9ba0-fc3fdb83b633,
34ac2514-d0da-11f0-9ba0-fc3fdb83b633,1791B,true,Hoja,,,,,,,,1,false,3203591e-d0da-11f0-9ba0-fc3fdb83b633,
34ac6931-d0da-11f0-9ba0-fc3fdb83b633,1791C,true,Hoja,,,,,,,,1,false,3203591e-d0da-11f0-9ba0-fc3fdb83b633,
34acaca5-d0da-11f0-9ba0-fc3fdb83b633,1792A,true,Pecíolo,,,,,,,,1,false,32035ba6-d0da-11f0-9ba0-fc3fdb83b633,
34acf1d6-d0da-11f0-9ba0-fc3fdb83b633,1792B,true,Hoja,,,,,,,,1,false,32035ba6-d0da-11f0-9ba0-fc3fdb83b633,
34ad3560-d0da-11f0-9ba0-fc3fdb83b633,1793A,true,Pecíolo,,,,,,,,1,false,32035e35-d0da-11f0-9ba0-fc3fdb83b633,
34ad92a0-d0da-11f0-9ba0-fc3fdb83b633,1793B,true,Fruto,,,,,,,,1,false,32035e35-d0da-11f0-9ba0-fc3fdb83b633,
34add70a-d0da-11f0-9ba0-fc3fdb83b633,1793C,true,Fruto,,,,,,,,1,false,32035e35-d0da-11f0-9ba0-fc3fdb83b633,
34ae1aa8-d0da-11f0-9ba0-fc3fdb83b633,1793D,true,Fruto,,,,,,,,1,false,32035e35-d0da-11f0-9ba0-fc3fdb83b633,
34ae5da1-d0da-11f0-9ba0-fc3fdb83b633,1793E,true,Hoja,,,,,,,,1,false,32035e35-d0da-11f0-9ba0-fc3fdb83b633,
34aea591-d0da-11f0-9ba0-fc3fdb83b633,1794A,true,Hoja,,,,,,,,1,false,320360cb-d0da-11f0-9ba0-fc3fdb83b633,
34aeeab2-d0da-11f0-9ba0-fc3fdb83b633,1794B,true,Hoja,,,,,,,,1,false,320360cb-d0da-11f0-9ba0-fc3fdb83b633,
34af2e9a-d0da-11f0-9ba0-fc3fdb83b633,1794C,true,Hoja,,,,,,,,1,false,320360cb-d0da-11f0-9ba0-fc3fdb83b633,
34af71ec-d0da-11f0-9ba0-fc3fdb83b633,1794D,true,Rama,,,,,,,,1,false,320360cb-d0da-11f0-9ba0-fc3fdb83b633,
34afb554-d0da-11f0-9ba0-fc3fdb83b633,1795A,true,Pecíolo,,,,,,,,1,false,32036379-d0da-11f0-9ba0-fc3fdb83b633,
34aff880-d0da-11f0-9ba0-fc3fdb83b633,1795B,true,Hoja,,,,,,,,1,false,32036379-d0da-11f0-9ba0-fc3fdb83b633,
34b03cef-d0da-11f0-9ba0-fc3fdb83b633,1795C,true,Hoja,,,,,,,,1,false,32036379-d0da-11f0-9ba0-fc3fdb83b633,
34b08200-d0da-11f0-9ba0-fc3fdb83b633,1795D,true,Hoja,,,,,,,,1,false,32036379-d0da-11f0-9ba0-fc3fdb83b633,
34b0c54f-d0da-11f0-9ba0-fc3fdb83b633,1795E,true,Hoja,,,,,,,,1,false,32036379-d0da-11f0-9ba0-fc3fdb83b633,
34b10841-d0da-11f0-9ba0-fc3fdb83b633,1795F,true,Hoja,,,,,,,,1,false,32036379-d0da-11f0-9ba0-fc3fdb83b633,
34b14ba6-d0da-11f0-9ba0-fc3fdb83b633,1795G,true,Pecíolo,,,,,,,,1,false,32036379-d0da-11f0-9ba0-fc3fdb83b633,
34b1e390-d0da-11f0-9ba0-fc3fdb83b633,1795H,true,Hoja,,,,,,,,1,false,32036379-d0da-11f0-9ba0-fc3fdb83b633,
34b30ba1-d0da-11f0-9ba0-fc3fdb83b633,1795I,true,Hoja,,,,,,,,1,false,32036379-d0da-11f0-9ba0-fc3fdb83b633,
34b36036-d0da-11f0-9ba0-fc3fdb83b633,1796A,true,Rama,,,,,,,,1,false,32036638-d0da-11f0-9ba0-fc3fdb83b633,
34b42cd8-d0da-11f0-9ba0-fc3fdb83b633,1796B,true,Rama,,,,,,,,1,false,32036638-d0da-11f0-9ba0-fc3fdb83b633,
34b47295-d0da-11f0-9ba0-fc3fdb83b633,1796C,true,Pecíolo,,,,,,,,1,false,32036638-d0da-11f0-9ba0-fc3fdb83b633,
34b4bb9c-d0da-11f0-9ba0-fc3fdb83b633,1796D,true,Hoja,,,,,,,,1,false,32036638-d0da-11f0-9ba0-fc3fdb83b633,
34b50507-d0da-11f0-9ba0-fc3fdb83b633,1796E,true,Pecíolo,,,,,,,,1,false,32036638-d0da-11f0-9ba0-fc3fdb83b633,
34b54aa9-d0da-11f0-9ba0-fc3fdb83b633,1796F,true,Hoja,,,,,,,,1,false,32036638-d0da-11f0-9ba0-fc3fdb83b633,
34b58e7e-d0da-11f0-9ba0-fc3fdb83b633,1796G,true,Hoja,,,,,,,,1,false,32036638-d0da-11f0-9ba0-fc3fdb83b633,
34b5d213-d0da-11f0-9ba0-fc3fdb83b633,1796H,true,Hoja,,,,,,,,1,false,32036638-d0da-11f0-9ba0-fc3fdb83b633,
34b6153e-d0da-11f0-9ba0-fc3fdb83b633,1797A,true,Hoja,,,,,,,,1,false,32036912-d0da-11f0-9ba0-fc3fdb83b633,
34b65a84-d0da-11f0-9ba0-fc3fdb83b633,1797B,true,Hoja,,,,,,,,1,false,32036912-d0da-11f0-9ba0-fc3fdb83b633,
34b69e93-d0da-11f0-9ba0-fc3fdb83b633,1797C,true,Hoja,,,,,,,,1,false,32036912-d0da-11f0-9ba0-fc3fdb83b633,
34b6e192-d0da-11f0-9ba0-fc3fdb83b633,1797D,true,Hoja,,,,,,,,1,false,32036912-d0da-11f0-9ba0-fc3fdb83b633,
34b72467-d0da-11f0-9ba0-fc3fdb83b633,1797E,true,Pecíolo,,,,,,,,1,false,32036912-d0da-11f0-9ba0-fc3fdb83b633,
34b767c4-d0da-11f0-9ba0-fc3fdb83b633,1797F,true,Hoja,,,,,,,,1,false,32036912-d0da-11f0-9ba0-fc3fdb83b633,
34b7aeec-d0da-11f0-9ba0-fc3fdb83b633,1798A,true,Hoja,,,,,,,,1,false,32036bd2-d0da-11f0-9ba0-fc3fdb83b633,
34b7f5fc-d0da-11f0-9ba0-fc3fdb83b633,1798B,true,Hoja,,,,,,,,1,false,32036bd2-d0da-11f0-9ba0-fc3fdb83b633,
34b83adf-d0da-11f0-9ba0-fc3fdb83b633,1798C,true,Hoja,,,,,,,,1,false,32036bd2-d0da-11f0-9ba0-fc3fdb83b633,
34b87e7a-d0da-11f0-9ba0-fc3fdb83b633,1799A,true,Pecíolo,,,,,,,,1,false,32036e8f-d0da-11f0-9ba0-fc3fdb83b633,
34b8c25f-d0da-11f0-9ba0-fc3fdb83b633,1799B,true,Rama,,,,,,,,1,false,32036e8f-d0da-11f0-9ba0-fc3fdb83b633,
34b905f6-d0da-11f0-9ba0-fc3fdb83b633,1799C,true,Pecíolo,,,,,,,,1,false,32036e8f-d0da-11f0-9ba0-fc3fdb83b633,
34b94a82-d0da-11f0-9ba0-fc3fdb83b633,1799D,true,Rama,,,,,,,,1,false,32036e8f-d0da-11f0-9ba0-fc3fdb83b633,
34b98dcf-d0da-11f0-9ba0-fc3fdb83b633,1799E,true,Pecíolo,,,,,,,,1,false,32036e8f-d0da-11f0-9ba0-fc3fdb83b633,
34b9d19d-d0da-11f0-9ba0-fc3fdb83b633,1799F,true,Pecíolo,,,,,,,,1,false,32036e8f-d0da-11f0-9ba0-fc3fdb83b633,
34ba14bd-d0da-11f0-9ba0-fc3fdb83b633,1799G,true,Pecíolo,,,,,,,,1,false,32036e8f-d0da-11f0-9ba0-fc3fdb83b633,
34ba3b15-d0da-11f0-9ba0-fc3fdb83b633,179A,true,Hoja,,,,,,,,1,false,31fb4141-d0da-11f0-9ba0-fc3fdb83b633,3027edbd-d0da-11f0-9ba0-fc3fdb83b633
34ba8446-d0da-11f0-9ba0-fc3fdb83b633,17B,true,Hoja,,,,,,,,1,false,31fc85df-d0da-11f0-9ba0-fc3fdb83b633,3027f97f-d0da-11f0-9ba0-fc3fdb83b633
34bacce9-d0da-11f0-9ba0-fc3fdb83b633,17C,true,Tronco,,,,,,,,1,false,31fc85df-d0da-11f0-9ba0-fc3fdb83b633,3028015b-d0da-11f0-9ba0-fc3fdb83b633
34bb3686-d0da-11f0-9ba0-fc3fdb83b633,1800A,true,Hoja,,,,,,,,1,false,3203713c-d0da-11f0-9ba0-fc3fdb83b633,
34bb9370-d0da-11f0-9ba0-fc3fdb83b633,1801A,true,Hoja,,,,,,,,1,false,320373f6-d0da-11f0-9ba0-fc3fdb83b633,
34bbf5c5-d0da-11f0-9ba0-fc3fdb83b633,1801B,true,Hoja,,,,,,,,1,false,320373f6-d0da-11f0-9ba0-fc3fdb83b633,
34bc5b33-d0da-11f0-9ba0-fc3fdb83b633,1801C,true,Hoja,,,,,,,,1,false,320373f6-d0da-11f0-9ba0-fc3fdb83b633,
34bcc504-d0da-11f0-9ba0-fc3fdb83b633,1801D,true,Pecíolo,,,,,,,,1,false,320373f6-d0da-11f0-9ba0-fc3fdb83b633,
34bd0c02-d0da-11f0-9ba0-fc3fdb83b633,1801E,true,Hoja,,,,,,,,1,false,320373f6-d0da-11f0-9ba0-fc3fdb83b633,
34bd516a-d0da-11f0-9ba0-fc3fdb83b633,1801F,true,Hoja,,,,,,,,1,false,320373f6-d0da-11f0-9ba0-fc3fdb83b633,
34bd967a-d0da-11f0-9ba0-fc3fdb83b633,1801G,true,Hoja,,,,,,,,1,false,320373f6-d0da-11f0-9ba0-fc3fdb83b633,
34bddc9d-d0da-11f0-9ba0-fc3fdb83b633,1801H,true,Hoja,,,,,,,,1,false,320373f6-d0da-11f0-9ba0-fc3fdb83b633,
34be07f4-d0da-11f0-9ba0-fc3fdb83b633,1801I,true,Rama,,,,,,,,1,false,320373f6-d0da-11f0-9ba0-fc3fdb83b633,
34be2c87-d0da-11f0-9ba0-fc3fdb83b633,1802A,true,Hoja,,,,,,,,1,false,320376b7-d0da-11f0-9ba0-fc3fdb83b633,
34be5355-d0da-11f0-9ba0-fc3fdb83b633,1802B,true,Hoja,,,,,,,,1,false,320376b7-d0da-11f0-9ba0-fc3fdb83b633,
34be7974-d0da-11f0-9ba0-fc3fdb83b633,1802C,true,Rama,,,,,,,,1,false,320376b7-d0da-11f0-9ba0-fc3fdb83b633,
34be9f7f-d0da-11f0-9ba0-fc3fdb83b633,1802D,true,Hoja,,,,,,,,1,false,320376b7-d0da-11f0-9ba0-fc3fdb83b633,
34bec589-d0da-11f0-9ba0-fc3fdb83b633,1802E,true,Hoja,,,,,,,,1,false,320376b7-d0da-11f0-9ba0-fc3fdb83b633,
34beeb9b-d0da-11f0-9ba0-fc3fdb83b633,1802F,true,Hoja,,,,,,,,1,false,320376b7-d0da-11f0-9ba0-fc3fdb83b633,
34bf11a6-d0da-11f0-9ba0-fc3fdb83b633,1802G,true,Hoja,,,,,,,,1,false,320376b7-d0da-11f0-9ba0-fc3fdb83b633,
34bf247a-d0da-11f0-9ba0-fc3fdb83b633,180A,true,Hoja,,,,,,,,1,false,31fb4492-d0da-11f0-9ba0-fc3fdb83b633,3027edbd-d0da-11f0-9ba0-fc3fdb83b633
34bf5f21-d0da-11f0-9ba0-fc3fdb83b633,180B,true,Hoja,,,,,,,,1,false,31fb4492-d0da-11f0-9ba0-fc3fdb83b633,3027fc09-d0da-11f0-9ba0-fc3fdb83b633
34bf8ea0-d0da-11f0-9ba0-fc3fdb83b633,181A,true,Hoja,,,,,,,,1,false,31fb4730-d0da-11f0-9ba0-fc3fdb83b633,
34bfb721-d0da-11f0-9ba0-fc3fdb83b633,181B,true,Hoja,,,,,,,,1,false,31fb4730-d0da-11f0-9ba0-fc3fdb83b633,3027edbd-d0da-11f0-9ba0-fc3fdb83b633
34bfdcd0-d0da-11f0-9ba0-fc3fdb83b633,181C,true,Hoja,,,,,,,,1,false,31fb4730-d0da-11f0-9ba0-fc3fdb83b633,3027edbd-d0da-11f0-9ba0-fc3fdb83b633
34c00157-d0da-11f0-9ba0-fc3fdb83b633,181D,true,Hoja,,,,,,,,1,false,31fb4730-d0da-11f0-9ba0-fc3fdb83b633,3027edbd-d0da-11f0-9ba0-fc3fdb83b633
34c026bc-d0da-11f0-9ba0-fc3fdb83b633,181E,true,Hoja,,,,,,,,1,false,31fb4730-d0da-11f0-9ba0-fc3fdb83b633,3027edbd-d0da-11f0-9ba0-fc3fdb83b633
34c05d1b-d0da-11f0-9ba0-fc3fdb83b633,1828A,true,Hoja,,,,,,,,1,false,32037980-d0da-11f0-9ba0-fc3fdb83b633,
34c08129-d0da-11f0-9ba0-fc3fdb83b633,1828B,true,Pecíolo,,,,,,,,1,false,32037980-d0da-11f0-9ba0-fc3fdb83b633,
34c0a734-d0da-11f0-9ba0-fc3fdb83b633,1828C,true,Hoja,,,,,,,,1,false,32037980-d0da-11f0-9ba0-fc3fdb83b633,
34c0cb48-d0da-11f0-9ba0-fc3fdb83b633,1828D,true,Raíz,,,,,,,,1,false,32037980-d0da-11f0-9ba0-fc3fdb83b633,
34c11b77-d0da-11f0-9ba0-fc3fdb83b633,1828E,true,Hoja,,,,,,,,1,false,32037980-d0da-11f0-9ba0-fc3fdb83b633,
34c160d6-d0da-11f0-9ba0-fc3fdb83b633,1829A,true,Hoja,,,,,,,,1,false,32037c02-d0da-11f0-9ba0-fc3fdb83b633,
34c1a3fb-d0da-11f0-9ba0-fc3fdb83b633,1829B,true,Hoja,,,,,,,,1,false,32037c02-d0da-11f0-9ba0-fc3fdb83b633,
34c1e78f-d0da-11f0-9ba0-fc3fdb83b633,1829C,true,Hoja,,,,,,,,1,false,32037c02-d0da-11f0-9ba0-fc3fdb83b633,
34c22aeb-d0da-11f0-9ba0-fc3fdb83b633,1829D,true,Hoja,,,,,,,,1,false,32037c02-d0da-11f0-9ba0-fc3fdb83b633,
34c26f0d-d0da-11f0-9ba0-fc3fdb83b633,1829E,true,Hoja,,,,,,,,1,false,32037c02-d0da-11f0-9ba0-fc3fdb83b633,
34c2b327-d0da-11f0-9ba0-fc3fdb83b633,1829F,true,Hoja,,,,,,,,1,false,32037c02-d0da-11f0-9ba0-fc3fdb83b633,
34c2f718-d0da-11f0-9ba0-fc3fdb83b633,1831A,true,Raíz,,,,,,,,1,false,32037e8a-d0da-11f0-9ba0-fc3fdb83b633,
34c33a7d-d0da-11f0-9ba0-fc3fdb83b633,1831B,true,Hoja,,,,,,,,1,false,32037e8a-d0da-11f0-9ba0-fc3fdb83b633,
34c37db0-d0da-11f0-9ba0-fc3fdb83b633,1831C,true,Raíz,,,,,,,,1,false,32037e8a-d0da-11f0-9ba0-fc3fdb83b633,
34c3c10c-d0da-11f0-9ba0-fc3fdb83b633,1832A,true,Pecíolo,,,,,,,,1,false,32038174-d0da-11f0-9ba0-fc3fdb83b633,
34c43081-d0da-11f0-9ba0-fc3fdb83b633,1832B,true,Hoja,,,,,,,,1,false,32038174-d0da-11f0-9ba0-fc3fdb83b633,
34c49a11-d0da-11f0-9ba0-fc3fdb83b633,1833A,true,Pecíolo,,,,,,,,1,false,32038412-d0da-11f0-9ba0-fc3fdb83b633,
34c4f742-d0da-11f0-9ba0-fc3fdb83b633,1833B,true,Pecíolo,,,,,,,,1,false,32038412-d0da-11f0-9ba0-fc3fdb83b633,
34c541d0-d0da-11f0-9ba0-fc3fdb83b633,1833C,true,Hoja,,,,,,,,1,false,32038412-d0da-11f0-9ba0-fc3fdb83b633,
34c569ab-d0da-11f0-9ba0-fc3fdb83b633,1833D,true,Hoja,,,,,,,,1,false,32038412-d0da-11f0-9ba0-fc3fdb83b633,
34c59388-d0da-11f0-9ba0-fc3fdb83b633,1834A,true,Raíz,,,,,,,,1,false,3203868c-d0da-11f0-9ba0-fc3fdb83b633,
34c5b90d-d0da-11f0-9ba0-fc3fdb83b633,1834B,true,Rama,,,,,,,,1,false,3203868c-d0da-11f0-9ba0-fc3fdb83b633,
34c5df27-d0da-11f0-9ba0-fc3fdb83b633,1834C,true,Hoja,,,,,,,,1,false,3203868c-d0da-11f0-9ba0-fc3fdb83b633,
34c6042e-d0da-11f0-9ba0-fc3fdb83b633,1835A,true,Hoja,,,,,,,,1,false,32038915-d0da-11f0-9ba0-fc3fdb83b633,
34c62a1d-d0da-11f0-9ba0-fc3fdb83b633,1835B,true,Hoja,,,,,,,,1,false,32038915-d0da-11f0-9ba0-fc3fdb83b633,
34c64e19-d0da-11f0-9ba0-fc3fdb83b633,1835C,true,Hoja,,,,,,,,1,false,32038915-d0da-11f0-9ba0-fc3fdb83b633,
34c67419-d0da-11f0-9ba0-fc3fdb83b633,1835D,true,Hoja,,,,,,,,1,false,32038915-d0da-11f0-9ba0-fc3fdb83b633,
34c6981a-d0da-11f0-9ba0-fc3fdb83b633,1835E,true,Hoja,,,,,,,,1,false,32038915-d0da-11f0-9ba0-fc3fdb83b633,
34c6bc25-d0da-11f0-9ba0-fc3fdb83b633,1836A,true,Hoja,,,,,,,,1,false,32038ba8-d0da-11f0-9ba0-fc3fdb83b633,
34c700f5-d0da-11f0-9ba0-fc3fdb83b633,1836B,true,Hoja,,,,,,,,1,false,32038ba8-d0da-11f0-9ba0-fc3fdb83b633,
34c7491a-d0da-11f0-9ba0-fc3fdb83b633,1836C,true,Hoja,,,,,,,,1,false,32038ba8-d0da-11f0-9ba0-fc3fdb83b633,
34c78db8-d0da-11f0-9ba0-fc3fdb83b633,1836D,true,Hoja,,,,,,,,1,false,32038ba8-d0da-11f0-9ba0-fc3fdb83b633,
34c7d163-d0da-11f0-9ba0-fc3fdb83b633,1836E,true,Hoja,,,,,,,,1,false,32038ba8-d0da-11f0-9ba0-fc3fdb83b633,
34c814e9-d0da-11f0-9ba0-fc3fdb83b633,1836F,true,Hoja,,,,,,,,1,false,32038ba8-d0da-11f0-9ba0-fc3fdb83b633,
34c85a83-d0da-11f0-9ba0-fc3fdb83b633,1837A,true,Raíz,,,,,,,,1,false,32038e1f-d0da-11f0-9ba0-fc3fdb83b633,
34c89fcf-d0da-11f0-9ba0-fc3fdb83b633,1837B,true,Hoja,,,,,,,,1,false,32038e1f-d0da-11f0-9ba0-fc3fdb83b633,
34c8c8c9-d0da-11f0-9ba0-fc3fdb83b633,1838A,true,Hoja,,,,,,,,1,false,32039106-d0da-11f0-9ba0-fc3fdb83b633,
34c8ecbe-d0da-11f0-9ba0-fc3fdb83b633,1838B,true,Raíz,,,,,,,,1,false,32039106-d0da-11f0-9ba0-fc3fdb83b633,
34c91174-d0da-11f0-9ba0-fc3fdb83b633,1838C,true,Rama,,,,,,,,1,false,32039106-d0da-11f0-9ba0-fc3fdb83b633,
34c93552-d0da-11f0-9ba0-fc3fdb83b633,1838D,true,Pecíolo,,,,,,,,1,false,32039106-d0da-11f0-9ba0-fc3fdb83b633,
34c962f5-d0da-11f0-9ba0-fc3fdb83b633,1838E,true,Hoja,,,,,,,,1,false,32039106-d0da-11f0-9ba0-fc3fdb83b633,
34c990db-d0da-11f0-9ba0-fc3fdb83b633,1838F,true,Hoja,,,,,,,,1,false,32039106-d0da-11f0-9ba0-fc3fdb83b633,
34c9b943-d0da-11f0-9ba0-fc3fdb83b633,1838G,true,Hoja,,,,,,,,1,false,32039106-d0da-11f0-9ba0-fc3fdb83b633,
34c9e13f-d0da-11f0-9ba0-fc3fdb83b633,1838H,true,Hoja,,,,,,,,1,false,32039106-d0da-11f0-9ba0-fc3fdb83b633,
34ca7f8e-d0da-11f0-9ba0-fc3fdb83b633,1838I,true,Rama,,,,,,,,1,false,32039106-d0da-11f0-9ba0-fc3fdb83b633,
34cadfb2-d0da-11f0-9ba0-fc3fdb83b633,1838J,true,Pecíolo,,,,,,,,1,false,32039106-d0da-11f0-9ba0-fc3fdb83b633,
34cb4229-d0da-11f0-9ba0-fc3fdb83b633,1838K,true,Raíz,,,,,,,,1,false,32039106-d0da-11f0-9ba0-fc3fdb83b633,
34cb6fe5-d0da-11f0-9ba0-fc3fdb83b633,1839A,true,Raíz,,,,,,,,1,false,320393ba-d0da-11f0-9ba0-fc3fdb83b633,
34cb952b-d0da-11f0-9ba0-fc3fdb83b633,1839B,true,Raíz,,,,,,,,1,false,320393ba-d0da-11f0-9ba0-fc3fdb83b633,
34cbbf2d-d0da-11f0-9ba0-fc3fdb83b633,1839C,true,Hoja,,,,,,,,1,false,320393ba-d0da-11f0-9ba0-fc3fdb83b633,
34cbfdcb-d0da-11f0-9ba0-fc3fdb83b633,1839D,true,Hoja,,,,,,,,1,false,320393ba-d0da-11f0-9ba0-fc3fdb83b633,
34cc4d82-d0da-11f0-9ba0-fc3fdb83b633,1839E,true,Raíz,,,,,,,,1,false,320393ba-d0da-11f0-9ba0-fc3fdb83b633,
34cc71af-d0da-11f0-9ba0-fc3fdb83b633,183A,true,Hoja,,,,,,,,1,false,31fb5035-d0da-11f0-9ba0-fc3fdb83b633,3028029a-d0da-11f0-9ba0-fc3fdb83b633
34ccb72b-d0da-11f0-9ba0-fc3fdb83b633,183B,true,Hoja,,,,,,,,1,false,31fb5035-d0da-11f0-9ba0-fc3fdb83b633,3027edbd-d0da-11f0-9ba0-fc3fdb83b633
34ccfcd8-d0da-11f0-9ba0-fc3fdb83b633,183C,true,Hoja,,,,,,,,1,false,31fb5035-d0da-11f0-9ba0-fc3fdb83b633,3027f4ae-d0da-11f0-9ba0-fc3fdb83b633
34cd6701-d0da-11f0-9ba0-fc3fdb83b633,1840A,true,Pecíolo,,,,,,,,1,false,32039680-d0da-11f0-9ba0-fc3fdb83b633,
34cdac7f-d0da-11f0-9ba0-fc3fdb83b633,1840B,true,Rama,,,,,,,,1,false,32039680-d0da-11f0-9ba0-fc3fdb83b633,
34cdf13d-d0da-11f0-9ba0-fc3fdb83b633,1841A,true,Hoja,,,,,,,,1,false,32039921-d0da-11f0-9ba0-fc3fdb83b633,
34ce35de-d0da-11f0-9ba0-fc3fdb83b633,1841B,true,Hoja,,,,,,,,1,false,32039921-d0da-11f0-9ba0-fc3fdb83b633,
34ce7deb-d0da-11f0-9ba0-fc3fdb83b633,1841C,true,Hoja,,,,,,,,1,false,32039921-d0da-11f0-9ba0-fc3fdb83b633,
34ced14a-d0da-11f0-9ba0-fc3fdb83b633,1841D,true,Hoja,,,,,,,,1,false,32039921-d0da-11f0-9ba0-fc3fdb83b633,
34cf1a6c-d0da-11f0-9ba0-fc3fdb83b633,1842A,true,Pecíolo,,,,,,,,1,false,32039bde-d0da-11f0-9ba0-fc3fdb83b633,
34cf600f-d0da-11f0-9ba0-fc3fdb83b633,1842B,true,Hoja,,,,,,,,1,false,32039bde-d0da-11f0-9ba0-fc3fdb83b633,
34cfa56b-d0da-11f0-9ba0-fc3fdb83b633,1842C,true,Rama,,,,,,,,1,false,32039bde-d0da-11f0-9ba0-fc3fdb83b633,
34cfeadc-d0da-11f0-9ba0-fc3fdb83b633,1842D,true,Hoja,,,,,,,,1,false,32039bde-d0da-11f0-9ba0-fc3fdb83b633,
34d030bc-d0da-11f0-9ba0-fc3fdb83b633,1842E,true,Hoja,,,,,,,,1,false,32039bde-d0da-11f0-9ba0-fc3fdb83b633,
34d07727-d0da-11f0-9ba0-fc3fdb83b633,1843A,true,Pecíolo,,,,,,,,1,false,32039e9a-d0da-11f0-9ba0-fc3fdb83b633,
34d0bc52-d0da-11f0-9ba0-fc3fdb83b633,1843B,true,Rama,,,,,,,,1,false,32039e9a-d0da-11f0-9ba0-fc3fdb83b633,
34d114a0-d0da-11f0-9ba0-fc3fdb83b633,1843C,true,Pecíolo,,,,,,,,1,false,32039e9a-d0da-11f0-9ba0-fc3fdb83b633,
34d17504-d0da-11f0-9ba0-fc3fdb83b633,1843D,true,Pecíolo,,,,,,,,1,false,32039e9a-d0da-11f0-9ba0-fc3fdb83b633,
34d1dc92-d0da-11f0-9ba0-fc3fdb83b633,1843E,true,Hoja,,,,,,,,1,false,32039e9a-d0da-11f0-9ba0-fc3fdb83b633,
34d242d2-d0da-11f0-9ba0-fc3fdb83b633,1843F,true,Hoja,,,,,,,,1,false,32039e9a-d0da-11f0-9ba0-fc3fdb83b633,
34d2a76c-d0da-11f0-9ba0-fc3fdb83b633,1843G,true,Hoja,,,,,,,,1,false,32039e9a-d0da-11f0-9ba0-fc3fdb83b633,
34d30c0d-d0da-11f0-9ba0-fc3fdb83b633,1844A,true,Pecíolo,,,,,,,,1,false,3203a15e-d0da-11f0-9ba0-fc3fdb83b633,
34d364e9-d0da-11f0-9ba0-fc3fdb83b633,1844B,true,Hoja,,,,,,,,1,false,3203a15e-d0da-11f0-9ba0-fc3fdb83b633,
34d3c13e-d0da-11f0-9ba0-fc3fdb83b633,1844C,true,Hoja,,,,,,,,1,false,3203a15e-d0da-11f0-9ba0-fc3fdb83b633,
34d4072e-d0da-11f0-9ba0-fc3fdb83b633,1844D,true,Rama,,,,,,,,1,false,3203a15e-d0da-11f0-9ba0-fc3fdb83b633,
34d44c42-d0da-11f0-9ba0-fc3fdb83b633,1844E,true,Hoja,,,,,,,,1,false,3203a15e-d0da-11f0-9ba0-fc3fdb83b633,
34d491db-d0da-11f0-9ba0-fc3fdb83b633,1844F,true,Hoja,,,,,,,,1,false,3203a15e-d0da-11f0-9ba0-fc3fdb83b633,
34d4da02-d0da-11f0-9ba0-fc3fdb83b633,1844G,true,Rama,,,,,,,,1,false,3203a15e-d0da-11f0-9ba0-fc3fdb83b633,
34d5212b-d0da-11f0-9ba0-fc3fdb83b633,1844H,true,Hoja,,,,,,,,1,false,3203a15e-d0da-11f0-9ba0-fc3fdb83b633,
34d56868-d0da-11f0-9ba0-fc3fdb83b633,1844I,true,Hoja,,,,,,,,1,false,3203a15e-d0da-11f0-9ba0-fc3fdb83b633,
34d5ad74-d0da-11f0-9ba0-fc3fdb83b633,1845A,true,Pecíolo,,,,,,,,1,false,3203a3f0-d0da-11f0-9ba0-fc3fdb83b633,
34d5f1e0-d0da-11f0-9ba0-fc3fdb83b633,1846A,true,Hoja,,,,,,,,1,false,3203a941-d0da-11f0-9ba0-fc3fdb83b633,
34d63ecc-d0da-11f0-9ba0-fc3fdb83b633,1846B,true,Rama,,,,,,,,1,false,3203a941-d0da-11f0-9ba0-fc3fdb83b633,
34d683c5-d0da-11f0-9ba0-fc3fdb83b633,1846C,true,Hoja,,,,,,,,1,false,3203a941-d0da-11f0-9ba0-fc3fdb83b633,
34d6c73f-d0da-11f0-9ba0-fc3fdb83b633,1846D,true,Hoja,,,,,,,,1,false,3203a941-d0da-11f0-9ba0-fc3fdb83b633,
34d70b55-d0da-11f0-9ba0-fc3fdb83b633,1846E,true,Hoja,,,,,,,,1,false,3203a941-d0da-11f0-9ba0-fc3fdb83b633,
34d74f3b-d0da-11f0-9ba0-fc3fdb83b633,1847A,true,Hoja,,,,,,,,1,false,3203acbe-d0da-11f0-9ba0-fc3fdb83b633,
34d792bf-d0da-11f0-9ba0-fc3fdb83b633,1847B,true,Rama,,,,,,,,1,false,3203acbe-d0da-11f0-9ba0-fc3fdb83b633,
34d7d65a-d0da-11f0-9ba0-fc3fdb83b633,1847C,true,Pecíolo,,,,,,,,1,false,3203acbe-d0da-11f0-9ba0-fc3fdb83b633,
34d81ac0-d0da-11f0-9ba0-fc3fdb83b633,1847D,true,Hoja,,,,,,,,1,false,3203acbe-d0da-11f0-9ba0-fc3fdb83b633,
34d85ea9-d0da-11f0-9ba0-fc3fdb83b633,1848A,true,Rama,,,,,,,,1,false,3203af7e-d0da-11f0-9ba0-fc3fdb83b633,
34d8be25-d0da-11f0-9ba0-fc3fdb83b633,1848B,true,Hoja,,,,,,,,1,false,3203af7e-d0da-11f0-9ba0-fc3fdb83b633,
34d9214e-d0da-11f0-9ba0-fc3fdb83b633,1848C,true,Rama,,,,,,,,1,false,3203af7e-d0da-11f0-9ba0-fc3fdb83b633,
34d97ea2-d0da-11f0-9ba0-fc3fdb83b633,1848D,true,Rama,,,,,,,,1,false,3203af7e-d0da-11f0-9ba0-fc3fdb83b633,
34d9c3c5-d0da-11f0-9ba0-fc3fdb83b633,1848E,true,Hoja,,,,,,,,1,false,3203af7e-d0da-11f0-9ba0-fc3fdb83b633,
34d9f83f-d0da-11f0-9ba0-fc3fdb83b633,1848F,true,Hoja,,,,,,,,1,false,3203af7e-d0da-11f0-9ba0-fc3fdb83b633,
34da20b0-d0da-11f0-9ba0-fc3fdb83b633,1848G,true,Hoja,,,,,,,,1,false,3203af7e-d0da-11f0-9ba0-fc3fdb83b633,
34da475c-d0da-11f0-9ba0-fc3fdb83b633,1848H,true,Hoja,,,,,,,,1,false,3203af7e-d0da-11f0-9ba0-fc3fdb83b633,
34da6df6-d0da-11f0-9ba0-fc3fdb83b633,1848I,true,Hoja,,,,,,,,1,false,3203af7e-d0da-11f0-9ba0-fc3fdb83b633,
34da94a6-d0da-11f0-9ba0-fc3fdb83b633,1849A,true,Hoja,,,,,,,,1,false,3203b159-d0da-11f0-9ba0-fc3fdb83b633,
34dabb21-d0da-11f0-9ba0-fc3fdb83b633,1849B,true,Rama,,,,,,,,1,false,3203b159-d0da-11f0-9ba0-fc3fdb83b633,
34dae073-d0da-11f0-9ba0-fc3fdb83b633,1849C,true,Hoja,,,,,,,,1,false,3203b159-d0da-11f0-9ba0-fc3fdb83b633,
34dafeea-d0da-11f0-9ba0-fc3fdb83b633,184A,true,Hoja,,,,,,,,1,false,31fb57c0-d0da-11f0-9ba0-fc3fdb83b633,3027edbd-d0da-11f0-9ba0-fc3fdb83b633
34db48d5-d0da-11f0-9ba0-fc3fdb83b633,184B,true,Hoja,,,,,,,,1,false,31fb57c0-d0da-11f0-9ba0-fc3fdb83b633,3027edbd-d0da-11f0-9ba0-fc3fdb83b633
34db8e77-d0da-11f0-9ba0-fc3fdb83b633,184C,true,Hoja,,,,,,,,1,false,31fb57c0-d0da-11f0-9ba0-fc3fdb83b633,3027edbd-d0da-11f0-9ba0-fc3fdb83b633
34dbd24d-d0da-11f0-9ba0-fc3fdb83b633,184D,true,Hoja,,,,,,,,1,false,31fb57c0-d0da-11f0-9ba0-fc3fdb83b633,3027edbd-d0da-11f0-9ba0-fc3fdb83b633
34dc1670-d0da-11f0-9ba0-fc3fdb83b633,184E,true,Hoja,,,,,,,,1,false,31fb57c0-d0da-11f0-9ba0-fc3fdb83b633,3027edbd-d0da-11f0-9ba0-fc3fdb83b633
34dc5bb3-d0da-11f0-9ba0-fc3fdb83b633,184F,true,Hoja,,,,,,,,1,false,31fb57c0-d0da-11f0-9ba0-fc3fdb83b633,3027edbd-d0da-11f0-9ba0-fc3fdb83b633
34dc9e4f-d0da-11f0-9ba0-fc3fdb83b633,184G,true,Hoja,,,,,,,,1,false,31fb57c0-d0da-11f0-9ba0-fc3fdb83b633,3027edbd-d0da-11f0-9ba0-fc3fdb83b633
34dd02d0-d0da-11f0-9ba0-fc3fdb83b633,1850A,true,Hoja,,,,,,,,1,false,3203b2eb-d0da-11f0-9ba0-fc3fdb83b633,
34dd4390-d0da-11f0-9ba0-fc3fdb83b633,1850B,true,Hoja,,,,,,,,1,false,3203b2eb-d0da-11f0-9ba0-fc3fdb83b633,
34dd8475-d0da-11f0-9ba0-fc3fdb83b633,1850C,true,Hoja,,,,,,,,1,false,3203b2eb-d0da-11f0-9ba0-fc3fdb83b633,
34ddc643-d0da-11f0-9ba0-fc3fdb83b633,1850D,true,Hoja,,,,,,,,1,false,3203b2eb-d0da-11f0-9ba0-fc3fdb83b633,
34de0884-d0da-11f0-9ba0-fc3fdb83b633,1851A,false,Hoja,,,,,,,,1,false,3203b47d-d0da-11f0-9ba0-fc3fdb83b633,
34de4a71-d0da-11f0-9ba0-fc3fdb83b633,1851B,false,Hoja,,,,,,,,1,false,3203b47d-d0da-11f0-9ba0-fc3fdb83b633,
34de8c48-d0da-11f0-9ba0-fc3fdb83b633,1851C,false,Raíz,,,,,,,,1,false,3203b47d-d0da-11f0-9ba0-fc3fdb83b633,
34decd05-d0da-11f0-9ba0-fc3fdb83b633,1851D,false,Raíz,,,,,,,,1,false,3203b47d-d0da-11f0-9ba0-fc3fdb83b633,
34df0dcf-d0da-11f0-9ba0-fc3fdb83b633,1851E,false,Hoja,,,,,,,,1,false,3203b47d-d0da-11f0-9ba0-fc3fdb83b633,
34df4ed2-d0da-11f0-9ba0-fc3fdb83b633,1852A,true,Hoja,,,,,,,,1,false,3203b5cc-d0da-11f0-9ba0-fc3fdb83b633,
34df9fc4-d0da-11f0-9ba0-fc3fdb83b633,1852B,true,Hoja,,,,,,,,1,false,3203b5cc-d0da-11f0-9ba0-fc3fdb83b633,
34dfe430-d0da-11f0-9ba0-fc3fdb83b633,1852C,true,Raíz,,,,,,,,1,false,3203b5cc-d0da-11f0-9ba0-fc3fdb83b633,
34e027fb-d0da-11f0-9ba0-fc3fdb83b633,1852D,true,Hoja,,,,,,,,1,false,3203b5cc-d0da-11f0-9ba0-fc3fdb83b633,
34e07a10-d0da-11f0-9ba0-fc3fdb83b633,1853A,true,Rama,,,,,,,,1,false,3203b73b-d0da-11f0-9ba0-fc3fdb83b633,
34e0a98e-d0da-11f0-9ba0-fc3fdb83b633,1854A,true,Hoja,,,,,,,,1,false,3203b8b2-d0da-11f0-9ba0-fc3fdb83b633,
34e0d22c-d0da-11f0-9ba0-fc3fdb83b633,1854B,true,Hoja,,,,,,,,1,false,3203b8b2-d0da-11f0-9ba0-fc3fdb83b633,
34e0f6d5-d0da-11f0-9ba0-fc3fdb83b633,1854C,true,Hoja,,,,,,,,1,false,3203b8b2-d0da-11f0-9ba0-fc3fdb83b633,
34e123a2-d0da-11f0-9ba0-fc3fdb83b633,1855A,true,Hoja,,,,,,,,1,false,3203bad9-d0da-11f0-9ba0-fc3fdb83b633,
34e1488d-d0da-11f0-9ba0-fc3fdb83b633,1855B,true,Hoja,,,,,,,,1,false,3203bad9-d0da-11f0-9ba0-fc3fdb83b633,
34e16d70-d0da-11f0-9ba0-fc3fdb83b633,1855C,true,Pecíolo,,,,,,,,1,false,3203bad9-d0da-11f0-9ba0-fc3fdb83b633,
34e19401-d0da-11f0-9ba0-fc3fdb83b633,1855D,true,Pecíolo,,,,,,,,1,false,3203bad9-d0da-11f0-9ba0-fc3fdb83b633,
34e1b719-d0da-11f0-9ba0-fc3fdb83b633,1855E,true,Hoja,,,,,,,,1,false,3203bad9-d0da-11f0-9ba0-fc3fdb83b633,
34e1dbf7-d0da-11f0-9ba0-fc3fdb83b633,1856A,true,Hoja,,,,,,,,1,false,3203c495-d0da-11f0-9ba0-fc3fdb83b633,
34e200ae-d0da-11f0-9ba0-fc3fdb83b633,1856B,true,Rama,,,,,,,,1,false,3203c495-d0da-11f0-9ba0-fc3fdb83b633,
34e22562-d0da-11f0-9ba0-fc3fdb83b633,1856C,true,Hoja,,,,,,,,1,false,3203c495-d0da-11f0-9ba0-fc3fdb83b633,
34e24a25-d0da-11f0-9ba0-fc3fdb83b633,1856D,true,Hoja,,,,,,,,1,false,3203c495-d0da-11f0-9ba0-fc3fdb83b633,
34e279fa-d0da-11f0-9ba0-fc3fdb83b633,1857A,true,Rama,,,,,,,,1,false,3203c7a3-d0da-11f0-9ba0-fc3fdb83b633,
34e2bb73-d0da-11f0-9ba0-fc3fdb83b633,1857B,true,Raíz,,,,,,,,1,false,3203c7a3-d0da-11f0-9ba0-fc3fdb83b633,
34e30160-d0da-11f0-9ba0-fc3fdb83b633,1857C,true,Hoja,,,,,,,,1,false,3203c7a3-d0da-11f0-9ba0-fc3fdb83b633,
34e343b1-d0da-11f0-9ba0-fc3fdb83b633,1857D,true,Hoja,,,,,,,,1,false,3203c7a3-d0da-11f0-9ba0-fc3fdb83b633,
34e384f9-d0da-11f0-9ba0-fc3fdb83b633,1857E,true,Pecíolo,,,,,,,,1,false,3203c7a3-d0da-11f0-9ba0-fc3fdb83b633,
34e3c60d-d0da-11f0-9ba0-fc3fdb83b633,1857F,true,Hoja,,,,,,,,1,false,3203c7a3-d0da-11f0-9ba0-fc3fdb83b633,
34e408bd-d0da-11f0-9ba0-fc3fdb83b633,1857H,true,Hoja,,,,,,,,1,false,3203c7a3-d0da-11f0-9ba0-fc3fdb83b633,
34e45df8-d0da-11f0-9ba0-fc3fdb83b633,1857I,true,Hoja,,,,,,,,1,false,3203c7a3-d0da-11f0-9ba0-fc3fdb83b633,
34e472da-d0da-11f0-9ba0-fc3fdb83b633,187A,true,Hoja,,,,,,,,1,false,31fb5dd0-d0da-11f0-9ba0-fc3fdb83b633,3027edbd-d0da-11f0-9ba0-fc3fdb83b633
34e49a1e-d0da-11f0-9ba0-fc3fdb83b633,187B,true,Hoja,,,,,,,,1,false,31fb5dd0-d0da-11f0-9ba0-fc3fdb83b633,3027edbd-d0da-11f0-9ba0-fc3fdb83b633
34e4c23a-d0da-11f0-9ba0-fc3fdb83b633,187C,true,Hoja,,,,,,,,1,false,31fb5dd0-d0da-11f0-9ba0-fc3fdb83b633,3027edbd-d0da-11f0-9ba0-fc3fdb83b633
34e4ebe8-d0da-11f0-9ba0-fc3fdb83b633,187D,true,Hoja,,,,,,,,1,false,31fb5dd0-d0da-11f0-9ba0-fc3fdb83b633,3027edbd-d0da-11f0-9ba0-fc3fdb83b633
34e513ac-d0da-11f0-9ba0-fc3fdb83b633,188A,true,Hoja,,,,,,,,1,false,31fb6079-d0da-11f0-9ba0-fc3fdb83b633,3027edbd-d0da-11f0-9ba0-fc3fdb83b633
34e53ad0-d0da-11f0-9ba0-fc3fdb83b633,188B,true,Hoja,,,,,,,,1,false,31fb6079-d0da-11f0-9ba0-fc3fdb83b633,3027edbd-d0da-11f0-9ba0-fc3fdb83b633
34e578fe-d0da-11f0-9ba0-fc3fdb83b633,188C,true,Hoja,,,,,,,,1,false,31fb6079-d0da-11f0-9ba0-fc3fdb83b633,3027edbd-d0da-11f0-9ba0-fc3fdb83b633
34e5a3c3-d0da-11f0-9ba0-fc3fdb83b633,188D,true,Hoja,,,,,,,,1,false,31fb6079-d0da-11f0-9ba0-fc3fdb83b633,3027edbd-d0da-11f0-9ba0-fc3fdb83b633
34e5cb4e-d0da-11f0-9ba0-fc3fdb83b633,188E,true,Hoja,,,,,,,,1,false,31fb6079-d0da-11f0-9ba0-fc3fdb83b633,3027edbd-d0da-11f0-9ba0-fc3fdb83b633
34e5f17b-d0da-11f0-9ba0-fc3fdb83b633,188F,true,Hoja,,,,,,,,1,false,31fb6079-d0da-11f0-9ba0-fc3fdb83b633,3027edbd-d0da-11f0-9ba0-fc3fdb83b633
34e614d4-d0da-11f0-9ba0-fc3fdb83b633,189A,true,Hoja,,,,,,,,1,false,31fb6336-d0da-11f0-9ba0-fc3fdb83b633,3027edbd-d0da-11f0-9ba0-fc3fdb83b633
34e63aae-d0da-11f0-9ba0-fc3fdb83b633,189B,true,Hoja,,,,,,,,1,false,31fb6336-d0da-11f0-9ba0-fc3fdb83b633,3027edbd-d0da-11f0-9ba0-fc3fdb83b633
34e65e07-d0da-11f0-9ba0-fc3fdb83b633,189C,true,Hoja,,,,,,,,1,false,31fb6336-d0da-11f0-9ba0-fc3fdb83b633,3027edbd-d0da-11f0-9ba0-fc3fdb83b633
34e683c7-d0da-11f0-9ba0-fc3fdb83b633,189D,true,Hoja,,,,,,,,1,false,31fb6336-d0da-11f0-9ba0-fc3fdb83b633,3027edbd-d0da-11f0-9ba0-fc3fdb83b633
34e6a995-d0da-11f0-9ba0-fc3fdb83b633,18A,true,Hoja,,,,,,,,1,false,31fc876f-d0da-11f0-9ba0-fc3fdb83b633,3027edbd-d0da-11f0-9ba0-fc3fdb83b633
34e6ccf0-d0da-11f0-9ba0-fc3fdb83b633,18B,true,Hoja,,,,,,,,1,false,31fc876f-d0da-11f0-9ba0-fc3fdb83b633,3027edbd-d0da-11f0-9ba0-fc3fdb83b633
34e6ffe9-d0da-11f0-9ba0-fc3fdb83b633,1900A,true,Hoja,,,,,,,,1,false,3203ca89-d0da-11f0-9ba0-fc3fdb83b633,
34e72a2e-d0da-11f0-9ba0-fc3fdb83b633,1900B,true,Rama,,,,,,,,1,false,3203ca89-d0da-11f0-9ba0-fc3fdb83b633,
34e752e5-d0da-11f0-9ba0-fc3fdb83b633,1900C,true,Raíz,,,,,,,,1,false,3203ca89-d0da-11f0-9ba0-fc3fdb83b633,
34e77841-d0da-11f0-9ba0-fc3fdb83b633,1900D,true,Raíz,,,,,,,,1,false,3203ca89-d0da-11f0-9ba0-fc3fdb83b633,
34e79d36-d0da-11f0-9ba0-fc3fdb83b633,1900E,true,Rama,,,,,,,,1,false,3203ca89-d0da-11f0-9ba0-fc3fdb83b633,
34e7db11-d0da-11f0-9ba0-fc3fdb83b633,1900F,true,Hoja,,,,,,,,1,false,3203ca89-d0da-11f0-9ba0-fc3fdb83b633,
34e83b7c-d0da-11f0-9ba0-fc3fdb83b633,1901A,true,Hoja,,,,,,,,1,false,3203cf11-d0da-11f0-9ba0-fc3fdb83b633,
34e896a3-d0da-11f0-9ba0-fc3fdb83b633,1901B,true,Hoja,,,,,,,,1,false,3203cf11-d0da-11f0-9ba0-fc3fdb83b633,
34e8f5a8-d0da-11f0-9ba0-fc3fdb83b633,1901C,true,Rama,,,,,,,,1,false,3203cf11-d0da-11f0-9ba0-fc3fdb83b633,
34e95db5-d0da-11f0-9ba0-fc3fdb83b633,1901D,true,Hoja,,,,,,,,1,false,3203cf11-d0da-11f0-9ba0-fc3fdb83b633,
34e9bca0-d0da-11f0-9ba0-fc3fdb83b633,1901E,true,Rama,,,,,,,,1,false,3203cf11-d0da-11f0-9ba0-fc3fdb83b633,
34ea1ca3-d0da-11f0-9ba0-fc3fdb83b633,1901F,true,Hoja,,,,,,,,1,false,3203cf11-d0da-11f0-9ba0-fc3fdb83b633,
34ea7bac-d0da-11f0-9ba0-fc3fdb83b633,1902A,true,Rama,,,,,,,,1,false,3203d1d0-d0da-11f0-9ba0-fc3fdb83b633,
34eac3cb-d0da-11f0-9ba0-fc3fdb83b633,1902B,true,Hoja,,,,,,,,1,false,3203d1d0-d0da-11f0-9ba0-fc3fdb83b633,
34eb0a12-d0da-11f0-9ba0-fc3fdb83b633,1902C,true,Hoja,,,,,,,,1,false,3203d1d0-d0da-11f0-9ba0-fc3fdb83b633,
34eb50e7-d0da-11f0-9ba0-fc3fdb83b633,1902D,true,Hoja,,,,,,,,1,false,3203d1d0-d0da-11f0-9ba0-fc3fdb83b633,
34eb975a-d0da-11f0-9ba0-fc3fdb83b633,1903A,true,Raíz,,,,,,,,1,false,3203d46f-d0da-11f0-9ba0-fc3fdb83b633,
34ebdd22-d0da-11f0-9ba0-fc3fdb83b633,1903B,true,Rama,,,,,,,,1,false,3203d46f-d0da-11f0-9ba0-fc3fdb83b633,
34ec22b3-d0da-11f0-9ba0-fc3fdb83b633,1903C,true,Pecíolo,,,,,,,,1,false,3203d46f-d0da-11f0-9ba0-fc3fdb83b633,
34ec6f57-d0da-11f0-9ba0-fc3fdb83b633,1903D,true,Hoja,,,,,,,,1,false,3203d46f-d0da-11f0-9ba0-fc3fdb83b633,
34ec99b4-d0da-11f0-9ba0-fc3fdb83b633,1903E,true,Rama,,,,,,,,1,false,3203d46f-d0da-11f0-9ba0-fc3fdb83b633,
34ecc200-d0da-11f0-9ba0-fc3fdb83b633,1903F,true,Hoja,,,,,,,,1,false,3203d46f-d0da-11f0-9ba0-fc3fdb83b633,
34ecea02-d0da-11f0-9ba0-fc3fdb83b633,1903G,true,Hoja,,,,,,,,1,false,3203d46f-d0da-11f0-9ba0-fc3fdb83b633,
34ed348f-d0da-11f0-9ba0-fc3fdb83b633,1903H,true,Rama,,,,,,,,1,false,3203d46f-d0da-11f0-9ba0-fc3fdb83b633,
34ed78c2-d0da-11f0-9ba0-fc3fdb83b633,1903I,true,Hoja,,,,,,,,1,false,3203d46f-d0da-11f0-9ba0-fc3fdb83b633,
34edbce8-d0da-11f0-9ba0-fc3fdb83b633,1903J,true,Pecíolo,,,,,,,,1,false,3203d46f-d0da-11f0-9ba0-fc3fdb83b633,
34ee00cb-d0da-11f0-9ba0-fc3fdb83b633,1903K,true,Raíz,,,,,,,,1,false,3203d46f-d0da-11f0-9ba0-fc3fdb83b633,
34ee4415-d0da-11f0-9ba0-fc3fdb83b633,1903M,true,Pecíolo,,,,,,,,1,false,3203d46f-d0da-11f0-9ba0-fc3fdb83b633,
34ee87a5-d0da-11f0-9ba0-fc3fdb83b633,1904A,true,Hoja,,,,,,,,1,false,3203daf3-d0da-11f0-9ba0-fc3fdb83b633,
34eecbd7-d0da-11f0-9ba0-fc3fdb83b633,1904B,true,Rama,,,,,,,,1,false,3203daf3-d0da-11f0-9ba0-fc3fdb83b633,
34ef1093-d0da-11f0-9ba0-fc3fdb83b633,1904C,true,Rama,,,,,,,,1,false,3203daf3-d0da-11f0-9ba0-fc3fdb83b633,
34ef5903-d0da-11f0-9ba0-fc3fdb83b633,1904D,true,Pecíolo,,,,,,,,1,false,3203daf3-d0da-11f0-9ba0-fc3fdb83b633,
34efca60-d0da-11f0-9ba0-fc3fdb83b633,1904E,true,Hoja,,,,,,,,1,false,3203daf3-d0da-11f0-9ba0-fc3fdb83b633,
34f029ae-d0da-11f0-9ba0-fc3fdb83b633,1904F,true,Hoja,,,,,,,,1,false,3203daf3-d0da-11f0-9ba0-fc3fdb83b633,
34f080a9-d0da-11f0-9ba0-fc3fdb83b633,1904G,true,Hoja,,,,,,,,1,false,3203daf3-d0da-11f0-9ba0-fc3fdb83b633,
34f0a9ec-d0da-11f0-9ba0-fc3fdb83b633,1904H,true,Hoja,,,,,,,,1,false,3203daf3-d0da-11f0-9ba0-fc3fdb83b633,
34f0d503-d0da-11f0-9ba0-fc3fdb83b633,1905A,true,Rama,,,,,,,,1,false,3203ddc3-d0da-11f0-9ba0-fc3fdb83b633,
34f0fd41-d0da-11f0-9ba0-fc3fdb83b633,1905B,true,Hoja,,,,,,,,1,false,3203ddc3-d0da-11f0-9ba0-fc3fdb83b633,
34f1216f-d0da-11f0-9ba0-fc3fdb83b633,1906A,true,Rama,,,,,,,,1,false,3203e0a6-d0da-11f0-9ba0-fc3fdb83b633,
34f14571-d0da-11f0-9ba0-fc3fdb83b633,1906B,true,Rama,,,,,,,,1,false,3203e0a6-d0da-11f0-9ba0-fc3fdb83b633,
34f1697e-d0da-11f0-9ba0-fc3fdb83b633,1906C,true,Rama,,,,,,,,1,false,3203e0a6-d0da-11f0-9ba0-fc3fdb83b633,
34f18f98-d0da-11f0-9ba0-fc3fdb83b633,1906D,true,Rama,,,,,,,,1,false,3203e0a6-d0da-11f0-9ba0-fc3fdb83b633,
34f1c2cc-d0da-11f0-9ba0-fc3fdb83b633,1906E,true,Pecíolo,,,,,,,,1,false,3203e0a6-d0da-11f0-9ba0-fc3fdb83b633,
34f21a28-d0da-11f0-9ba0-fc3fdb83b633,1906F,true,Pecíolo,,,,,,,,1,false,3203e0a6-d0da-11f0-9ba0-fc3fdb83b633,
34f26434-d0da-11f0-9ba0-fc3fdb83b633,1906G,true,Pecíolo,,,,,,,,1,false,3203e0a6-d0da-11f0-9ba0-fc3fdb83b633,
34f2ab93-d0da-11f0-9ba0-fc3fdb83b633,1906H,true,Pecíolo,,,,,,,,1,false,3203e0a6-d0da-11f0-9ba0-fc3fdb83b633,
34f2f15b-d0da-11f0-9ba0-fc3fdb83b633,1907A,true,Rama,,,,,,,,1,false,3203e37f-d0da-11f0-9ba0-fc3fdb83b633,
34f336eb-d0da-11f0-9ba0-fc3fdb83b633,1907B,true,Pecíolo,,,,,,,,1,false,3203e37f-d0da-11f0-9ba0-fc3fdb83b633,
34f37c7b-d0da-11f0-9ba0-fc3fdb83b633,1907C,true,Pecíolo,,,,,,,,1,false,3203e37f-d0da-11f0-9ba0-fc3fdb83b633,
34f3c208-d0da-11f0-9ba0-fc3fdb83b633,1907D,true,Hoja,,,,,,,,1,false,3203e37f-d0da-11f0-9ba0-fc3fdb83b633,
34f4075d-d0da-11f0-9ba0-fc3fdb83b633,1908A,true,Pecíolo,,,,,,,,1,false,3203e67b-d0da-11f0-9ba0-fc3fdb83b633,
34f44c81-d0da-11f0-9ba0-fc3fdb83b633,1908B,true,Pecíolo,,,,,,,,1,false,3203e67b-d0da-11f0-9ba0-fc3fdb83b633,
34f489fa-d0da-11f0-9ba0-fc3fdb83b633,1908C,true,Hoja,,,,,,,,1,false,3203e67b-d0da-11f0-9ba0-fc3fdb83b633,
34f4c6f0-d0da-11f0-9ba0-fc3fdb83b633,1908D,true,Hoja,,,,,,,,1,false,3203e67b-d0da-11f0-9ba0-fc3fdb83b633,
34f4f2b7-d0da-11f0-9ba0-fc3fdb83b633,1909A,true,Rama,,,,,,,,1,false,3203e987-d0da-11f0-9ba0-fc3fdb83b633,
34f51749-d0da-11f0-9ba0-fc3fdb83b633,1909B,true,Hoja,,,,,,,,1,false,3203e987-d0da-11f0-9ba0-fc3fdb83b633,
34f53b5d-d0da-11f0-9ba0-fc3fdb83b633,1909C,true,Rama,,,,,,,,1,false,3203e987-d0da-11f0-9ba0-fc3fdb83b633,
34f5622e-d0da-11f0-9ba0-fc3fdb83b633,1909D,true,Hoja,,,,,,,,1,false,3203e987-d0da-11f0-9ba0-fc3fdb83b633,
34f575c5-d0da-11f0-9ba0-fc3fdb83b633,190A,true,Hoja,,,,,,,,1,false,31fb6604-d0da-11f0-9ba0-fc3fdb83b633,
34f59aeb-d0da-11f0-9ba0-fc3fdb83b633,190B,true,Hoja,,,,,,,,1,false,31fb6604-d0da-11f0-9ba0-fc3fdb83b633,3027edbd-d0da-11f0-9ba0-fc3fdb83b633
34f5bf89-d0da-11f0-9ba0-fc3fdb83b633,190C,true,Hoja,,,,,,,,1,false,31fb6604-d0da-11f0-9ba0-fc3fdb83b633,3028015b-d0da-11f0-9ba0-fc3fdb83b633
34f5e3c4-d0da-11f0-9ba0-fc3fdb83b633,190D,true,Hoja,,,,,,,,1,false,31fb6604-d0da-11f0-9ba0-fc3fdb83b633,3027edbd-d0da-11f0-9ba0-fc3fdb83b633
34f60839-d0da-11f0-9ba0-fc3fdb83b633,190E,true,Hoja,,,,,,,,1,false,31fb6604-d0da-11f0-9ba0-fc3fdb83b633,3027edbd-d0da-11f0-9ba0-fc3fdb83b633
34f62cad-d0da-11f0-9ba0-fc3fdb83b633,190F,true,Hoja,,,,,,,,1,false,31fb6604-d0da-11f0-9ba0-fc3fdb83b633,3027edbd-d0da-11f0-9ba0-fc3fdb83b633
34f67a07-d0da-11f0-9ba0-fc3fdb83b633,1910A,true,Rama,,,,,,,,1,false,3203ec74-d0da-11f0-9ba0-fc3fdb83b633,
34f6a29c-d0da-11f0-9ba0-fc3fdb83b633,1910B,true,Hoja,,,,,,,,1,false,3203ec74-d0da-11f0-9ba0-fc3fdb83b633,
34f6caad-d0da-11f0-9ba0-fc3fdb83b633,1911A,true,Rama,,,,,,,,1,false,3203ef0c-d0da-11f0-9ba0-fc3fdb83b633,
34f6f3ee-d0da-11f0-9ba0-fc3fdb83b633,1911B,true,Rama,,,,,,,,1,false,3203ef0c-d0da-11f0-9ba0-fc3fdb83b633,
34f72a52-d0da-11f0-9ba0-fc3fdb83b633,1911C,true,Rama,,,,,,,,1,false,3203ef0c-d0da-11f0-9ba0-fc3fdb83b633,
34f78aef-d0da-11f0-9ba0-fc3fdb83b633,1912A,true,Raíz,,,,,,,,1,false,3203f198-d0da-11f0-9ba0-fc3fdb83b633,
34f7f20d-d0da-11f0-9ba0-fc3fdb83b633,1912B,true,Hoja,,,,,,,,1,false,3203f198-d0da-11f0-9ba0-fc3fdb83b633,
34f836cc-d0da-11f0-9ba0-fc3fdb83b633,1912C,true,Hoja,,,,,,,,1,false,3203f198-d0da-11f0-9ba0-fc3fdb83b633,
34f87e4e-d0da-11f0-9ba0-fc3fdb83b633,1912D,true,Hoja,,,,,,,,1,false,3203f198-d0da-11f0-9ba0-fc3fdb83b633,
34f8c5f4-d0da-11f0-9ba0-fc3fdb83b633,1912E,true,Hoja,,,,,,,,1,false,3203f198-d0da-11f0-9ba0-fc3fdb83b633,
34f90cd3-d0da-11f0-9ba0-fc3fdb83b633,1912F,true,Hoja,,,,,,,,1,false,3203f198-d0da-11f0-9ba0-fc3fdb83b633,
34f9520b-d0da-11f0-9ba0-fc3fdb83b633,1912G,true,Hoja,,,,,,,,1,false,3203f198-d0da-11f0-9ba0-fc3fdb83b633,
34f9a4fb-d0da-11f0-9ba0-fc3fdb83b633,1912H,true,Hoja,,,,,,,,1,false,3203f198-d0da-11f0-9ba0-fc3fdb83b633,
34f9ec4c-d0da-11f0-9ba0-fc3fdb83b633,1912I,true,Hoja,,,,,,,,1,false,3203f198-d0da-11f0-9ba0-fc3fdb83b633,
34fa1624-d0da-11f0-9ba0-fc3fdb83b633,1912J,true,Flor,,,,,,,,1,false,3203f198-d0da-11f0-9ba0-fc3fdb83b633,
34fa3e95-d0da-11f0-9ba0-fc3fdb83b633,1912K,true,Hoja,,,,,,,,1,false,3203f198-d0da-11f0-9ba0-fc3fdb83b633,
34fa68fd-d0da-11f0-9ba0-fc3fdb83b633,1912L,true,Hoja,,,,,,,,1,false,3203f198-d0da-11f0-9ba0-fc3fdb83b633,
34fa93af-d0da-11f0-9ba0-fc3fdb83b633,1913A,true,Hoja,,,,,,,,1,false,3203f43d-d0da-11f0-9ba0-fc3fdb83b633,
34fab935-d0da-11f0-9ba0-fc3fdb83b633,1913B,true,Hoja,,,,,,,,1,false,3203f43d-d0da-11f0-9ba0-fc3fdb83b633,
34fade89-d0da-11f0-9ba0-fc3fdb83b633,1913C,true,Raíz,,,,,,,,1,false,3203f43d-d0da-11f0-9ba0-fc3fdb83b633,
34fb17b8-d0da-11f0-9ba0-fc3fdb83b633,1913D,true,Hoja,,,,,,,,1,false,3203f43d-d0da-11f0-9ba0-fc3fdb83b633,
34fb5d68-d0da-11f0-9ba0-fc3fdb83b633,1913E,true,Hoja,,,,,,,,1,false,3203f43d-d0da-11f0-9ba0-fc3fdb83b633,
34fba488-d0da-11f0-9ba0-fc3fdb83b633,1913F,true,Hoja,,,,,,,,1,false,3203f43d-d0da-11f0-9ba0-fc3fdb83b633,
34fbeb3e-d0da-11f0-9ba0-fc3fdb83b633,1913G,true,Hoja,,,,,,,,1,false,3203f43d-d0da-11f0-9ba0-fc3fdb83b633,
34fc3253-d0da-11f0-9ba0-fc3fdb83b633,1913H,true,Hoja,,,,,,,,1,false,3203f43d-d0da-11f0-9ba0-fc3fdb83b633,
34fc7a55-d0da-11f0-9ba0-fc3fdb83b633,1913I,true,Hoja,,,,,,,,1,false,3203f43d-d0da-11f0-9ba0-fc3fdb83b633,
34fcc1bc-d0da-11f0-9ba0-fc3fdb83b633,1913J,true,Raíz,,,,,,,,1,false,3203f43d-d0da-11f0-9ba0-fc3fdb83b633,
34fd074b-d0da-11f0-9ba0-fc3fdb83b633,1914A,true,Hoja,,,,,,,,1,false,3203f735-d0da-11f0-9ba0-fc3fdb83b633,
34fd4c08-d0da-11f0-9ba0-fc3fdb83b633,1914B,true,Hoja,,,,,,,,1,false,3203f735-d0da-11f0-9ba0-fc3fdb83b633,
34fd9142-d0da-11f0-9ba0-fc3fdb83b633,1914C,true,Rama,,,,,,,,1,false,3203f735-d0da-11f0-9ba0-fc3fdb83b633,
34fdd645-d0da-11f0-9ba0-fc3fdb83b633,1914D,true,Hoja,,,,,,,,1,false,3203f735-d0da-11f0-9ba0-fc3fdb83b633,
34fe1b99-d0da-11f0-9ba0-fc3fdb83b633,1914E,true,Hoja,,,,,,,,1,false,3203f735-d0da-11f0-9ba0-fc3fdb83b633,
34fe6104-d0da-11f0-9ba0-fc3fdb83b633,1914F,true,Hoja,,,,,,,,1,false,3203f735-d0da-11f0-9ba0-fc3fdb83b633,
34fea743-d0da-11f0-9ba0-fc3fdb83b633,1914G,true,Hoja,,,,,,,,1,false,3203f735-d0da-11f0-9ba0-fc3fdb83b633,
34feffcd-d0da-11f0-9ba0-fc3fdb83b633,1914H,true,Fruto,,,,,,,,1,false,3203f735-d0da-11f0-9ba0-fc3fdb83b633,
34ff4862-d0da-11f0-9ba0-fc3fdb83b633,1915A,true,Hoja,,,,,,,,1,false,3203fb8e-d0da-11f0-9ba0-fc3fdb83b633,
34ff8ea3-d0da-11f0-9ba0-fc3fdb83b633,1915B,true,Hoja,,,,,,,,1,false,3203fb8e-d0da-11f0-9ba0-fc3fdb83b633,
34ffb757-d0da-11f0-9ba0-fc3fdb83b633,1916A,true,Hoja,,,,,,,,1,false,3203fe4a-d0da-11f0-9ba0-fc3fdb83b633,
34ffdbda-d0da-11f0-9ba0-fc3fdb83b633,1916B,true,Raíz,,,,,,,,1,false,3203fe4a-d0da-11f0-9ba0-fc3fdb83b633,
35000099-d0da-11f0-9ba0-fc3fdb83b633,1916C,true,Hoja,,,,,,,,1,false,3203fe4a-d0da-11f0-9ba0-fc3fdb83b633,
350025a4-d0da-11f0-9ba0-fc3fdb83b633,1917A,true,Rama,,,,,,,,1,false,320401ed-d0da-11f0-9ba0-fc3fdb83b633,
35004aaf-d0da-11f0-9ba0-fc3fdb83b633,1917B,true,Pecíolo,,,,,,,,1,false,320401ed-d0da-11f0-9ba0-fc3fdb83b633,
35007004-d0da-11f0-9ba0-fc3fdb83b633,1917C,true,Hoja,,,,,,,,1,false,320401ed-d0da-11f0-9ba0-fc3fdb83b633,
35009935-d0da-11f0-9ba0-fc3fdb83b633,1917D,true,Pecíolo,,,,,,,,1,false,320401ed-d0da-11f0-9ba0-fc3fdb83b633,
3500d80c-d0da-11f0-9ba0-fc3fdb83b633,1917E,true,Pecíolo,,,,,,,,1,false,320401ed-d0da-11f0-9ba0-fc3fdb83b633,
35011ce0-d0da-11f0-9ba0-fc3fdb83b633,1917F,true,Rama,,,,,,,,1,false,320401ed-d0da-11f0-9ba0-fc3fdb83b633,
35016221-d0da-11f0-9ba0-fc3fdb83b633,1917G,true,Hoja,,,,,,,,1,false,320401ed-d0da-11f0-9ba0-fc3fdb83b633,
35018d6f-d0da-11f0-9ba0-fc3fdb83b633,1917H,true,Hoja,,,,,,,,1,false,320401ed-d0da-11f0-9ba0-fc3fdb83b633,
3501b652-d0da-11f0-9ba0-fc3fdb83b633,1917I,true,Hoja,,,,,,,,1,false,320401ed-d0da-11f0-9ba0-fc3fdb83b633,
3501deaa-d0da-11f0-9ba0-fc3fdb83b633,1917J,true,Rama,,,,,,,,1,false,320401ed-d0da-11f0-9ba0-fc3fdb83b633,
350208d7-d0da-11f0-9ba0-fc3fdb83b633,1919A,true,Hoja,,,,,,,,1,false,320404a5-d0da-11f0-9ba0-fc3fdb83b633,
35023201-d0da-11f0-9ba0-fc3fdb83b633,1919B,true,Raíz,,,,,,,,1,false,320404a5-d0da-11f0-9ba0-fc3fdb83b633,
350258e7-d0da-11f0-9ba0-fc3fdb83b633,1919C,true,Raíz,,,,,,,,1,false,320404a5-d0da-11f0-9ba0-fc3fdb83b633,
35027d48-d0da-11f0-9ba0-fc3fdb83b633,1920A,true,Hoja,,,,,,,,1,false,32040778-d0da-11f0-9ba0-fc3fdb83b633,
3502b5b4-d0da-11f0-9ba0-fc3fdb83b633,1921A,true,Rama,,,,,,,,1,false,32040a28-d0da-11f0-9ba0-fc3fdb83b633,
3502fb22-d0da-11f0-9ba0-fc3fdb83b633,1921B,true,Hoja,,,,,,,,1,false,32040a28-d0da-11f0-9ba0-fc3fdb83b633,
350340d3-d0da-11f0-9ba0-fc3fdb83b633,1921C,true,Hoja,,,,,,,,1,false,32040a28-d0da-11f0-9ba0-fc3fdb83b633,
350386cb-d0da-11f0-9ba0-fc3fdb83b633,1921D,true,Pecíolo,,,,,,,,1,false,32040a28-d0da-11f0-9ba0-fc3fdb83b633,
3503cc4a-d0da-11f0-9ba0-fc3fdb83b633,1921E,true,Hoja,,,,,,,,1,false,32040a28-d0da-11f0-9ba0-fc3fdb83b633,
3504129f-d0da-11f0-9ba0-fc3fdb83b633,1921F,true,Hoja,,,,,,,,1,false,32040a28-d0da-11f0-9ba0-fc3fdb83b633,
350458b9-d0da-11f0-9ba0-fc3fdb83b633,1921G,true,Hoja,,,,,,,,1,false,32040a28-d0da-11f0-9ba0-fc3fdb83b633,
35049e41-d0da-11f0-9ba0-fc3fdb83b633,1921H,true,Hoja,,,,,,,,1,false,32040a28-d0da-11f0-9ba0-fc3fdb83b633,
3504e3b1-d0da-11f0-9ba0-fc3fdb83b633,1921I,true,Pecíolo,,,,,,,,1,false,32040a28-d0da-11f0-9ba0-fc3fdb83b633,
35052935-d0da-11f0-9ba0-fc3fdb83b633,1921J,true,Hoja,,,,,,,,1,false,32040a28-d0da-11f0-9ba0-fc3fdb83b633,
35056ec8-d0da-11f0-9ba0-fc3fdb83b633,1922A,true,Rama,,,,,,,,1,false,32040c8e-d0da-11f0-9ba0-fc3fdb83b633,
3505ba04-d0da-11f0-9ba0-fc3fdb83b633,1922B,true,Pecíolo,,,,,,,,1,false,32040c8e-d0da-11f0-9ba0-fc3fdb83b633,
35060069-d0da-11f0-9ba0-fc3fdb83b633,1922C,true,Hoja,,,,,,,,1,false,32040c8e-d0da-11f0-9ba0-fc3fdb83b633,
3506479b-d0da-11f0-9ba0-fc3fdb83b633,1922D,true,Hoja,,,,,,,,1,false,32040c8e-d0da-11f0-9ba0-fc3fdb83b633,
3506980e-d0da-11f0-9ba0-fc3fdb83b633,1922E,true,Hoja,,,,,,,,1,false,32040c8e-d0da-11f0-9ba0-fc3fdb83b633,
3506dccc-d0da-11f0-9ba0-fc3fdb83b633,1922F,true,Hoja,,,,,,,,1,false,32040c8e-d0da-11f0-9ba0-fc3fdb83b633,
35072142-d0da-11f0-9ba0-fc3fdb83b633,1923A,true,Rama,,,,,,,,1,false,32040ef9-d0da-11f0-9ba0-fc3fdb83b633,
3507650b-d0da-11f0-9ba0-fc3fdb83b633,1923B,true,Rama,,,,,,,,1,false,32040ef9-d0da-11f0-9ba0-fc3fdb83b633,
3507a870-d0da-11f0-9ba0-fc3fdb83b633,1923C,true,Pecíolo,,,,,,,,1,false,32040ef9-d0da-11f0-9ba0-fc3fdb83b633,
3507ec52-d0da-11f0-9ba0-fc3fdb83b633,1923D,true,Hoja,,,,,,,,1,false,32040ef9-d0da-11f0-9ba0-fc3fdb83b633,
350833ac-d0da-11f0-9ba0-fc3fdb83b633,1923E,true,Pecíolo,,,,,,,,1,false,32040ef9-d0da-11f0-9ba0-fc3fdb83b633,
350877bb-d0da-11f0-9ba0-fc3fdb83b633,1923F,true,Hoja,,,,,,,,1,false,32040ef9-d0da-11f0-9ba0-fc3fdb83b633,
3508bcaa-d0da-11f0-9ba0-fc3fdb83b633,1923G,true,Hoja,,,,,,,,1,false,32040ef9-d0da-11f0-9ba0-fc3fdb83b633,
350902d2-d0da-11f0-9ba0-fc3fdb83b633,1923H,true,Hoja,,,,,,,,1,false,32040ef9-d0da-11f0-9ba0-fc3fdb83b633,
350947a8-d0da-11f0-9ba0-fc3fdb83b633,1923I,true,Fruto,,,,,,,,1,false,32040ef9-d0da-11f0-9ba0-fc3fdb83b633,
35098b82-d0da-11f0-9ba0-fc3fdb83b633,1923J,true,Hoja,,,,,,,,1,false,32040ef9-d0da-11f0-9ba0-fc3fdb83b633,
3509cf42-d0da-11f0-9ba0-fc3fdb83b633,1923K,true,Hoja,,,,,,,,1,false,32040ef9-d0da-11f0-9ba0-fc3fdb83b633,
350a1341-d0da-11f0-9ba0-fc3fdb83b633,1924A,true,Pecíolo,,,,,,,,1,false,3204116c-d0da-11f0-9ba0-fc3fdb83b633,
350a56db-d0da-11f0-9ba0-fc3fdb83b633,1924B,true,Hoja,,,,,,,,1,false,3204116c-d0da-11f0-9ba0-fc3fdb83b633,
350a9d98-d0da-11f0-9ba0-fc3fdb83b633,1925A,true,Hoja,,,,,,,,1,false,320413ef-d0da-11f0-9ba0-fc3fdb83b633,
350ae225-d0da-11f0-9ba0-fc3fdb83b633,1925B,true,Hoja,,,,,,,,1,false,320413ef-d0da-11f0-9ba0-fc3fdb83b633,
350b2684-d0da-11f0-9ba0-fc3fdb83b633,1925C,true,Pecíolo,,,,,,,,1,false,320413ef-d0da-11f0-9ba0-fc3fdb83b633,
350b6a3a-d0da-11f0-9ba0-fc3fdb83b633,1925D,true,Hoja,,,,,,,,1,false,320413ef-d0da-11f0-9ba0-fc3fdb83b633,
350baeac-d0da-11f0-9ba0-fc3fdb83b633,1926A,true,Rama,,,,,,,,1,false,320416a0-d0da-11f0-9ba0-fc3fdb83b633,
350bf228-d0da-11f0-9ba0-fc3fdb83b633,1926B,true,Hoja,,,,,,,,1,false,320416a0-d0da-11f0-9ba0-fc3fdb83b633,
350c35f2-d0da-11f0-9ba0-fc3fdb83b633,1926C,true,Pecíolo,,,,,,,,1,false,320416a0-d0da-11f0-9ba0-fc3fdb83b633,
350c79d2-d0da-11f0-9ba0-fc3fdb83b633,1926D,true,Raíz,,,,,,,,1,false,320416a0-d0da-11f0-9ba0-fc3fdb83b633,
350cbd39-d0da-11f0-9ba0-fc3fdb83b633,1926E,true,Raíz,,,,,,,,1,false,320416a0-d0da-11f0-9ba0-fc3fdb83b633,
350d0613-d0da-11f0-9ba0-fc3fdb83b633,1926F,true,Raíz,,,,,,,,1,false,320416a0-d0da-11f0-9ba0-fc3fdb83b633,
350d569f-d0da-11f0-9ba0-fc3fdb83b633,1926G,true,Raíz,,,,,,,,1,false,320416a0-d0da-11f0-9ba0-fc3fdb83b633,
350d9ced-d0da-11f0-9ba0-fc3fdb83b633,1927A,true,Rama,,,,,,,,1,false,32041948-d0da-11f0-9ba0-fc3fdb83b633,
350de2ea-d0da-11f0-9ba0-fc3fdb83b633,1927B,true,Pecíolo,,,,,,,,1,false,32041948-d0da-11f0-9ba0-fc3fdb83b633,
350e2d52-d0da-11f0-9ba0-fc3fdb83b633,1927C,true,Rama,,,,,,,,1,false,32041948-d0da-11f0-9ba0-fc3fdb83b633,
350e7421-d0da-11f0-9ba0-fc3fdb83b633,1927D,true,Rama,,,,,,,,1,false,32041948-d0da-11f0-9ba0-fc3fdb83b633,
350eba4c-d0da-11f0-9ba0-fc3fdb83b633,1927E,true,Pecíolo,,,,,,,,1,false,32041948-d0da-11f0-9ba0-fc3fdb83b633,
350f0034-d0da-11f0-9ba0-fc3fdb83b633,1927F,true,Hoja,,,,,,,,1,false,32041948-d0da-11f0-9ba0-fc3fdb83b633,
350f4588-d0da-11f0-9ba0-fc3fdb83b633,1927G,true,Hoja,,,,,,,,1,false,32041948-d0da-11f0-9ba0-fc3fdb83b633,
350f8b53-d0da-11f0-9ba0-fc3fdb83b633,1928A,true,Rama,,,,,,,,1,false,32041ec0-d0da-11f0-9ba0-fc3fdb83b633,
350fd0aa-d0da-11f0-9ba0-fc3fdb83b633,1928B,true,Rama,,,,,,,,1,false,32041ec0-d0da-11f0-9ba0-fc3fdb83b633,
3510159d-d0da-11f0-9ba0-fc3fdb83b633,1928C,true,Rama,,,,,,,,1,false,32041ec0-d0da-11f0-9ba0-fc3fdb83b633,
35105abd-d0da-11f0-9ba0-fc3fdb83b633,1928D,true,Hoja,,,,,,,,1,false,32041ec0-d0da-11f0-9ba0-fc3fdb83b633,
3510a027-d0da-11f0-9ba0-fc3fdb83b633,1928E,true,Hoja,,,,,,,,1,false,32041ec0-d0da-11f0-9ba0-fc3fdb83b633,
3510eb49-d0da-11f0-9ba0-fc3fdb83b633,1928F,true,Rama,,,,,,,,1,false,32041ec0-d0da-11f0-9ba0-fc3fdb83b633,
3511627f-d0da-11f0-9ba0-fc3fdb83b633,1929A,true,Hoja,,,,,,,,1,false,3204222a-d0da-11f0-9ba0-fc3fdb83b633,
3511919e-d0da-11f0-9ba0-fc3fdb83b633,1929B,true,Hoja,,,,,,,,1,false,3204222a-d0da-11f0-9ba0-fc3fdb83b633,
3511b78a-d0da-11f0-9ba0-fc3fdb83b633,1929C,true,Hoja,,,,,,,,1,false,3204222a-d0da-11f0-9ba0-fc3fdb83b633,
3511e500-d0da-11f0-9ba0-fc3fdb83b633,1929D,true,Hoja,,,,,,,,1,false,3204222a-d0da-11f0-9ba0-fc3fdb83b633,
35120f2c-d0da-11f0-9ba0-fc3fdb83b633,1929E,true,Hoja,,,,,,,,1,false,3204222a-d0da-11f0-9ba0-fc3fdb83b633,
35123731-d0da-11f0-9ba0-fc3fdb83b633,1929F,true,Hoja,,,,,,,,1,false,3204222a-d0da-11f0-9ba0-fc3fdb83b633,
35125f23-d0da-11f0-9ba0-fc3fdb83b633,1929G,true,Hoja,,,,,,,,1,false,3204222a-d0da-11f0-9ba0-fc3fdb83b633,
3512727c-d0da-11f0-9ba0-fc3fdb83b633,192A,true,Hoja,,,,,,,,1,false,31fb6a52-d0da-11f0-9ba0-fc3fdb83b633,3027edbd-d0da-11f0-9ba0-fc3fdb83b633
3512a9d7-d0da-11f0-9ba0-fc3fdb83b633,1933A,true,Raíz,,,,,,,,1,false,32042814-d0da-11f0-9ba0-fc3fdb83b633,
3512ce63-d0da-11f0-9ba0-fc3fdb83b633,1933B,true,Raíz,,,,,,,,1,false,32042814-d0da-11f0-9ba0-fc3fdb83b633,
3512f275-d0da-11f0-9ba0-fc3fdb83b633,1933C,true,Hoja,,,,,,,,1,false,32042814-d0da-11f0-9ba0-fc3fdb83b633,
35131bac-d0da-11f0-9ba0-fc3fdb83b633,1933D,true,Hoja,,,,,,,,1,false,32042814-d0da-11f0-9ba0-fc3fdb83b633,
351358a9-d0da-11f0-9ba0-fc3fdb83b633,1933E,true,Raíz,,,,,,,,1,false,32042814-d0da-11f0-9ba0-fc3fdb83b633,
35139e14-d0da-11f0-9ba0-fc3fdb83b633,1933F,true,Rama,,,,,,,,1,false,32042814-d0da-11f0-9ba0-fc3fdb83b633,
3513e1a7-d0da-11f0-9ba0-fc3fdb83b633,1933G,true,Raíz,,,,,,,,1,false,32042814-d0da-11f0-9ba0-fc3fdb83b633,
3514292e-d0da-11f0-9ba0-fc3fdb83b633,1934A,true,Pecíolo,,,,,,,,1,false,32042af4-d0da-11f0-9ba0-fc3fdb83b633,
35146e03-d0da-11f0-9ba0-fc3fdb83b633,1934B,true,Hoja,,,,,,,,1,false,32042af4-d0da-11f0-9ba0-fc3fdb83b633,
3514b1e3-d0da-11f0-9ba0-fc3fdb83b633,1934C,true,Rama,,,,,,,,1,false,32042af4-d0da-11f0-9ba0-fc3fdb83b633,
3514f8c6-d0da-11f0-9ba0-fc3fdb83b633,1934D,true,Hoja,,,,,,,,1,false,32042af4-d0da-11f0-9ba0-fc3fdb83b633,
35153ee8-d0da-11f0-9ba0-fc3fdb83b633,1935A,true,Raíz,,,,,,,,1,false,32042d6d-d0da-11f0-9ba0-fc3fdb83b633,
35158878-d0da-11f0-9ba0-fc3fdb83b633,1935B,true,Hoja,,,,,,,,1,false,32042d6d-d0da-11f0-9ba0-fc3fdb83b633,
3515dc45-d0da-11f0-9ba0-fc3fdb83b633,1935C,true,Hoja,,,,,,,,1,false,32042d6d-d0da-11f0-9ba0-fc3fdb83b633,
351620e4-d0da-11f0-9ba0-fc3fdb83b633,1935D,true,Hoja,,,,,,,,1,false,32042d6d-d0da-11f0-9ba0-fc3fdb83b633,
3516668f-d0da-11f0-9ba0-fc3fdb83b633,1935E,true,Raíz,,,,,,,,1,false,32042d6d-d0da-11f0-9ba0-fc3fdb83b633,
3516ae6a-d0da-11f0-9ba0-fc3fdb83b633,1935F,true,Raíz,,,,,,,,1,false,32042d6d-d0da-11f0-9ba0-fc3fdb83b633,
3516f52a-d0da-11f0-9ba0-fc3fdb83b633,1935G,true,Hoja,,,,,,,,1,false,32042d6d-d0da-11f0-9ba0-fc3fdb83b633,
35173c20-d0da-11f0-9ba0-fc3fdb83b633,1935H,true,Rama,,,,,,,,1,false,32042d6d-d0da-11f0-9ba0-fc3fdb83b633,
3517821f-d0da-11f0-9ba0-fc3fdb83b633,1935I,true,Hoja,,,,,,,,1,false,32042d6d-d0da-11f0-9ba0-fc3fdb83b633,
3517c785-d0da-11f0-9ba0-fc3fdb83b633,1936A,true,Pecíolo,,,,,,,,1,false,32042fe9-d0da-11f0-9ba0-fc3fdb83b633,
351812d0-d0da-11f0-9ba0-fc3fdb83b633,1936B,true,Rama,,,,,,,,1,false,32042fe9-d0da-11f0-9ba0-fc3fdb83b633,
35186748-d0da-11f0-9ba0-fc3fdb83b633,1936C,true,Rama,,,,,,,,1,false,32042fe9-d0da-11f0-9ba0-fc3fdb83b633,
3518ac8b-d0da-11f0-9ba0-fc3fdb83b633,1936D,true,Pecíolo,,,,,,,,1,false,32042fe9-d0da-11f0-9ba0-fc3fdb83b633,
3518f157-d0da-11f0-9ba0-fc3fdb83b633,1937A,true,Hoja,,,,,,,,1,false,32043290-d0da-11f0-9ba0-fc3fdb83b633,
35193574-d0da-11f0-9ba0-fc3fdb83b633,1938A,true,Pecíolo,,,,,,,,1,false,32043541-d0da-11f0-9ba0-fc3fdb83b633,
35197968-d0da-11f0-9ba0-fc3fdb83b633,1938B,true,Hoja,,,,,,,,1,false,32043541-d0da-11f0-9ba0-fc3fdb83b633,
3519a2ec-d0da-11f0-9ba0-fc3fdb83b633,1938C,true,Hoja,,,,,,,,1,false,32043541-d0da-11f0-9ba0-fc3fdb83b633,
3519ccc1-d0da-11f0-9ba0-fc3fdb83b633,1938D,true,Hoja,,,,,,,,1,false,32043541-d0da-11f0-9ba0-fc3fdb83b633,
3519f4a9-d0da-11f0-9ba0-fc3fdb83b633,1938E,true,Hoja,,,,,,,,1,false,32043541-d0da-11f0-9ba0-fc3fdb83b633,
351a1b6b-d0da-11f0-9ba0-fc3fdb83b633,1939A,true,Hoja,,,,,,,,1,false,320437a8-d0da-11f0-9ba0-fc3fdb83b633,
351a892d-d0da-11f0-9ba0-fc3fdb83b633,1939B,true,Hoja,,,,,,,,1,false,320437a8-d0da-11f0-9ba0-fc3fdb83b633,
351b03e8-d0da-11f0-9ba0-fc3fdb83b633,1939C,true,Rama,,,,,,,,1,false,320437a8-d0da-11f0-9ba0-fc3fdb83b633,
351b667a-d0da-11f0-9ba0-fc3fdb83b633,1939D,true,Pecíolo,,,,,,,,1,false,320437a8-d0da-11f0-9ba0-fc3fdb83b633,
351baf45-d0da-11f0-9ba0-fc3fdb83b633,1939E,true,Hoja,,,,,,,,1,false,320437a8-d0da-11f0-9ba0-fc3fdb83b633,
351bf4af-d0da-11f0-9ba0-fc3fdb83b633,1940A,true,Hoja,,,,,,,,1,false,32043a10-d0da-11f0-9ba0-fc3fdb83b633,
351c3a15-d0da-11f0-9ba0-fc3fdb83b633,1940B,true,Hoja,,,,,,,,1,false,32043a10-d0da-11f0-9ba0-fc3fdb83b633,
351c7fb1-d0da-11f0-9ba0-fc3fdb83b633,1940C,true,Hoja,,,,,,,,1,false,32043a10-d0da-11f0-9ba0-fc3fdb83b633,
351cc5e8-d0da-11f0-9ba0-fc3fdb83b633,1941A,true,Rama,,,,,,,,1,false,32043c7d-d0da-11f0-9ba0-fc3fdb83b633,
351d0ad2-d0da-11f0-9ba0-fc3fdb83b633,1941B,true,Rama,,,,,,,,1,false,32043c7d-d0da-11f0-9ba0-fc3fdb83b633,
351d87c4-d0da-11f0-9ba0-fc3fdb83b633,1942A,true,Hoja,,,,,,,,1,false,32043efa-d0da-11f0-9ba0-fc3fdb83b633,
351dd445-d0da-11f0-9ba0-fc3fdb83b633,1943A,true,Hoja,,,,,,,,1,false,320441a1-d0da-11f0-9ba0-fc3fdb83b633,
351e1a6c-d0da-11f0-9ba0-fc3fdb83b633,1943B,true,Raíz,,,,,,,,1,false,320441a1-d0da-11f0-9ba0-fc3fdb83b633,
351e5fe4-d0da-11f0-9ba0-fc3fdb83b633,1943C,true,Hoja,,,,,,,,1,false,320441a1-d0da-11f0-9ba0-fc3fdb83b633,
351ea511-d0da-11f0-9ba0-fc3fdb83b633,1943D,true,Raíz,,,,,,,,1,false,320441a1-d0da-11f0-9ba0-fc3fdb83b633,
351eea6d-d0da-11f0-9ba0-fc3fdb83b633,1944A,true,Pecíolo,,,,,,,,1,false,32044492-d0da-11f0-9ba0-fc3fdb83b633,
351f2f68-d0da-11f0-9ba0-fc3fdb83b633,1944B,true,Rama,,,,,,,,1,false,32044492-d0da-11f0-9ba0-fc3fdb83b633,
351f7585-d0da-11f0-9ba0-fc3fdb83b633,1945A,true,Hoja,,,,,,,,1,false,32044737-d0da-11f0-9ba0-fc3fdb83b633,
351fbf24-d0da-11f0-9ba0-fc3fdb83b633,1946A,true,Pecíolo,,,,,,,,1,false,320449dc-d0da-11f0-9ba0-fc3fdb83b633,
35200678-d0da-11f0-9ba0-fc3fdb83b633,1946B,true,Pecíolo,,,,,,,,1,false,320449dc-d0da-11f0-9ba0-fc3fdb83b633,
3520506b-d0da-11f0-9ba0-fc3fdb83b633,1946C,true,Rama,,,,,,,,1,false,320449dc-d0da-11f0-9ba0-fc3fdb83b633,
35209688-d0da-11f0-9ba0-fc3fdb83b633,1946D,true,Hoja,,,,,,,,1,false,320449dc-d0da-11f0-9ba0-fc3fdb83b633,
3520dc1f-d0da-11f0-9ba0-fc3fdb83b633,1947A,true,Hoja,,,,,,,,1,false,32044c8f-d0da-11f0-9ba0-fc3fdb83b633,
3521212b-d0da-11f0-9ba0-fc3fdb83b633,1947B,true,Rama,,,,,,,,1,false,32044c8f-d0da-11f0-9ba0-fc3fdb83b633,
35216653-d0da-11f0-9ba0-fc3fdb83b633,1947C,true,Hoja,,,,,,,,1,false,32044c8f-d0da-11f0-9ba0-fc3fdb83b633,
3521ab8b-d0da-11f0-9ba0-fc3fdb83b633,1947D,true,Raíz,,,,,,,,1,false,32044c8f-d0da-11f0-9ba0-fc3fdb83b633,
3521fb9b-d0da-11f0-9ba0-fc3fdb83b633,1947E,true,Hoja,,,,,,,,1,false,32044c8f-d0da-11f0-9ba0-fc3fdb83b633,
35224ea7-d0da-11f0-9ba0-fc3fdb83b633,1947F,true,Hoja,,,,,,,,1,false,32044c8f-d0da-11f0-9ba0-fc3fdb83b633,
3522aeb7-d0da-11f0-9ba0-fc3fdb83b633,1947G,true,Hoja,,,,,,,,1,false,32044c8f-d0da-11f0-9ba0-fc3fdb83b633,
3522f905-d0da-11f0-9ba0-fc3fdb83b633,1947H,true,Raíz,,,,,,,,1,false,32044c8f-d0da-11f0-9ba0-fc3fdb83b633,
35234006-d0da-11f0-9ba0-fc3fdb83b633,1948A,true,Rama,,,,,,,,1,false,32044f23-d0da-11f0-9ba0-fc3fdb83b633,
35238636-d0da-11f0-9ba0-fc3fdb83b633,1949A,true,Hoja,,,,,,,,1,false,320451c5-d0da-11f0-9ba0-fc3fdb83b633,
3523cb68-d0da-11f0-9ba0-fc3fdb83b633,1949B,true,Hoja,,,,,,,,1,false,320451c5-d0da-11f0-9ba0-fc3fdb83b633,
3523ebac-d0da-11f0-9ba0-fc3fdb83b633,194A,true,Tronco,,,,,,,,1,false,31fb7022-d0da-11f0-9ba0-fc3fdb83b633,3027edbd-d0da-11f0-9ba0-fc3fdb83b633
352432d1-d0da-11f0-9ba0-fc3fdb83b633,194B,true,Tronco,,,,,,,,1,false,31fb7022-d0da-11f0-9ba0-fc3fdb83b633,3027edbd-d0da-11f0-9ba0-fc3fdb83b633
35247b0d-d0da-11f0-9ba0-fc3fdb83b633,194C,true,Tronco,,,,,,,,1,false,31fb7022-d0da-11f0-9ba0-fc3fdb83b633,3027edbd-d0da-11f0-9ba0-fc3fdb83b633
3524e7d0-d0da-11f0-9ba0-fc3fdb83b633,1950A,true,Rama,,,,,,,,1,false,320454d8-d0da-11f0-9ba0-fc3fdb83b633,
35251bab-d0da-11f0-9ba0-fc3fdb83b633,1950B,true,Rama,,,,,,,,1,false,320454d8-d0da-11f0-9ba0-fc3fdb83b633,
3525469d-d0da-11f0-9ba0-fc3fdb83b633,1950C,true,Pecíolo,,,,,,,,1,false,320454d8-d0da-11f0-9ba0-fc3fdb83b633,
35256e1d-d0da-11f0-9ba0-fc3fdb83b633,1950D,true,Hoja,,,,,,,,1,false,320454d8-d0da-11f0-9ba0-fc3fdb83b633,
352593c8-d0da-11f0-9ba0-fc3fdb83b633,1952A,true,Rama,,,,,,,,1,false,32045792-d0da-11f0-9ba0-fc3fdb83b633,
3525c8df-d0da-11f0-9ba0-fc3fdb83b633,1953A,true,Hoja,,,,,,,,1,false,32045a2f-d0da-11f0-9ba0-fc3fdb83b633,
35260c6c-d0da-11f0-9ba0-fc3fdb83b633,1953B,true,Hoja,,,,,,,,1,false,32045a2f-d0da-11f0-9ba0-fc3fdb83b633,
35264fd2-d0da-11f0-9ba0-fc3fdb83b633,1953C,true,Hoja,,,,,,,,1,false,32045a2f-d0da-11f0-9ba0-fc3fdb83b633,
3526937a-d0da-11f0-9ba0-fc3fdb83b633,1955A,true,Hoja,,,,,,,,1,false,32045cdd-d0da-11f0-9ba0-fc3fdb83b633,
3526d8b9-d0da-11f0-9ba0-fc3fdb83b633,1955B,true,Hoja,,,,,,,,1,false,32045cdd-d0da-11f0-9ba0-fc3fdb83b633,
35271ce2-d0da-11f0-9ba0-fc3fdb83b633,1956A,true,Pecíolo,,,,,,,,1,false,32045f98-d0da-11f0-9ba0-fc3fdb83b633,
3527600f-d0da-11f0-9ba0-fc3fdb83b633,1956B,true,Hoja,,,,,,,,1,false,32045f98-d0da-11f0-9ba0-fc3fdb83b633,
3527a3e7-d0da-11f0-9ba0-fc3fdb83b633,1958A,true,Pecíolo,,,,,,,,1,false,3204625f-d0da-11f0-9ba0-fc3fdb83b633,
3527ee73-d0da-11f0-9ba0-fc3fdb83b633,1958B,true,Hoja,,,,,,,,1,false,3204625f-d0da-11f0-9ba0-fc3fdb83b633,
35283654-d0da-11f0-9ba0-fc3fdb83b633,1958C,true,Pecíolo,,,,,,,,1,false,3204625f-d0da-11f0-9ba0-fc3fdb83b633,
35287ccd-d0da-11f0-9ba0-fc3fdb83b633,1958D,true,Rama,,,,,,,,1,false,3204625f-d0da-11f0-9ba0-fc3fdb83b633,
3528c3b0-d0da-11f0-9ba0-fc3fdb83b633,1958E,true,Hoja,,,,,,,,1,false,3204625f-d0da-11f0-9ba0-fc3fdb83b633,
352908f1-d0da-11f0-9ba0-fc3fdb83b633,1958F,true,Hoja,,,,,,,,1,false,3204625f-d0da-11f0-9ba0-fc3fdb83b633,
35294e5c-d0da-11f0-9ba0-fc3fdb83b633,1958G,true,Hoja,,,,,,,,1,false,3204625f-d0da-11f0-9ba0-fc3fdb83b633,
352993a4-d0da-11f0-9ba0-fc3fdb83b633,1959A,true,Hoja,,,,,,,,1,false,320464e9-d0da-11f0-9ba0-fc3fdb83b633,
3529d88c-d0da-11f0-9ba0-fc3fdb83b633,1959B,true,Pecíolo,,,,,,,,1,false,320464e9-d0da-11f0-9ba0-fc3fdb83b633,
352a29e7-d0da-11f0-9ba0-fc3fdb83b633,1959C,true,Pecíolo,,,,,,,,1,false,320464e9-d0da-11f0-9ba0-fc3fdb83b633,
352a70c2-d0da-11f0-9ba0-fc3fdb83b633,1959D,true,Hoja,,,,,,,,1,false,320464e9-d0da-11f0-9ba0-fc3fdb83b633,
352ab6b7-d0da-11f0-9ba0-fc3fdb83b633,1959E,true,Raíz,,,,,,,,1,false,320464e9-d0da-11f0-9ba0-fc3fdb83b633,
352ad734-d0da-11f0-9ba0-fc3fdb83b633,195A,true,Hoja,,,,,,,,1,false,31fb7398-d0da-11f0-9ba0-fc3fdb83b633,3027edbd-d0da-11f0-9ba0-fc3fdb83b633
352b42ad-d0da-11f0-9ba0-fc3fdb83b633,1960A,true,Pecíolo,,,,,,,,1,false,32046783-d0da-11f0-9ba0-fc3fdb83b633,
352b895f-d0da-11f0-9ba0-fc3fdb83b633,1961A,true,Pecíolo,,,,,,,,1,false,32046a54-d0da-11f0-9ba0-fc3fdb83b633,
352bcee6-d0da-11f0-9ba0-fc3fdb83b633,1961B,true,Rama,,,,,,,,1,false,32046a54-d0da-11f0-9ba0-fc3fdb83b633,
352c1421-d0da-11f0-9ba0-fc3fdb83b633,1961C,true,Hoja,,,,,,,,1,false,32046a54-d0da-11f0-9ba0-fc3fdb83b633,
352c5959-d0da-11f0-9ba0-fc3fdb83b633,1961D,true,Rama,,,,,,,,1,false,32046a54-d0da-11f0-9ba0-fc3fdb83b633,
352ca837-d0da-11f0-9ba0-fc3fdb83b633,1962A,true,Hoja,,,,,,,,1,false,32046d11-d0da-11f0-9ba0-fc3fdb83b633,
352ced16-d0da-11f0-9ba0-fc3fdb83b633,1962B,true,Raíz,,,,,,,,1,false,32046d11-d0da-11f0-9ba0-fc3fdb83b633,
352d3148-d0da-11f0-9ba0-fc3fdb83b633,1962C,true,Raíz,,,,,,,,1,false,32046d11-d0da-11f0-9ba0-fc3fdb83b633,
352d664d-d0da-11f0-9ba0-fc3fdb83b633,1962D,true,Raíz,,,,,,,,1,false,32046d11-d0da-11f0-9ba0-fc3fdb83b633,
352d8b1a-d0da-11f0-9ba0-fc3fdb83b633,1963A,true,Rama,,,,,,,,1,false,32046fb3-d0da-11f0-9ba0-fc3fdb83b633,
352db06c-d0da-11f0-9ba0-fc3fdb83b633,1963B,true,Rama,,,,,,,,1,false,32046fb3-d0da-11f0-9ba0-fc3fdb83b633,
352dd62a-d0da-11f0-9ba0-fc3fdb83b633,1964A,true,Rama,,,,,,,,1,false,3204726f-d0da-11f0-9ba0-fc3fdb83b633,
352dfe41-d0da-11f0-9ba0-fc3fdb83b633,1964B,true,Hoja,,,,,,,,1,false,3204726f-d0da-11f0-9ba0-fc3fdb83b633,
352e269d-d0da-11f0-9ba0-fc3fdb83b633,1966A,true,Rama,,,,,,,,1,false,32047520-d0da-11f0-9ba0-fc3fdb83b633,
352e4ec4-d0da-11f0-9ba0-fc3fdb83b633,1966B,true,Rama,,,,,,,,1,false,32047520-d0da-11f0-9ba0-fc3fdb83b633,
352e6138-d0da-11f0-9ba0-fc3fdb83b633,196A,true,Hoja,,,,,,,,1,false,31fb76e5-d0da-11f0-9ba0-fc3fdb83b633,3027edbd-d0da-11f0-9ba0-fc3fdb83b633
352e870c-d0da-11f0-9ba0-fc3fdb83b633,196B,true,Hoja,,,,,,,,1,false,31fb76e5-d0da-11f0-9ba0-fc3fdb83b633,3027edbd-d0da-11f0-9ba0-fc3fdb83b633
352eabe3-d0da-11f0-9ba0-fc3fdb83b633,196C,true,Hoja,,,,,,,,1,false,31fb76e5-d0da-11f0-9ba0-fc3fdb83b633,3027edbd-d0da-11f0-9ba0-fc3fdb83b633
352eed74-d0da-11f0-9ba0-fc3fdb83b633,196D,true,Hoja,,,,,,,,1,false,31fb76e5-d0da-11f0-9ba0-fc3fdb83b633,3027edbd-d0da-11f0-9ba0-fc3fdb83b633
352f3775-d0da-11f0-9ba0-fc3fdb83b633,196E,true,Hoja,,,,,,,,1,false,31fb76e5-d0da-11f0-9ba0-fc3fdb83b633,3027edbd-d0da-11f0-9ba0-fc3fdb83b633
352f7de7-d0da-11f0-9ba0-fc3fdb83b633,197A,true,Hoja,,,,,,,,1,false,31fb7972-d0da-11f0-9ba0-fc3fdb83b633,3027edbd-d0da-11f0-9ba0-fc3fdb83b633
352fc35b-d0da-11f0-9ba0-fc3fdb83b633,198A,true,Hoja,,,,,,,,1,false,31fb7c1b-d0da-11f0-9ba0-fc3fdb83b633,3027edbd-d0da-11f0-9ba0-fc3fdb83b633
35300780-d0da-11f0-9ba0-fc3fdb83b633,198B,true,Hoja,,,,,,,,1,false,31fb7c1b-d0da-11f0-9ba0-fc3fdb83b633,3027edbd-d0da-11f0-9ba0-fc3fdb83b633
35304b98-d0da-11f0-9ba0-fc3fdb83b633,198C,true,Hoja,,,,,,,,1,false,31fb7c1b-d0da-11f0-9ba0-fc3fdb83b633,3027edbd-d0da-11f0-9ba0-fc3fdb83b633
35308f14-d0da-11f0-9ba0-fc3fdb83b633,198D,true,Hoja,,,,,,,,1,false,31fb7c1b-d0da-11f0-9ba0-fc3fdb83b633,3027edbd-d0da-11f0-9ba0-fc3fdb83b633
3530d290-d0da-11f0-9ba0-fc3fdb83b633,198E,true,Hoja,,,,,,,,1,false,31fb7c1b-d0da-11f0-9ba0-fc3fdb83b633,3027fdd3-d0da-11f0-9ba0-fc3fdb83b633
35311653-d0da-11f0-9ba0-fc3fdb83b633,198F,true,Tronco,,,,,,,,1,false,31fb7c1b-d0da-11f0-9ba0-fc3fdb83b633,3027edbd-d0da-11f0-9ba0-fc3fdb83b633
35315cba-d0da-11f0-9ba0-fc3fdb83b633,198G,true,Tronco,,,,,,,,1,false,31fb7c1b-d0da-11f0-9ba0-fc3fdb83b633,3027edbd-d0da-11f0-9ba0-fc3fdb83b633
3531ae5c-d0da-11f0-9ba0-fc3fdb83b633,198H,true,Tronco,,,,,,,,1,false,31fb7c1b-d0da-11f0-9ba0-fc3fdb83b633,3027edbd-d0da-11f0-9ba0-fc3fdb83b633
3532013d-d0da-11f0-9ba0-fc3fdb83b633,198I,true,Tronco,,,,,,,,1,false,31fb7c1b-d0da-11f0-9ba0-fc3fdb83b633,3027edbd-d0da-11f0-9ba0-fc3fdb83b633
353246ce-d0da-11f0-9ba0-fc3fdb83b633,198J,true,Tronco,,,,,,,,1,false,31fb7c1b-d0da-11f0-9ba0-fc3fdb83b633,3027edbd-d0da-11f0-9ba0-fc3fdb83b633
35328bdd-d0da-11f0-9ba0-fc3fdb83b633,198K,true,Tronco,,,,,,,,1,false,31fb7c1b-d0da-11f0-9ba0-fc3fdb83b633,3027edbd-d0da-11f0-9ba0-fc3fdb83b633
3532d0b1-d0da-11f0-9ba0-fc3fdb83b633,198L,true,Tronco,,,,,,,,1,false,31fb7c1b-d0da-11f0-9ba0-fc3fdb83b633,3027edbd-d0da-11f0-9ba0-fc3fdb83b633
3533153d-d0da-11f0-9ba0-fc3fdb83b633,198M,true,Tronco,,,,,,,,1,false,31fb7c1b-d0da-11f0-9ba0-fc3fdb83b633,3027edbd-d0da-11f0-9ba0-fc3fdb83b633
353359aa-d0da-11f0-9ba0-fc3fdb83b633,199A,true,Hoja,,,,,,,,1,false,31fb7ecf-d0da-11f0-9ba0-fc3fdb83b633,3027edbd-d0da-11f0-9ba0-fc3fdb83b633
35339d2e-d0da-11f0-9ba0-fc3fdb83b633,199B,true,Hoja,,,,,,,,1,false,31fb7ecf-d0da-11f0-9ba0-fc3fdb83b633,3027edbd-d0da-11f0-9ba0-fc3fdb83b633
3533e05a-d0da-11f0-9ba0-fc3fdb83b633,199C,true,Hoja,,,,,,,,1,false,31fb7ecf-d0da-11f0-9ba0-fc3fdb83b633,3027f83b-d0da-11f0-9ba0-fc3fdb83b633
35342557-d0da-11f0-9ba0-fc3fdb83b633,19C,true,Hoja,,,,,,,,1,false,31fc891a-d0da-11f0-9ba0-fc3fdb83b633,3027edbd-d0da-11f0-9ba0-fc3fdb83b633
353476ad-d0da-11f0-9ba0-fc3fdb83b633,19D,true,Tronco,,,,,,,,1,false,31fc891a-d0da-11f0-9ba0-fc3fdb83b633,3027edbd-d0da-11f0-9ba0-fc3fdb83b633
3534b29a-d0da-11f0-9ba0-fc3fdb83b633,1A,true,Hoja,,,,,,,,1,false,31fa1607-d0da-11f0-9ba0-fc3fdb83b633,3027edbd-d0da-11f0-9ba0-fc3fdb83b633
3534f726-d0da-11f0-9ba0-fc3fdb83b633,1B,true,Hoja,,,,,,,,1,false,31fa1607-d0da-11f0-9ba0-fc3fdb83b633,3027edbd-d0da-11f0-9ba0-fc3fdb83b633
3535413b-d0da-11f0-9ba0-fc3fdb83b633,1C,true,Hoja,,,,,,,,1,false,31fa1607-d0da-11f0-9ba0-fc3fdb83b633,3027edbd-d0da-11f0-9ba0-fc3fdb83b633
3535851f-d0da-11f0-9ba0-fc3fdb83b633,1E,true,Hoja,,,,,,,,1,false,31fa1607-d0da-11f0-9ba0-fc3fdb83b633,3027edbd-d0da-11f0-9ba0-fc3fdb83b633
3535c87c-d0da-11f0-9ba0-fc3fdb83b633,1F,true,Hoja,,,,,,,,1,false,31fa1607-d0da-11f0-9ba0-fc3fdb83b633,3027edbd-d0da-11f0-9ba0-fc3fdb83b633
35360c99-d0da-11f0-9ba0-fc3fdb83b633,1G,true,Hoja,,,,,,,,1,false,31fa1607-d0da-11f0-9ba0-fc3fdb83b633,3027edbd-d0da-11f0-9ba0-fc3fdb83b633
3536520f-d0da-11f0-9ba0-fc3fdb83b633,1I,true,Tronco,,,,,,,,1,false,31fa1607-d0da-11f0-9ba0-fc3fdb83b633,3027edbd-d0da-11f0-9ba0-fc3fdb83b633
353695b3-d0da-11f0-9ba0-fc3fdb83b633,1J,true,Tronco,,,,,,,,1,false,31fa1607-d0da-11f0-9ba0-fc3fdb83b633,3027edbd-d0da-11f0-9ba0-fc3fdb83b633
3536de52-d0da-11f0-9ba0-fc3fdb83b633,200A,true,Hoja,,,,,,,,1,false,31fb8185-d0da-11f0-9ba0-fc3fdb83b633,3027edbd-d0da-11f0-9ba0-fc3fdb83b633
3537281f-d0da-11f0-9ba0-fc3fdb83b633,200B,true,Hoja,,,,,,,,1,false,31fb8185-d0da-11f0-9ba0-fc3fdb83b633,3027edbd-d0da-11f0-9ba0-fc3fdb83b633
35376c60-d0da-11f0-9ba0-fc3fdb83b633,200C,true,Hoja,,,,,,,,1,false,31fb8185-d0da-11f0-9ba0-fc3fdb83b633,3027edbd-d0da-11f0-9ba0-fc3fdb83b633
3537b641-d0da-11f0-9ba0-fc3fdb83b633,200D,true,Hoja,,,,,,,,1,false,31fb8185-d0da-11f0-9ba0-fc3fdb83b633,3027f585-d0da-11f0-9ba0-fc3fdb83b633
3538121e-d0da-11f0-9ba0-fc3fdb83b633,200E,true,Tronco,,,,,,,,1,false,31fb8185-d0da-11f0-9ba0-fc3fdb83b633,3027edbd-d0da-11f0-9ba0-fc3fdb83b633
353858d0-d0da-11f0-9ba0-fc3fdb83b633,201A,true,Hoja,,,,,,,,1,false,31fb83fb-d0da-11f0-9ba0-fc3fdb83b633,3027edbd-d0da-11f0-9ba0-fc3fdb83b633
35388035-d0da-11f0-9ba0-fc3fdb83b633,201B,true,Hoja,,,,,,,,1,false,31fb83fb-d0da-11f0-9ba0-fc3fdb83b633,3027edbd-d0da-11f0-9ba0-fc3fdb83b633
3538a653-d0da-11f0-9ba0-fc3fdb83b633,201C,true,Hoja,,,,,,,,1,false,31fb83fb-d0da-11f0-9ba0-fc3fdb83b633,3027edbd-d0da-11f0-9ba0-fc3fdb83b633
3538c9a6-d0da-11f0-9ba0-fc3fdb83b633,201D,true,Hoja,,,,,,,,1,false,31fb83fb-d0da-11f0-9ba0-fc3fdb83b633,3027edbd-d0da-11f0-9ba0-fc3fdb83b633
3538ee16-d0da-11f0-9ba0-fc3fdb83b633,201E,true,Hoja,,,,,,,,1,false,31fb83fb-d0da-11f0-9ba0-fc3fdb83b633,3027edbd-d0da-11f0-9ba0-fc3fdb83b633
353914c6-d0da-11f0-9ba0-fc3fdb83b633,201F,true,Hoja,,,,,,,,1,false,31fb83fb-d0da-11f0-9ba0-fc3fdb83b633,3027edbd-d0da-11f0-9ba0-fc3fdb83b633
35393967-d0da-11f0-9ba0-fc3fdb83b633,202A,true,Hoja,,,,,,,,1,false,31fb865e-d0da-11f0-9ba0-fc3fdb83b633,3027edbd-d0da-11f0-9ba0-fc3fdb83b633
35398427-d0da-11f0-9ba0-fc3fdb83b633,202B,true,Hoja,,,,,,,,1,false,31fb865e-d0da-11f0-9ba0-fc3fdb83b633,3027edbd-d0da-11f0-9ba0-fc3fdb83b633
3539b799-d0da-11f0-9ba0-fc3fdb83b633,202C,true,Hoja,,,,,,,,1,false,31fb865e-d0da-11f0-9ba0-fc3fdb83b633,3027edbd-d0da-11f0-9ba0-fc3fdb83b633
3539df46-d0da-11f0-9ba0-fc3fdb83b633,202D,true,Hoja,,,,,,,,1,false,31fb865e-d0da-11f0-9ba0-fc3fdb83b633,3027edbd-d0da-11f0-9ba0-fc3fdb83b633
353a0665-d0da-11f0-9ba0-fc3fdb83b633,202E,true,Hoja,,,,,,,,1,false,31fb865e-d0da-11f0-9ba0-fc3fdb83b633,3027edbd-d0da-11f0-9ba0-fc3fdb83b633
353a3099-d0da-11f0-9ba0-fc3fdb83b633,202F,true,Hoja,,,,,,,,1,false,31fb865e-d0da-11f0-9ba0-fc3fdb83b633,3027edbd-d0da-11f0-9ba0-fc3fdb83b633
353a5940-d0da-11f0-9ba0-fc3fdb83b633,203A,true,Hoja,,,,,,,,1,false,31fb88d1-d0da-11f0-9ba0-fc3fdb83b633,3027fc09-d0da-11f0-9ba0-fc3fdb83b633
353a8015-d0da-11f0-9ba0-fc3fdb83b633,203B,true,Hoja,,,,,,,,1,false,31fb88d1-d0da-11f0-9ba0-fc3fdb83b633,3027edbd-d0da-11f0-9ba0-fc3fdb83b633
353aa372-d0da-11f0-9ba0-fc3fdb83b633,203C,true,Hoja,,,,,,,,1,false,31fb88d1-d0da-11f0-9ba0-fc3fdb83b633,3027edbd-d0da-11f0-9ba0-fc3fdb83b633
353ac758-d0da-11f0-9ba0-fc3fdb83b633,203D,true,Hoja,,,,,,,,1,false,31fb88d1-d0da-11f0-9ba0-fc3fdb83b633,3027edbd-d0da-11f0-9ba0-fc3fdb83b633
353b00a5-d0da-11f0-9ba0-fc3fdb83b633,2046A,true,Hoja,,,,,,,,1,false,320477f7-d0da-11f0-9ba0-fc3fdb83b633,
353b2d08-d0da-11f0-9ba0-fc3fdb83b633,2046B,true,Fruto,,,,,,,,1,false,320477f7-d0da-11f0-9ba0-fc3fdb83b633,
353b53eb-d0da-11f0-9ba0-fc3fdb83b633,2047A,true,Hoja,,,,,,,,1,false,32047aa9-d0da-11f0-9ba0-fc3fdb83b633,
353b7a71-d0da-11f0-9ba0-fc3fdb83b633,2047B,true,Rama,,,,,,,,1,false,32047aa9-d0da-11f0-9ba0-fc3fdb83b633,
353ba10b-d0da-11f0-9ba0-fc3fdb83b633,2047C,true,Hoja,,,,,,,,1,false,32047aa9-d0da-11f0-9ba0-fc3fdb83b633,
353bc521-d0da-11f0-9ba0-fc3fdb83b633,2047D,true,Hoja,,,,,,,,1,false,32047aa9-d0da-11f0-9ba0-fc3fdb83b633,
353bf7c5-d0da-11f0-9ba0-fc3fdb83b633,2047E,true,Hoja,,,,,,,,1,false,32047aa9-d0da-11f0-9ba0-fc3fdb83b633,
353c2da2-d0da-11f0-9ba0-fc3fdb83b633,2047F,true,Hoja,,,,,,,,1,false,32047aa9-d0da-11f0-9ba0-fc3fdb83b633,
353c5575-d0da-11f0-9ba0-fc3fdb83b633,2048A,true,Fruto,,,,,,,,1,false,32047d41-d0da-11f0-9ba0-fc3fdb83b633,
353c8cf3-d0da-11f0-9ba0-fc3fdb83b633,2048B,true,Fruto,,,,,,,,1,false,32047d41-d0da-11f0-9ba0-fc3fdb83b633,
353cd1a4-d0da-11f0-9ba0-fc3fdb83b633,2049A,true,Fruto,,,,,,,,1,false,32047ff1-d0da-11f0-9ba0-fc3fdb83b633,
353d150d-d0da-11f0-9ba0-fc3fdb83b633,2049B,true,Hoja,,,,,,,,1,false,32047ff1-d0da-11f0-9ba0-fc3fdb83b633,
353d58ac-d0da-11f0-9ba0-fc3fdb83b633,2049C,true,Raíz,,,,,,,,1,false,32047ff1-d0da-11f0-9ba0-fc3fdb83b633,
353d9cd5-d0da-11f0-9ba0-fc3fdb83b633,2049D,true,Raíz,,,,,,,,1,false,32047ff1-d0da-11f0-9ba0-fc3fdb83b633,
353dbc3b-d0da-11f0-9ba0-fc3fdb83b633,204A,true,Hoja,,,,,,,,1,false,31fb8b43-d0da-11f0-9ba0-fc3fdb83b633,3027edbd-d0da-11f0-9ba0-fc3fdb83b633
353e01a9-d0da-11f0-9ba0-fc3fdb83b633,204B,true,Hoja,,,,,,,,1,false,31fb8b43-d0da-11f0-9ba0-fc3fdb83b633,3027edbd-d0da-11f0-9ba0-fc3fdb83b633
353e45af-d0da-11f0-9ba0-fc3fdb83b633,204C,true,Hoja,,,,,,,,1,false,31fb8b43-d0da-11f0-9ba0-fc3fdb83b633,3027edbd-d0da-11f0-9ba0-fc3fdb83b633
353e8bdd-d0da-11f0-9ba0-fc3fdb83b633,204D,true,Hoja,,,,,,,,1,false,31fb8b43-d0da-11f0-9ba0-fc3fdb83b633,3027fe12-d0da-11f0-9ba0-fc3fdb83b633
353ed5da-d0da-11f0-9ba0-fc3fdb83b633,204E,true,Hoja,,,,,,,,1,false,31fb8b43-d0da-11f0-9ba0-fc3fdb83b633,3027edbd-d0da-11f0-9ba0-fc3fdb83b633
353f4060-d0da-11f0-9ba0-fc3fdb83b633,2050A,true,Raíz,,,,,,,,1,false,320482b7-d0da-11f0-9ba0-fc3fdb83b633,
353f87c2-d0da-11f0-9ba0-fc3fdb83b633,2050B,true,Raíz,,,,,,,,1,false,320482b7-d0da-11f0-9ba0-fc3fdb83b633,
353faf52-d0da-11f0-9ba0-fc3fdb83b633,205A,true,Hoja,,,,,,,,1,false,31fb8e52-d0da-11f0-9ba0-fc3fdb83b633,3027edbd-d0da-11f0-9ba0-fc3fdb83b633
353ff628-d0da-11f0-9ba0-fc3fdb83b633,205B,true,Hoja,,,,,,,,1,false,31fb8e52-d0da-11f0-9ba0-fc3fdb83b633,3027edbd-d0da-11f0-9ba0-fc3fdb83b633
35403d04-d0da-11f0-9ba0-fc3fdb83b633,205C,true,Hoja,,,,,,,,1,false,31fb8e52-d0da-11f0-9ba0-fc3fdb83b633,3027edbd-d0da-11f0-9ba0-fc3fdb83b633
354082f9-d0da-11f0-9ba0-fc3fdb83b633,205D,true,Hoja,,,,,,,,1,false,31fb8e52-d0da-11f0-9ba0-fc3fdb83b633,3027edbd-d0da-11f0-9ba0-fc3fdb83b633
3540c964-d0da-11f0-9ba0-fc3fdb83b633,205E,true,Hoja,,,,,,,,1,false,31fb8e52-d0da-11f0-9ba0-fc3fdb83b633,3027fd10-d0da-11f0-9ba0-fc3fdb83b633
35413ae2-d0da-11f0-9ba0-fc3fdb83b633,2061A,true,Pecíolo,,,,,,,,1,false,3204854f-d0da-11f0-9ba0-fc3fdb83b633,
35417f6d-d0da-11f0-9ba0-fc3fdb83b633,2061B,true,Hoja,,,,,,,,1,false,3204854f-d0da-11f0-9ba0-fc3fdb83b633,
3541c356-d0da-11f0-9ba0-fc3fdb83b633,2061C,true,Rama,,,,,,,,1,false,3204854f-d0da-11f0-9ba0-fc3fdb83b633,
354206d1-d0da-11f0-9ba0-fc3fdb83b633,2062A,true,Rama,,,,,,,,1,false,320487b8-d0da-11f0-9ba0-fc3fdb83b633,
35424a0b-d0da-11f0-9ba0-fc3fdb83b633,2063A,true,Hoja,,,,,,,,1,false,32048a26-d0da-11f0-9ba0-fc3fdb83b633,
35428e39-d0da-11f0-9ba0-fc3fdb83b633,2064A,true,Hoja,,,,,,,,1,false,32048ca4-d0da-11f0-9ba0-fc3fdb83b633,
3542d815-d0da-11f0-9ba0-fc3fdb83b633,2064B,true,Hoja,,,,,,,,1,false,32048ca4-d0da-11f0-9ba0-fc3fdb83b633,
35430f77-d0da-11f0-9ba0-fc3fdb83b633,2065A,true,Rama,,,,,,,,1,false,32048f3d-d0da-11f0-9ba0-fc3fdb83b633,
354337c4-d0da-11f0-9ba0-fc3fdb83b633,2065B,true,Rama,,,,,,,,1,false,32048f3d-d0da-11f0-9ba0-fc3fdb83b633,
35435df0-d0da-11f0-9ba0-fc3fdb83b633,2066A,true,Rama,,,,,,,,1,false,320493b1-d0da-11f0-9ba0-fc3fdb83b633,
35439868-d0da-11f0-9ba0-fc3fdb83b633,2066B,true,Pecíolo,,,,,,,,1,false,320493b1-d0da-11f0-9ba0-fc3fdb83b633,
3543c7ce-d0da-11f0-9ba0-fc3fdb83b633,2066C,true,Pecíolo,,,,,,,,1,false,320493b1-d0da-11f0-9ba0-fc3fdb83b633,
3543f049-d0da-11f0-9ba0-fc3fdb83b633,2066D,true,Hoja,,,,,,,,1,false,320493b1-d0da-11f0-9ba0-fc3fdb83b633,
354418df-d0da-11f0-9ba0-fc3fdb83b633,2066E,true,Pecíolo,,,,,,,,1,false,320493b1-d0da-11f0-9ba0-fc3fdb83b633,
35444515-d0da-11f0-9ba0-fc3fdb83b633,2066F,true,Pecíolo,,,,,,,,1,false,320493b1-d0da-11f0-9ba0-fc3fdb83b633,
35446cd6-d0da-11f0-9ba0-fc3fdb83b633,2067A,true,Hoja,,,,,,,,1,false,3204966c-d0da-11f0-9ba0-fc3fdb83b633,
354490ea-d0da-11f0-9ba0-fc3fdb83b633,2068A,true,Rama,,,,,,,,1,false,32049a0d-d0da-11f0-9ba0-fc3fdb83b633,
3544b4f8-d0da-11f0-9ba0-fc3fdb83b633,2068B,true,Rama,,,,,,,,1,false,32049a0d-d0da-11f0-9ba0-fc3fdb83b633,
3544e32c-d0da-11f0-9ba0-fc3fdb83b633,2070A,true,Pecíolo,,,,,,,,1,false,32049dfe-d0da-11f0-9ba0-fc3fdb83b633,
35452285-d0da-11f0-9ba0-fc3fdb83b633,2070B,true,Rama,,,,,,,,1,false,32049dfe-d0da-11f0-9ba0-fc3fdb83b633,
354563b3-d0da-11f0-9ba0-fc3fdb83b633,2070C,true,Rama,,,,,,,,1,false,32049dfe-d0da-11f0-9ba0-fc3fdb83b633,
3545ab1b-d0da-11f0-9ba0-fc3fdb83b633,2071A,true,Flor,,,,,,,,1,false,3204a0fc-d0da-11f0-9ba0-fc3fdb83b633,
3545e954-d0da-11f0-9ba0-fc3fdb83b633,2071B,true,Rama,,,,,,,,1,false,3204a0fc-d0da-11f0-9ba0-fc3fdb83b633,
3546294d-d0da-11f0-9ba0-fc3fdb83b633,2071C,true,Hoja,,,,,,,,1,false,3204a0fc-d0da-11f0-9ba0-fc3fdb83b633,
35466c4f-d0da-11f0-9ba0-fc3fdb83b633,2071D,true,Hoja,,,,,,,,1,false,3204a0fc-d0da-11f0-9ba0-fc3fdb83b633,
3546b03e-d0da-11f0-9ba0-fc3fdb83b633,2071E,true,Rama,,,,,,,,1,false,3204a0fc-d0da-11f0-9ba0-fc3fdb83b633,
3546f61d-d0da-11f0-9ba0-fc3fdb83b633,2071F,true,Hoja,,,,,,,,1,false,3204a0fc-d0da-11f0-9ba0-fc3fdb83b633,
35473c56-d0da-11f0-9ba0-fc3fdb83b633,2073A,true,Hoja,,,,,,,,1,false,3204a394-d0da-11f0-9ba0-fc3fdb83b633,
35479e0e-d0da-11f0-9ba0-fc3fdb83b633,2073B,true,Rama,,,,,,,,1,false,3204a394-d0da-11f0-9ba0-fc3fdb83b633,
354800a5-d0da-11f0-9ba0-fc3fdb83b633,2074A,true,Pecíolo,,,,,,,,1,false,3204a647-d0da-11f0-9ba0-fc3fdb83b633,
35486017-d0da-11f0-9ba0-fc3fdb83b633,2076A,true,Rama,,,,,,,,1,false,3204a902-d0da-11f0-9ba0-fc3fdb83b633,
3548d912-d0da-11f0-9ba0-fc3fdb83b633,2076B,true,Hoja,,,,,,,,1,false,3204a902-d0da-11f0-9ba0-fc3fdb83b633,
35491fe8-d0da-11f0-9ba0-fc3fdb83b633,2077A,true,Hoja,,,,,,,,1,false,3204af09-d0da-11f0-9ba0-fc3fdb83b633,
354965b8-d0da-11f0-9ba0-fc3fdb83b633,2078A,true,Raíz,,,,,,,,1,false,3204b1d3-d0da-11f0-9ba0-fc3fdb83b633,
3549aa4c-d0da-11f0-9ba0-fc3fdb83b633,2078B,true,Hoja,,,,,,,,1,false,3204b1d3-d0da-11f0-9ba0-fc3fdb83b633,
3549f06b-d0da-11f0-9ba0-fc3fdb83b633,2078C,true,Hoja,,,,,,,,1,false,3204b1d3-d0da-11f0-9ba0-fc3fdb83b633,
354a36cf-d0da-11f0-9ba0-fc3fdb83b633,2079A,true,Pecíolo,,,,,,,,1,false,3204b480-d0da-11f0-9ba0-fc3fdb83b633,
354a64ed-d0da-11f0-9ba0-fc3fdb83b633,207A,true,Hoja,,,,,,,,1,false,31fd4327-d0da-11f0-9ba0-fc3fdb83b633,3027edbd-d0da-11f0-9ba0-fc3fdb83b633
354aa7a0-d0da-11f0-9ba0-fc3fdb83b633,207B,true,Hoja,,,,,,,,1,false,31fd4327-d0da-11f0-9ba0-fc3fdb83b633,3027edbd-d0da-11f0-9ba0-fc3fdb83b633
354ae3a6-d0da-11f0-9ba0-fc3fdb83b633,207C,true,Hoja,,,,,,,,1,false,31fd4327-d0da-11f0-9ba0-fc3fdb83b633,3027edbd-d0da-11f0-9ba0-fc3fdb83b633
354b2dbd-d0da-11f0-9ba0-fc3fdb83b633,207D,true,Hoja,,,,,,,,1,false,31fd4327-d0da-11f0-9ba0-fc3fdb83b633,3027edbd-d0da-11f0-9ba0-fc3fdb83b633
354b6a8c-d0da-11f0-9ba0-fc3fdb83b633,207E,true,Hoja,,,,,,,,1,false,31fd4327-d0da-11f0-9ba0-fc3fdb83b633,3027edbd-d0da-11f0-9ba0-fc3fdb83b633
354ba623-d0da-11f0-9ba0-fc3fdb83b633,207F,true,Hoja,,,,,,,,1,false,31fd4327-d0da-11f0-9ba0-fc3fdb83b633,3027edbd-d0da-11f0-9ba0-fc3fdb83b633
354be603-d0da-11f0-9ba0-fc3fdb83b633,207G,true,Hoja,,,,,,,,1,false,31fd4327-d0da-11f0-9ba0-fc3fdb83b633,3027edbd-d0da-11f0-9ba0-fc3fdb83b633
354c2547-d0da-11f0-9ba0-fc3fdb83b633,207H,true,Hoja,,,,,,,,1,false,31fd4327-d0da-11f0-9ba0-fc3fdb83b633,3027edbd-d0da-11f0-9ba0-fc3fdb83b633
354c6edf-d0da-11f0-9ba0-fc3fdb83b633,207I,true,Hoja,,,,,,,,1,false,31fd4327-d0da-11f0-9ba0-fc3fdb83b633,3027edbd-d0da-11f0-9ba0-fc3fdb83b633
354caa85-d0da-11f0-9ba0-fc3fdb83b633,207J,true,Hoja,,,,,,,,1,false,31fd4327-d0da-11f0-9ba0-fc3fdb83b633,3027edbd-d0da-11f0-9ba0-fc3fdb83b633
354cff02-d0da-11f0-9ba0-fc3fdb83b633,2080A,true,Raíz,,,,,,,,1,false,3204b736-d0da-11f0-9ba0-fc3fdb83b633,
354d39a7-d0da-11f0-9ba0-fc3fdb83b633,2080B,true,Rama,,,,,,,,1,false,3204b736-d0da-11f0-9ba0-fc3fdb83b633,
354d767b-d0da-11f0-9ba0-fc3fdb83b633,2080C,true,Raíz,,,,,,,,1,false,3204b736-d0da-11f0-9ba0-fc3fdb83b633,
354dba33-d0da-11f0-9ba0-fc3fdb83b633,2080D,true,Raíz,,,,,,,,1,false,3204b736-d0da-11f0-9ba0-fc3fdb83b633,
354df506-d0da-11f0-9ba0-fc3fdb83b633,2080E,true,Raíz,,,,,,,,1,false,3204b736-d0da-11f0-9ba0-fc3fdb83b633,
354e4fb0-d0da-11f0-9ba0-fc3fdb83b633,2080F,true,Raíz,,,,,,,,1,false,3204b736-d0da-11f0-9ba0-fc3fdb83b633,
354e993d-d0da-11f0-9ba0-fc3fdb83b633,2081A,true,Hoja,,,,,,,,1,false,3204b9fd-d0da-11f0-9ba0-fc3fdb83b633,
354ee844-d0da-11f0-9ba0-fc3fdb83b633,2082A,true,Rama,,,,,,,,1,false,3204bd0d-d0da-11f0-9ba0-fc3fdb83b633,
354f2cee-d0da-11f0-9ba0-fc3fdb83b633,2082B,true,Pecíolo,,,,,,,,1,false,3204bd0d-d0da-11f0-9ba0-fc3fdb83b633,
354f70d3-d0da-11f0-9ba0-fc3fdb83b633,2082C,true,Hoja,,,,,,,,1,false,3204bd0d-d0da-11f0-9ba0-fc3fdb83b633,
354fb477-d0da-11f0-9ba0-fc3fdb83b633,2083A,true,Hoja,,,,,,,,1,false,3204bfd8-d0da-11f0-9ba0-fc3fdb83b633,
354ff7af-d0da-11f0-9ba0-fc3fdb83b633,2083B,true,Hoja,,,,,,,,1,false,3204bfd8-d0da-11f0-9ba0-fc3fdb83b633,
3550407f-d0da-11f0-9ba0-fc3fdb83b633,2083C,true,Rama,,,,,,,,1,false,3204bfd8-d0da-11f0-9ba0-fc3fdb83b633,
35508a55-d0da-11f0-9ba0-fc3fdb83b633,2083D,true,Hoja,,,,,,,,1,false,3204bfd8-d0da-11f0-9ba0-fc3fdb83b633,
3550cd60-d0da-11f0-9ba0-fc3fdb83b633,2083E,true,Hoja,,,,,,,,1,false,3204bfd8-d0da-11f0-9ba0-fc3fdb83b633,
35511de1-d0da-11f0-9ba0-fc3fdb83b633,2084A,true,Hoja,,,,,,,,1,false,3204c2b3-d0da-11f0-9ba0-fc3fdb83b633,
3551712f-d0da-11f0-9ba0-fc3fdb83b633,2084B,true,Rama,,,,,,,,1,false,3204c2b3-d0da-11f0-9ba0-fc3fdb83b633,
3551bef4-d0da-11f0-9ba0-fc3fdb83b633,2084C,true,Hoja,,,,,,,,1,false,3204c2b3-d0da-11f0-9ba0-fc3fdb83b633,
3552064f-d0da-11f0-9ba0-fc3fdb83b633,2084D,true,Rama,,,,,,,,1,false,3204c2b3-d0da-11f0-9ba0-fc3fdb83b633,
35524c71-d0da-11f0-9ba0-fc3fdb83b633,2085A,true,Pecíolo,,,,,,,,1,false,3204c5a0-d0da-11f0-9ba0-fc3fdb83b633,
355291e9-d0da-11f0-9ba0-fc3fdb83b633,2087A,true,Rama,,,,,,,,1,false,3204c899-d0da-11f0-9ba0-fc3fdb83b633,
3552f3f2-d0da-11f0-9ba0-fc3fdb83b633,2087B,true,Pecíolo,,,,,,,,1,false,3204c899-d0da-11f0-9ba0-fc3fdb83b633,
35533bfa-d0da-11f0-9ba0-fc3fdb83b633,2088A,true,Hoja,,,,,,,,1,false,3204cb26-d0da-11f0-9ba0-fc3fdb83b633,
355381d3-d0da-11f0-9ba0-fc3fdb83b633,2088B,true,Hoja,,,,,,,,1,false,3204cb26-d0da-11f0-9ba0-fc3fdb83b633,
3553c825-d0da-11f0-9ba0-fc3fdb83b633,2088C,true,Hoja,,,,,,,,1,false,3204cb26-d0da-11f0-9ba0-fc3fdb83b633,
35540dd0-d0da-11f0-9ba0-fc3fdb83b633,2088D,true,Hoja,,,,,,,,1,false,3204cb26-d0da-11f0-9ba0-fc3fdb83b633,
35545340-d0da-11f0-9ba0-fc3fdb83b633,2089A,true,Rama,,,,,,,,1,false,3204cdad-d0da-11f0-9ba0-fc3fdb83b633,
35549861-d0da-11f0-9ba0-fc3fdb83b633,2089B,true,Rama,,,,,,,,1,false,3204cdad-d0da-11f0-9ba0-fc3fdb83b633,
3554bf99-d0da-11f0-9ba0-fc3fdb83b633,208A,true,Hoja,,,,,,,,1,false,31fd4599-d0da-11f0-9ba0-fc3fdb83b633,3027edbd-d0da-11f0-9ba0-fc3fdb83b633
355505fb-d0da-11f0-9ba0-fc3fdb83b633,208B,true,Hoja,,,,,,,,1,false,31fd4599-d0da-11f0-9ba0-fc3fdb83b633,3027edbd-d0da-11f0-9ba0-fc3fdb83b633
35554de4-d0da-11f0-9ba0-fc3fdb83b633,208C,true,Hoja,,,,,,,,1,false,31fd4599-d0da-11f0-9ba0-fc3fdb83b633,3027edbd-d0da-11f0-9ba0-fc3fdb83b633
3555943f-d0da-11f0-9ba0-fc3fdb83b633,208D,true,Hoja,,,,,,,,1,false,31fd4599-d0da-11f0-9ba0-fc3fdb83b633,3027edbd-d0da-11f0-9ba0-fc3fdb83b633
3555d8ff-d0da-11f0-9ba0-fc3fdb83b633,208E,true,Hoja,,,,,,,,1,false,31fd4599-d0da-11f0-9ba0-fc3fdb83b633,3027edbd-d0da-11f0-9ba0-fc3fdb83b633
35561da2-d0da-11f0-9ba0-fc3fdb83b633,208F,true,Hoja,,,,,,,,1,false,31fd4599-d0da-11f0-9ba0-fc3fdb83b633,3027edbd-d0da-11f0-9ba0-fc3fdb83b633
35566395-d0da-11f0-9ba0-fc3fdb83b633,208G,true,Hoja,,,,,,,,1,false,31fd4599-d0da-11f0-9ba0-fc3fdb83b633,3027edbd-d0da-11f0-9ba0-fc3fdb83b633
3556aa86-d0da-11f0-9ba0-fc3fdb83b633,208H,true,Hoja,,,,,,,,1,false,31fd4599-d0da-11f0-9ba0-fc3fdb83b633,3027edbd-d0da-11f0-9ba0-fc3fdb83b633
3556efcc-d0da-11f0-9ba0-fc3fdb83b633,208I,true,Hoja,,,,,,,,1,false,31fd4599-d0da-11f0-9ba0-fc3fdb83b633,3027edbd-d0da-11f0-9ba0-fc3fdb83b633
355734ae-d0da-11f0-9ba0-fc3fdb83b633,208J,true,Hoja,,,,,,,,1,false,31fd4599-d0da-11f0-9ba0-fc3fdb83b633,3027edbd-d0da-11f0-9ba0-fc3fdb83b633
3557793f-d0da-11f0-9ba0-fc3fdb83b633,208K,true,Hoja,,,,,,,,1,false,31fd4599-d0da-11f0-9ba0-fc3fdb83b633,3027edbd-d0da-11f0-9ba0-fc3fdb83b633
3557d6f5-d0da-11f0-9ba0-fc3fdb83b633,208L,true,Hoja,,,,,,,,1,false,31fd4599-d0da-11f0-9ba0-fc3fdb83b633,3027edbd-d0da-11f0-9ba0-fc3fdb83b633
355821bd-d0da-11f0-9ba0-fc3fdb83b633,208M,true,Hoja,,,,,,,,1,false,31fd4599-d0da-11f0-9ba0-fc3fdb83b633,3027edbd-d0da-11f0-9ba0-fc3fdb83b633
35586970-d0da-11f0-9ba0-fc3fdb83b633,208N,true,Hoja,,,,,,,,1,false,31fd4599-d0da-11f0-9ba0-fc3fdb83b633,3027edbd-d0da-11f0-9ba0-fc3fdb83b633
3558adce-d0da-11f0-9ba0-fc3fdb83b633,208O,true,Hoja,,,,,,,,1,false,31fd4599-d0da-11f0-9ba0-fc3fdb83b633,3027edbd-d0da-11f0-9ba0-fc3fdb83b633
3558f4db-d0da-11f0-9ba0-fc3fdb83b633,208P,true,Hoja,,,,,,,,1,false,31fd4599-d0da-11f0-9ba0-fc3fdb83b633,3027edbd-d0da-11f0-9ba0-fc3fdb83b633
35593ac6-d0da-11f0-9ba0-fc3fdb83b633,208Q,true,Hoja,,,,,,,,1,false,31fd4599-d0da-11f0-9ba0-fc3fdb83b633,3027edbd-d0da-11f0-9ba0-fc3fdb83b633
3559a088-d0da-11f0-9ba0-fc3fdb83b633,2090A,true,Hoja,,,,,,,,1,false,3204d03e-d0da-11f0-9ba0-fc3fdb83b633,
3559ddfd-d0da-11f0-9ba0-fc3fdb83b633,2090B,true,Hoja,,,,,,,,1,false,3204d03e-d0da-11f0-9ba0-fc3fdb83b633,
355a22b6-d0da-11f0-9ba0-fc3fdb83b633,2091A,true,Raíz,,,,,,,,1,false,3204d349-d0da-11f0-9ba0-fc3fdb83b633,
355a7031-d0da-11f0-9ba0-fc3fdb83b633,2091B,true,Hoja,,,,,,,,1,false,3204d349-d0da-11f0-9ba0-fc3fdb83b633,
355ab9e9-d0da-11f0-9ba0-fc3fdb83b633,2091C,true,Pecíolo,,,,,,,,1,false,3204d349-d0da-11f0-9ba0-fc3fdb83b633,
355b00fa-d0da-11f0-9ba0-fc3fdb83b633,2091D,true,Raíz,,,,,,,,1,false,3204d349-d0da-11f0-9ba0-fc3fdb83b633,
355b4658-d0da-11f0-9ba0-fc3fdb83b633,2091E,true,Rama,,,,,,,,1,false,3204d349-d0da-11f0-9ba0-fc3fdb83b633,
355b8bed-d0da-11f0-9ba0-fc3fdb83b633,2092A,true,Hoja,,,,,,,,1,false,3204d5c8-d0da-11f0-9ba0-fc3fdb83b633,
355bd0f3-d0da-11f0-9ba0-fc3fdb83b633,2092B,true,Hoja,,,,,,,,1,false,3204d5c8-d0da-11f0-9ba0-fc3fdb83b633,
355c164a-d0da-11f0-9ba0-fc3fdb83b633,2092C,true,Hoja,,,,,,,,1,false,3204d5c8-d0da-11f0-9ba0-fc3fdb83b633,
355c5c46-d0da-11f0-9ba0-fc3fdb83b633,2093A,true,Rama,,,,,,,,1,false,3204d8ea-d0da-11f0-9ba0-fc3fdb83b633,
355cb5c8-d0da-11f0-9ba0-fc3fdb83b633,2094A,true,Hoja,,,,,,,,1,false,3204db7c-d0da-11f0-9ba0-fc3fdb83b633,
355d15c5-d0da-11f0-9ba0-fc3fdb83b633,2094B,true,Hoja,,,,,,,,1,false,3204db7c-d0da-11f0-9ba0-fc3fdb83b633,
355d5c6a-d0da-11f0-9ba0-fc3fdb83b633,2094C,true,Hoja,,,,,,,,1,false,3204db7c-d0da-11f0-9ba0-fc3fdb83b633,
355da24d-d0da-11f0-9ba0-fc3fdb83b633,2095A,true,Hoja,,,,,,,,1,false,3204de26-d0da-11f0-9ba0-fc3fdb83b633,
355de6d7-d0da-11f0-9ba0-fc3fdb83b633,2095B,true,Hoja,,,,,,,,1,false,3204de26-d0da-11f0-9ba0-fc3fdb83b633,
355e2de9-d0da-11f0-9ba0-fc3fdb83b633,2095C,true,Rama,,,,,,,,1,false,3204de26-d0da-11f0-9ba0-fc3fdb83b633,
355e740d-d0da-11f0-9ba0-fc3fdb83b633,2095D,true,Rama,,,,,,,,1,false,3204de26-d0da-11f0-9ba0-fc3fdb83b633,
355eb812-d0da-11f0-9ba0-fc3fdb83b633,2096A,true,Rama,,,,,,,,1,false,3204e111-d0da-11f0-9ba0-fc3fdb83b633,
355f07b9-d0da-11f0-9ba0-fc3fdb83b633,2097A,true,Hoja,,,,,,,,1,false,3204e3d6-d0da-11f0-9ba0-fc3fdb83b633,
355f4b9d-d0da-11f0-9ba0-fc3fdb83b633,2098A,true,Pecíolo,,,,,,,,1,false,3204e6b3-d0da-11f0-9ba0-fc3fdb83b633,
355fa92b-d0da-11f0-9ba0-fc3fdb83b633,2098B,true,Pecíolo,,,,,,,,1,false,3204e6b3-d0da-11f0-9ba0-fc3fdb83b633,
355fe749-d0da-11f0-9ba0-fc3fdb83b633,2098C,true,Hoja,,,,,,,,1,false,3204e6b3-d0da-11f0-9ba0-fc3fdb83b633,
3560160c-d0da-11f0-9ba0-fc3fdb83b633,2099A,true,Hoja,,,,,,,,1,false,3204e99e-d0da-11f0-9ba0-fc3fdb83b633,
3560448f-d0da-11f0-9ba0-fc3fdb83b633,2099B,true,Rama,,,,,,,,1,false,3204e99e-d0da-11f0-9ba0-fc3fdb83b633,
35605ca0-d0da-11f0-9ba0-fc3fdb83b633,209A,true,Hoja,,,,,,,,1,false,31fd4805-d0da-11f0-9ba0-fc3fdb83b633,3027edbd-d0da-11f0-9ba0-fc3fdb83b633
3560867c-d0da-11f0-9ba0-fc3fdb83b633,209B,true,Hoja,,,,,,,,1,false,31fd4805-d0da-11f0-9ba0-fc3fdb83b633,3027edbd-d0da-11f0-9ba0-fc3fdb83b633
3560ac40-d0da-11f0-9ba0-fc3fdb83b633,209C,true,Hoja,,,,,,,,1,false,31fd4805-d0da-11f0-9ba0-fc3fdb83b633,3027edbd-d0da-11f0-9ba0-fc3fdb83b633
3560d43d-d0da-11f0-9ba0-fc3fdb83b633,209D,true,Hoja,,,,,,,,1,false,31fd4805-d0da-11f0-9ba0-fc3fdb83b633,3027edbd-d0da-11f0-9ba0-fc3fdb83b633
35611665-d0da-11f0-9ba0-fc3fdb83b633,209E,true,Hoja,,,,,,,,1,false,31fd4805-d0da-11f0-9ba0-fc3fdb83b633,3027edbd-d0da-11f0-9ba0-fc3fdb83b633
35616016-d0da-11f0-9ba0-fc3fdb83b633,209F,true,Hoja,,,,,,,,1,false,31fd4805-d0da-11f0-9ba0-fc3fdb83b633,3027edbd-d0da-11f0-9ba0-fc3fdb83b633
3561a5df-d0da-11f0-9ba0-fc3fdb83b633,209G,true,Hoja,,,,,,,,1,false,31fd4805-d0da-11f0-9ba0-fc3fdb83b633,3027edbd-d0da-11f0-9ba0-fc3fdb83b633
3561eaf8-d0da-11f0-9ba0-fc3fdb83b633,209H,true,Hoja,,,,,,,,1,false,31fd4805-d0da-11f0-9ba0-fc3fdb83b633,3027edbd-d0da-11f0-9ba0-fc3fdb83b633
35621fb1-d0da-11f0-9ba0-fc3fdb83b633,209I,true,Hoja,,,,,,,,1,false,31fd4805-d0da-11f0-9ba0-fc3fdb83b633,3027edbd-d0da-11f0-9ba0-fc3fdb83b633
35624eb2-d0da-11f0-9ba0-fc3fdb83b633,209J,true,Hoja,,,,,,,,1,false,31fd4805-d0da-11f0-9ba0-fc3fdb83b633,3027edbd-d0da-11f0-9ba0-fc3fdb83b633
35627b83-d0da-11f0-9ba0-fc3fdb83b633,209K,true,Hoja,,,,,,,,1,false,31fd4805-d0da-11f0-9ba0-fc3fdb83b633,3027edbd-d0da-11f0-9ba0-fc3fdb83b633
3562a9e3-d0da-11f0-9ba0-fc3fdb83b633,20A,true,Hoja,,,,,,,,1,false,31fc8b84-d0da-11f0-9ba0-fc3fdb83b633,3027edbd-d0da-11f0-9ba0-fc3fdb83b633
3562d81d-d0da-11f0-9ba0-fc3fdb83b633,20B,true,Hoja,,,,,,,,1,false,31fc8b84-d0da-11f0-9ba0-fc3fdb83b633,3027edbd-d0da-11f0-9ba0-fc3fdb83b633
356306d4-d0da-11f0-9ba0-fc3fdb83b633,20C,true,Hoja,,,,,,,,1,false,31fc8b84-d0da-11f0-9ba0-fc3fdb83b633,3027edbd-d0da-11f0-9ba0-fc3fdb83b633
356349c0-d0da-11f0-9ba0-fc3fdb83b633,2100A,true,Pecíolo,,,,,,,,1,false,3204ec9c-d0da-11f0-9ba0-fc3fdb83b633,
356372bc-d0da-11f0-9ba0-fc3fdb83b633,2100B,true,Hoja,,,,,,,,1,false,3204ec9c-d0da-11f0-9ba0-fc3fdb83b633,
3563a10f-d0da-11f0-9ba0-fc3fdb83b633,2101A,true,Rama,,,,,,,,1,false,3204ef64-d0da-11f0-9ba0-fc3fdb83b633,
3563cb70-d0da-11f0-9ba0-fc3fdb83b633,2101B,true,Hoja,,,,,,,,1,false,3204ef64-d0da-11f0-9ba0-fc3fdb83b633,
3563fe0b-d0da-11f0-9ba0-fc3fdb83b633,2101C,true,Rama,,,,,,,,1,false,3204ef64-d0da-11f0-9ba0-fc3fdb83b633,
356455c1-d0da-11f0-9ba0-fc3fdb83b633,2102A,true,Hoja,,,,,,,,1,false,3204f22a-d0da-11f0-9ba0-fc3fdb83b633,
3564c578-d0da-11f0-9ba0-fc3fdb83b633,2102B,true,Rama,,,,,,,,1,false,3204f22a-d0da-11f0-9ba0-fc3fdb83b633,
3565264b-d0da-11f0-9ba0-fc3fdb83b633,2103A,true,Rama,,,,,,,,1,false,3204f534-d0da-11f0-9ba0-fc3fdb83b633,
35656c12-d0da-11f0-9ba0-fc3fdb83b633,2103B,true,Rama,,,,,,,,1,false,3204f534-d0da-11f0-9ba0-fc3fdb83b633,
3565b369-d0da-11f0-9ba0-fc3fdb83b633,2103C,true,Rama,,,,,,,,1,false,3204f534-d0da-11f0-9ba0-fc3fdb83b633,
3565f9ee-d0da-11f0-9ba0-fc3fdb83b633,2103D,true,Hoja,,,,,,,,1,false,3204f534-d0da-11f0-9ba0-fc3fdb83b633,
35663f80-d0da-11f0-9ba0-fc3fdb83b633,2104A,true,Pecíolo,,,,,,,,1,false,3204f8dc-d0da-11f0-9ba0-fc3fdb83b633,
35668451-d0da-11f0-9ba0-fc3fdb83b633,2105A,true,Rama,,,,,,,,1,false,3204fb96-d0da-11f0-9ba0-fc3fdb83b633,
3566c8e7-d0da-11f0-9ba0-fc3fdb83b633,2105B,true,Rama,,,,,,,,1,false,3204fb96-d0da-11f0-9ba0-fc3fdb83b633,
3567153c-d0da-11f0-9ba0-fc3fdb83b633,2105C,true,Hoja,,,,,,,,1,false,3204fb96-d0da-11f0-9ba0-fc3fdb83b633,
35674e20-d0da-11f0-9ba0-fc3fdb83b633,2106A,true,Hoja,,,,,,,,1,false,3204fe4f-d0da-11f0-9ba0-fc3fdb83b633,
35677f0a-d0da-11f0-9ba0-fc3fdb83b633,2106B,true,Hoja,,,,,,,,1,false,3204fe4f-d0da-11f0-9ba0-fc3fdb83b633,
3567a872-d0da-11f0-9ba0-fc3fdb83b633,2107A,true,Hoja,,,,,,,,1,false,3205010f-d0da-11f0-9ba0-fc3fdb83b633,
3567d7e0-d0da-11f0-9ba0-fc3fdb83b633,2107B,true,Hoja,,,,,,,,1,false,3205010f-d0da-11f0-9ba0-fc3fdb83b633,
356800a3-d0da-11f0-9ba0-fc3fdb83b633,2108A,true,Hoja,,,,,,,,1,false,320503dc-d0da-11f0-9ba0-fc3fdb83b633,
35682f0c-d0da-11f0-9ba0-fc3fdb83b633,2109A,true,Rama,,,,,,,,1,false,32050688-d0da-11f0-9ba0-fc3fdb83b633,
356848a0-d0da-11f0-9ba0-fc3fdb83b633,210A,true,Hoja,,,,,,,,1,false,31fd4b3b-d0da-11f0-9ba0-fc3fdb83b633,3027edbd-d0da-11f0-9ba0-fc3fdb83b633
35687214-d0da-11f0-9ba0-fc3fdb83b633,210B,true,Hoja,,,,,,,,1,false,31fd4b3b-d0da-11f0-9ba0-fc3fdb83b633,3027edbd-d0da-11f0-9ba0-fc3fdb83b633
3568a409-d0da-11f0-9ba0-fc3fdb83b633,210C,true,Hoja,,,,,,,,1,false,31fd4b3b-d0da-11f0-9ba0-fc3fdb83b633,3027edbd-d0da-11f0-9ba0-fc3fdb83b633
3568ca8e-d0da-11f0-9ba0-fc3fdb83b633,210D,true,Hoja,,,,,,,,1,false,31fd4b3b-d0da-11f0-9ba0-fc3fdb83b633,3027edbd-d0da-11f0-9ba0-fc3fdb83b633
3568ff03-d0da-11f0-9ba0-fc3fdb83b633,210E,true,Hoja,,,,,,,,1,false,31fd4b3b-d0da-11f0-9ba0-fc3fdb83b633,3027edbd-d0da-11f0-9ba0-fc3fdb83b633
35692cf8-d0da-11f0-9ba0-fc3fdb83b633,210F,true,Hoja,,,,,,,,1,false,31fd4b3b-d0da-11f0-9ba0-fc3fdb83b633,3027edbd-d0da-11f0-9ba0-fc3fdb83b633
356953e9-d0da-11f0-9ba0-fc3fdb83b633,210G,true,Hoja,,,,,,,,1,false,31fd4b3b-d0da-11f0-9ba0-fc3fdb83b633,3027edbd-d0da-11f0-9ba0-fc3fdb83b633
3569815f-d0da-11f0-9ba0-fc3fdb83b633,210H,true,Hoja,,,,,,,,1,false,31fd4b3b-d0da-11f0-9ba0-fc3fdb83b633,3027edbd-d0da-11f0-9ba0-fc3fdb83b633
3569b7a6-d0da-11f0-9ba0-fc3fdb83b633,210I,true,Hoja,,,,,,,,1,false,31fd4b3b-d0da-11f0-9ba0-fc3fdb83b633,3027edbd-d0da-11f0-9ba0-fc3fdb83b633
3569f83a-d0da-11f0-9ba0-fc3fdb83b633,2110A,true,Hoja,,,,,,,,1,false,32050953-d0da-11f0-9ba0-fc3fdb83b633,
356a318c-d0da-11f0-9ba0-fc3fdb83b633,2112A,true,Hoja,,,,,,,,1,false,32050c18-d0da-11f0-9ba0-fc3fdb83b633,
356a7e02-d0da-11f0-9ba0-fc3fdb83b633,2113A,true,Hoja,,,,,,,,1,false,32050f06-d0da-11f0-9ba0-fc3fdb83b633,
356ac5f9-d0da-11f0-9ba0-fc3fdb83b633,2114A,true,Rama,,,,,,,,1,false,320511c6-d0da-11f0-9ba0-fc3fdb83b633,
356b0c14-d0da-11f0-9ba0-fc3fdb83b633,2114B,true,Rama,,,,,,,,1,false,320511c6-d0da-11f0-9ba0-fc3fdb83b633,
356b50fb-d0da-11f0-9ba0-fc3fdb83b633,2115A,true,Hoja,,,,,,,,1,false,3205148b-d0da-11f0-9ba0-fc3fdb83b633,
356b7838-d0da-11f0-9ba0-fc3fdb83b633,211A,true,Hoja,,,,,,,,1,false,31fd4dea-d0da-11f0-9ba0-fc3fdb83b633,3027edbd-d0da-11f0-9ba0-fc3fdb83b633
356bbc9e-d0da-11f0-9ba0-fc3fdb83b633,211B,true,Hoja,,,,,,,,1,false,31fd4dea-d0da-11f0-9ba0-fc3fdb83b633,3027edbd-d0da-11f0-9ba0-fc3fdb83b633
356c02ec-d0da-11f0-9ba0-fc3fdb83b633,211C,true,Hoja,,,,,,,,1,false,31fd4dea-d0da-11f0-9ba0-fc3fdb83b633,3027edbd-d0da-11f0-9ba0-fc3fdb83b633
356c7dda-d0da-11f0-9ba0-fc3fdb83b633,211D,true,Hoja,,,,,,,,1,false,3209792d-d0da-11f0-9ba0-fc3fdb83b633,3027edbd-d0da-11f0-9ba0-fc3fdb83b633
356ce5d5-d0da-11f0-9ba0-fc3fdb83b633,211E,true,Hoja,,,,,,,,1,false,31fd4dea-d0da-11f0-9ba0-fc3fdb83b633,3027edbd-d0da-11f0-9ba0-fc3fdb83b633
356d2e60-d0da-11f0-9ba0-fc3fdb83b633,211F,true,Hoja,,,,,,,,1,false,31fd4dea-d0da-11f0-9ba0-fc3fdb83b633,3027edbd-d0da-11f0-9ba0-fc3fdb83b633
356d73e1-d0da-11f0-9ba0-fc3fdb83b633,211G,true,Hoja,,,,,,,,1,false,31fd4dea-d0da-11f0-9ba0-fc3fdb83b633,3027edbd-d0da-11f0-9ba0-fc3fdb83b633
356db8e6-d0da-11f0-9ba0-fc3fdb83b633,211H,true,Hoja,,,,,,,,1,false,31fd4dea-d0da-11f0-9ba0-fc3fdb83b633,3027edbd-d0da-11f0-9ba0-fc3fdb83b633
356dfe07-d0da-11f0-9ba0-fc3fdb83b633,211I,true,Hoja,,,,,,,,1,false,31fd4dea-d0da-11f0-9ba0-fc3fdb83b633,3027edbd-d0da-11f0-9ba0-fc3fdb83b633
356e435b-d0da-11f0-9ba0-fc3fdb83b633,211J,true,Hoja,,,,,,,,1,false,31fd4dea-d0da-11f0-9ba0-fc3fdb83b633,3027edbd-d0da-11f0-9ba0-fc3fdb83b633
356e87eb-d0da-11f0-9ba0-fc3fdb83b633,211K,true,Hoja,,,,,,,,1,false,31fd4dea-d0da-11f0-9ba0-fc3fdb83b633,3027edbd-d0da-11f0-9ba0-fc3fdb83b633
356ed1c6-d0da-11f0-9ba0-fc3fdb83b633,211L,true,Hoja,,,,,,,,1,false,31fd4dea-d0da-11f0-9ba0-fc3fdb83b633,3027edbd-d0da-11f0-9ba0-fc3fdb83b633
356f252c-d0da-11f0-9ba0-fc3fdb83b633,2120A,true,Raíz,,,,,,,,1,false,32051779-d0da-11f0-9ba0-fc3fdb83b633,
356f6a18-d0da-11f0-9ba0-fc3fdb83b633,2120B,true,Raíz,,,,,,,,1,false,32051779-d0da-11f0-9ba0-fc3fdb83b633,
356fadee-d0da-11f0-9ba0-fc3fdb83b633,2120C,true,Raíz,,,,,,,,1,false,32051779-d0da-11f0-9ba0-fc3fdb83b633,
356ff211-d0da-11f0-9ba0-fc3fdb83b633,2120D,true,Raíz,,,,,,,,1,false,32051779-d0da-11f0-9ba0-fc3fdb83b633,
3570358d-d0da-11f0-9ba0-fc3fdb83b633,2120E,true,Raíz,,,,,,,,1,false,32051779-d0da-11f0-9ba0-fc3fdb83b633,
357078ca-d0da-11f0-9ba0-fc3fdb83b633,2120F,true,Raíz,,,,,,,,1,false,32051779-d0da-11f0-9ba0-fc3fdb83b633,
3570bc96-d0da-11f0-9ba0-fc3fdb83b633,2120G,true,Raíz,,,,,,,,1,false,32051779-d0da-11f0-9ba0-fc3fdb83b633,
3571007d-d0da-11f0-9ba0-fc3fdb83b633,2120H,true,Raíz,,,,,,,,1,false,32051779-d0da-11f0-9ba0-fc3fdb83b633,
3571488e-d0da-11f0-9ba0-fc3fdb83b633,2120I,true,Raíz,,,,,,,,1,false,32051779-d0da-11f0-9ba0-fc3fdb83b633,
357191b9-d0da-11f0-9ba0-fc3fdb83b633,2120J,true,Raíz,,,,,,,,1,false,32051779-d0da-11f0-9ba0-fc3fdb83b633,
3571d902-d0da-11f0-9ba0-fc3fdb83b633,2120K,true,Raíz,,,,,,,,1,false,32051779-d0da-11f0-9ba0-fc3fdb83b633,
35721ec4-d0da-11f0-9ba0-fc3fdb83b633,2121A,true,Raíz,,,,,,,,1,false,320519f9-d0da-11f0-9ba0-fc3fdb83b633,
35726402-d0da-11f0-9ba0-fc3fdb83b633,2121B,true,Raíz,,,,,,,,1,false,320519f9-d0da-11f0-9ba0-fc3fdb83b633,
3572a972-d0da-11f0-9ba0-fc3fdb83b633,2121C,true,Raíz,,,,,,,,1,false,320519f9-d0da-11f0-9ba0-fc3fdb83b633,
3572ee96-d0da-11f0-9ba0-fc3fdb83b633,2121D,true,Raíz,,,,,,,,1,false,320519f9-d0da-11f0-9ba0-fc3fdb83b633,
357333bd-d0da-11f0-9ba0-fc3fdb83b633,2121E,true,Raíz,,,,,,,,1,false,320519f9-d0da-11f0-9ba0-fc3fdb83b633,
35737910-d0da-11f0-9ba0-fc3fdb83b633,2122A,true,Raíz,,,,,,,,1,false,32051c71-d0da-11f0-9ba0-fc3fdb83b633,
3573bef5-d0da-11f0-9ba0-fc3fdb83b633,2122B,true,Raíz,,,,,,,,1,false,32051c71-d0da-11f0-9ba0-fc3fdb83b633,
357400ce-d0da-11f0-9ba0-fc3fdb83b633,2122C,true,Raíz,,,,,,,,1,false,32051c71-d0da-11f0-9ba0-fc3fdb83b633,
35746a59-d0da-11f0-9ba0-fc3fdb83b633,2122D,true,Raíz,,,,,,,,1,false,32051c71-d0da-11f0-9ba0-fc3fdb83b633,
3574c9e0-d0da-11f0-9ba0-fc3fdb83b633,2122E,true,Raíz,,,,,,,,1,false,32051c71-d0da-11f0-9ba0-fc3fdb83b633,
35751ed4-d0da-11f0-9ba0-fc3fdb83b633,2122F,true,Raíz,,,,,,,,1,false,32051c71-d0da-11f0-9ba0-fc3fdb83b633,
35754458-d0da-11f0-9ba0-fc3fdb83b633,2122G,true,Raíz,,,,,,,,1,false,32051c71-d0da-11f0-9ba0-fc3fdb83b633,
3575690f-d0da-11f0-9ba0-fc3fdb83b633,2123A,true,Hoja,,,,,,,,1,false,3205515b-d0da-11f0-9ba0-fc3fdb83b633,
35758d13-d0da-11f0-9ba0-fc3fdb83b633,2124A,true,Rama,,,,,,,,1,false,320553f7-d0da-11f0-9ba0-fc3fdb83b633,
3575b117-d0da-11f0-9ba0-fc3fdb83b633,2125A,true,Raíz,,,,,,,,1,false,3205569e-d0da-11f0-9ba0-fc3fdb83b633,
3575d4ff-d0da-11f0-9ba0-fc3fdb83b633,2125B,true,Hoja,,,,,,,,1,false,3205569e-d0da-11f0-9ba0-fc3fdb83b633,
3575fb47-d0da-11f0-9ba0-fc3fdb83b633,2125C,true,Raíz,,,,,,,,1,false,3205569e-d0da-11f0-9ba0-fc3fdb83b633,
35761f3c-d0da-11f0-9ba0-fc3fdb83b633,2125D,true,Hoja,,,,,,,,1,false,3205569e-d0da-11f0-9ba0-fc3fdb83b633,
3576434c-d0da-11f0-9ba0-fc3fdb83b633,2125E,true,Raíz,,,,,,,,1,false,3205569e-d0da-11f0-9ba0-fc3fdb83b633,
357693f9-d0da-11f0-9ba0-fc3fdb83b633,2125F,true,Hoja,,,,,,,,1,false,3205569e-d0da-11f0-9ba0-fc3fdb83b633,
3576ef61-d0da-11f0-9ba0-fc3fdb83b633,2125G,true,Hoja,,,,,,,,1,false,3205569e-d0da-11f0-9ba0-fc3fdb83b633,
3577508f-d0da-11f0-9ba0-fc3fdb83b633,2125H,true,Raíz,,,,,,,,1,false,3205569e-d0da-11f0-9ba0-fc3fdb83b633,
35778135-d0da-11f0-9ba0-fc3fdb83b633,2126A,true,Rama,,,,,,,,1,false,32055929-d0da-11f0-9ba0-fc3fdb83b633,
3577a95d-d0da-11f0-9ba0-fc3fdb83b633,2126B,true,Raíz,,,,,,,,1,false,32055929-d0da-11f0-9ba0-fc3fdb83b633,
3577d155-d0da-11f0-9ba0-fc3fdb83b633,2127A,true,Rama,,,,,,,,1,false,32055bc8-d0da-11f0-9ba0-fc3fdb83b633,
3577faf0-d0da-11f0-9ba0-fc3fdb83b633,2127B,true,Rama,,,,,,,,1,false,32055bc8-d0da-11f0-9ba0-fc3fdb83b633,
3578254e-d0da-11f0-9ba0-fc3fdb83b633,2129A,true,Hoja,,,,,,,,1,false,32055e8a-d0da-11f0-9ba0-fc3fdb83b633,
35784b28-d0da-11f0-9ba0-fc3fdb83b633,2129B,true,Rama,,,,,,,,1,false,32055e8a-d0da-11f0-9ba0-fc3fdb83b633,
35786f62-d0da-11f0-9ba0-fc3fdb83b633,2129C,true,Rama,,,,,,,,1,false,32055e8a-d0da-11f0-9ba0-fc3fdb83b633,
35789385-d0da-11f0-9ba0-fc3fdb83b633,2129D,true,Rama,,,,,,,,1,false,32055e8a-d0da-11f0-9ba0-fc3fdb83b633,
3578b79e-d0da-11f0-9ba0-fc3fdb83b633,2129E,true,Hoja,,,,,,,,1,false,32055e8a-d0da-11f0-9ba0-fc3fdb83b633,
3578edb4-d0da-11f0-9ba0-fc3fdb83b633,2129F,true,Rama,,,,,,,,1,false,32055e8a-d0da-11f0-9ba0-fc3fdb83b633,
35791898-d0da-11f0-9ba0-fc3fdb83b633,2129G,true,Hoja,,,,,,,,1,false,32055e8a-d0da-11f0-9ba0-fc3fdb83b633,
35792df6-d0da-11f0-9ba0-fc3fdb83b633,212A,true,Hoja,,,,,,,,1,false,31fd50c0-d0da-11f0-9ba0-fc3fdb83b633,3027edbd-d0da-11f0-9ba0-fc3fdb83b633
35795677-d0da-11f0-9ba0-fc3fdb83b633,212B,true,Hoja,,,,,,,,1,false,31fd50c0-d0da-11f0-9ba0-fc3fdb83b633,3027edbd-d0da-11f0-9ba0-fc3fdb83b633
3579a697-d0da-11f0-9ba0-fc3fdb83b633,212C,true,Hoja,,,,,,,,1,false,31fd50c0-d0da-11f0-9ba0-fc3fdb83b633,3027edbd-d0da-11f0-9ba0-fc3fdb83b633
3579f568-d0da-11f0-9ba0-fc3fdb83b633,212D,true,Hoja,,,,,,,,1,false,31fd50c0-d0da-11f0-9ba0-fc3fdb83b633,3027edbd-d0da-11f0-9ba0-fc3fdb83b633
357a3a6c-d0da-11f0-9ba0-fc3fdb83b633,212E,true,Hoja,,,,,,,,1,false,31fd50c0-d0da-11f0-9ba0-fc3fdb83b633,3027edbd-d0da-11f0-9ba0-fc3fdb83b633
357a7f47-d0da-11f0-9ba0-fc3fdb83b633,212F,true,Hoja,,,,,,,,1,false,31fd50c0-d0da-11f0-9ba0-fc3fdb83b633,3027edbd-d0da-11f0-9ba0-fc3fdb83b633
357ac3c9-d0da-11f0-9ba0-fc3fdb83b633,212G,true,Hoja,,,,,,,,1,false,31fd50c0-d0da-11f0-9ba0-fc3fdb83b633,3027edbd-d0da-11f0-9ba0-fc3fdb83b633
357b0aa2-d0da-11f0-9ba0-fc3fdb83b633,212H,true,Hoja,,,,,,,,1,false,31fd50c0-d0da-11f0-9ba0-fc3fdb83b633,3027edbd-d0da-11f0-9ba0-fc3fdb83b633
357b55ea-d0da-11f0-9ba0-fc3fdb83b633,212I,true,Hoja,,,,,,,,1,false,31fd50c0-d0da-11f0-9ba0-fc3fdb83b633,3027edbd-d0da-11f0-9ba0-fc3fdb83b633
357ba791-d0da-11f0-9ba0-fc3fdb83b633,212J,true,Hoja,,,,,,,,1,false,31fd50c0-d0da-11f0-9ba0-fc3fdb83b633,3027edbd-d0da-11f0-9ba0-fc3fdb83b633
357becda-d0da-11f0-9ba0-fc3fdb83b633,212K,true,Hoja,,,,,,,,1,false,31fd50c0-d0da-11f0-9ba0-fc3fdb83b633,3027edbd-d0da-11f0-9ba0-fc3fdb83b633
357c3113-d0da-11f0-9ba0-fc3fdb83b633,212L,true,Hoja,,,,,,,,1,false,31fd50c0-d0da-11f0-9ba0-fc3fdb83b633,3027edbd-d0da-11f0-9ba0-fc3fdb83b633
357c751e-d0da-11f0-9ba0-fc3fdb83b633,212M,true,Hoja,,,,,,,,1,false,31fd50c0-d0da-11f0-9ba0-fc3fdb83b633,3027edbd-d0da-11f0-9ba0-fc3fdb83b633
357cca0a-d0da-11f0-9ba0-fc3fdb83b633,212N,true,Hoja,,,,,,,,1,false,31fd50c0-d0da-11f0-9ba0-fc3fdb83b633,3027edbd-d0da-11f0-9ba0-fc3fdb83b633
357d33fb-d0da-11f0-9ba0-fc3fdb83b633,2133A,true,Hoja,,,,,,,,1,false,3205615e-d0da-11f0-9ba0-fc3fdb83b633,
357d77fd-d0da-11f0-9ba0-fc3fdb83b633,2133B,true,Raíz,,,,,,,,1,false,3205615e-d0da-11f0-9ba0-fc3fdb83b633,
357dbb8b-d0da-11f0-9ba0-fc3fdb83b633,2133C,true,Rama,,,,,,,,1,false,3205615e-d0da-11f0-9ba0-fc3fdb83b633,
357e0c38-d0da-11f0-9ba0-fc3fdb83b633,2133D,true,Raíz,,,,,,,,1,false,3205615e-d0da-11f0-9ba0-fc3fdb83b633,
357e5372-d0da-11f0-9ba0-fc3fdb83b633,2133E,true,Rama,,,,,,,,1,false,3205615e-d0da-11f0-9ba0-fc3fdb83b633,
357e9789-d0da-11f0-9ba0-fc3fdb83b633,2134A,true,Raíz,,,,,,,,1,false,32056421-d0da-11f0-9ba0-fc3fdb83b633,
357edad5-d0da-11f0-9ba0-fc3fdb83b633,2134B,true,Hoja,,,,,,,,1,false,32056421-d0da-11f0-9ba0-fc3fdb83b633,
357f1e31-d0da-11f0-9ba0-fc3fdb83b633,2134C,true,Raíz,,,,,,,,1,false,32056421-d0da-11f0-9ba0-fc3fdb83b633,
357f61d9-d0da-11f0-9ba0-fc3fdb83b633,2134D,true,Hoja,,,,,,,,1,false,32056421-d0da-11f0-9ba0-fc3fdb83b633,
357fa63c-d0da-11f0-9ba0-fc3fdb83b633,2135A,true,Rama,,,,,,,,1,false,320566e3-d0da-11f0-9ba0-fc3fdb83b633,
357fea6d-d0da-11f0-9ba0-fc3fdb83b633,2135B,true,Pecíolo,,,,,,,,1,false,320566e3-d0da-11f0-9ba0-fc3fdb83b633,
35802e4c-d0da-11f0-9ba0-fc3fdb83b633,2136A,true,Hoja,,,,,,,,1,false,320569b6-d0da-11f0-9ba0-fc3fdb83b633,
358071c1-d0da-11f0-9ba0-fc3fdb83b633,2137A,true,Pecíolo,,,,,,,,1,false,32056c69-d0da-11f0-9ba0-fc3fdb83b633,
3580e2d3-d0da-11f0-9ba0-fc3fdb83b633,2138A,true,Rama,,,,,,,,1,false,32056f21-d0da-11f0-9ba0-fc3fdb83b633,
35814ebc-d0da-11f0-9ba0-fc3fdb83b633,2138B,true,Hoja,,,,,,,,1,false,32056f21-d0da-11f0-9ba0-fc3fdb83b633,
35819b85-d0da-11f0-9ba0-fc3fdb83b633,2138C,true,Rama,,,,,,,,1,false,32056f21-d0da-11f0-9ba0-fc3fdb83b633,
3581e20c-d0da-11f0-9ba0-fc3fdb83b633,2138D,true,Hoja,,,,,,,,1,false,32056f21-d0da-11f0-9ba0-fc3fdb83b633,
35822785-d0da-11f0-9ba0-fc3fdb83b633,2138E,true,Hoja,,,,,,,,1,false,32056f21-d0da-11f0-9ba0-fc3fdb83b633,
35826e85-d0da-11f0-9ba0-fc3fdb83b633,2138F,true,Rama,,,,,,,,1,false,32056f21-d0da-11f0-9ba0-fc3fdb83b633,
3582b2dd-d0da-11f0-9ba0-fc3fdb83b633,2138G,true,Hoja,,,,,,,,1,false,32056f21-d0da-11f0-9ba0-fc3fdb83b633,
3582f7a5-d0da-11f0-9ba0-fc3fdb83b633,2139A,true,Hoja,,,,,,,,1,false,320571a4-d0da-11f0-9ba0-fc3fdb83b633,
35834576-d0da-11f0-9ba0-fc3fdb83b633,2139B,true,Hoja,,,,,,,,1,false,320571a4-d0da-11f0-9ba0-fc3fdb83b633,
358388de-d0da-11f0-9ba0-fc3fdb83b633,2139C,true,Hoja,,,,,,,,1,false,320571a4-d0da-11f0-9ba0-fc3fdb83b633,
3583cba7-d0da-11f0-9ba0-fc3fdb83b633,2139D,true,Pecíolo,,,,,,,,1,false,320571a4-d0da-11f0-9ba0-fc3fdb83b633,
35840e95-d0da-11f0-9ba0-fc3fdb83b633,2139E,true,Hoja,,,,,,,,1,false,320571a4-d0da-11f0-9ba0-fc3fdb83b633,
358433d3-d0da-11f0-9ba0-fc3fdb83b633,213A,true,Hoja,,,,,,,,1,false,31fd5364-d0da-11f0-9ba0-fc3fdb83b633,3027edbd-d0da-11f0-9ba0-fc3fdb83b633
35847881-d0da-11f0-9ba0-fc3fdb83b633,213B,true,Hoja,,,,,,,,1,false,31fd5364-d0da-11f0-9ba0-fc3fdb83b633,3027edbd-d0da-11f0-9ba0-fc3fdb83b633
3584bc16-d0da-11f0-9ba0-fc3fdb83b633,213C,true,Hoja,,,,,,,,1,false,31fd5364-d0da-11f0-9ba0-fc3fdb83b633,3027edbd-d0da-11f0-9ba0-fc3fdb83b633
3584ff9d-d0da-11f0-9ba0-fc3fdb83b633,213D,true,Hoja,,,,,,,,1,false,31fd5364-d0da-11f0-9ba0-fc3fdb83b633,3027edbd-d0da-11f0-9ba0-fc3fdb83b633
3585435d-d0da-11f0-9ba0-fc3fdb83b633,213E,true,Hoja,,,,,,,,1,false,31fd5364-d0da-11f0-9ba0-fc3fdb83b633,3027edbd-d0da-11f0-9ba0-fc3fdb83b633
3585872f-d0da-11f0-9ba0-fc3fdb83b633,213F,true,Hoja,,,,,,,,1,false,31fd5364-d0da-11f0-9ba0-fc3fdb83b633,3027edbd-d0da-11f0-9ba0-fc3fdb83b633
3585d712-d0da-11f0-9ba0-fc3fdb83b633,213G,true,Hoja,,,,,,,,1,false,31fd5364-d0da-11f0-9ba0-fc3fdb83b633,3027edbd-d0da-11f0-9ba0-fc3fdb83b633
3586218c-d0da-11f0-9ba0-fc3fdb83b633,213H,true,Hoja,,,,,,,,1,false,31fd5364-d0da-11f0-9ba0-fc3fdb83b633,3027edbd-d0da-11f0-9ba0-fc3fdb83b633
358669c5-d0da-11f0-9ba0-fc3fdb83b633,213I,true,Hoja,,,,,,,,1,false,31fd5364-d0da-11f0-9ba0-fc3fdb83b633,3027edbd-d0da-11f0-9ba0-fc3fdb83b633
3586a9d8-d0da-11f0-9ba0-fc3fdb83b633,213J,true,Hoja,,,,,,,,1,false,31fd5364-d0da-11f0-9ba0-fc3fdb83b633,3027edbd-d0da-11f0-9ba0-fc3fdb83b633
3586d07f-d0da-11f0-9ba0-fc3fdb83b633,213K,true,Hoja,,,,,,,,1,false,31fd5364-d0da-11f0-9ba0-fc3fdb83b633,3027edbd-d0da-11f0-9ba0-fc3fdb83b633
3586f876-d0da-11f0-9ba0-fc3fdb83b633,213L,true,Hoja,,,,,,,,1,false,31fd5364-d0da-11f0-9ba0-fc3fdb83b633,3027edbd-d0da-11f0-9ba0-fc3fdb83b633
35871d69-d0da-11f0-9ba0-fc3fdb83b633,213M,true,Hoja,,,,,,,,1,false,31fd5364-d0da-11f0-9ba0-fc3fdb83b633,3027edbd-d0da-11f0-9ba0-fc3fdb83b633
3587429d-d0da-11f0-9ba0-fc3fdb83b633,213N,true,Hoja,,,,,,,,1,false,31fd5364-d0da-11f0-9ba0-fc3fdb83b633,3027edbd-d0da-11f0-9ba0-fc3fdb83b633
35876d60-d0da-11f0-9ba0-fc3fdb83b633,213O,true,Tronco,,,,,,,,1,false,31fd5364-d0da-11f0-9ba0-fc3fdb83b633,3027edbd-d0da-11f0-9ba0-fc3fdb83b633
3587a3c6-d0da-11f0-9ba0-fc3fdb83b633,2140A,true,Pecíolo,,,,,,,,1,false,3205741c-d0da-11f0-9ba0-fc3fdb83b633,
3587c8ab-d0da-11f0-9ba0-fc3fdb83b633,2140B,true,Rama,,,,,,,,1,false,3205741c-d0da-11f0-9ba0-fc3fdb83b633,
3587ed15-d0da-11f0-9ba0-fc3fdb83b633,2140C,true,Pecíolo,,,,,,,,1,false,3205741c-d0da-11f0-9ba0-fc3fdb83b633,
35881181-d0da-11f0-9ba0-fc3fdb83b633,2140D,true,Pecíolo,,,,,,,,1,false,3205741c-d0da-11f0-9ba0-fc3fdb83b633,
358861ff-d0da-11f0-9ba0-fc3fdb83b633,2140E,true,Hoja,,,,,,,,1,false,3205741c-d0da-11f0-9ba0-fc3fdb83b633,
3588a759-d0da-11f0-9ba0-fc3fdb83b633,2140F,true,Hoja,,,,,,,,1,false,3205741c-d0da-11f0-9ba0-fc3fdb83b633,
3588ee68-d0da-11f0-9ba0-fc3fdb83b633,2141A,true,Rama,,,,,,,,1,false,320576bb-d0da-11f0-9ba0-fc3fdb83b633,
35893eb1-d0da-11f0-9ba0-fc3fdb83b633,2141B,true,Rama,,,,,,,,1,false,320576bb-d0da-11f0-9ba0-fc3fdb83b633,
35898320-d0da-11f0-9ba0-fc3fdb83b633,2141C,true,Rama,,,,,,,,1,false,320576bb-d0da-11f0-9ba0-fc3fdb83b633,
3589c676-d0da-11f0-9ba0-fc3fdb83b633,2141D,true,Hoja,,,,,,,,1,false,320576bb-d0da-11f0-9ba0-fc3fdb83b633,
358a0a57-d0da-11f0-9ba0-fc3fdb83b633,2141E,true,Hoja,,,,,,,,1,false,320576bb-d0da-11f0-9ba0-fc3fdb83b633,
358a4e2f-d0da-11f0-9ba0-fc3fdb83b633,2141F,true,Hoja,,,,,,,,1,false,320576bb-d0da-11f0-9ba0-fc3fdb83b633,
358a956d-d0da-11f0-9ba0-fc3fdb83b633,2141G,true,Hoja,,,,,,,,1,false,320576bb-d0da-11f0-9ba0-fc3fdb83b633,
358ae64e-d0da-11f0-9ba0-fc3fdb83b633,2141H,true,Hoja,,,,,,,,1,false,320576bb-d0da-11f0-9ba0-fc3fdb83b633,
358b2a9b-d0da-11f0-9ba0-fc3fdb83b633,2141I,true,Hoja,,,,,,,,1,false,320576bb-d0da-11f0-9ba0-fc3fdb83b633,
358b6f9f-d0da-11f0-9ba0-fc3fdb83b633,2141J,true,Hoja,,,,,,,,1,false,320576bb-d0da-11f0-9ba0-fc3fdb83b633,
358bb2a8-d0da-11f0-9ba0-fc3fdb83b633,2142A,true,Hoja,,,,,,,,1,false,32057978-d0da-11f0-9ba0-fc3fdb83b633,
358bf837-d0da-11f0-9ba0-fc3fdb83b633,2142B,true,Raíz,,,,,,,,1,false,32057978-d0da-11f0-9ba0-fc3fdb83b633,
358c3bcd-d0da-11f0-9ba0-fc3fdb83b633,2142C,true,Raíz,,,,,,,,1,false,32057978-d0da-11f0-9ba0-fc3fdb83b633,
358c7efc-d0da-11f0-9ba0-fc3fdb83b633,2143A,true,Hoja,,,,,,,,1,false,32057c3c-d0da-11f0-9ba0-fc3fdb83b633,
358cc206-d0da-11f0-9ba0-fc3fdb83b633,2143B,true,Hoja,,,,,,,,1,false,32057c3c-d0da-11f0-9ba0-fc3fdb83b633,
358d0531-d0da-11f0-9ba0-fc3fdb83b633,2143C,true,Hoja,,,,,,,,1,false,32057c3c-d0da-11f0-9ba0-fc3fdb83b633,
358d4eb5-d0da-11f0-9ba0-fc3fdb83b633,2144A,true,Raíz,,,,,,,,1,false,32057fe1-d0da-11f0-9ba0-fc3fdb83b633,
358d93b3-d0da-11f0-9ba0-fc3fdb83b633,2144B,true,Raíz,,,,,,,,1,false,32057fe1-d0da-11f0-9ba0-fc3fdb83b633,
358dd818-d0da-11f0-9ba0-fc3fdb83b633,2144C,true,Raíz,,,,,,,,1,false,32057fe1-d0da-11f0-9ba0-fc3fdb83b633,
358e1df3-d0da-11f0-9ba0-fc3fdb83b633,2145A,true,Rama,,,,,,,,1,false,320582e0-d0da-11f0-9ba0-fc3fdb83b633,
358e60c3-d0da-11f0-9ba0-fc3fdb83b633,2145B,true,Hoja,,,,,,,,1,false,320582e0-d0da-11f0-9ba0-fc3fdb83b633,
358ea370-d0da-11f0-9ba0-fc3fdb83b633,2145C,true,Rama,,,,,,,,1,false,320582e0-d0da-11f0-9ba0-fc3fdb83b633,
358ee752-d0da-11f0-9ba0-fc3fdb83b633,2145D,true,Pecíolo,,,,,,,,1,false,320582e0-d0da-11f0-9ba0-fc3fdb83b633,
358f2af7-d0da-11f0-9ba0-fc3fdb83b633,2146A,true,Rama,,,,,,,,1,false,320585df-d0da-11f0-9ba0-fc3fdb83b633,
358f6e72-d0da-11f0-9ba0-fc3fdb83b633,2146B,true,Rama,,,,,,,,1,false,320585df-d0da-11f0-9ba0-fc3fdb83b633,
358fb1d8-d0da-11f0-9ba0-fc3fdb83b633,2146C,true,Rama,,,,,,,,1,false,320585df-d0da-11f0-9ba0-fc3fdb83b633,
358ff52c-d0da-11f0-9ba0-fc3fdb83b633,2146D,true,Pecíolo,,,,,,,,1,false,320585df-d0da-11f0-9ba0-fc3fdb83b633,
35903810-d0da-11f0-9ba0-fc3fdb83b633,2146E,true,Hoja,,,,,,,,1,false,320585df-d0da-11f0-9ba0-fc3fdb83b633,
3590d88a-d0da-11f0-9ba0-fc3fdb83b633,2146F,true,Rama,,,,,,,,1,false,320585df-d0da-11f0-9ba0-fc3fdb83b633,
35913e86-d0da-11f0-9ba0-fc3fdb83b633,2147A,true,Fruto,,,,,,,,1,false,320588ad-d0da-11f0-9ba0-fc3fdb83b633,
3591943c-d0da-11f0-9ba0-fc3fdb83b633,2147B,true,Pecíolo,,,,,,,,1,false,320588ad-d0da-11f0-9ba0-fc3fdb83b633,
3591bd0a-d0da-11f0-9ba0-fc3fdb83b633,2147C,true,Rama,,,,,,,,1,false,320588ad-d0da-11f0-9ba0-fc3fdb83b633,
3591e654-d0da-11f0-9ba0-fc3fdb83b633,2147D,true,Pecíolo,,,,,,,,1,false,320588ad-d0da-11f0-9ba0-fc3fdb83b633,
359211e5-d0da-11f0-9ba0-fc3fdb83b633,2147E,true,Fruto,,,,,,,,1,false,320588ad-d0da-11f0-9ba0-fc3fdb83b633,
35923666-d0da-11f0-9ba0-fc3fdb83b633,2147F,true,Pecíolo,,,,,,,,1,false,320588ad-d0da-11f0-9ba0-fc3fdb83b633,
35926b65-d0da-11f0-9ba0-fc3fdb83b633,2147G,true,Hoja,,,,,,,,1,false,320588ad-d0da-11f0-9ba0-fc3fdb83b633,
35929429-d0da-11f0-9ba0-fc3fdb83b633,2147H,true,Hoja,,,,,,,,1,false,320588ad-d0da-11f0-9ba0-fc3fdb83b633,
3592bc3e-d0da-11f0-9ba0-fc3fdb83b633,2147I,true,Hoja,,,,,,,,1,false,320588ad-d0da-11f0-9ba0-fc3fdb83b633,
3592e337-d0da-11f0-9ba0-fc3fdb83b633,2149A,true,Hoja,,,,,,,,1,false,32051f04-d0da-11f0-9ba0-fc3fdb83b633,
35930df6-d0da-11f0-9ba0-fc3fdb83b633,2149B,true,Hoja,,,,,,,,1,false,32051f04-d0da-11f0-9ba0-fc3fdb83b633,
3593248d-d0da-11f0-9ba0-fc3fdb83b633,214A,true,Hoja,,,,,,,,1,false,31fd55ee-d0da-11f0-9ba0-fc3fdb83b633,3027edbd-d0da-11f0-9ba0-fc3fdb83b633
35934d07-d0da-11f0-9ba0-fc3fdb83b633,214B,true,Hoja,,,,,,,,1,false,31fd55ee-d0da-11f0-9ba0-fc3fdb83b633,3027edbd-d0da-11f0-9ba0-fc3fdb83b633
35938f97-d0da-11f0-9ba0-fc3fdb83b633,214C,true,Hoja,,,,,,,,1,false,31fd55ee-d0da-11f0-9ba0-fc3fdb83b633,3027edbd-d0da-11f0-9ba0-fc3fdb83b633
3593b98e-d0da-11f0-9ba0-fc3fdb83b633,214D,true,Hoja,,,,,,,,1,false,31fd55ee-d0da-11f0-9ba0-fc3fdb83b633,3027edbd-d0da-11f0-9ba0-fc3fdb83b633
3593e19f-d0da-11f0-9ba0-fc3fdb83b633,214E,true,Hoja,,,,,,,,1,false,31fd55ee-d0da-11f0-9ba0-fc3fdb83b633,3027edbd-d0da-11f0-9ba0-fc3fdb83b633
35940647-d0da-11f0-9ba0-fc3fdb83b633,214F,true,Hoja,,,,,,,,1,false,31fd55ee-d0da-11f0-9ba0-fc3fdb83b633,3027edbd-d0da-11f0-9ba0-fc3fdb83b633
35942ae7-d0da-11f0-9ba0-fc3fdb83b633,214G,true,Hoja,,,,,,,,1,false,31fd55ee-d0da-11f0-9ba0-fc3fdb83b633,3027edbd-d0da-11f0-9ba0-fc3fdb83b633
359451af-d0da-11f0-9ba0-fc3fdb83b633,214H,true,Hoja,,,,,,,,1,false,31fd55ee-d0da-11f0-9ba0-fc3fdb83b633,3027edbd-d0da-11f0-9ba0-fc3fdb83b633
35947619-d0da-11f0-9ba0-fc3fdb83b633,214I,true,Hoja,,,,,,,,1,false,31fd55ee-d0da-11f0-9ba0-fc3fdb83b633,3027edbd-d0da-11f0-9ba0-fc3fdb83b633
35949a8a-d0da-11f0-9ba0-fc3fdb83b633,214J,true,Hoja,,,,,,,,1,false,31fd55ee-d0da-11f0-9ba0-fc3fdb83b633,3027edbd-d0da-11f0-9ba0-fc3fdb83b633
3594c246-d0da-11f0-9ba0-fc3fdb83b633,214K,true,Hoja,,,,,,,,1,false,31fd55ee-d0da-11f0-9ba0-fc3fdb83b633,3027edbd-d0da-11f0-9ba0-fc3fdb83b633
3594f783-d0da-11f0-9ba0-fc3fdb83b633,214L,true,Hoja,,,,,,,,1,false,31fd55ee-d0da-11f0-9ba0-fc3fdb83b633,3027edbd-d0da-11f0-9ba0-fc3fdb83b633
3595256e-d0da-11f0-9ba0-fc3fdb83b633,214M,true,Hoja,,,,,,,,1,false,31fd55ee-d0da-11f0-9ba0-fc3fdb83b633,3027edbd-d0da-11f0-9ba0-fc3fdb83b633
35956108-d0da-11f0-9ba0-fc3fdb83b633,2150A,true,Rama,,,,,,,,1,false,3205217f-d0da-11f0-9ba0-fc3fdb83b633,
3595853c-d0da-11f0-9ba0-fc3fdb83b633,2150B,true,Hoja,,,,,,,,1,false,3205217f-d0da-11f0-9ba0-fc3fdb83b633,
3595aa48-d0da-11f0-9ba0-fc3fdb83b633,2150C,true,Hoja,,,,,,,,1,false,3205217f-d0da-11f0-9ba0-fc3fdb83b633,
3595cfe3-d0da-11f0-9ba0-fc3fdb83b633,2150D,true,Hoja,,,,,,,,1,false,3205217f-d0da-11f0-9ba0-fc3fdb83b633,
3595f412-d0da-11f0-9ba0-fc3fdb83b633,2150E,true,Hoja,,,,,,,,1,false,3205217f-d0da-11f0-9ba0-fc3fdb83b633,
35961833-d0da-11f0-9ba0-fc3fdb83b633,2150F,true,Hoja,,,,,,,,1,false,3205217f-d0da-11f0-9ba0-fc3fdb83b633,
35963c5f-d0da-11f0-9ba0-fc3fdb83b633,2151A,true,Hoja,,,,,,,,1,false,320523ff-d0da-11f0-9ba0-fc3fdb83b633,
3596605f-d0da-11f0-9ba0-fc3fdb83b633,2151B,true,Hoja,,,,,,,,1,false,320523ff-d0da-11f0-9ba0-fc3fdb83b633,
3596a88e-d0da-11f0-9ba0-fc3fdb83b633,2151C,true,Rama,,,,,,,,1,false,320523ff-d0da-11f0-9ba0-fc3fdb83b633,
3596ef02-d0da-11f0-9ba0-fc3fdb83b633,2152A,true,Pecíolo,,,,,,,,1,false,320526a5-d0da-11f0-9ba0-fc3fdb83b633,
35973276-d0da-11f0-9ba0-fc3fdb83b633,2152B,true,Pecíolo,,,,,,,,1,false,320526a5-d0da-11f0-9ba0-fc3fdb83b633,
35977dc8-d0da-11f0-9ba0-fc3fdb83b633,2154A,true,Hoja,,,,,,,,1,false,32052953-d0da-11f0-9ba0-fc3fdb83b633,
3597c39a-d0da-11f0-9ba0-fc3fdb83b633,2154B,true,Rama,,,,,,,,1,false,32052953-d0da-11f0-9ba0-fc3fdb83b633,
3598094e-d0da-11f0-9ba0-fc3fdb83b633,2155A,true,Rama,,,,,,,,1,false,32052c0d-d0da-11f0-9ba0-fc3fdb83b633,
35984ea1-d0da-11f0-9ba0-fc3fdb83b633,2156A,true,Hoja,,,,,,,,1,false,32052fcf-d0da-11f0-9ba0-fc3fdb83b633,
359893e3-d0da-11f0-9ba0-fc3fdb83b633,2156B,true,Pecíolo,,,,,,,,1,false,32052fcf-d0da-11f0-9ba0-fc3fdb83b633,
3598d875-d0da-11f0-9ba0-fc3fdb83b633,2156C,true,Hoja,,,,,,,,1,false,32052fcf-d0da-11f0-9ba0-fc3fdb83b633,
35991d67-d0da-11f0-9ba0-fc3fdb83b633,2157A,true,Rama,,,,,,,,1,false,320532c2-d0da-11f0-9ba0-fc3fdb83b633,
35996231-d0da-11f0-9ba0-fc3fdb83b633,2157B,true,Hoja,,,,,,,,1,false,320532c2-d0da-11f0-9ba0-fc3fdb83b633,
35998a17-d0da-11f0-9ba0-fc3fdb83b633,215A,true,Hoja,,,,,,,,1,false,31fd5887-d0da-11f0-9ba0-fc3fdb83b633,3027edbd-d0da-11f0-9ba0-fc3fdb83b633
3599ceb3-d0da-11f0-9ba0-fc3fdb83b633,215B,true,Hoja,,,,,,,,1,false,31fd5887-d0da-11f0-9ba0-fc3fdb83b633,3027edbd-d0da-11f0-9ba0-fc3fdb83b633
359a1684-d0da-11f0-9ba0-fc3fdb83b633,215C,true,Hoja,,,,,,,,1,false,31fd5887-d0da-11f0-9ba0-fc3fdb83b633,3027edbd-d0da-11f0-9ba0-fc3fdb83b633
359a5b2b-d0da-11f0-9ba0-fc3fdb83b633,215D,true,Hoja,,,,,,,,1,false,31fd5887-d0da-11f0-9ba0-fc3fdb83b633,3027edbd-d0da-11f0-9ba0-fc3fdb83b633
359a9f7d-d0da-11f0-9ba0-fc3fdb83b633,215E,true,Hoja,,,,,,,,1,false,31fd5887-d0da-11f0-9ba0-fc3fdb83b633,3027edbd-d0da-11f0-9ba0-fc3fdb83b633
359ae357-d0da-11f0-9ba0-fc3fdb83b633,215F,true,Hoja,,,,,,,,1,false,31fd5887-d0da-11f0-9ba0-fc3fdb83b633,3027edbd-d0da-11f0-9ba0-fc3fdb83b633
359b2938-d0da-11f0-9ba0-fc3fdb83b633,215G,true,Hoja,,,,,,,,1,false,31fd5887-d0da-11f0-9ba0-fc3fdb83b633,3027edbd-d0da-11f0-9ba0-fc3fdb83b633
359b6dca-d0da-11f0-9ba0-fc3fdb83b633,215H,true,Hoja,,,,,,,,1,false,31fd5887-d0da-11f0-9ba0-fc3fdb83b633,3027edbd-d0da-11f0-9ba0-fc3fdb83b633
359bb27e-d0da-11f0-9ba0-fc3fdb83b633,215I,true,Hoja,,,,,,,,1,false,31fd5887-d0da-11f0-9ba0-fc3fdb83b633,3027edbd-d0da-11f0-9ba0-fc3fdb83b633
359bf6c6-d0da-11f0-9ba0-fc3fdb83b633,215J,true,Hoja,,,,,,,,1,false,31fd5887-d0da-11f0-9ba0-fc3fdb83b633,3027edbd-d0da-11f0-9ba0-fc3fdb83b633
359c3b3e-d0da-11f0-9ba0-fc3fdb83b633,215K,true,Hoja,,,,,,,,1,false,31fd5887-d0da-11f0-9ba0-fc3fdb83b633,3027edbd-d0da-11f0-9ba0-fc3fdb83b633
359c7fb4-d0da-11f0-9ba0-fc3fdb83b633,215L,true,Hoja,,,,,,,,1,false,31fd5887-d0da-11f0-9ba0-fc3fdb83b633,3027edbd-d0da-11f0-9ba0-fc3fdb83b633
359ccf63-d0da-11f0-9ba0-fc3fdb83b633,215M,true,Hoja,,,,,,,,1,false,31fd5887-d0da-11f0-9ba0-fc3fdb83b633,3027edbd-d0da-11f0-9ba0-fc3fdb83b633
359d34a6-d0da-11f0-9ba0-fc3fdb83b633,2161A,true,Pecíolo,,,,,,,,1,false,320535ab-d0da-11f0-9ba0-fc3fdb83b633,
359d7830-d0da-11f0-9ba0-fc3fdb83b633,2161B,true,Pecíolo,,,,,,,,1,false,320535ab-d0da-11f0-9ba0-fc3fdb83b633,
359dbc60-d0da-11f0-9ba0-fc3fdb83b633,2161C,true,Hoja,,,,,,,,1,false,320535ab-d0da-11f0-9ba0-fc3fdb83b633,
359e009d-d0da-11f0-9ba0-fc3fdb83b633,2162A,true,Pecíolo,,,,,,,,1,false,32053831-d0da-11f0-9ba0-fc3fdb83b633,
359e47d5-d0da-11f0-9ba0-fc3fdb83b633,2162B,true,Hoja,,,,,,,,1,false,32053831-d0da-11f0-9ba0-fc3fdb83b633,
359e8ecf-d0da-11f0-9ba0-fc3fdb83b633,2162C,true,Raíz,,,,,,,,1,false,32053831-d0da-11f0-9ba0-fc3fdb83b633,
359ed32b-d0da-11f0-9ba0-fc3fdb83b633,2162D,true,Pecíolo,,,,,,,,1,false,32053831-d0da-11f0-9ba0-fc3fdb83b633,
359f2563-d0da-11f0-9ba0-fc3fdb83b633,2163A,true,Hoja,,,,,,,,1,false,32053ace-d0da-11f0-9ba0-fc3fdb83b633,
359f6aa1-d0da-11f0-9ba0-fc3fdb83b633,2163B,true,Hoja,,,,,,,,1,false,32053ace-d0da-11f0-9ba0-fc3fdb83b633,
359fafa0-d0da-11f0-9ba0-fc3fdb83b633,2164A,true,Raíz,,,,,,,,1,false,32053d70-d0da-11f0-9ba0-fc3fdb83b633,
35a001a1-d0da-11f0-9ba0-fc3fdb83b633,2164B,true,Raíz,,,,,,,,1,false,32053d70-d0da-11f0-9ba0-fc3fdb83b633,
35a028d8-d0da-11f0-9ba0-fc3fdb83b633,2164C,true,Rama,,,,,,,,1,false,32053d70-d0da-11f0-9ba0-fc3fdb83b633,
35a04df1-d0da-11f0-9ba0-fc3fdb83b633,2164D,true,Raíz,,,,,,,,1,false,32053d70-d0da-11f0-9ba0-fc3fdb83b633,
35a0726d-d0da-11f0-9ba0-fc3fdb83b633,2164E,true,Raíz,,,,,,,,1,false,32053d70-d0da-11f0-9ba0-fc3fdb83b633,
35a0970a-d0da-11f0-9ba0-fc3fdb83b633,2165A,true,Rama,,,,,,,,1,false,32054026-d0da-11f0-9ba0-fc3fdb83b633,
35a0bb55-d0da-11f0-9ba0-fc3fdb83b633,2166A,true,Hoja,,,,,,,,1,false,320542e2-d0da-11f0-9ba0-fc3fdb83b633,
35a0e105-d0da-11f0-9ba0-fc3fdb83b633,2166B,true,Hoja,,,,,,,,1,false,320542e2-d0da-11f0-9ba0-fc3fdb83b633,
35a10a02-d0da-11f0-9ba0-fc3fdb83b633,2166C,true,Hoja,,,,,,,,1,false,320542e2-d0da-11f0-9ba0-fc3fdb83b633,
35a12ee7-d0da-11f0-9ba0-fc3fdb83b633,2166D,true,Hoja,,,,,,,,1,false,320542e2-d0da-11f0-9ba0-fc3fdb83b633,
35a16abc-d0da-11f0-9ba0-fc3fdb83b633,2167A,true,Hoja,,,,,,,,1,false,3205463b-d0da-11f0-9ba0-fc3fdb83b633,
35a1a85e-d0da-11f0-9ba0-fc3fdb83b633,2168A,true,Hoja,,,,,,,,1,false,320548fe-d0da-11f0-9ba0-fc3fdb83b633,
35a1bcb1-d0da-11f0-9ba0-fc3fdb83b633,216A,true,Hoja,,,,,,,,1,false,31fd5b97-d0da-11f0-9ba0-fc3fdb83b633,3027edbd-d0da-11f0-9ba0-fc3fdb83b633
35a1e20b-d0da-11f0-9ba0-fc3fdb83b633,216B,true,Hoja,,,,,,,,1,false,31fd5b97-d0da-11f0-9ba0-fc3fdb83b633,3027edbd-d0da-11f0-9ba0-fc3fdb83b633
35a206db-d0da-11f0-9ba0-fc3fdb83b633,216C,true,Hoja,,,,,,,,1,false,31fd5b97-d0da-11f0-9ba0-fc3fdb83b633,3027edbd-d0da-11f0-9ba0-fc3fdb83b633
35a22bb0-d0da-11f0-9ba0-fc3fdb83b633,216D,true,Hoja,,,,,,,,1,false,31fd5b97-d0da-11f0-9ba0-fc3fdb83b633,3027edbd-d0da-11f0-9ba0-fc3fdb83b633
35a25267-d0da-11f0-9ba0-fc3fdb83b633,216E,true,Hoja,,,,,,,,1,false,31fd5b97-d0da-11f0-9ba0-fc3fdb83b633,3027edbd-d0da-11f0-9ba0-fc3fdb83b633
35a2776c-d0da-11f0-9ba0-fc3fdb83b633,216F,true,Hoja,,,,,,,,1,false,31fd5b97-d0da-11f0-9ba0-fc3fdb83b633,3027edbd-d0da-11f0-9ba0-fc3fdb83b633
35a29c42-d0da-11f0-9ba0-fc3fdb83b633,216G,true,Hoja,,,,,,,,1,false,31fd5b97-d0da-11f0-9ba0-fc3fdb83b633,3027edbd-d0da-11f0-9ba0-fc3fdb83b633
35a2c151-d0da-11f0-9ba0-fc3fdb83b633,216H,true,Hoja,,,,,,,,1,false,31fd5b97-d0da-11f0-9ba0-fc3fdb83b633,3027edbd-d0da-11f0-9ba0-fc3fdb83b633
35a2ed55-d0da-11f0-9ba0-fc3fdb83b633,216I,true,Hoja,,,,,,,,1,false,31fd5b97-d0da-11f0-9ba0-fc3fdb83b633,3027edbd-d0da-11f0-9ba0-fc3fdb83b633
35a312da-d0da-11f0-9ba0-fc3fdb83b633,216J,true,Hoja,,,,,,,,1,false,31fd5b97-d0da-11f0-9ba0-fc3fdb83b633,3027edbd-d0da-11f0-9ba0-fc3fdb83b633
35a337d3-d0da-11f0-9ba0-fc3fdb83b633,216K,true,Hoja,,,,,,,,1,false,31fd5b97-d0da-11f0-9ba0-fc3fdb83b633,3027edbd-d0da-11f0-9ba0-fc3fdb83b633
35a35cf5-d0da-11f0-9ba0-fc3fdb83b633,216L,true,Hoja,,,,,,,,1,false,31fd5b97-d0da-11f0-9ba0-fc3fdb83b633,3027edbd-d0da-11f0-9ba0-fc3fdb83b633
35a38387-d0da-11f0-9ba0-fc3fdb83b633,216M,true,Hoja,,,,,,,,1,false,31fd5b97-d0da-11f0-9ba0-fc3fdb83b633,3027edbd-d0da-11f0-9ba0-fc3fdb83b633
35a3c240-d0da-11f0-9ba0-fc3fdb83b633,216N,true,Hoja,,,,,,,,1,false,31fd5b97-d0da-11f0-9ba0-fc3fdb83b633,3027edbd-d0da-11f0-9ba0-fc3fdb83b633
35a40953-d0da-11f0-9ba0-fc3fdb83b633,216O,true,Hoja,,,,,,,,1,false,31fd5b97-d0da-11f0-9ba0-fc3fdb83b633,3027edbd-d0da-11f0-9ba0-fc3fdb83b633
35a43f96-d0da-11f0-9ba0-fc3fdb83b633,216P,true,Hoja,,,,,,,,1,false,31fd5b97-d0da-11f0-9ba0-fc3fdb83b633,3027edbd-d0da-11f0-9ba0-fc3fdb83b633
35a46ddc-d0da-11f0-9ba0-fc3fdb83b633,216Q,true,Hoja,,,,,,,,1,false,31fd5b97-d0da-11f0-9ba0-fc3fdb83b633,3027edbd-d0da-11f0-9ba0-fc3fdb83b633
35a49612-d0da-11f0-9ba0-fc3fdb83b633,216R,true,Hoja,,,,,,,,1,false,31fd5b97-d0da-11f0-9ba0-fc3fdb83b633,3027edbd-d0da-11f0-9ba0-fc3fdb83b633
35a4bacc-d0da-11f0-9ba0-fc3fdb83b633,216S,true,Hoja,,,,,,,,1,false,31fd5b97-d0da-11f0-9ba0-fc3fdb83b633,3027edbd-d0da-11f0-9ba0-fc3fdb83b633
35a4f29a-d0da-11f0-9ba0-fc3fdb83b633,2171A,true,Hoja,,,,,,,,1,false,32054bd0-d0da-11f0-9ba0-fc3fdb83b633,
35a516c6-d0da-11f0-9ba0-fc3fdb83b633,2172A,true,Pecíolo,,,,,,,,1,false,32054ea6-d0da-11f0-9ba0-fc3fdb83b633,
35a53ac1-d0da-11f0-9ba0-fc3fdb83b633,2172B,true,Pecíolo,,,,,,,,1,false,32054ea6-d0da-11f0-9ba0-fc3fdb83b633,
35a55ec6-d0da-11f0-9ba0-fc3fdb83b633,2172C,true,Pecíolo,,,,,,,,1,false,32054ea6-d0da-11f0-9ba0-fc3fdb83b633,
35a582bb-d0da-11f0-9ba0-fc3fdb83b633,2172D,true,Hoja,,,,,,,,1,false,32054ea6-d0da-11f0-9ba0-fc3fdb83b633,
35a5a6b7-d0da-11f0-9ba0-fc3fdb83b633,2172E,true,Hoja,,,,,,,,1,false,32054ea6-d0da-11f0-9ba0-fc3fdb83b633,
35a5bb93-d0da-11f0-9ba0-fc3fdb83b633,217A,true,Hoja,,,,,,,,1,false,31fd5e2a-d0da-11f0-9ba0-fc3fdb83b633,3027edbd-d0da-11f0-9ba0-fc3fdb83b633
35a5e71a-d0da-11f0-9ba0-fc3fdb83b633,217B,true,Hoja,,,,,,,,1,false,31fd5e2a-d0da-11f0-9ba0-fc3fdb83b633,3027edbd-d0da-11f0-9ba0-fc3fdb83b633
35a61000-d0da-11f0-9ba0-fc3fdb83b633,217C,true,Hoja,,,,,,,,1,false,31fd5e2a-d0da-11f0-9ba0-fc3fdb83b633,3027edbd-d0da-11f0-9ba0-fc3fdb83b633
35a66d83-d0da-11f0-9ba0-fc3fdb83b633,217D,true,Hoja,,,,,,,,1,false,31fd5e2a-d0da-11f0-9ba0-fc3fdb83b633,3027edbd-d0da-11f0-9ba0-fc3fdb83b633
35a6cb6e-d0da-11f0-9ba0-fc3fdb83b633,217E,true,Hoja,,,,,,,,1,false,31fd5e2a-d0da-11f0-9ba0-fc3fdb83b633,3027edbd-d0da-11f0-9ba0-fc3fdb83b633
35a712e1-d0da-11f0-9ba0-fc3fdb83b633,217F,true,Hoja,,,,,,,,1,false,31fd5e2a-d0da-11f0-9ba0-fc3fdb83b633,3027edbd-d0da-11f0-9ba0-fc3fdb83b633
35a75aaa-d0da-11f0-9ba0-fc3fdb83b633,217G,true,Hoja,,,,,,,,1,false,31fd5e2a-d0da-11f0-9ba0-fc3fdb83b633,3027edbd-d0da-11f0-9ba0-fc3fdb83b633
35a7a695-d0da-11f0-9ba0-fc3fdb83b633,217H,true,Hoja,,,,,,,,1,false,31fd5e2a-d0da-11f0-9ba0-fc3fdb83b633,3027edbd-d0da-11f0-9ba0-fc3fdb83b633
35a7ee84-d0da-11f0-9ba0-fc3fdb83b633,217I,true,Hoja,,,,,,,,1,false,31fd5e2a-d0da-11f0-9ba0-fc3fdb83b633,3027edbd-d0da-11f0-9ba0-fc3fdb83b633
35a8368e-d0da-11f0-9ba0-fc3fdb83b633,217J,true,Hoja,,,,,,,,1,false,31fd5e2a-d0da-11f0-9ba0-fc3fdb83b633,3027edbd-d0da-11f0-9ba0-fc3fdb83b633
35a87bb4-d0da-11f0-9ba0-fc3fdb83b633,217K,true,Hoja,,,,,,,,1,false,31fd5e2a-d0da-11f0-9ba0-fc3fdb83b633,3027edbd-d0da-11f0-9ba0-fc3fdb83b633
35a8bff0-d0da-11f0-9ba0-fc3fdb83b633,217L,true,Hoja,,,,,,,,1,false,31fd5e2a-d0da-11f0-9ba0-fc3fdb83b633,3027edbd-d0da-11f0-9ba0-fc3fdb83b633
35a90a7c-d0da-11f0-9ba0-fc3fdb83b633,217M,true,Hoja,,,,,,,,1,false,31fd5e2a-d0da-11f0-9ba0-fc3fdb83b633,3027edbd-d0da-11f0-9ba0-fc3fdb83b633
35a957d4-d0da-11f0-9ba0-fc3fdb83b633,217N,true,Hoja,,,,,,,,1,false,31fd5e2a-d0da-11f0-9ba0-fc3fdb83b633,3027edbd-d0da-11f0-9ba0-fc3fdb83b633
35a9a161-d0da-11f0-9ba0-fc3fdb83b633,217O,true,Hoja,,,,,,,,1,false,31fd5e2a-d0da-11f0-9ba0-fc3fdb83b633,3027edbd-d0da-11f0-9ba0-fc3fdb83b633
35a9e8b3-d0da-11f0-9ba0-fc3fdb83b633,217P,true,Hoja,,,,,,,,1,false,31fd5e2a-d0da-11f0-9ba0-fc3fdb83b633,3027edbd-d0da-11f0-9ba0-fc3fdb83b633
35aa300b-d0da-11f0-9ba0-fc3fdb83b633,218A,true,Hoja,,,,,,,,1,false,31fd60c8-d0da-11f0-9ba0-fc3fdb83b633,3027edbd-d0da-11f0-9ba0-fc3fdb83b633
35aa776a-d0da-11f0-9ba0-fc3fdb83b633,218B,true,Hoja,,,,,,,,1,false,31fd60c8-d0da-11f0-9ba0-fc3fdb83b633,3027edbd-d0da-11f0-9ba0-fc3fdb83b633
35aabe78-d0da-11f0-9ba0-fc3fdb83b633,218C,true,Hoja,,,,,,,,1,false,31fd60c8-d0da-11f0-9ba0-fc3fdb83b633,3027edbd-d0da-11f0-9ba0-fc3fdb83b633
35ab04fe-d0da-11f0-9ba0-fc3fdb83b633,218D,true,Hoja,,,,,,,,1,false,31fd60c8-d0da-11f0-9ba0-fc3fdb83b633,3027edbd-d0da-11f0-9ba0-fc3fdb83b633
35ab4acc-d0da-11f0-9ba0-fc3fdb83b633,218E,true,Hoja,,,,,,,,1,false,31fd60c8-d0da-11f0-9ba0-fc3fdb83b633,3027edbd-d0da-11f0-9ba0-fc3fdb83b633
35ab90a4-d0da-11f0-9ba0-fc3fdb83b633,218F,true,Hoja,,,,,,,,1,false,31fd60c8-d0da-11f0-9ba0-fc3fdb83b633,3027edbd-d0da-11f0-9ba0-fc3fdb83b633
35abe73f-d0da-11f0-9ba0-fc3fdb83b633,218G,true,Hoja,,,,,,,,1,false,31fd60c8-d0da-11f0-9ba0-fc3fdb83b633,3027edbd-d0da-11f0-9ba0-fc3fdb83b633
35ac9a90-d0da-11f0-9ba0-fc3fdb83b633,218H,true,Hoja,,,,,,,,1,false,31fd60c8-d0da-11f0-9ba0-fc3fdb83b633,3027edbd-d0da-11f0-9ba0-fc3fdb83b633
35ad5753-d0da-11f0-9ba0-fc3fdb83b633,218I,true,Hoja,,,,,,,,1,false,31fd60c8-d0da-11f0-9ba0-fc3fdb83b633,3027edbd-d0da-11f0-9ba0-fc3fdb83b633
35adfa2a-d0da-11f0-9ba0-fc3fdb83b633,218J,true,Hoja,,,,,,,,1,false,31fd60c8-d0da-11f0-9ba0-fc3fdb83b633,3027edbd-d0da-11f0-9ba0-fc3fdb83b633
35aebce7-d0da-11f0-9ba0-fc3fdb83b633,218K,true,Hoja,,,,,,,,1,false,31fd60c8-d0da-11f0-9ba0-fc3fdb83b633,3027edbd-d0da-11f0-9ba0-fc3fdb83b633
35af7127-d0da-11f0-9ba0-fc3fdb83b633,2197A,true,Pecíolo,,,,,,,,1,false,32058cbe-d0da-11f0-9ba0-fc3fdb83b633,
35afdfe3-d0da-11f0-9ba0-fc3fdb83b633,2197B,true,Hoja,,,,,,,,1,false,32058cbe-d0da-11f0-9ba0-fc3fdb83b633,
35b02cd0-d0da-11f0-9ba0-fc3fdb83b633,2197C,true,Hoja,,,,,,,,1,false,32058cbe-d0da-11f0-9ba0-fc3fdb83b633,
35b07d8b-d0da-11f0-9ba0-fc3fdb83b633,2197D,true,Rama,,,,,,,,1,false,32058cbe-d0da-11f0-9ba0-fc3fdb83b633,
35b0c620-d0da-11f0-9ba0-fc3fdb83b633,2197E,true,Pecíolo,,,,,,,,1,false,32058cbe-d0da-11f0-9ba0-fc3fdb83b633,
35b10e3d-d0da-11f0-9ba0-fc3fdb83b633,2197F,true,Rama,,,,,,,,1,false,32058cbe-d0da-11f0-9ba0-fc3fdb83b633,
35b156f4-d0da-11f0-9ba0-fc3fdb83b633,2197G,true,Hoja,,,,,,,,1,false,32058cbe-d0da-11f0-9ba0-fc3fdb83b633,
35b19ceb-d0da-11f0-9ba0-fc3fdb83b633,2197H,true,Rama,,,,,,,,1,false,32058cbe-d0da-11f0-9ba0-fc3fdb83b633,
35b1e3f1-d0da-11f0-9ba0-fc3fdb83b633,2197I,true,Hoja,,,,,,,,1,false,32058cbe-d0da-11f0-9ba0-fc3fdb83b633,
35b22866-d0da-11f0-9ba0-fc3fdb83b633,2197J,true,Rama,,,,,,,,1,false,32058cbe-d0da-11f0-9ba0-fc3fdb83b633,
35b26fec-d0da-11f0-9ba0-fc3fdb83b633,2198A,true,Raíz,,,,,,,,1,false,32059007-d0da-11f0-9ba0-fc3fdb83b633,
35b2b3dc-d0da-11f0-9ba0-fc3fdb83b633,2198B,true,Hoja,,,,,,,,1,false,32059007-d0da-11f0-9ba0-fc3fdb83b633,
35b31e62-d0da-11f0-9ba0-fc3fdb83b633,2198C,true,Raíz,,,,,,,,1,false,32059007-d0da-11f0-9ba0-fc3fdb83b633,
35b39046-d0da-11f0-9ba0-fc3fdb83b633,2198D,true,Hoja,,,,,,,,1,false,32059007-d0da-11f0-9ba0-fc3fdb83b633,
35b3d5c3-d0da-11f0-9ba0-fc3fdb83b633,2199A,true,Fruto,,,,,,,,1,false,32059291-d0da-11f0-9ba0-fc3fdb83b633,
35b49ed2-d0da-11f0-9ba0-fc3fdb83b633,2199B,true,Rama,,,,,,,,1,false,32059291-d0da-11f0-9ba0-fc3fdb83b633,
35b4e322-d0da-11f0-9ba0-fc3fdb83b633,2199C,true,Pecíolo,,,,,,,,1,false,32059291-d0da-11f0-9ba0-fc3fdb83b633,
35b5334b-d0da-11f0-9ba0-fc3fdb83b633,2199D,true,Hoja,,,,,,,,1,false,32059291-d0da-11f0-9ba0-fc3fdb83b633,
35b6079f-d0da-11f0-9ba0-fc3fdb83b633,2199F,true,Hoja,,,,,,,,1,false,32059291-d0da-11f0-9ba0-fc3fdb83b633,
35b64cf5-d0da-11f0-9ba0-fc3fdb83b633,2199G,true,Pecíolo,,,,,,,,1,false,32059291-d0da-11f0-9ba0-fc3fdb83b633,
35b69153-d0da-11f0-9ba0-fc3fdb83b633,2199H,true,Hoja,,,,,,,,1,false,32059291-d0da-11f0-9ba0-fc3fdb83b633,
35b6d544-d0da-11f0-9ba0-fc3fdb83b633,2199I,true,Hoja,,,,,,,,1,false,32059291-d0da-11f0-9ba0-fc3fdb83b633,
35b6f8dc-d0da-11f0-9ba0-fc3fdb83b633,219A,true,Hoja,,,,,,,,1,false,31fd666c-d0da-11f0-9ba0-fc3fdb83b633,3027edbd-d0da-11f0-9ba0-fc3fdb83b633
35b73e51-d0da-11f0-9ba0-fc3fdb83b633,219B,true,Hoja,,,,,,,,1,false,31fd666c-d0da-11f0-9ba0-fc3fdb83b633,3027edbd-d0da-11f0-9ba0-fc3fdb83b633
35b7895b-d0da-11f0-9ba0-fc3fdb83b633,219C,true,Hoja,,,,,,,,1,false,31fd666c-d0da-11f0-9ba0-fc3fdb83b633,3027edbd-d0da-11f0-9ba0-fc3fdb83b633
35b7cf28-d0da-11f0-9ba0-fc3fdb83b633,219D,true,Hoja,,,,,,,,1,false,31fd666c-d0da-11f0-9ba0-fc3fdb83b633,3027edbd-d0da-11f0-9ba0-fc3fdb83b633
35b81741-d0da-11f0-9ba0-fc3fdb83b633,219E,true,Hoja,,,,,,,,1,false,31fd666c-d0da-11f0-9ba0-fc3fdb83b633,3027edbd-d0da-11f0-9ba0-fc3fdb83b633
35b85e6f-d0da-11f0-9ba0-fc3fdb83b633,219F,true,Tronco,,,,,,,,1,false,31fd666c-d0da-11f0-9ba0-fc3fdb83b633,3027edbd-d0da-11f0-9ba0-fc3fdb83b633
35b8b06d-d0da-11f0-9ba0-fc3fdb83b633,219G,true,Hoja,,,,,,,,1,false,31fd666c-d0da-11f0-9ba0-fc3fdb83b633,3027edbd-d0da-11f0-9ba0-fc3fdb83b633
35b8f319-d0da-11f0-9ba0-fc3fdb83b633,21A,true,Hoja,,,,,,,,1,false,31fc8d20-d0da-11f0-9ba0-fc3fdb83b633,3027edbd-d0da-11f0-9ba0-fc3fdb83b633
35b93930-d0da-11f0-9ba0-fc3fdb83b633,21B,true,Hoja,,,,,,,,1,false,31fc8d20-d0da-11f0-9ba0-fc3fdb83b633,3027f93e-d0da-11f0-9ba0-fc3fdb83b633
35b9a67b-d0da-11f0-9ba0-fc3fdb83b633,2200A,true,Pecíolo,,,,,,,,1,false,32059524-d0da-11f0-9ba0-fc3fdb83b633,
35b9ec97-d0da-11f0-9ba0-fc3fdb83b633,2200B,true,Hoja,,,,,,,,1,false,32059524-d0da-11f0-9ba0-fc3fdb83b633,
35ba3195-d0da-11f0-9ba0-fc3fdb83b633,2200C,true,Hoja,,,,,,,,1,false,32059524-d0da-11f0-9ba0-fc3fdb83b633,
35ba7521-d0da-11f0-9ba0-fc3fdb83b633,2200D,true,Hoja,,,,,,,,1,false,32059524-d0da-11f0-9ba0-fc3fdb83b633,
35bab86e-d0da-11f0-9ba0-fc3fdb83b633,2200E,true,Pecíolo,,,,,,,,1,false,32059524-d0da-11f0-9ba0-fc3fdb83b633,
35bb10b4-d0da-11f0-9ba0-fc3fdb83b633,2201A,true,Pecíolo,,,,,,,,1,false,320597d4-d0da-11f0-9ba0-fc3fdb83b633,
35bb63ec-d0da-11f0-9ba0-fc3fdb83b633,2201B,true,Hoja,,,,,,,,1,false,320597d4-d0da-11f0-9ba0-fc3fdb83b633,
35bbc02f-d0da-11f0-9ba0-fc3fdb83b633,2201C,true,Pecíolo,,,,,,,,1,false,320597d4-d0da-11f0-9ba0-fc3fdb83b633,
35bc1c25-d0da-11f0-9ba0-fc3fdb83b633,2201D,true,Hoja,,,,,,,,1,false,320597d4-d0da-11f0-9ba0-fc3fdb83b633,
35bc692f-d0da-11f0-9ba0-fc3fdb83b633,2201E,true,Hoja,,,,,,,,1,false,320597d4-d0da-11f0-9ba0-fc3fdb83b633,
35bcb6cc-d0da-11f0-9ba0-fc3fdb83b633,2201F,true,Pecíolo,,,,,,,,1,false,320597d4-d0da-11f0-9ba0-fc3fdb83b633,
35bd050e-d0da-11f0-9ba0-fc3fdb83b633,2201G,true,Hoja,,,,,,,,1,false,320597d4-d0da-11f0-9ba0-fc3fdb83b633,
35bd4b64-d0da-11f0-9ba0-fc3fdb83b633,2201H,true,Pecíolo,,,,,,,,1,false,320597d4-d0da-11f0-9ba0-fc3fdb83b633,
35bda129-d0da-11f0-9ba0-fc3fdb83b633,2201I,true,Hoja,,,,,,,,1,false,320597d4-d0da-11f0-9ba0-fc3fdb83b633,
35bde7ff-d0da-11f0-9ba0-fc3fdb83b633,2201J,true,Hoja,,,,,,,,1,false,320597d4-d0da-11f0-9ba0-fc3fdb83b633,
35be2e0b-d0da-11f0-9ba0-fc3fdb83b633,2202A,true,Rama,,,,,,,,1,false,32059a9b-d0da-11f0-9ba0-fc3fdb83b633,
35be7a62-d0da-11f0-9ba0-fc3fdb83b633,2202B,true,Hoja,,,,,,,,1,false,32059a9b-d0da-11f0-9ba0-fc3fdb83b633,
35bed876-d0da-11f0-9ba0-fc3fdb83b633,2202C,true,Pecíolo,,,,,,,,1,false,32059a9b-d0da-11f0-9ba0-fc3fdb83b633,
35bf4292-d0da-11f0-9ba0-fc3fdb83b633,2202D,true,Pecíolo,,,,,,,,1,false,32059a9b-d0da-11f0-9ba0-fc3fdb83b633,
35bfa49d-d0da-11f0-9ba0-fc3fdb83b633,2202E,true,Hoja,,,,,,,,1,false,32059a9b-d0da-11f0-9ba0-fc3fdb83b633,
35c000c8-d0da-11f0-9ba0-fc3fdb83b633,2203A,true,Hoja,,,,,,,,1,false,32059d5f-d0da-11f0-9ba0-fc3fdb83b633,
35c08df5-d0da-11f0-9ba0-fc3fdb83b633,2203B,true,Rama,,,,,,,,1,false,32059d5f-d0da-11f0-9ba0-fc3fdb83b633,
35c0f102-d0da-11f0-9ba0-fc3fdb83b633,2203C,true,Rama,,,,,,,,1,false,32059d5f-d0da-11f0-9ba0-fc3fdb83b633,
35c146ed-d0da-11f0-9ba0-fc3fdb83b633,2203D,true,Hoja,,,,,,,,1,false,32059d5f-d0da-11f0-9ba0-fc3fdb83b633,
35c18dd9-d0da-11f0-9ba0-fc3fdb83b633,2203E,true,Rama,,,,,,,,1,false,32059d5f-d0da-11f0-9ba0-fc3fdb83b633,
35c1d3fb-d0da-11f0-9ba0-fc3fdb83b633,2203F,true,Hoja,,,,,,,,1,false,32059d5f-d0da-11f0-9ba0-fc3fdb83b633,
35c2198c-d0da-11f0-9ba0-fc3fdb83b633,2203G,true,Hoja,,,,,,,,1,false,32059d5f-d0da-11f0-9ba0-fc3fdb83b633,
35c25d78-d0da-11f0-9ba0-fc3fdb83b633,2203H,true,Hoja,,,,,,,,1,false,32059d5f-d0da-11f0-9ba0-fc3fdb83b633,
35c2dd30-d0da-11f0-9ba0-fc3fdb83b633,2203I,true,Pecíolo,,,,,,,,1,false,32059d5f-d0da-11f0-9ba0-fc3fdb83b633,
35c3345a-d0da-11f0-9ba0-fc3fdb83b633,2203J,true,Hoja,,,,,,,,1,false,32059d5f-d0da-11f0-9ba0-fc3fdb83b633,
35c37d3c-d0da-11f0-9ba0-fc3fdb83b633,2204A,true,Rama,,,,,,,,1,false,3205a424-d0da-11f0-9ba0-fc3fdb83b633,
35c3c37a-d0da-11f0-9ba0-fc3fdb83b633,2204B,true,Hoja,,,,,,,,1,false,3205a424-d0da-11f0-9ba0-fc3fdb83b633,
35c408ce-d0da-11f0-9ba0-fc3fdb83b633,2205A,true,Rama,,,,,,,,1,false,3205a74c-d0da-11f0-9ba0-fc3fdb83b633,
35c45070-d0da-11f0-9ba0-fc3fdb83b633,2205B,true,Hoja,,,,,,,,1,false,3205a74c-d0da-11f0-9ba0-fc3fdb83b633,
35c49998-d0da-11f0-9ba0-fc3fdb83b633,2205C,true,Hoja,,,,,,,,1,false,3205a74c-d0da-11f0-9ba0-fc3fdb83b633,
35c4e0bd-d0da-11f0-9ba0-fc3fdb83b633,2205D,true,Hoja,,,,,,,,1,false,3205a74c-d0da-11f0-9ba0-fc3fdb83b633,
35c52c2a-d0da-11f0-9ba0-fc3fdb83b633,2206A,true,Rama,,,,,,,,1,false,3205aa12-d0da-11f0-9ba0-fc3fdb83b633,
35c57242-d0da-11f0-9ba0-fc3fdb83b633,2206B,true,Hoja,,,,,,,,1,false,3205aa12-d0da-11f0-9ba0-fc3fdb83b633,
35c5b87d-d0da-11f0-9ba0-fc3fdb83b633,2206D,true,Raíz,,,,,,,,1,false,3205aa12-d0da-11f0-9ba0-fc3fdb83b633,
35c5f635-d0da-11f0-9ba0-fc3fdb83b633,2207A,true,Pecíolo,,,,,,,,1,false,3205aeb9-d0da-11f0-9ba0-fc3fdb83b633,
35c62063-d0da-11f0-9ba0-fc3fdb83b633,2207B,true,Rama,,,,,,,,1,false,3205aeb9-d0da-11f0-9ba0-fc3fdb83b633,
35c64aed-d0da-11f0-9ba0-fc3fdb83b633,2207C,true,Hoja,,,,,,,,1,false,3205aeb9-d0da-11f0-9ba0-fc3fdb83b633,
35c67300-d0da-11f0-9ba0-fc3fdb83b633,2207D,true,Rama,,,,,,,,1,false,3205aeb9-d0da-11f0-9ba0-fc3fdb83b633,
35c69b48-d0da-11f0-9ba0-fc3fdb83b633,2207E,true,Hoja,,,,,,,,1,false,3205aeb9-d0da-11f0-9ba0-fc3fdb83b633,
35c6c33e-d0da-11f0-9ba0-fc3fdb83b633,2208A,true,Hoja,,,,,,,,1,false,3205b1dd-d0da-11f0-9ba0-fc3fdb83b633,
35c6e8c3-d0da-11f0-9ba0-fc3fdb83b633,2208B,true,Hoja,,,,,,,,1,false,3205b1dd-d0da-11f0-9ba0-fc3fdb83b633,
35c70f3b-d0da-11f0-9ba0-fc3fdb83b633,2208C,true,Hoja,,,,,,,,1,false,3205b1dd-d0da-11f0-9ba0-fc3fdb83b633,
35c722c7-d0da-11f0-9ba0-fc3fdb83b633,220A,true,Hoja,,,,,,,,1,false,31fd6954-d0da-11f0-9ba0-fc3fdb83b633,3027edbd-d0da-11f0-9ba0-fc3fdb83b633
35c74842-d0da-11f0-9ba0-fc3fdb83b633,220B,true,Hoja,,,,,,,,1,false,31fd6954-d0da-11f0-9ba0-fc3fdb83b633,3027edbd-d0da-11f0-9ba0-fc3fdb83b633
35c774e1-d0da-11f0-9ba0-fc3fdb83b633,220C,true,Hoja,,,,,,,,1,false,31fd6954-d0da-11f0-9ba0-fc3fdb83b633,3027edbd-d0da-11f0-9ba0-fc3fdb83b633
35c79e8c-d0da-11f0-9ba0-fc3fdb83b633,220D,true,Hoja,,,,,,,,1,false,31fd6954-d0da-11f0-9ba0-fc3fdb83b633,3027edbd-d0da-11f0-9ba0-fc3fdb83b633
35c7d4df-d0da-11f0-9ba0-fc3fdb83b633,220E,true,Hoja,,,,,,,,1,false,31fd6954-d0da-11f0-9ba0-fc3fdb83b633,3027edbd-d0da-11f0-9ba0-fc3fdb83b633
35c7fde8-d0da-11f0-9ba0-fc3fdb83b633,220F,true,Hoja,,,,,,,,1,false,31fd6954-d0da-11f0-9ba0-fc3fdb83b633,3027edbd-d0da-11f0-9ba0-fc3fdb83b633
35c87c7d-d0da-11f0-9ba0-fc3fdb83b633,2210A,true,Hoja,,,,,,,,1,false,3205ba39-d0da-11f0-9ba0-fc3fdb83b633,
35c8c37e-d0da-11f0-9ba0-fc3fdb83b633,2210B,true,Hoja,,,,,,,,1,false,3205ba39-d0da-11f0-9ba0-fc3fdb83b633,
35c909ea-d0da-11f0-9ba0-fc3fdb83b633,2210C,true,Hoja,,,,,,,,1,false,3205ba39-d0da-11f0-9ba0-fc3fdb83b633,
35c94eb0-d0da-11f0-9ba0-fc3fdb83b633,2210D,true,Rama,,,,,,,,1,false,3205ba39-d0da-11f0-9ba0-fc3fdb83b633,
35c9923f-d0da-11f0-9ba0-fc3fdb83b633,2210E,true,Hoja,,,,,,,,1,false,3205ba39-d0da-11f0-9ba0-fc3fdb83b633,
35c9d57f-d0da-11f0-9ba0-fc3fdb83b633,2211A,true,Hoja,,,,,,,,1,false,3205be53-d0da-11f0-9ba0-fc3fdb83b633,
35ca1917-d0da-11f0-9ba0-fc3fdb83b633,2211B,true,Hoja,,,,,,,,1,false,3205be53-d0da-11f0-9ba0-fc3fdb83b633,
35ca55a3-d0da-11f0-9ba0-fc3fdb83b633,2211C,true,Hoja,,,,,,,,1,false,3205be53-d0da-11f0-9ba0-fc3fdb83b633,
35ca9c71-d0da-11f0-9ba0-fc3fdb83b633,2211D,true,Pecíolo,,,,,,,,1,false,3205be53-d0da-11f0-9ba0-fc3fdb83b633,
35cae01b-d0da-11f0-9ba0-fc3fdb83b633,2211E,true,Hoja,,,,,,,,1,false,3205be53-d0da-11f0-9ba0-fc3fdb83b633,
35cb237c-d0da-11f0-9ba0-fc3fdb83b633,2211F,true,Rama,,,,,,,,1,false,3205be53-d0da-11f0-9ba0-fc3fdb83b633,
35cb6696-d0da-11f0-9ba0-fc3fdb83b633,2211G,true,Rama,,,,,,,,1,false,3205be53-d0da-11f0-9ba0-fc3fdb83b633,
35cbaa58-d0da-11f0-9ba0-fc3fdb83b633,2211H,true,Hoja,,,,,,,,1,false,3205be53-d0da-11f0-9ba0-fc3fdb83b633,
35cbeedb-d0da-11f0-9ba0-fc3fdb83b633,2212A,true,Hoja,,,,,,,,1,false,3205c154-d0da-11f0-9ba0-fc3fdb83b633,
35cc32ff-d0da-11f0-9ba0-fc3fdb83b633,2213A,true,Hoja,,,,,,,,1,false,3205c44e-d0da-11f0-9ba0-fc3fdb83b633,
35cc78cd-d0da-11f0-9ba0-fc3fdb83b633,2214A,true,Hoja,,,,,,,,1,false,3205cbb3-d0da-11f0-9ba0-fc3fdb83b633,
35ccc962-d0da-11f0-9ba0-fc3fdb83b633,2215A,true,Hoja,,,,,,,,1,false,3205cec9-d0da-11f0-9ba0-fc3fdb83b633,
35cd0179-d0da-11f0-9ba0-fc3fdb83b633,2215B,true,Pecíolo,,,,,,,,1,false,3205cec9-d0da-11f0-9ba0-fc3fdb83b633,
35cd4c28-d0da-11f0-9ba0-fc3fdb83b633,2215C,true,Hoja,,,,,,,,1,false,3205cec9-d0da-11f0-9ba0-fc3fdb83b633,
35cdab6c-d0da-11f0-9ba0-fc3fdb83b633,2216A,true,Hoja,,,,,,,,1,false,3205d1eb-d0da-11f0-9ba0-fc3fdb83b633,
35cdf2a6-d0da-11f0-9ba0-fc3fdb83b633,2217A,true,Pecíolo,,,,,,,,1,false,3205dda8-d0da-11f0-9ba0-fc3fdb83b633,
35ce391e-d0da-11f0-9ba0-fc3fdb83b633,2217B,true,Pecíolo,,,,,,,,1,false,3205dda8-d0da-11f0-9ba0-fc3fdb83b633,
35ce7e89-d0da-11f0-9ba0-fc3fdb83b633,2217C,true,Hoja,,,,,,,,1,false,3205dda8-d0da-11f0-9ba0-fc3fdb83b633,
35cec41b-d0da-11f0-9ba0-fc3fdb83b633,2218A,true,Pecíolo,,,,,,,,1,false,3205e0de-d0da-11f0-9ba0-fc3fdb83b633,
35cf0b5a-d0da-11f0-9ba0-fc3fdb83b633,2218B,true,Hoja,,,,,,,,1,false,3205e0de-d0da-11f0-9ba0-fc3fdb83b633,
35cf5106-d0da-11f0-9ba0-fc3fdb83b633,2218C,true,Hoja,,,,,,,,1,false,3205e0de-d0da-11f0-9ba0-fc3fdb83b633,
35cf957c-d0da-11f0-9ba0-fc3fdb83b633,2219A,true,Rama,,,,,,,,1,false,3205e3c0-d0da-11f0-9ba0-fc3fdb83b633,
35cfef22-d0da-11f0-9ba0-fc3fdb83b633,2219B,true,Hoja,,,,,,,,1,false,3205e3c0-d0da-11f0-9ba0-fc3fdb83b633,
35d05206-d0da-11f0-9ba0-fc3fdb83b633,2219C,true,Rama,,,,,,,,1,false,3205e3c0-d0da-11f0-9ba0-fc3fdb83b633,
35d0c254-d0da-11f0-9ba0-fc3fdb83b633,2219D,true,Rama,,,,,,,,1,false,3205e3c0-d0da-11f0-9ba0-fc3fdb83b633,
35d10c42-d0da-11f0-9ba0-fc3fdb83b633,2219E,true,Rama,,,,,,,,1,false,3205e3c0-d0da-11f0-9ba0-fc3fdb83b633,
35d17775-d0da-11f0-9ba0-fc3fdb83b633,2219F,true,Hoja,,,,,,,,1,false,3205e3c0-d0da-11f0-9ba0-fc3fdb83b633,
35d1c8ee-d0da-11f0-9ba0-fc3fdb83b633,2219G,true,Hoja,,,,,,,,1,false,3205e3c0-d0da-11f0-9ba0-fc3fdb83b633,
35d20189-d0da-11f0-9ba0-fc3fdb83b633,221A,true,Hoja,,,,,,,,1,false,31fd6c29-d0da-11f0-9ba0-fc3fdb83b633,3027edbd-d0da-11f0-9ba0-fc3fdb83b633
35d27a0c-d0da-11f0-9ba0-fc3fdb83b633,221B,true,Hoja,,,,,,,,1,false,31fd6c29-d0da-11f0-9ba0-fc3fdb83b633,3027edbd-d0da-11f0-9ba0-fc3fdb83b633
35d2ba9d-d0da-11f0-9ba0-fc3fdb83b633,221C,true,Hoja,,,,,,,,1,false,31fd6c29-d0da-11f0-9ba0-fc3fdb83b633,3027edbd-d0da-11f0-9ba0-fc3fdb83b633
35d305d1-d0da-11f0-9ba0-fc3fdb83b633,221D,true,Hoja,,,,,,,,1,false,31fd6c29-d0da-11f0-9ba0-fc3fdb83b633,3027edbd-d0da-11f0-9ba0-fc3fdb83b633
35d34e58-d0da-11f0-9ba0-fc3fdb83b633,221E,true,Hoja,,,,,,,,1,false,31fd6c29-d0da-11f0-9ba0-fc3fdb83b633,3027edbd-d0da-11f0-9ba0-fc3fdb83b633
35d3954e-d0da-11f0-9ba0-fc3fdb83b633,221F,true,Hoja,,,,,,,,1,false,31fd6c29-d0da-11f0-9ba0-fc3fdb83b633,3027edbd-d0da-11f0-9ba0-fc3fdb83b633
35d3db67-d0da-11f0-9ba0-fc3fdb83b633,221G,true,Hoja,,,,,,,,1,false,31fd6c29-d0da-11f0-9ba0-fc3fdb83b633,3027edbd-d0da-11f0-9ba0-fc3fdb83b633
35d42174-d0da-11f0-9ba0-fc3fdb83b633,221H,true,Hoja,,,,,,,,1,false,31fd6c29-d0da-11f0-9ba0-fc3fdb83b633,3027edbd-d0da-11f0-9ba0-fc3fdb83b633
35d467ef-d0da-11f0-9ba0-fc3fdb83b633,221I,true,Hoja,,,,,,,,1,false,31fd6c29-d0da-11f0-9ba0-fc3fdb83b633,3027edbd-d0da-11f0-9ba0-fc3fdb83b633
35d4b001-d0da-11f0-9ba0-fc3fdb83b633,221J,true,Hoja,,,,,,,,1,false,31fd6c29-d0da-11f0-9ba0-fc3fdb83b633,3027edbd-d0da-11f0-9ba0-fc3fdb83b633
35d4f5f5-d0da-11f0-9ba0-fc3fdb83b633,221K,true,Hoja,,,,,,,,1,false,31fd6c29-d0da-11f0-9ba0-fc3fdb83b633,3027edbd-d0da-11f0-9ba0-fc3fdb83b633
35d55df9-d0da-11f0-9ba0-fc3fdb83b633,2220A,true,Rama,,,,,,,,1,false,3205e6a4-d0da-11f0-9ba0-fc3fdb83b633,
35d5a2f8-d0da-11f0-9ba0-fc3fdb83b633,2220B,true,Hoja,,,,,,,,1,false,3205e6a4-d0da-11f0-9ba0-fc3fdb83b633,
35d60cb8-d0da-11f0-9ba0-fc3fdb83b633,2220C,true,Hoja,,,,,,,,1,false,3205e6a4-d0da-11f0-9ba0-fc3fdb83b633,
35d66cbe-d0da-11f0-9ba0-fc3fdb83b633,2220D,true,Hoja,,,,,,,,1,false,3205e6a4-d0da-11f0-9ba0-fc3fdb83b633,
35d6cd70-d0da-11f0-9ba0-fc3fdb83b633,2220E,true,Hoja,,,,,,,,1,false,3205e6a4-d0da-11f0-9ba0-fc3fdb83b633,
35d70d77-d0da-11f0-9ba0-fc3fdb83b633,2220F,true,Pecíolo,,,,,,,,1,false,3205e6a4-d0da-11f0-9ba0-fc3fdb83b633,
35d736a7-d0da-11f0-9ba0-fc3fdb83b633,2220G,true,Hoja,,,,,,,,1,false,3205e6a4-d0da-11f0-9ba0-fc3fdb83b633,
35d75d43-d0da-11f0-9ba0-fc3fdb83b633,2220H,true,Hoja,,,,,,,,1,false,3205e6a4-d0da-11f0-9ba0-fc3fdb83b633,
35d78177-d0da-11f0-9ba0-fc3fdb83b633,2220I,true,Flor,,,,,,,,1,false,3205e6a4-d0da-11f0-9ba0-fc3fdb83b633,
35d7a80e-d0da-11f0-9ba0-fc3fdb83b633,2220J,true,Hoja,,,,,,,,1,false,3205e6a4-d0da-11f0-9ba0-fc3fdb83b633,
35d7ced8-d0da-11f0-9ba0-fc3fdb83b633,2220K,true,Hoja,,,,,,,,1,false,3205e6a4-d0da-11f0-9ba0-fc3fdb83b633,
35d7f585-d0da-11f0-9ba0-fc3fdb83b633,2220L,true,Hoja,,,,,,,,1,false,3205e6a4-d0da-11f0-9ba0-fc3fdb83b633,
35d81a4c-d0da-11f0-9ba0-fc3fdb83b633,2220M,true,Flor,,,,,,,,1,false,3205e6a4-d0da-11f0-9ba0-fc3fdb83b633,
35d8464f-d0da-11f0-9ba0-fc3fdb83b633,2220N,true,Hoja,,,,,,,,1,false,3205e6a4-d0da-11f0-9ba0-fc3fdb83b633,
35d86c68-d0da-11f0-9ba0-fc3fdb83b633,2220O,true,Flor,,,,,,,,1,false,3205e6a4-d0da-11f0-9ba0-fc3fdb83b633,
35d890a4-d0da-11f0-9ba0-fc3fdb83b633,2221A,true,Hoja,,,,,,,,1,false,3205e9e3-d0da-11f0-9ba0-fc3fdb83b633,
35d8b495-d0da-11f0-9ba0-fc3fdb83b633,2221B,true,Pecíolo,,,,,,,,1,false,3205e9e3-d0da-11f0-9ba0-fc3fdb83b633,
35d8e5f0-d0da-11f0-9ba0-fc3fdb83b633,2221C,true,Hoja,,,,,,,,1,false,3205e9e3-d0da-11f0-9ba0-fc3fdb83b633,
35d92c3d-d0da-11f0-9ba0-fc3fdb83b633,2221D,true,Hoja,,,,,,,,1,false,3205e9e3-d0da-11f0-9ba0-fc3fdb83b633,
35d9953a-d0da-11f0-9ba0-fc3fdb83b633,2221E,true,Hoja,,,,,,,,1,false,3205e9e3-d0da-11f0-9ba0-fc3fdb83b633,
35d9dc05-d0da-11f0-9ba0-fc3fdb83b633,2221F,true,Hoja,,,,,,,,1,false,3205e9e3-d0da-11f0-9ba0-fc3fdb83b633,
35da2204-d0da-11f0-9ba0-fc3fdb83b633,2221G,true,Pecíolo,,,,,,,,1,false,3205e9e3-d0da-11f0-9ba0-fc3fdb83b633,
35da683f-d0da-11f0-9ba0-fc3fdb83b633,2221I,true,Rama,,,,,,,,1,false,3205e9e3-d0da-11f0-9ba0-fc3fdb83b633,
35da8c78-d0da-11f0-9ba0-fc3fdb83b633,222A,true,Hoja,,,,,,,,1,false,31fd6ea6-d0da-11f0-9ba0-fc3fdb83b633,3027edbd-d0da-11f0-9ba0-fc3fdb83b633
35dad354-d0da-11f0-9ba0-fc3fdb83b633,222B,true,Hoja,,,,,,,,1,false,31fd6ea6-d0da-11f0-9ba0-fc3fdb83b633,3027edbd-d0da-11f0-9ba0-fc3fdb83b633
35db19a8-d0da-11f0-9ba0-fc3fdb83b633,222C,true,Hoja,,,,,,,,1,false,31fd6ea6-d0da-11f0-9ba0-fc3fdb83b633,3027edbd-d0da-11f0-9ba0-fc3fdb83b633
35db6080-d0da-11f0-9ba0-fc3fdb83b633,222D,true,Hoja,,,,,,,,1,false,31fd6ea6-d0da-11f0-9ba0-fc3fdb83b633,3027edbd-d0da-11f0-9ba0-fc3fdb83b633
35dba5aa-d0da-11f0-9ba0-fc3fdb83b633,222E,true,Hoja,,,,,,,,1,false,31fd6ea6-d0da-11f0-9ba0-fc3fdb83b633,3027edbd-d0da-11f0-9ba0-fc3fdb83b633
35dbea95-d0da-11f0-9ba0-fc3fdb83b633,222F,true,Hoja,,,,,,,,1,false,31fd6ea6-d0da-11f0-9ba0-fc3fdb83b633,3027edbd-d0da-11f0-9ba0-fc3fdb83b633
35dc32b1-d0da-11f0-9ba0-fc3fdb83b633,222G,true,Hoja,,,,,,,,1,false,31fd6ea6-d0da-11f0-9ba0-fc3fdb83b633,3027edbd-d0da-11f0-9ba0-fc3fdb83b633
35dc796d-d0da-11f0-9ba0-fc3fdb83b633,222H,true,Hoja,,,,,,,,1,false,31fd6ea6-d0da-11f0-9ba0-fc3fdb83b633,3027edbd-d0da-11f0-9ba0-fc3fdb83b633
35dcc08b-d0da-11f0-9ba0-fc3fdb83b633,222I,true,Hoja,,,,,,,,1,false,31fd6ea6-d0da-11f0-9ba0-fc3fdb83b633,3027edbd-d0da-11f0-9ba0-fc3fdb83b633
35dd0767-d0da-11f0-9ba0-fc3fdb83b633,222J,true,Hoja,,,,,,,,1,false,31fd6ea6-d0da-11f0-9ba0-fc3fdb83b633,3027edbd-d0da-11f0-9ba0-fc3fdb83b633
35dd4dda-d0da-11f0-9ba0-fc3fdb83b633,222K,true,Hoja,,,,,,,,1,false,31fd6ea6-d0da-11f0-9ba0-fc3fdb83b633,3027edbd-d0da-11f0-9ba0-fc3fdb83b633
35dd96a1-d0da-11f0-9ba0-fc3fdb83b633,222L,true,Hoja,,,,,,,,1,false,31fd6ea6-d0da-11f0-9ba0-fc3fdb83b633,3027edbd-d0da-11f0-9ba0-fc3fdb83b633
35ddd909-d0da-11f0-9ba0-fc3fdb83b633,222M,true,Hoja,,,,,,,,1,false,31fd6ea6-d0da-11f0-9ba0-fc3fdb83b633,3027edbd-d0da-11f0-9ba0-fc3fdb83b633
35de1c4d-d0da-11f0-9ba0-fc3fdb83b633,222N,true,Hoja,,,,,,,,1,false,31fd6ea6-d0da-11f0-9ba0-fc3fdb83b633,3027edbd-d0da-11f0-9ba0-fc3fdb83b633
35de649a-d0da-11f0-9ba0-fc3fdb83b633,222O,true,Hoja,,,,,,,,1,false,31fd6ea6-d0da-11f0-9ba0-fc3fdb83b633,3027edbd-d0da-11f0-9ba0-fc3fdb83b633
35deaaf5-d0da-11f0-9ba0-fc3fdb83b633,222P,true,Hoja,,,,,,,,1,false,31fd6ea6-d0da-11f0-9ba0-fc3fdb83b633,3027edbd-d0da-11f0-9ba0-fc3fdb83b633
35def22a-d0da-11f0-9ba0-fc3fdb83b633,222Q,true,Hoja,,,,,,,,1,false,31fd6ea6-d0da-11f0-9ba0-fc3fdb83b633,3027edbd-d0da-11f0-9ba0-fc3fdb83b633
35df3ac5-d0da-11f0-9ba0-fc3fdb83b633,223A,true,Hoja,,,,,,,,1,false,31fd7126-d0da-11f0-9ba0-fc3fdb83b633,3027edbd-d0da-11f0-9ba0-fc3fdb83b633
35df8248-d0da-11f0-9ba0-fc3fdb83b633,223B,true,Hoja,,,,,,,,1,false,31fd7126-d0da-11f0-9ba0-fc3fdb83b633,3027edbd-d0da-11f0-9ba0-fc3fdb83b633
35dfc6d9-d0da-11f0-9ba0-fc3fdb83b633,223C,true,Hoja,,,,,,,,1,false,31fd7126-d0da-11f0-9ba0-fc3fdb83b633,3027edbd-d0da-11f0-9ba0-fc3fdb83b633
35e01862-d0da-11f0-9ba0-fc3fdb83b633,223D,true,Hoja,,,,,,,,1,false,31fd7126-d0da-11f0-9ba0-fc3fdb83b633,3027edbd-d0da-11f0-9ba0-fc3fdb83b633
35e05f4f-d0da-11f0-9ba0-fc3fdb83b633,223E,true,Hoja,,,,,,,,1,false,31fd7126-d0da-11f0-9ba0-fc3fdb83b633,3027edbd-d0da-11f0-9ba0-fc3fdb83b633
35e0a66c-d0da-11f0-9ba0-fc3fdb83b633,223F,true,Hoja,,,,,,,,1,false,31fd7126-d0da-11f0-9ba0-fc3fdb83b633,3027edbd-d0da-11f0-9ba0-fc3fdb83b633
35e0ecd6-d0da-11f0-9ba0-fc3fdb83b633,223G,true,Hoja,,,,,,,,1,false,31fd7126-d0da-11f0-9ba0-fc3fdb83b633,3027edbd-d0da-11f0-9ba0-fc3fdb83b633
35e137ab-d0da-11f0-9ba0-fc3fdb83b633,223H,true,Hoja,,,,,,,,1,false,31fd7126-d0da-11f0-9ba0-fc3fdb83b633,3027edbd-d0da-11f0-9ba0-fc3fdb83b633
35e17f98-d0da-11f0-9ba0-fc3fdb83b633,223I,true,Hoja,,,,,,,,1,false,31fd7126-d0da-11f0-9ba0-fc3fdb83b633,3027edbd-d0da-11f0-9ba0-fc3fdb83b633
35e1c629-d0da-11f0-9ba0-fc3fdb83b633,223J,true,Hoja,,,,,,,,1,false,31fd7126-d0da-11f0-9ba0-fc3fdb83b633,3027edbd-d0da-11f0-9ba0-fc3fdb83b633
35e2051e-d0da-11f0-9ba0-fc3fdb83b633,223K,true,Hoja,,,,,,,,1,false,31fd7126-d0da-11f0-9ba0-fc3fdb83b633,3027edbd-d0da-11f0-9ba0-fc3fdb83b633
35e22e36-d0da-11f0-9ba0-fc3fdb83b633,223L,true,Hoja,,,,,,,,1,false,31fd7126-d0da-11f0-9ba0-fc3fdb83b633,3027edbd-d0da-11f0-9ba0-fc3fdb83b633
35e256d9-d0da-11f0-9ba0-fc3fdb83b633,223M,true,Hoja,,,,,,,,1,false,31fd7126-d0da-11f0-9ba0-fc3fdb83b633,3027edbd-d0da-11f0-9ba0-fc3fdb83b633
35e27f68-d0da-11f0-9ba0-fc3fdb83b633,223N,true,Hoja,,,,,,,,1,false,31fd7126-d0da-11f0-9ba0-fc3fdb83b633,3027edbd-d0da-11f0-9ba0-fc3fdb83b633
35e2a8be-d0da-11f0-9ba0-fc3fdb83b633,223O,true,Hoja,,,,,,,,1,false,31fd7126-d0da-11f0-9ba0-fc3fdb83b633,3027edbd-d0da-11f0-9ba0-fc3fdb83b633
35e2d1f8-d0da-11f0-9ba0-fc3fdb83b633,224A,true,Hoja,,,,,,,,1,false,31fd73f2-d0da-11f0-9ba0-fc3fdb83b633,3027edbd-d0da-11f0-9ba0-fc3fdb83b633
35e31076-d0da-11f0-9ba0-fc3fdb83b633,224B,true,Hoja,,,,,,,,1,false,31fd73f2-d0da-11f0-9ba0-fc3fdb83b633,3027edbd-d0da-11f0-9ba0-fc3fdb83b633
35e356e1-d0da-11f0-9ba0-fc3fdb83b633,224C,true,Hoja,,,,,,,,1,false,31fd73f2-d0da-11f0-9ba0-fc3fdb83b633,3027edbd-d0da-11f0-9ba0-fc3fdb83b633
35e39d28-d0da-11f0-9ba0-fc3fdb83b633,224D,true,Hoja,,,,,,,,1,false,31fd73f2-d0da-11f0-9ba0-fc3fdb83b633,3027edbd-d0da-11f0-9ba0-fc3fdb83b633
35e3e389-d0da-11f0-9ba0-fc3fdb83b633,224E,true,Hoja,,,,,,,,1,false,31fd73f2-d0da-11f0-9ba0-fc3fdb83b633,3027edbd-d0da-11f0-9ba0-fc3fdb83b633
35e42a87-d0da-11f0-9ba0-fc3fdb83b633,224F,true,Hoja,,,,,,,,1,false,31fd73f2-d0da-11f0-9ba0-fc3fdb83b633,3027edbd-d0da-11f0-9ba0-fc3fdb83b633
35e47cf4-d0da-11f0-9ba0-fc3fdb83b633,224G,true,Hoja,,,,,,,,1,false,31fd73f2-d0da-11f0-9ba0-fc3fdb83b633,3027edbd-d0da-11f0-9ba0-fc3fdb83b633
35e4c734-d0da-11f0-9ba0-fc3fdb83b633,224H,true,Hoja,,,,,,,,1,false,31fd73f2-d0da-11f0-9ba0-fc3fdb83b633,3027edbd-d0da-11f0-9ba0-fc3fdb83b633
35e50f98-d0da-11f0-9ba0-fc3fdb83b633,224I,true,Hoja,,,,,,,,1,false,31fd73f2-d0da-11f0-9ba0-fc3fdb83b633,3027edbd-d0da-11f0-9ba0-fc3fdb83b633
35e556c3-d0da-11f0-9ba0-fc3fdb83b633,224J,true,Hoja,,,,,,,,1,false,31fd73f2-d0da-11f0-9ba0-fc3fdb83b633,3027edbd-d0da-11f0-9ba0-fc3fdb83b633
35e59d0b-d0da-11f0-9ba0-fc3fdb83b633,224K,true,Hoja,,,,,,,,1,false,31fd73f2-d0da-11f0-9ba0-fc3fdb83b633,3027edbd-d0da-11f0-9ba0-fc3fdb83b633
35e5e3c9-d0da-11f0-9ba0-fc3fdb83b633,224L,true,Hoja,,,,,,,,1,false,31fd73f2-d0da-11f0-9ba0-fc3fdb83b633,3028041e-d0da-11f0-9ba0-fc3fdb83b633
35e62aa9-d0da-11f0-9ba0-fc3fdb83b633,225A,true,Hoja,,,,,,,,1,false,31fd76a0-d0da-11f0-9ba0-fc3fdb83b633,3027edbd-d0da-11f0-9ba0-fc3fdb83b633
35e675d0-d0da-11f0-9ba0-fc3fdb83b633,225B,true,Hoja,,,,,,,,1,false,31fd76a0-d0da-11f0-9ba0-fc3fdb83b633,3027edbd-d0da-11f0-9ba0-fc3fdb83b633
35e6baf7-d0da-11f0-9ba0-fc3fdb83b633,225C,true,Hoja,,,,,,,,1,false,31fd76a0-d0da-11f0-9ba0-fc3fdb83b633,3027edbd-d0da-11f0-9ba0-fc3fdb83b633
35e6ff53-d0da-11f0-9ba0-fc3fdb83b633,225D,true,Hoja,,,,,,,,1,false,31fd76a0-d0da-11f0-9ba0-fc3fdb83b633,3027edbd-d0da-11f0-9ba0-fc3fdb83b633
35e743f8-d0da-11f0-9ba0-fc3fdb83b633,225E,true,Hoja,,,,,,,,1,false,31fd76a0-d0da-11f0-9ba0-fc3fdb83b633,3027edbd-d0da-11f0-9ba0-fc3fdb83b633
35e78346-d0da-11f0-9ba0-fc3fdb83b633,225F,true,Hoja,,,,,,,,1,false,31fd76a0-d0da-11f0-9ba0-fc3fdb83b633,3027edbd-d0da-11f0-9ba0-fc3fdb83b633
35e7a7f9-d0da-11f0-9ba0-fc3fdb83b633,226B,true,Hoja,,,,,,,,1,false,31fb929a-d0da-11f0-9ba0-fc3fdb83b633,
35e7cf44-d0da-11f0-9ba0-fc3fdb83b633,226C,true,Hoja,,,,,,,,1,false,31fb929a-d0da-11f0-9ba0-fc3fdb83b633,
35e7f38c-d0da-11f0-9ba0-fc3fdb83b633,226D,true,Hoja,,,,,,,,1,false,31fb929a-d0da-11f0-9ba0-fc3fdb83b633,
35e817cb-d0da-11f0-9ba0-fc3fdb83b633,226E,true,Hoja,,,,,,,,1,false,31fb929a-d0da-11f0-9ba0-fc3fdb83b633,
35e83c78-d0da-11f0-9ba0-fc3fdb83b633,226F,true,Hoja,,,,,,,,1,false,31fb929a-d0da-11f0-9ba0-fc3fdb83b633,
35e8612a-d0da-11f0-9ba0-fc3fdb83b633,227B,true,Hoja,,,,,,,,1,false,31fb94e5-d0da-11f0-9ba0-fc3fdb83b633,
35e8855e-d0da-11f0-9ba0-fc3fdb83b633,227C,true,Hoja,,,,,,,,1,false,31fb94e5-d0da-11f0-9ba0-fc3fdb83b633,
35e8aa07-d0da-11f0-9ba0-fc3fdb83b633,227D,true,Hoja,,,,,,,,1,false,31fb94e5-d0da-11f0-9ba0-fc3fdb83b633,
35e920be-d0da-11f0-9ba0-fc3fdb83b633,2284A,true,Rama,,,,,,,,1,false,3205f285-d0da-11f0-9ba0-fc3fdb83b633,
35e9671e-d0da-11f0-9ba0-fc3fdb83b633,2284B,true,Pecíolo,,,,,,,,1,false,3205f285-d0da-11f0-9ba0-fc3fdb83b633,
35e9af55-d0da-11f0-9ba0-fc3fdb83b633,2284C,true,Raíz,,,,,,,,1,false,3205f285-d0da-11f0-9ba0-fc3fdb83b633,
35e9f481-d0da-11f0-9ba0-fc3fdb83b633,2284D,true,Hoja,,,,,,,,1,false,3205f285-d0da-11f0-9ba0-fc3fdb83b633,
35ea3b37-d0da-11f0-9ba0-fc3fdb83b633,2284E,true,Raíz,,,,,,,,1,false,3205f285-d0da-11f0-9ba0-fc3fdb83b633,
35ea9295-d0da-11f0-9ba0-fc3fdb83b633,2284F,true,Raíz,,,,,,,,1,false,3205f285-d0da-11f0-9ba0-fc3fdb83b633,
35ead90d-d0da-11f0-9ba0-fc3fdb83b633,2284G,true,Raíz,,,,,,,,1,false,3205f285-d0da-11f0-9ba0-fc3fdb83b633,
35eb1436-d0da-11f0-9ba0-fc3fdb83b633,2285A,true,Raíz,,,,,,,,1,false,3205f41d-d0da-11f0-9ba0-fc3fdb83b633,
35eb3ccd-d0da-11f0-9ba0-fc3fdb83b633,2285B,true,Hoja,,,,,,,,1,false,3205f41d-d0da-11f0-9ba0-fc3fdb83b633,
35eb6fe6-d0da-11f0-9ba0-fc3fdb83b633,2285C,true,Raíz,,,,,,,,1,false,3205f41d-d0da-11f0-9ba0-fc3fdb83b633,
35eb98f2-d0da-11f0-9ba0-fc3fdb83b633,2285D,true,Hoja,,,,,,,,1,false,3205f41d-d0da-11f0-9ba0-fc3fdb83b633,
35ebc130-d0da-11f0-9ba0-fc3fdb83b633,2286A,true,Hoja,,,,,,,,1,false,3205f5ab-d0da-11f0-9ba0-fc3fdb83b633,
35ec0ac7-d0da-11f0-9ba0-fc3fdb83b633,2287A,true,Rama,,,,,,,,1,false,3205f737-d0da-11f0-9ba0-fc3fdb83b633,
35ec4e86-d0da-11f0-9ba0-fc3fdb83b633,2288A,true,Raíz,,,,,,,,1,false,3205f8c2-d0da-11f0-9ba0-fc3fdb83b633,
35ec9142-d0da-11f0-9ba0-fc3fdb83b633,2288B,true,Raíz,,,,,,,,1,false,3205f8c2-d0da-11f0-9ba0-fc3fdb83b633,
35ecd40e-d0da-11f0-9ba0-fc3fdb83b633,2288C,true,Hoja,,,,,,,,1,false,3205f8c2-d0da-11f0-9ba0-fc3fdb83b633,
35ed175b-d0da-11f0-9ba0-fc3fdb83b633,2288D,true,Hoja,,,,,,,,1,false,3205f8c2-d0da-11f0-9ba0-fc3fdb83b633,
35ed5ad8-d0da-11f0-9ba0-fc3fdb83b633,2289A,true,Rama,,,,,,,,1,false,3205fa6d-d0da-11f0-9ba0-fc3fdb83b633,
35eda02d-d0da-11f0-9ba0-fc3fdb83b633,2289B,true,Rama,,,,,,,,1,false,3205fa6d-d0da-11f0-9ba0-fc3fdb83b633,
35ede69f-d0da-11f0-9ba0-fc3fdb83b633,2289C,true,Rama,,,,,,,,1,false,3205fa6d-d0da-11f0-9ba0-fc3fdb83b633,
35ee01d7-d0da-11f0-9ba0-fc3fdb83b633,228B,true,Hoja,,,,,,,,1,false,31fb9714-d0da-11f0-9ba0-fc3fdb83b633,
35ee4696-d0da-11f0-9ba0-fc3fdb83b633,228D,true,Hoja,,,,,,,,1,false,31fb9714-d0da-11f0-9ba0-fc3fdb83b633,
35ee8b61-d0da-11f0-9ba0-fc3fdb83b633,228E,true,Hoja,,,,,,,,1,false,31fb9714-d0da-11f0-9ba0-fc3fdb83b633,
35eed03c-d0da-11f0-9ba0-fc3fdb83b633,228F,true,Hoja,,,,,,,,1,false,31fb9714-d0da-11f0-9ba0-fc3fdb83b633,
35ef1aef-d0da-11f0-9ba0-fc3fdb83b633,228G,true,Hoja,,,,,,,,1,false,31fb9714-d0da-11f0-9ba0-fc3fdb83b633,
35ef7a17-d0da-11f0-9ba0-fc3fdb83b633,228H,true,Hoja,,,,,,,,1,false,31fb9714-d0da-11f0-9ba0-fc3fdb83b633,
35efd732-d0da-11f0-9ba0-fc3fdb83b633,228I,true,Hoja,,,,,,,,1,false,31fb9714-d0da-11f0-9ba0-fc3fdb83b633,
35f03ca8-d0da-11f0-9ba0-fc3fdb83b633,2290A,true,Hoja,,,,,,,,1,false,3205fc13-d0da-11f0-9ba0-fc3fdb83b633,
35f07140-d0da-11f0-9ba0-fc3fdb83b633,2290B,true,Raíz,,,,,,,,1,false,3205fc13-d0da-11f0-9ba0-fc3fdb83b633,
35f096f9-d0da-11f0-9ba0-fc3fdb83b633,2290C,true,Raíz,,,,,,,,1,false,3205fc13-d0da-11f0-9ba0-fc3fdb83b633,
35f0c383-d0da-11f0-9ba0-fc3fdb83b633,2291A,true,Hoja,,,,,,,,1,false,3205fdb7-d0da-11f0-9ba0-fc3fdb83b633,
35f0ea3f-d0da-11f0-9ba0-fc3fdb83b633,2291B,true,Pecíolo,,,,,,,,1,false,3205fdb7-d0da-11f0-9ba0-fc3fdb83b633,
35f1115c-d0da-11f0-9ba0-fc3fdb83b633,2291C,true,Pecíolo,,,,,,,,1,false,3205fdb7-d0da-11f0-9ba0-fc3fdb83b633,
35f13a2b-d0da-11f0-9ba0-fc3fdb83b633,2292A,true,Rama,,,,,,,,1,false,3205ff5c-d0da-11f0-9ba0-fc3fdb83b633,
35f15e3a-d0da-11f0-9ba0-fc3fdb83b633,2292B,true,Hoja,,,,,,,,1,false,3205ff5c-d0da-11f0-9ba0-fc3fdb83b633,
35f1823e-d0da-11f0-9ba0-fc3fdb83b633,2292C,true,Pecíolo,,,,,,,,1,false,3205ff5c-d0da-11f0-9ba0-fc3fdb83b633,
35f1a646-d0da-11f0-9ba0-fc3fdb83b633,2292D,true,Rama,,,,,,,,1,false,3205ff5c-d0da-11f0-9ba0-fc3fdb83b633,
35f1ca4d-d0da-11f0-9ba0-fc3fdb83b633,2292E,true,Pecíolo,,,,,,,,1,false,3205ff5c-d0da-11f0-9ba0-fc3fdb83b633,
35f1f662-d0da-11f0-9ba0-fc3fdb83b633,2293A,true,Rama,,,,,,,,1,false,3206010f-d0da-11f0-9ba0-fc3fdb83b633,
35f21c7d-d0da-11f0-9ba0-fc3fdb83b633,2293B,true,Hoja,,,,,,,,1,false,3206010f-d0da-11f0-9ba0-fc3fdb83b633,
35f245d7-d0da-11f0-9ba0-fc3fdb83b633,2293C,true,Hoja,,,,,,,,1,false,3206010f-d0da-11f0-9ba0-fc3fdb83b633,
35f26c9c-d0da-11f0-9ba0-fc3fdb83b633,2293D,true,Hoja,,,,,,,,1,false,3206010f-d0da-11f0-9ba0-fc3fdb83b633,
35f290bf-d0da-11f0-9ba0-fc3fdb83b633,2293E,true,Pecíolo,,,,,,,,1,false,3206010f-d0da-11f0-9ba0-fc3fdb83b633,
35f2b4fa-d0da-11f0-9ba0-fc3fdb83b633,2295A,true,Rama,,,,,,,,1,false,320602a7-d0da-11f0-9ba0-fc3fdb83b633,
35f2d901-d0da-11f0-9ba0-fc3fdb83b633,2296A,true,Rama,,,,,,,,1,false,32060445-d0da-11f0-9ba0-fc3fdb83b633,
35f30bd6-d0da-11f0-9ba0-fc3fdb83b633,2296B,true,Hoja,,,,,,,,1,false,32060445-d0da-11f0-9ba0-fc3fdb83b633,
35f33451-d0da-11f0-9ba0-fc3fdb83b633,2296C,true,Hoja,,,,,,,,1,false,32060445-d0da-11f0-9ba0-fc3fdb83b633,
35f35c63-d0da-11f0-9ba0-fc3fdb83b633,2296D,true,Rama,,,,,,,,1,false,32060445-d0da-11f0-9ba0-fc3fdb83b633,
35f383a1-d0da-11f0-9ba0-fc3fdb83b633,2297A,true,Hoja,,,,,,,,1,false,320605ea-d0da-11f0-9ba0-fc3fdb83b633,
35f3aee9-d0da-11f0-9ba0-fc3fdb83b633,2297B,true,Rama,,,,,,,,1,false,320605ea-d0da-11f0-9ba0-fc3fdb83b633,
35f3d610-d0da-11f0-9ba0-fc3fdb83b633,2297C,true,Hoja,,,,,,,,1,false,320605ea-d0da-11f0-9ba0-fc3fdb83b633,
35f3fa32-d0da-11f0-9ba0-fc3fdb83b633,2297D,true,Hoja,,,,,,,,1,false,320605ea-d0da-11f0-9ba0-fc3fdb83b633,
35f41e49-d0da-11f0-9ba0-fc3fdb83b633,2297E,true,Rama,,,,,,,,1,false,320605ea-d0da-11f0-9ba0-fc3fdb83b633,
35f44644-d0da-11f0-9ba0-fc3fdb83b633,2299A,true,Pecíolo,,,,,,,,1,false,3206079c-d0da-11f0-9ba0-fc3fdb83b633,
35f453f2-d0da-11f0-9ba0-fc3fdb83b633,229A,true,Hoja,,,,,,,,1,false,31fb994c-d0da-11f0-9ba0-fc3fdb83b633,
35f47b12-d0da-11f0-9ba0-fc3fdb83b633,229B,true,Hoja,,,,,,,,1,false,31fb994c-d0da-11f0-9ba0-fc3fdb83b633,
35f49caf-d0da-11f0-9ba0-fc3fdb83b633,22B,true,Hoja,,,,,,,,1,false,31fa28b2-d0da-11f0-9ba0-fc3fdb83b633,3027edbd-d0da-11f0-9ba0-fc3fdb83b633
35f4c174-d0da-11f0-9ba0-fc3fdb83b633,22C,true,Hoja,,,,,,,,1,false,31fa28b2-d0da-11f0-9ba0-fc3fdb83b633,3027edbd-d0da-11f0-9ba0-fc3fdb83b633
35f50631-d0da-11f0-9ba0-fc3fdb83b633,2300A,true,Hoja,,,,,,,,1,false,32060934-d0da-11f0-9ba0-fc3fdb83b633,
35f54ad5-d0da-11f0-9ba0-fc3fdb83b633,2300B,true,Hoja,,,,,,,,1,false,32060934-d0da-11f0-9ba0-fc3fdb83b633,
35f58f61-d0da-11f0-9ba0-fc3fdb83b633,2300C,true,Hoja,,,,,,,,1,false,32060934-d0da-11f0-9ba0-fc3fdb83b633,
35f5d2c8-d0da-11f0-9ba0-fc3fdb83b633,2300D,true,Hoja,,,,,,,,1,false,32060934-d0da-11f0-9ba0-fc3fdb83b633,
35f61614-d0da-11f0-9ba0-fc3fdb83b633,2300E,true,Hoja,,,,,,,,1,false,32060934-d0da-11f0-9ba0-fc3fdb83b633,
35f65967-d0da-11f0-9ba0-fc3fdb83b633,2301A,true,Rama,,,,,,,,1,false,32060ad5-d0da-11f0-9ba0-fc3fdb83b633,
35f69e0c-d0da-11f0-9ba0-fc3fdb83b633,2301B,true,Raíz,,,,,,,,1,false,32060ad5-d0da-11f0-9ba0-fc3fdb83b633,
35f6e229-d0da-11f0-9ba0-fc3fdb83b633,2302A,true,Pecíolo,,,,,,,,1,false,32060c7b-d0da-11f0-9ba0-fc3fdb83b633,
35f724ec-d0da-11f0-9ba0-fc3fdb83b633,2302B,true,Hoja,,,,,,,,1,false,32060c7b-d0da-11f0-9ba0-fc3fdb83b633,
35f76a03-d0da-11f0-9ba0-fc3fdb83b633,2302C,true,Rama,,,,,,,,1,false,32060c7b-d0da-11f0-9ba0-fc3fdb83b633,
35f7ad23-d0da-11f0-9ba0-fc3fdb83b633,2302D,true,Pecíolo,,,,,,,,1,false,32060c7b-d0da-11f0-9ba0-fc3fdb83b633,
35f7f03c-d0da-11f0-9ba0-fc3fdb83b633,2303A,true,Hoja,,,,,,,,1,false,32060e2b-d0da-11f0-9ba0-fc3fdb83b633,
35f858fc-d0da-11f0-9ba0-fc3fdb83b633,2303B,true,Hoja,,,,,,,,1,false,32060e2b-d0da-11f0-9ba0-fc3fdb83b633,
35f89e14-d0da-11f0-9ba0-fc3fdb83b633,2303C,true,Rama,,,,,,,,1,false,32060e2b-d0da-11f0-9ba0-fc3fdb83b633,
35f8e755-d0da-11f0-9ba0-fc3fdb83b633,2303D,true,Raíz,,,,,,,,1,false,32060e2b-d0da-11f0-9ba0-fc3fdb83b633,
35f92c9f-d0da-11f0-9ba0-fc3fdb83b633,2304A,true,Fruto,,,,,,,,1,false,32060fc6-d0da-11f0-9ba0-fc3fdb83b633,
35f97256-d0da-11f0-9ba0-fc3fdb83b633,2305A,true,Hoja,,,,,,,,1,false,3206118f-d0da-11f0-9ba0-fc3fdb83b633,
35f9b79b-d0da-11f0-9ba0-fc3fdb83b633,2306A,true,Hoja,,,,,,,,1,false,32061338-d0da-11f0-9ba0-fc3fdb83b633,
35f9fbea-d0da-11f0-9ba0-fc3fdb83b633,2306B,true,Pecíolo,,,,,,,,1,false,32061338-d0da-11f0-9ba0-fc3fdb83b633,
35fa3f3e-d0da-11f0-9ba0-fc3fdb83b633,2306C,true,Pecíolo,,,,,,,,1,false,32061338-d0da-11f0-9ba0-fc3fdb83b633,
35fa8297-d0da-11f0-9ba0-fc3fdb83b633,2306D,true,Pecíolo,,,,,,,,1,false,32061338-d0da-11f0-9ba0-fc3fdb83b633,
35facf24-d0da-11f0-9ba0-fc3fdb83b633,2306E,true,Pecíolo,,,,,,,,1,false,32061338-d0da-11f0-9ba0-fc3fdb83b633,
35fb1471-d0da-11f0-9ba0-fc3fdb83b633,2306F,true,Hoja,,,,,,,,1,false,32061338-d0da-11f0-9ba0-fc3fdb83b633,
35fb5c85-d0da-11f0-9ba0-fc3fdb83b633,2307A,true,Hoja,,,,,,,,1,false,3206154c-d0da-11f0-9ba0-fc3fdb83b633,
35fba224-d0da-11f0-9ba0-fc3fdb83b633,2307B,true,Hoja,,,,,,,,1,false,3206154c-d0da-11f0-9ba0-fc3fdb83b633,
35fbe547-d0da-11f0-9ba0-fc3fdb83b633,2307C,true,Hoja,,,,,,,,1,false,3206154c-d0da-11f0-9ba0-fc3fdb83b633,
35fc2814-d0da-11f0-9ba0-fc3fdb83b633,2307D,true,Pecíolo,,,,,,,,1,false,3206154c-d0da-11f0-9ba0-fc3fdb83b633,
35fc6b38-d0da-11f0-9ba0-fc3fdb83b633,2308A,true,Rama,,,,,,,,1,false,32061700-d0da-11f0-9ba0-fc3fdb83b633,
35fcaeac-d0da-11f0-9ba0-fc3fdb83b633,2309A,true,Raíz,,,,,,,,1,false,320618ff-d0da-11f0-9ba0-fc3fdb83b633,
35fcf20d-d0da-11f0-9ba0-fc3fdb83b633,2309B,true,Raíz,,,,,,,,1,false,320618ff-d0da-11f0-9ba0-fc3fdb83b633,
35fd364a-d0da-11f0-9ba0-fc3fdb83b633,2309C,true,Raíz,,,,,,,,1,false,320618ff-d0da-11f0-9ba0-fc3fdb83b633,
35fd79aa-d0da-11f0-9ba0-fc3fdb83b633,2309D,true,Raíz,,,,,,,,1,false,320618ff-d0da-11f0-9ba0-fc3fdb83b633,
35fd92ec-d0da-11f0-9ba0-fc3fdb83b633,230A,true,Hoja,,,,,,,,1,false,31fb9b65-d0da-11f0-9ba0-fc3fdb83b633,
35fdd5f0-d0da-11f0-9ba0-fc3fdb83b633,230B,true,Hoja,,,,,,,,1,false,31fb9b65-d0da-11f0-9ba0-fc3fdb83b633,
35fe1901-d0da-11f0-9ba0-fc3fdb83b633,230C,true,Hoja,,,,,,,,1,false,31fb9b65-d0da-11f0-9ba0-fc3fdb83b633,
35fe8ae9-d0da-11f0-9ba0-fc3fdb83b633,2311A,true,Fruto,,,,,,,,1,false,32061c4c-d0da-11f0-9ba0-fc3fdb83b633,
35fed130-d0da-11f0-9ba0-fc3fdb83b633,2311B,true,Rama,,,,,,,,1,false,32061c4c-d0da-11f0-9ba0-fc3fdb83b633,
35ff16c7-d0da-11f0-9ba0-fc3fdb83b633,2312A,true,Hoja,,,,,,,,1,false,32061ee9-d0da-11f0-9ba0-fc3fdb83b633,
35ff5bde-d0da-11f0-9ba0-fc3fdb83b633,2312B,true,Hoja,,,,,,,,1,false,32061ee9-d0da-11f0-9ba0-fc3fdb83b633,
35ffa116-d0da-11f0-9ba0-fc3fdb83b633,2312C,true,Pecíolo,,,,,,,,1,false,32061ee9-d0da-11f0-9ba0-fc3fdb83b633,
35ffe6f3-d0da-11f0-9ba0-fc3fdb83b633,2312D,true,Hoja,,,,,,,,1,false,32061ee9-d0da-11f0-9ba0-fc3fdb83b633,
36002c3b-d0da-11f0-9ba0-fc3fdb83b633,2312E,true,Hoja,,,,,,,,1,false,32061ee9-d0da-11f0-9ba0-fc3fdb83b633,
360071b1-d0da-11f0-9ba0-fc3fdb83b633,2312F,true,Rama,,,,,,,,1,false,32061ee9-d0da-11f0-9ba0-fc3fdb83b633,
3600b7d8-d0da-11f0-9ba0-fc3fdb83b633,2313A,true,Hoja,,,,,,,,1,false,320622b5-d0da-11f0-9ba0-fc3fdb83b633,
3600fde9-d0da-11f0-9ba0-fc3fdb83b633,2314A,true,Hoja,,,,,,,,1,false,32062472-d0da-11f0-9ba0-fc3fdb83b633,
36014311-d0da-11f0-9ba0-fc3fdb83b633,2314B,true,Hoja,,,,,,,,1,false,32062472-d0da-11f0-9ba0-fc3fdb83b633,
360188bc-d0da-11f0-9ba0-fc3fdb83b633,2314C,true,Hoja,,,,,,,,1,false,32062472-d0da-11f0-9ba0-fc3fdb83b633,
3601d92b-d0da-11f0-9ba0-fc3fdb83b633,2315A,true,Raíz,,,,,,,,1,false,32062621-d0da-11f0-9ba0-fc3fdb83b633,
36021f9c-d0da-11f0-9ba0-fc3fdb83b633,2315B,true,Raíz,,,,,,,,1,false,32062621-d0da-11f0-9ba0-fc3fdb83b633,
360268f7-d0da-11f0-9ba0-fc3fdb83b633,2315C,true,Raíz,,,,,,,,1,false,32062621-d0da-11f0-9ba0-fc3fdb83b633,
3602ae41-d0da-11f0-9ba0-fc3fdb83b633,2318A,true,Hoja,,,,,,,,1,false,320627bd-d0da-11f0-9ba0-fc3fdb83b633,
3602f448-d0da-11f0-9ba0-fc3fdb83b633,2319A,true,Hoja,,,,,,,,1,false,3206296e-d0da-11f0-9ba0-fc3fdb83b633,
360339ac-d0da-11f0-9ba0-fc3fdb83b633,2319B,true,Rama,,,,,,,,1,false,3206296e-d0da-11f0-9ba0-fc3fdb83b633,
36037ead-d0da-11f0-9ba0-fc3fdb83b633,2319C,true,Hoja,,,,,,,,1,false,3206296e-d0da-11f0-9ba0-fc3fdb83b633,
3603c3b9-d0da-11f0-9ba0-fc3fdb83b633,2319D,true,Flor,,,,,,,,1,false,3206296e-d0da-11f0-9ba0-fc3fdb83b633,
360408a8-d0da-11f0-9ba0-fc3fdb83b633,2319E,true,Hoja,,,,,,,,1,false,3206296e-d0da-11f0-9ba0-fc3fdb83b633,
3604224b-d0da-11f0-9ba0-fc3fdb83b633,231A,true,Hoja,,,,,,,,1,false,31fb9db0-d0da-11f0-9ba0-fc3fdb83b633,
36046ec2-d0da-11f0-9ba0-fc3fdb83b633,231B,true,Hoja,,,,,,,,1,false,31fb9db0-d0da-11f0-9ba0-fc3fdb83b633,
3604b533-d0da-11f0-9ba0-fc3fdb83b633,231C,true,Hoja,,,,,,,,1,false,31fb9db0-d0da-11f0-9ba0-fc3fdb83b633,
36051da2-d0da-11f0-9ba0-fc3fdb83b633,231D,true,Hoja,,,,,,,,1,false,31fb9db0-d0da-11f0-9ba0-fc3fdb83b633,
3605bb09-d0da-11f0-9ba0-fc3fdb83b633,2320A,true,Hoja,,,,,,,,1,false,32062b20-d0da-11f0-9ba0-fc3fdb83b633,
3605ea40-d0da-11f0-9ba0-fc3fdb83b633,2320B,true,Flor,,,,,,,,1,false,32062b20-d0da-11f0-9ba0-fc3fdb83b633,
360618bd-d0da-11f0-9ba0-fc3fdb83b633,2320C,true,Rama,,,,,,,,1,false,32062b20-d0da-11f0-9ba0-fc3fdb83b633,
3606425b-d0da-11f0-9ba0-fc3fdb83b633,2320D,true,Hoja,,,,,,,,1,false,32062b20-d0da-11f0-9ba0-fc3fdb83b633,
360668c5-d0da-11f0-9ba0-fc3fdb83b633,2320E,true,Hoja,,,,,,,,1,false,32062b20-d0da-11f0-9ba0-fc3fdb83b633,
36068ff8-d0da-11f0-9ba0-fc3fdb83b633,2320F,true,Rama,,,,,,,,1,false,32062b20-d0da-11f0-9ba0-fc3fdb83b633,
3606b70e-d0da-11f0-9ba0-fc3fdb83b633,2320G,true,Hoja,,,,,,,,1,false,32062b20-d0da-11f0-9ba0-fc3fdb83b633,
3606ddc2-d0da-11f0-9ba0-fc3fdb83b633,2320H,true,Hoja,,,,,,,,1,false,32062b20-d0da-11f0-9ba0-fc3fdb83b633,
360701e2-d0da-11f0-9ba0-fc3fdb83b633,2320I,true,Flor,,,,,,,,1,false,32062b20-d0da-11f0-9ba0-fc3fdb83b633,
360727aa-d0da-11f0-9ba0-fc3fdb83b633,2321A,true,Hoja,,,,,,,,1,false,32062cd9-d0da-11f0-9ba0-fc3fdb83b633,
3607b194-d0da-11f0-9ba0-fc3fdb83b633,2321B,true,Rama,,,,,,,,1,false,32062cd9-d0da-11f0-9ba0-fc3fdb83b633,
3607f7cf-d0da-11f0-9ba0-fc3fdb83b633,2322A,true,Pecíolo,,,,,,,,1,false,32062e86-d0da-11f0-9ba0-fc3fdb83b633,
3608396c-d0da-11f0-9ba0-fc3fdb83b633,2322B,true,Rama,,,,,,,,1,false,32062e86-d0da-11f0-9ba0-fc3fdb83b633,
36087ac9-d0da-11f0-9ba0-fc3fdb83b633,2323A,true,Rama,,,,,,,,1,false,32063030-d0da-11f0-9ba0-fc3fdb83b633,
3608bca2-d0da-11f0-9ba0-fc3fdb83b633,2323B,true,Hoja,,,,,,,,1,false,32063030-d0da-11f0-9ba0-fc3fdb83b633,
3608fe68-d0da-11f0-9ba0-fc3fdb83b633,2323C,true,Hoja,,,,,,,,1,false,32063030-d0da-11f0-9ba0-fc3fdb83b633,
3609404d-d0da-11f0-9ba0-fc3fdb83b633,2323D,true,Rama,,,,,,,,1,false,32063030-d0da-11f0-9ba0-fc3fdb83b633,
3609836e-d0da-11f0-9ba0-fc3fdb83b633,2325A,true,Rama,,,,,,,,1,false,320631e6-d0da-11f0-9ba0-fc3fdb83b633,
3609c73a-d0da-11f0-9ba0-fc3fdb83b633,2325B,true,Hoja,,,,,,,,1,false,320631e6-d0da-11f0-9ba0-fc3fdb83b633,
360a177a-d0da-11f0-9ba0-fc3fdb83b633,2325C,true,Hoja,,,,,,,,1,false,320631e6-d0da-11f0-9ba0-fc3fdb83b633,
360a5c07-d0da-11f0-9ba0-fc3fdb83b633,2325D,true,Rama,,,,,,,,1,false,320631e6-d0da-11f0-9ba0-fc3fdb83b633,
360a9ac8-d0da-11f0-9ba0-fc3fdb83b633,2326A,true,Hoja,,,,,,,,1,false,3206339f-d0da-11f0-9ba0-fc3fdb83b633,
360abe92-d0da-11f0-9ba0-fc3fdb83b633,2326B,true,Hoja,,,,,,,,1,false,3206339f-d0da-11f0-9ba0-fc3fdb83b633,
360ae1c4-d0da-11f0-9ba0-fc3fdb83b633,2326C,true,Hoja,,,,,,,,1,false,3206339f-d0da-11f0-9ba0-fc3fdb83b633,
360b0501-d0da-11f0-9ba0-fc3fdb83b633,2326D,true,Hoja,,,,,,,,1,false,3206339f-d0da-11f0-9ba0-fc3fdb83b633,
360b2892-d0da-11f0-9ba0-fc3fdb83b633,2326E,true,Hoja,,,,,,,,1,false,3206339f-d0da-11f0-9ba0-fc3fdb83b633,
360b4bd1-d0da-11f0-9ba0-fc3fdb83b633,2327A,true,Raíz,,,,,,,,1,false,32063517-d0da-11f0-9ba0-fc3fdb83b633,
360b6ed2-d0da-11f0-9ba0-fc3fdb83b633,2327B,true,Hoja,,,,,,,,1,false,32063517-d0da-11f0-9ba0-fc3fdb83b633,
360b91e9-d0da-11f0-9ba0-fc3fdb83b633,2327C,true,Raíz,,,,,,,,1,false,32063517-d0da-11f0-9ba0-fc3fdb83b633,
360bb510-d0da-11f0-9ba0-fc3fdb83b633,2328A,true,Pecíolo,,,,,,,,1,false,320636a4-d0da-11f0-9ba0-fc3fdb83b633,
360bda1c-d0da-11f0-9ba0-fc3fdb83b633,2328B,true,Hoja,,,,,,,,1,false,320636a4-d0da-11f0-9ba0-fc3fdb83b633,
360bff70-d0da-11f0-9ba0-fc3fdb83b633,2328C,true,Hoja,,,,,,,,1,false,320636a4-d0da-11f0-9ba0-fc3fdb83b633,
360c3aaa-d0da-11f0-9ba0-fc3fdb83b633,2329A,true,Pecíolo,,,,,,,,1,false,32063839-d0da-11f0-9ba0-fc3fdb83b633,
360c760b-d0da-11f0-9ba0-fc3fdb83b633,2329B,true,Rama,,,,,,,,1,false,32063839-d0da-11f0-9ba0-fc3fdb83b633,
360ca4da-d0da-11f0-9ba0-fc3fdb83b633,232A,false,,,,,,,,,1,false,,3028055e-d0da-11f0-9ba0-fc3fdb83b633
360cac0e-d0da-11f0-9ba0-fc3fdb83b633,232B,true,Hoja,,,,,,,,1,false,31fb9fd1-d0da-11f0-9ba0-fc3fdb83b633,
360cd161-d0da-11f0-9ba0-fc3fdb83b633,232C,true,Tronco,,,,,,,,1,false,31fb9fd1-d0da-11f0-9ba0-fc3fdb83b633,
360d0d32-d0da-11f0-9ba0-fc3fdb83b633,2330A,true,Rama,,,,,,,,1,false,320639d2-d0da-11f0-9ba0-fc3fdb83b633,
360d317b-d0da-11f0-9ba0-fc3fdb83b633,2330B,true,Hoja,,,,,,,,1,false,320639d2-d0da-11f0-9ba0-fc3fdb83b633,
360d54bc-d0da-11f0-9ba0-fc3fdb83b633,2330C,true,Hoja,,,,,,,,1,false,320639d2-d0da-11f0-9ba0-fc3fdb83b633,
360d7afe-d0da-11f0-9ba0-fc3fdb83b633,2331A,true,Hoja,,,,,,,,1,false,32063b56-d0da-11f0-9ba0-fc3fdb83b633,
360da4fb-d0da-11f0-9ba0-fc3fdb83b633,2331B,true,Hoja,,,,,,,,1,false,32063b56-d0da-11f0-9ba0-fc3fdb83b633,
360dc871-d0da-11f0-9ba0-fc3fdb83b633,2336A,true,Hoja,,,,,,,,1,false,3205ed52-d0da-11f0-9ba0-fc3fdb83b633,
360dedf0-d0da-11f0-9ba0-fc3fdb83b633,2337A,true,Hoja,,,,,,,,1,false,3205f0c1-d0da-11f0-9ba0-fc3fdb83b633,
360e1114-d0da-11f0-9ba0-fc3fdb83b633,2337B,true,Hoja,,,,,,,,1,false,3205f0c1-d0da-11f0-9ba0-fc3fdb83b633,
360e489e-d0da-11f0-9ba0-fc3fdb83b633,2337C,true,Hoja,,,,,,,,1,false,3205f0c1-d0da-11f0-9ba0-fc3fdb83b633,
360e8a70-d0da-11f0-9ba0-fc3fdb83b633,2337D,true,Hoja,,,,,,,,1,false,3205f0c1-d0da-11f0-9ba0-fc3fdb83b633,
360ecdf1-d0da-11f0-9ba0-fc3fdb83b633,2337E,true,Hoja,,,,,,,,1,false,3205f0c1-d0da-11f0-9ba0-fc3fdb83b633,
360f82b3-d0da-11f0-9ba0-fc3fdb83b633,2338A,true,Hoja,,,,,,,,1,false,32063d39-d0da-11f0-9ba0-fc3fdb83b633,
360fc5e4-d0da-11f0-9ba0-fc3fdb83b633,2341A,true,Pecíolo,,,,,,,,1,false,32063ec9-d0da-11f0-9ba0-fc3fdb83b633,
361008cd-d0da-11f0-9ba0-fc3fdb83b633,2341B,true,Raíz,,,,,,,,1,false,32063ec9-d0da-11f0-9ba0-fc3fdb83b633,
36104a86-d0da-11f0-9ba0-fc3fdb83b633,2341C,true,Raíz,,,,,,,,1,false,32063ec9-d0da-11f0-9ba0-fc3fdb83b633,
36108bb9-d0da-11f0-9ba0-fc3fdb83b633,2342A,true,Hoja,,,,,,,,1,false,3206403a-d0da-11f0-9ba0-fc3fdb83b633,
3610cd4f-d0da-11f0-9ba0-fc3fdb83b633,2342B,true,Rama,,,,,,,,1,false,3206403a-d0da-11f0-9ba0-fc3fdb83b633,
36110f3c-d0da-11f0-9ba0-fc3fdb83b633,2342C,true,Hoja,,,,,,,,1,false,3206403a-d0da-11f0-9ba0-fc3fdb83b633,
3611526b-d0da-11f0-9ba0-fc3fdb83b633,2343A,true,Hoja,,,,,,,,1,false,320641b8-d0da-11f0-9ba0-fc3fdb83b633,
3611a305-d0da-11f0-9ba0-fc3fdb83b633,2343B,true,Hoja,,,,,,,,1,false,320641b8-d0da-11f0-9ba0-fc3fdb83b633,
3611e956-d0da-11f0-9ba0-fc3fdb83b633,2343C,true,Hoja,,,,,,,,1,false,320641b8-d0da-11f0-9ba0-fc3fdb83b633,
36122e54-d0da-11f0-9ba0-fc3fdb83b633,2343D,true,Hoja,,,,,,,,1,false,320641b8-d0da-11f0-9ba0-fc3fdb83b633,
361271f2-d0da-11f0-9ba0-fc3fdb83b633,2344A,true,Rama,,,,,,,,1,false,32064330-d0da-11f0-9ba0-fc3fdb83b633,
3612b4a4-d0da-11f0-9ba0-fc3fdb83b633,2344B,true,Hoja,,,,,,,,1,false,32064330-d0da-11f0-9ba0-fc3fdb83b633,
3612f769-d0da-11f0-9ba0-fc3fdb83b633,2345A,true,Hoja,,,,,,,,1,false,32064bb3-d0da-11f0-9ba0-fc3fdb83b633,
36133a51-d0da-11f0-9ba0-fc3fdb83b633,2345B,true,Hoja,,,,,,,,1,false,32064bb3-d0da-11f0-9ba0-fc3fdb83b633,
36137d2e-d0da-11f0-9ba0-fc3fdb83b633,2345C,true,Hoja,,,,,,,,1,false,32064bb3-d0da-11f0-9ba0-fc3fdb83b633,
3613bc87-d0da-11f0-9ba0-fc3fdb83b633,2346A,true,Hoja,,,,,,,,1,false,32065083-d0da-11f0-9ba0-fc3fdb83b633,
3614012b-d0da-11f0-9ba0-fc3fdb83b633,2346B,true,Hoja,,,,,,,,1,false,32065083-d0da-11f0-9ba0-fc3fdb83b633,
36144692-d0da-11f0-9ba0-fc3fdb83b633,2346C,true,Hoja,,,,,,,,1,false,32065083-d0da-11f0-9ba0-fc3fdb83b633,
361488c3-d0da-11f0-9ba0-fc3fdb83b633,2346D,true,Hoja,,,,,,,,1,false,32065083-d0da-11f0-9ba0-fc3fdb83b633,
3614caf5-d0da-11f0-9ba0-fc3fdb83b633,2346E,true,Hoja,,,,,,,,1,false,32065083-d0da-11f0-9ba0-fc3fdb83b633,
36150c4c-d0da-11f0-9ba0-fc3fdb83b633,2346F,true,Hoja,,,,,,,,1,false,32065083-d0da-11f0-9ba0-fc3fdb83b633,
36154a26-d0da-11f0-9ba0-fc3fdb83b633,2346G,true,Hoja,,,,,,,,1,false,32065083-d0da-11f0-9ba0-fc3fdb83b633,
36156f12-d0da-11f0-9ba0-fc3fdb83b633,2346H,true,Hoja,,,,,,,,1,false,32065083-d0da-11f0-9ba0-fc3fdb83b633,
36159273-d0da-11f0-9ba0-fc3fdb83b633,2346I,true,Hoja,,,,,,,,1,false,32065083-d0da-11f0-9ba0-fc3fdb83b633,
3615b6b5-d0da-11f0-9ba0-fc3fdb83b633,2346J,true,Hoja,,,,,,,,1,false,32065083-d0da-11f0-9ba0-fc3fdb83b633,
3615d9f2-d0da-11f0-9ba0-fc3fdb83b633,2348A,true,Hoja,,,,,,,,1,false,320653d1-d0da-11f0-9ba0-fc3fdb83b633,
36160eb5-d0da-11f0-9ba0-fc3fdb83b633,2348B,true,Hoja,,,,,,,,1,false,320653d1-d0da-11f0-9ba0-fc3fdb83b633,
36167570-d0da-11f0-9ba0-fc3fdb83b633,2348C,true,Hoja,,,,,,,,1,false,320653d1-d0da-11f0-9ba0-fc3fdb83b633,
3616e3b9-d0da-11f0-9ba0-fc3fdb83b633,2348D,true,Hoja,,,,,,,,1,false,320653d1-d0da-11f0-9ba0-fc3fdb83b633,
3617420f-d0da-11f0-9ba0-fc3fdb83b633,2348E,true,Hoja,,,,,,,,1,false,320653d1-d0da-11f0-9ba0-fc3fdb83b633,
36176663-d0da-11f0-9ba0-fc3fdb83b633,2349A,true,Hoja,,,,,,,,1,false,320656db-d0da-11f0-9ba0-fc3fdb83b633,
36178956-d0da-11f0-9ba0-fc3fdb83b633,2349B,true,Hoja,,,,,,,,1,false,320656db-d0da-11f0-9ba0-fc3fdb83b633,
36179a18-d0da-11f0-9ba0-fc3fdb83b633,234A,true,Hoja,,,,,,,,1,false,31fd796c-d0da-11f0-9ba0-fc3fdb83b633,
3617bced-d0da-11f0-9ba0-fc3fdb83b633,234B,true,Hoja,,,,,,,,1,false,31fd796c-d0da-11f0-9ba0-fc3fdb83b633,
3617dfba-d0da-11f0-9ba0-fc3fdb83b633,234C,true,Hoja,,,,,,,,1,false,31fd796c-d0da-11f0-9ba0-fc3fdb83b633,
3618028e-d0da-11f0-9ba0-fc3fdb83b633,234D,true,Hoja,,,,,,,,1,false,31fd796c-d0da-11f0-9ba0-fc3fdb83b633,
36183a3e-d0da-11f0-9ba0-fc3fdb83b633,2350A,true,Pecíolo,,,,,,,,1,false,32065a62-d0da-11f0-9ba0-fc3fdb83b633,
3618679f-d0da-11f0-9ba0-fc3fdb83b633,2350B,true,Pecíolo,,,,,,,,1,false,32065a62-d0da-11f0-9ba0-fc3fdb83b633,
36188e24-d0da-11f0-9ba0-fc3fdb83b633,2351A,true,Hoja,,,,,,,,1,false,32065f2d-d0da-11f0-9ba0-fc3fdb83b633,
3618b250-d0da-11f0-9ba0-fc3fdb83b633,2353A,true,Hoja,,,,,,,,1,false,32066160-d0da-11f0-9ba0-fc3fdb83b633,
3618d6f3-d0da-11f0-9ba0-fc3fdb83b633,2353B,true,Hoja,,,,,,,,1,false,32066160-d0da-11f0-9ba0-fc3fdb83b633,
3618fb03-d0da-11f0-9ba0-fc3fdb83b633,2354A,true,Hoja,,,,,,,,1,false,32066386-d0da-11f0-9ba0-fc3fdb83b633,
36193aa4-d0da-11f0-9ba0-fc3fdb83b633,2354B,true,Hoja,,,,,,,,1,false,32066386-d0da-11f0-9ba0-fc3fdb83b633,
36197e4b-d0da-11f0-9ba0-fc3fdb83b633,2354C,true,Hoja,,,,,,,,1,false,32066386-d0da-11f0-9ba0-fc3fdb83b633,
3619c9e1-d0da-11f0-9ba0-fc3fdb83b633,2354D,true,Hoja,,,,,,,,1,false,32066386-d0da-11f0-9ba0-fc3fdb83b633,
361a1103-d0da-11f0-9ba0-fc3fdb83b633,2355A,true,Pecíolo,,,,,,,,1,false,32066554-d0da-11f0-9ba0-fc3fdb83b633,
361a5693-d0da-11f0-9ba0-fc3fdb83b633,2355B,true,Pecíolo,,,,,,,,1,false,32066554-d0da-11f0-9ba0-fc3fdb83b633,
361a9ba0-d0da-11f0-9ba0-fc3fdb83b633,2356A,true,Rama,,,,,,,,1,false,320666e6-d0da-11f0-9ba0-fc3fdb83b633,
361ae019-d0da-11f0-9ba0-fc3fdb83b633,2357A,true,Rama,,,,,,,,1,false,3206687a-d0da-11f0-9ba0-fc3fdb83b633,
361b24d0-d0da-11f0-9ba0-fc3fdb83b633,2357B,true,Hoja,,,,,,,,1,false,3206687a-d0da-11f0-9ba0-fc3fdb83b633,
361b6ae3-d0da-11f0-9ba0-fc3fdb83b633,2357C,true,Hoja,,,,,,,,1,false,3206687a-d0da-11f0-9ba0-fc3fdb83b633,
361bb07c-d0da-11f0-9ba0-fc3fdb83b633,2357D,true,Hoja,,,,,,,,1,false,3206687a-d0da-11f0-9ba0-fc3fdb83b633,
361bda4c-d0da-11f0-9ba0-fc3fdb83b633,2357E,true,Hoja,,,,,,,,1,false,3206687a-d0da-11f0-9ba0-fc3fdb83b633,
361c026f-d0da-11f0-9ba0-fc3fdb83b633,2357F,true,Hoja,,,,,,,,1,false,3206687a-d0da-11f0-9ba0-fc3fdb83b633,
361c2a9b-d0da-11f0-9ba0-fc3fdb83b633,2358A,true,Hoja,,,,,,,,1,false,32066a18-d0da-11f0-9ba0-fc3fdb83b633,
361c527a-d0da-11f0-9ba0-fc3fdb83b633,2358B,true,Hoja,,,,,,,,1,false,32066a18-d0da-11f0-9ba0-fc3fdb83b633,
361c7a56-d0da-11f0-9ba0-fc3fdb83b633,2358C,true,Hoja,,,,,,,,1,false,32066a18-d0da-11f0-9ba0-fc3fdb83b633,
361ca235-d0da-11f0-9ba0-fc3fdb83b633,2358D,true,Hoja,,,,,,,,1,false,32066a18-d0da-11f0-9ba0-fc3fdb83b633,
361cdf83-d0da-11f0-9ba0-fc3fdb83b633,2359A,true,Pecíolo,,,,,,,,1,false,32066bbe-d0da-11f0-9ba0-fc3fdb83b633,
361d2345-d0da-11f0-9ba0-fc3fdb83b633,2359B,true,Hoja,,,,,,,,1,false,32066bbe-d0da-11f0-9ba0-fc3fdb83b633,
361d67c4-d0da-11f0-9ba0-fc3fdb83b633,2359C,true,Hoja,,,,,,,,1,false,32066bbe-d0da-11f0-9ba0-fc3fdb83b633,
361d8842-d0da-11f0-9ba0-fc3fdb83b633,235A,true,Hoja,,,,,,,,1,false,31fd7c01-d0da-11f0-9ba0-fc3fdb83b633,
361dcba6-d0da-11f0-9ba0-fc3fdb83b633,235B,true,Hoja,,,,,,,,1,false,31fd7c01-d0da-11f0-9ba0-fc3fdb83b633,
361e1078-d0da-11f0-9ba0-fc3fdb83b633,235C,true,Hoja,,,,,,,,1,false,31fd7c01-d0da-11f0-9ba0-fc3fdb83b633,
361e59a6-d0da-11f0-9ba0-fc3fdb83b633,235D,true,Hoja,,,,,,,,1,false,31fd7c01-d0da-11f0-9ba0-fc3fdb83b633,
361ec18d-d0da-11f0-9ba0-fc3fdb83b633,2360A,true,Hoja,,,,,,,,1,false,32066d76-d0da-11f0-9ba0-fc3fdb83b633,
361f057c-d0da-11f0-9ba0-fc3fdb83b633,2360B,true,Hoja,,,,,,,,1,false,32066d76-d0da-11f0-9ba0-fc3fdb83b633,
361f48cc-d0da-11f0-9ba0-fc3fdb83b633,2360C,true,Hoja,,,,,,,,1,false,32066d76-d0da-11f0-9ba0-fc3fdb83b633,
361f8c00-d0da-11f0-9ba0-fc3fdb83b633,2360D,true,Rama,,,,,,,,1,false,32066d76-d0da-11f0-9ba0-fc3fdb83b633,
361fd244-d0da-11f0-9ba0-fc3fdb83b633,2361A,true,Hoja,,,,,,,,1,false,32066f0c-d0da-11f0-9ba0-fc3fdb83b633,
36201948-d0da-11f0-9ba0-fc3fdb83b633,2361B,true,Hoja,,,,,,,,1,false,32066f0c-d0da-11f0-9ba0-fc3fdb83b633,
36205e84-d0da-11f0-9ba0-fc3fdb83b633,2361C,true,Hoja,,,,,,,,1,false,32066f0c-d0da-11f0-9ba0-fc3fdb83b633,
3620a25f-d0da-11f0-9ba0-fc3fdb83b633,2361D,true,Hoja,,,,,,,,1,false,32066f0c-d0da-11f0-9ba0-fc3fdb83b633,
3620e67b-d0da-11f0-9ba0-fc3fdb83b633,2361E,true,Hoja,,,,,,,,1,false,32066f0c-d0da-11f0-9ba0-fc3fdb83b633,
36212a5e-d0da-11f0-9ba0-fc3fdb83b633,2361F,true,Hoja,,,,,,,,1,false,32066f0c-d0da-11f0-9ba0-fc3fdb83b633,
36216ec8-d0da-11f0-9ba0-fc3fdb83b633,2361G,true,Hoja,,,,,,,,1,false,32066f0c-d0da-11f0-9ba0-fc3fdb83b633,
3621b2d2-d0da-11f0-9ba0-fc3fdb83b633,2361H,true,Hoja,,,,,,,,1,false,32066f0c-d0da-11f0-9ba0-fc3fdb83b633,
3621f6d9-d0da-11f0-9ba0-fc3fdb83b633,2361I,true,Hoja,,,,,,,,1,false,32066f0c-d0da-11f0-9ba0-fc3fdb83b633,
36224140-d0da-11f0-9ba0-fc3fdb83b633,2361J,true,Hoja,,,,,,,,1,false,32066f0c-d0da-11f0-9ba0-fc3fdb83b633,
362286f4-d0da-11f0-9ba0-fc3fdb83b633,2361K,true,Hoja,,,,,,,,1,false,32066f0c-d0da-11f0-9ba0-fc3fdb83b633,
3622cbf6-d0da-11f0-9ba0-fc3fdb83b633,2361L,true,Hoja,,,,,,,,1,false,32066f0c-d0da-11f0-9ba0-fc3fdb83b633,
36230969-d0da-11f0-9ba0-fc3fdb83b633,2361M,true,Hoja,,,,,,,,1,false,32066f0c-d0da-11f0-9ba0-fc3fdb83b633,
362333ea-d0da-11f0-9ba0-fc3fdb83b633,2361N,true,Hoja,,,,,,,,1,false,32066f0c-d0da-11f0-9ba0-fc3fdb83b633,
36236204-d0da-11f0-9ba0-fc3fdb83b633,2361O,true,Hoja,,,,,,,,1,false,32066f0c-d0da-11f0-9ba0-fc3fdb83b633,
36238927-d0da-11f0-9ba0-fc3fdb83b633,2361P,true,Hoja,,,,,,,,1,false,32066f0c-d0da-11f0-9ba0-fc3fdb83b633,
3623adf7-d0da-11f0-9ba0-fc3fdb83b633,2361Q,true,Hoja,,,,,,,,1,false,32066f0c-d0da-11f0-9ba0-fc3fdb83b633,
3623d230-d0da-11f0-9ba0-fc3fdb83b633,2361R,true,Hoja,,,,,,,,1,false,32066f0c-d0da-11f0-9ba0-fc3fdb83b633,
3623f7c9-d0da-11f0-9ba0-fc3fdb83b633,2361S,true,Hoja,,,,,,,,1,false,32066f0c-d0da-11f0-9ba0-fc3fdb83b633,
36241bf5-d0da-11f0-9ba0-fc3fdb83b633,2361T,true,Hoja,,,,,,,,1,false,32066f0c-d0da-11f0-9ba0-fc3fdb83b633,
36244016-d0da-11f0-9ba0-fc3fdb83b633,2362A,true,Raíz,,,,,,,,1,false,320670a7-d0da-11f0-9ba0-fc3fdb83b633,
36246714-d0da-11f0-9ba0-fc3fdb83b633,2362B,true,Hoja,,,,,,,,1,false,320670a7-d0da-11f0-9ba0-fc3fdb83b633,
3624947a-d0da-11f0-9ba0-fc3fdb83b633,2362C,true,Pecíolo,,,,,,,,1,false,320670a7-d0da-11f0-9ba0-fc3fdb83b633,
3624bccd-d0da-11f0-9ba0-fc3fdb83b633,2362D,true,Pecíolo,,,,,,,,1,false,320670a7-d0da-11f0-9ba0-fc3fdb83b633,
3624f672-d0da-11f0-9ba0-fc3fdb83b633,2362E,true,Pecíolo,,,,,,,,1,false,320670a7-d0da-11f0-9ba0-fc3fdb83b633,
3625592c-d0da-11f0-9ba0-fc3fdb83b633,2362F,true,Raíz,,,,,,,,1,false,320670a7-d0da-11f0-9ba0-fc3fdb83b633,
3625e488-d0da-11f0-9ba0-fc3fdb83b633,2362G,true,Hoja,,,,,,,,1,false,320670a7-d0da-11f0-9ba0-fc3fdb83b633,
36263e3e-d0da-11f0-9ba0-fc3fdb83b633,2362H,true,Hoja,,,,,,,,1,false,320670a7-d0da-11f0-9ba0-fc3fdb83b633,
36268545-d0da-11f0-9ba0-fc3fdb83b633,2362I,true,Pecíolo,,,,,,,,1,false,320670a7-d0da-11f0-9ba0-fc3fdb83b633,
3626a650-d0da-11f0-9ba0-fc3fdb83b633,237A,true,Hoja,,,,,,,,1,false,31fd7e96-d0da-11f0-9ba0-fc3fdb83b633,
3626ebdf-d0da-11f0-9ba0-fc3fdb83b633,237B,true,Hoja,,,,,,,,1,false,31fd7e96-d0da-11f0-9ba0-fc3fdb83b633,
362730f5-d0da-11f0-9ba0-fc3fdb83b633,238A,true,Hoja,,,,,,,,1,false,31fd84a3-d0da-11f0-9ba0-fc3fdb83b633,3028045f-d0da-11f0-9ba0-fc3fdb83b633
36277728-d0da-11f0-9ba0-fc3fdb83b633,238B,true,Hoja,,,,,,,,1,false,31fd84a3-d0da-11f0-9ba0-fc3fdb83b633,
3627baaa-d0da-11f0-9ba0-fc3fdb83b633,239A,true,Hoja,,,,,,,,1,false,31fd8722-d0da-11f0-9ba0-fc3fdb83b633,3028049e-d0da-11f0-9ba0-fc3fdb83b633
3627f18b-d0da-11f0-9ba0-fc3fdb83b633,23A,true,Hoja,,,,,,,,1,false,31fa2ae8-d0da-11f0-9ba0-fc3fdb83b633,3027edbd-d0da-11f0-9ba0-fc3fdb83b633
3628356d-d0da-11f0-9ba0-fc3fdb83b633,23B,true,Tronco,,,,,,,,1,false,31fa2ae8-d0da-11f0-9ba0-fc3fdb83b633,3027edbd-d0da-11f0-9ba0-fc3fdb83b633
36287d2e-d0da-11f0-9ba0-fc3fdb83b633,23C,true,Hoja,,,,,,,,1,false,31fa2ae8-d0da-11f0-9ba0-fc3fdb83b633,3027f5d4-d0da-11f0-9ba0-fc3fdb83b633
3628f2e5-d0da-11f0-9ba0-fc3fdb83b633,2417A,true,Rama,,,,,,,,1,false,3206724b-d0da-11f0-9ba0-fc3fdb83b633,
362936da-d0da-11f0-9ba0-fc3fdb83b633,2417B,true,Rama,,,,,,,,1,false,3206724b-d0da-11f0-9ba0-fc3fdb83b633,
36297b60-d0da-11f0-9ba0-fc3fdb83b633,2417C,true,Rama,,,,,,,,1,false,3206724b-d0da-11f0-9ba0-fc3fdb83b633,
3629bea1-d0da-11f0-9ba0-fc3fdb83b633,2418A,true,Rama,,,,,,,,1,false,320673bf-d0da-11f0-9ba0-fc3fdb83b633,
362a21d6-d0da-11f0-9ba0-fc3fdb83b633,2418B,true,Hoja,,,,,,,,1,false,320673bf-d0da-11f0-9ba0-fc3fdb83b633,
362a836e-d0da-11f0-9ba0-fc3fdb83b633,2418C,true,Fruto,,,,,,,,1,false,320673bf-d0da-11f0-9ba0-fc3fdb83b633,
362ad887-d0da-11f0-9ba0-fc3fdb83b633,2418D,true,Fruto,,,,,,,,1,false,320673bf-d0da-11f0-9ba0-fc3fdb83b633,
362b3cfc-d0da-11f0-9ba0-fc3fdb83b633,2419A,true,Raíz,,,,,,,,1,false,3206752d-d0da-11f0-9ba0-fc3fdb83b633,
362b81c6-d0da-11f0-9ba0-fc3fdb83b633,2419B,true,Raíz,,,,,,,,1,false,3206752d-d0da-11f0-9ba0-fc3fdb83b633,
362bc73d-d0da-11f0-9ba0-fc3fdb83b633,2419C,true,Raíz,,,,,,,,1,false,3206752d-d0da-11f0-9ba0-fc3fdb83b633,
362be741-d0da-11f0-9ba0-fc3fdb83b633,241A,true,Hoja,,,,,,,,1,false,31fd899a-d0da-11f0-9ba0-fc3fdb83b633,
362c2dd7-d0da-11f0-9ba0-fc3fdb83b633,241B,true,Hoja,,,,,,,,1,false,31fd899a-d0da-11f0-9ba0-fc3fdb83b633,
362c9913-d0da-11f0-9ba0-fc3fdb83b633,2420A,true,Raíz,,,,,,,,1,false,320676a4-d0da-11f0-9ba0-fc3fdb83b633,
362cc2bf-d0da-11f0-9ba0-fc3fdb83b633,2420B,true,Raíz,,,,,,,,1,false,320676a4-d0da-11f0-9ba0-fc3fdb83b633,
362cea5d-d0da-11f0-9ba0-fc3fdb83b633,2420C,true,Raíz,,,,,,,,1,false,320676a4-d0da-11f0-9ba0-fc3fdb83b633,
362d0e8a-d0da-11f0-9ba0-fc3fdb83b633,2420D,true,Raíz,,,,,,,,1,false,320676a4-d0da-11f0-9ba0-fc3fdb83b633,
362d329d-d0da-11f0-9ba0-fc3fdb83b633,2420E,true,Raíz,,,,,,,,1,false,320676a4-d0da-11f0-9ba0-fc3fdb83b633,
362d56b6-d0da-11f0-9ba0-fc3fdb83b633,2421A,true,Raíz,,,,,,,,1,false,32067823-d0da-11f0-9ba0-fc3fdb83b633,
362d8eba-d0da-11f0-9ba0-fc3fdb83b633,2421B,true,Pecíolo,,,,,,,,1,false,32067823-d0da-11f0-9ba0-fc3fdb83b633,
362dbcc8-d0da-11f0-9ba0-fc3fdb83b633,2421C,true,Hoja,,,,,,,,1,false,32067823-d0da-11f0-9ba0-fc3fdb83b633,
362de765-d0da-11f0-9ba0-fc3fdb83b633,2421D,true,Rama,,,,,,,,1,false,32067823-d0da-11f0-9ba0-fc3fdb83b633,
362e0f55-d0da-11f0-9ba0-fc3fdb83b633,2422A,true,Hoja,,,,,,,,1,false,320679ba-d0da-11f0-9ba0-fc3fdb83b633,
362e3638-d0da-11f0-9ba0-fc3fdb83b633,2422B,true,Hoja,,,,,,,,1,false,320679ba-d0da-11f0-9ba0-fc3fdb83b633,
362e5a60-d0da-11f0-9ba0-fc3fdb83b633,2422C,true,Pecíolo,,,,,,,,1,false,320679ba-d0da-11f0-9ba0-fc3fdb83b633,
362e7efb-d0da-11f0-9ba0-fc3fdb83b633,2422D,true,Pecíolo,,,,,,,,1,false,320679ba-d0da-11f0-9ba0-fc3fdb83b633,
362ea317-d0da-11f0-9ba0-fc3fdb83b633,2423A,true,Raíz,,,,,,,,1,false,32067b99-d0da-11f0-9ba0-fc3fdb83b633,
362ec707-d0da-11f0-9ba0-fc3fdb83b633,2423B,true,Rama,,,,,,,,1,false,32067b99-d0da-11f0-9ba0-fc3fdb83b633,
362eeaf9-d0da-11f0-9ba0-fc3fdb83b633,2423C,true,Hoja,,,,,,,,1,false,32067b99-d0da-11f0-9ba0-fc3fdb83b633,
362f2256-d0da-11f0-9ba0-fc3fdb83b633,2423D,true,Hoja,,,,,,,,1,false,32067b99-d0da-11f0-9ba0-fc3fdb83b633,
362f658a-d0da-11f0-9ba0-fc3fdb83b633,2423E,true,Raíz,,,,,,,,1,false,32067b99-d0da-11f0-9ba0-fc3fdb83b633,
362fa965-d0da-11f0-9ba0-fc3fdb83b633,2423F,true,Hoja,,,,,,,,1,false,32067b99-d0da-11f0-9ba0-fc3fdb83b633,
362fec86-d0da-11f0-9ba0-fc3fdb83b633,2423G,true,Hoja,,,,,,,,1,false,32067b99-d0da-11f0-9ba0-fc3fdb83b633,
363031c4-d0da-11f0-9ba0-fc3fdb83b633,2425A,true,Hoja,,,,,,,,1,false,32067d31-d0da-11f0-9ba0-fc3fdb83b633,
3630748d-d0da-11f0-9ba0-fc3fdb83b633,2425B,true,Hoja,,,,,,,,1,false,32067d31-d0da-11f0-9ba0-fc3fdb83b633,
3630b880-d0da-11f0-9ba0-fc3fdb83b633,2425C,true,Pecíolo,,,,,,,,1,false,32067d31-d0da-11f0-9ba0-fc3fdb83b633,
3630fb57-d0da-11f0-9ba0-fc3fdb83b633,2425D,true,Hoja,,,,,,,,1,false,32067d31-d0da-11f0-9ba0-fc3fdb83b633,
36313eed-d0da-11f0-9ba0-fc3fdb83b633,2427A,true,Pecíolo,,,,,,,,1,false,32067ede-d0da-11f0-9ba0-fc3fdb83b633,
3631832a-d0da-11f0-9ba0-fc3fdb83b633,2428A,true,Rama,,,,,,,,1,false,3206806a-d0da-11f0-9ba0-fc3fdb83b633,
3631c682-d0da-11f0-9ba0-fc3fdb83b633,2429A,true,Hoja,,,,,,,,1,false,32068213-d0da-11f0-9ba0-fc3fdb83b633,
363209a6-d0da-11f0-9ba0-fc3fdb83b633,2429B,true,Hoja,,,,,,,,1,false,32068213-d0da-11f0-9ba0-fc3fdb83b633,
363254e9-d0da-11f0-9ba0-fc3fdb83b633,2429C,true,Hoja,,,,,,,,1,false,32068213-d0da-11f0-9ba0-fc3fdb83b633,
36328ace-d0da-11f0-9ba0-fc3fdb83b633,242B,true,Hoja,,,,,,,,1,false,31fd8c19-d0da-11f0-9ba0-fc3fdb83b633,
3632db6d-d0da-11f0-9ba0-fc3fdb83b633,242C,true,Hoja,,,,,,,,1,false,31fd8c19-d0da-11f0-9ba0-fc3fdb83b633,302804de-d0da-11f0-9ba0-fc3fdb83b633
363304ce-d0da-11f0-9ba0-fc3fdb83b633,242D,true,Hoja,,,,,,,,1,false,31fd8c19-d0da-11f0-9ba0-fc3fdb83b633,
363329eb-d0da-11f0-9ba0-fc3fdb83b633,242E,true,Hoja,,,,,,,,1,false,31fd8c19-d0da-11f0-9ba0-fc3fdb83b633,
36336385-d0da-11f0-9ba0-fc3fdb83b633,2430A,true,Rama,,,,,,,,1,false,320683ac-d0da-11f0-9ba0-fc3fdb83b633,
3633878a-d0da-11f0-9ba0-fc3fdb83b633,2430B,true,Hoja,,,,,,,,1,false,320683ac-d0da-11f0-9ba0-fc3fdb83b633,
3633ac21-d0da-11f0-9ba0-fc3fdb83b633,2430C,true,Hoja,,,,,,,,1,false,320683ac-d0da-11f0-9ba0-fc3fdb83b633,
3633d876-d0da-11f0-9ba0-fc3fdb83b633,2430D,true,Hoja,,,,,,,,1,false,320683ac-d0da-11f0-9ba0-fc3fdb83b633,
3633fe61-d0da-11f0-9ba0-fc3fdb83b633,2438A,true,Raíz,,,,,,,,1,false,3206853c-d0da-11f0-9ba0-fc3fdb83b633,
3634225e-d0da-11f0-9ba0-fc3fdb83b633,2438B,true,Raíz,,,,,,,,1,false,3206853c-d0da-11f0-9ba0-fc3fdb83b633,
36345634-d0da-11f0-9ba0-fc3fdb83b633,2438C,true,Rama,,,,,,,,1,false,3206853c-d0da-11f0-9ba0-fc3fdb83b633,
36349c96-d0da-11f0-9ba0-fc3fdb83b633,2438D,true,Rama,,,,,,,,1,false,3206853c-d0da-11f0-9ba0-fc3fdb83b633,
3634e1aa-d0da-11f0-9ba0-fc3fdb83b633,2438E,true,Hoja,,,,,,,,1,false,3206853c-d0da-11f0-9ba0-fc3fdb83b633,
363554d0-d0da-11f0-9ba0-fc3fdb83b633,2438F,true,Raíz,,,,,,,,1,false,3206853c-d0da-11f0-9ba0-fc3fdb83b633,
36359ca6-d0da-11f0-9ba0-fc3fdb83b633,2438G,true,Raíz,,,,,,,,1,false,3206853c-d0da-11f0-9ba0-fc3fdb83b633,
3635e6b6-d0da-11f0-9ba0-fc3fdb83b633,2438H,true,Raíz,,,,,,,,1,false,3206853c-d0da-11f0-9ba0-fc3fdb83b633,
36360fdc-d0da-11f0-9ba0-fc3fdb83b633,2439A,true,Raíz,,,,,,,,1,false,320686c8-d0da-11f0-9ba0-fc3fdb83b633,
363635b6-d0da-11f0-9ba0-fc3fdb83b633,2439B,true,Pecíolo,,,,,,,,1,false,320686c8-d0da-11f0-9ba0-fc3fdb83b633,
36365cb3-d0da-11f0-9ba0-fc3fdb83b633,2439C,true,Pecíolo,,,,,,,,1,false,320686c8-d0da-11f0-9ba0-fc3fdb83b633,
36368129-d0da-11f0-9ba0-fc3fdb83b633,2439D,true,Raíz,,,,,,,,1,false,320686c8-d0da-11f0-9ba0-fc3fdb83b633,
3636a9aa-d0da-11f0-9ba0-fc3fdb83b633,2439E,true,Hoja,,,,,,,,1,false,320686c8-d0da-11f0-9ba0-fc3fdb83b633,
3636c9d0-d0da-11f0-9ba0-fc3fdb83b633,243A,true,Hoja,,,,,,,,1,false,31fd8e93-d0da-11f0-9ba0-fc3fdb83b633,
363727f7-d0da-11f0-9ba0-fc3fdb83b633,243B,true,Hoja,,,,,,,,1,false,31fd8e93-d0da-11f0-9ba0-fc3fdb83b633,
36378708-d0da-11f0-9ba0-fc3fdb83b633,243C,true,Hoja,,,,,,,,1,false,31fd8e93-d0da-11f0-9ba0-fc3fdb83b633,
3637d1be-d0da-11f0-9ba0-fc3fdb83b633,243D,true,Hoja,,,,,,,,1,false,31fd8e93-d0da-11f0-9ba0-fc3fdb83b633,
36381023-d0da-11f0-9ba0-fc3fdb83b633,2440A,true,Hoja,,,,,,,,1,false,32068830-d0da-11f0-9ba0-fc3fdb83b633,
36383816-d0da-11f0-9ba0-fc3fdb83b633,2440B,true,Hoja,,,,,,,,1,false,32068830-d0da-11f0-9ba0-fc3fdb83b633,
363862fd-d0da-11f0-9ba0-fc3fdb83b633,2441A,true,Rama,,,,,,,,1,false,320689a3-d0da-11f0-9ba0-fc3fdb83b633,
36388d85-d0da-11f0-9ba0-fc3fdb83b633,2441B,true,Rama,,,,,,,,1,false,320689a3-d0da-11f0-9ba0-fc3fdb83b633,
3638b55a-d0da-11f0-9ba0-fc3fdb83b633,2441C,true,Hoja,,,,,,,,1,false,320689a3-d0da-11f0-9ba0-fc3fdb83b633,
3638dd29-d0da-11f0-9ba0-fc3fdb83b633,2441D,true,Pecíolo,,,,,,,,1,false,320689a3-d0da-11f0-9ba0-fc3fdb83b633,
363904a9-d0da-11f0-9ba0-fc3fdb83b633,2441E,true,Pecíolo,,,,,,,,1,false,320689a3-d0da-11f0-9ba0-fc3fdb83b633,
36392b43-d0da-11f0-9ba0-fc3fdb83b633,2441F,true,Hoja,,,,,,,,1,false,320689a3-d0da-11f0-9ba0-fc3fdb83b633,
36397705-d0da-11f0-9ba0-fc3fdb83b633,2442A,true,Hoja,,,,,,,,1,false,32068b5f-d0da-11f0-9ba0-fc3fdb83b633,
3639beb4-d0da-11f0-9ba0-fc3fdb83b633,2442B,true,Hoja,,,,,,,,1,false,32068b5f-d0da-11f0-9ba0-fc3fdb83b633,
363a0e81-d0da-11f0-9ba0-fc3fdb83b633,2443A,true,Rama,,,,,,,,1,false,32068cf6-d0da-11f0-9ba0-fc3fdb83b633,
363a7dd6-d0da-11f0-9ba0-fc3fdb83b633,2443B,true,Rama,,,,,,,,1,false,32068cf6-d0da-11f0-9ba0-fc3fdb83b633,
363aa762-d0da-11f0-9ba0-fc3fdb83b633,2443C,true,Pecíolo,,,,,,,,1,false,32068cf6-d0da-11f0-9ba0-fc3fdb83b633,
363ace3e-d0da-11f0-9ba0-fc3fdb83b633,2443D,true,Rama,,,,,,,,1,false,32068cf6-d0da-11f0-9ba0-fc3fdb83b633,
363af383-d0da-11f0-9ba0-fc3fdb83b633,2443E,true,Rama,,,,,,,,1,false,32068cf6-d0da-11f0-9ba0-fc3fdb83b633,
363b17b6-d0da-11f0-9ba0-fc3fdb83b633,2444A,true,Hoja,,,,,,,,1,false,32068e8a-d0da-11f0-9ba0-fc3fdb83b633,
363b3bb1-d0da-11f0-9ba0-fc3fdb83b633,2444B,true,Pecíolo,,,,,,,,1,false,32068e8a-d0da-11f0-9ba0-fc3fdb83b633,
363b687e-d0da-11f0-9ba0-fc3fdb83b633,2444C,true,Hoja,,,,,,,,1,false,32068e8a-d0da-11f0-9ba0-fc3fdb83b633,
363b90e7-d0da-11f0-9ba0-fc3fdb83b633,2444D,true,Pecíolo,,,,,,,,1,false,32068e8a-d0da-11f0-9ba0-fc3fdb83b633,
363bb8cc-d0da-11f0-9ba0-fc3fdb83b633,2444E,true,Pecíolo,,,,,,,,1,false,32068e8a-d0da-11f0-9ba0-fc3fdb83b633,
363be0b5-d0da-11f0-9ba0-fc3fdb83b633,2445A,true,Pecíolo,,,,,,,,1,false,32069017-d0da-11f0-9ba0-fc3fdb83b633,
363c19bb-d0da-11f0-9ba0-fc3fdb83b633,2445B,true,Hoja,,,,,,,,1,false,32069017-d0da-11f0-9ba0-fc3fdb83b633,
363c5e63-d0da-11f0-9ba0-fc3fdb83b633,2445C,true,Hoja,,,,,,,,1,false,32069017-d0da-11f0-9ba0-fc3fdb83b633,
363ca27d-d0da-11f0-9ba0-fc3fdb83b633,2445D,true,Hoja,,,,,,,,1,false,32069017-d0da-11f0-9ba0-fc3fdb83b633,
363ce9bd-d0da-11f0-9ba0-fc3fdb83b633,2445E,true,Flor,,,,,,,,1,false,32069017-d0da-11f0-9ba0-fc3fdb83b633,
363d2e6f-d0da-11f0-9ba0-fc3fdb83b633,2446A,true,Pecíolo,,,,,,,,1,false,3206919d-d0da-11f0-9ba0-fc3fdb83b633,
363d725f-d0da-11f0-9ba0-fc3fdb83b633,2446B,true,Hoja,,,,,,,,1,false,3206919d-d0da-11f0-9ba0-fc3fdb83b633,
363db590-d0da-11f0-9ba0-fc3fdb83b633,2446C,true,Pecíolo,,,,,,,,1,false,3206919d-d0da-11f0-9ba0-fc3fdb83b633,
363df9cf-d0da-11f0-9ba0-fc3fdb83b633,2446D,true,Hoja,,,,,,,,1,false,3206919d-d0da-11f0-9ba0-fc3fdb83b633,
363e3d61-d0da-11f0-9ba0-fc3fdb83b633,2447A,true,Hoja,,,,,,,,1,false,32069320-d0da-11f0-9ba0-fc3fdb83b633,
363e83cf-d0da-11f0-9ba0-fc3fdb83b633,2447B,true,Hoja,,,,,,,,1,false,32069320-d0da-11f0-9ba0-fc3fdb83b633,
363ec782-d0da-11f0-9ba0-fc3fdb83b633,2448A,true,Raíz,,,,,,,,1,false,320694c6-d0da-11f0-9ba0-fc3fdb83b633,
363f0b43-d0da-11f0-9ba0-fc3fdb83b633,2448B,true,Pecíolo,,,,,,,,1,false,320694c6-d0da-11f0-9ba0-fc3fdb83b633,
363f4f37-d0da-11f0-9ba0-fc3fdb83b633,2449A,true,Pecíolo,,,,,,,,1,false,32069667-d0da-11f0-9ba0-fc3fdb83b633,
363f6e6c-d0da-11f0-9ba0-fc3fdb83b633,244A,true,Pecíolo,,,,,,,,1,false,31fd90c4-d0da-11f0-9ba0-fc3fdb83b633,
363fb1cb-d0da-11f0-9ba0-fc3fdb83b633,244B,true,Pecíolo,,,,,,,,1,false,31fd90c4-d0da-11f0-9ba0-fc3fdb83b633,
363ff643-d0da-11f0-9ba0-fc3fdb83b633,244C,true,Pecíolo,,,,,,,,1,false,31fd90c4-d0da-11f0-9ba0-fc3fdb83b633,
36403a2f-d0da-11f0-9ba0-fc3fdb83b633,244D,true,Hoja,,,,,,,,1,false,31fd90c4-d0da-11f0-9ba0-fc3fdb83b633,
36407ddc-d0da-11f0-9ba0-fc3fdb83b633,244E,true,Hoja,,,,,,,,1,false,31fd90c4-d0da-11f0-9ba0-fc3fdb83b633,
3640c14d-d0da-11f0-9ba0-fc3fdb83b633,244F,true,Hoja,,,,,,,,1,false,31fd90c4-d0da-11f0-9ba0-fc3fdb83b633,
36412009-d0da-11f0-9ba0-fc3fdb83b633,244G,true,Hoja,,,,,,,,1,false,31fd90c4-d0da-11f0-9ba0-fc3fdb83b633,
364180f5-d0da-11f0-9ba0-fc3fdb83b633,244H,true,Hoja,,,,,,,,1,false,31fd90c4-d0da-11f0-9ba0-fc3fdb83b633,
3641efba-d0da-11f0-9ba0-fc3fdb83b633,244I,true,Hoja,,,,,,,,1,false,31fd90c4-d0da-11f0-9ba0-fc3fdb83b633,
36425a42-d0da-11f0-9ba0-fc3fdb83b633,2450A,true,Raíz,,,,,,,,1,false,320697e4-d0da-11f0-9ba0-fc3fdb83b633,
36429efd-d0da-11f0-9ba0-fc3fdb83b633,2450B,true,Raíz,,,,,,,,1,false,320697e4-d0da-11f0-9ba0-fc3fdb83b633,
3642e24c-d0da-11f0-9ba0-fc3fdb83b633,2450C,true,Raíz,,,,,,,,1,false,320697e4-d0da-11f0-9ba0-fc3fdb83b633,
364325e8-d0da-11f0-9ba0-fc3fdb83b633,2450D,true,Hoja,,,,,,,,1,false,320697e4-d0da-11f0-9ba0-fc3fdb83b633,
36437c70-d0da-11f0-9ba0-fc3fdb83b633,2450E,true,Raíz,,,,,,,,1,false,320697e4-d0da-11f0-9ba0-fc3fdb83b633,
3643c0fa-d0da-11f0-9ba0-fc3fdb83b633,2451A,true,Raíz,,,,,,,,1,false,32069a01-d0da-11f0-9ba0-fc3fdb83b633,
364404e4-d0da-11f0-9ba0-fc3fdb83b633,2451B,true,Hoja,,,,,,,,1,false,32069a01-d0da-11f0-9ba0-fc3fdb83b633,
3644487b-d0da-11f0-9ba0-fc3fdb83b633,2452A,true,Hoja,,,,,,,,1,false,32069b97-d0da-11f0-9ba0-fc3fdb83b633,
36449078-d0da-11f0-9ba0-fc3fdb83b633,2452B,true,Hoja,,,,,,,,1,false,32069b97-d0da-11f0-9ba0-fc3fdb83b633,
3644b76d-d0da-11f0-9ba0-fc3fdb83b633,2452C,true,Hoja,,,,,,,,1,false,32069b97-d0da-11f0-9ba0-fc3fdb83b633,
3644de23-d0da-11f0-9ba0-fc3fdb83b633,2454A,true,Hoja,,,,,,,,1,false,32069d2e-d0da-11f0-9ba0-fc3fdb83b633,
36450645-d0da-11f0-9ba0-fc3fdb83b633,2454B,true,Hoja,,,,,,,,1,false,32069d2e-d0da-11f0-9ba0-fc3fdb83b633,
36452d7f-d0da-11f0-9ba0-fc3fdb83b633,2454C,true,Hoja,,,,,,,,1,false,32069d2e-d0da-11f0-9ba0-fc3fdb83b633,
364554b5-d0da-11f0-9ba0-fc3fdb83b633,2455A,true,Hoja,,,,,,,,1,false,32069eb5-d0da-11f0-9ba0-fc3fdb83b633,
3645791c-d0da-11f0-9ba0-fc3fdb83b633,2455B,true,Hoja,,,,,,,,1,false,32069eb5-d0da-11f0-9ba0-fc3fdb83b633,
36459d9e-d0da-11f0-9ba0-fc3fdb83b633,2456A,true,Rama,,,,,,,,1,false,3206a039-d0da-11f0-9ba0-fc3fdb83b633,
3645c1d6-d0da-11f0-9ba0-fc3fdb83b633,2456B,true,Hoja,,,,,,,,1,false,3206a039-d0da-11f0-9ba0-fc3fdb83b633,
3645e61d-d0da-11f0-9ba0-fc3fdb83b633,2456C,true,Hoja,,,,,,,,1,false,3206a039-d0da-11f0-9ba0-fc3fdb83b633,
36460a7d-d0da-11f0-9ba0-fc3fdb83b633,2456D,true,Rama,,,,,,,,1,false,3206a039-d0da-11f0-9ba0-fc3fdb83b633,
36463570-d0da-11f0-9ba0-fc3fdb83b633,2456E,true,Hoja,,,,,,,,1,false,3206a039-d0da-11f0-9ba0-fc3fdb83b633,
36465a14-d0da-11f0-9ba0-fc3fdb83b633,2456F,true,Rama,,,,,,,,1,false,3206a039-d0da-11f0-9ba0-fc3fdb83b633,
36467eca-d0da-11f0-9ba0-fc3fdb83b633,2457A,true,Hoja,,,,,,,,1,false,3206a1c6-d0da-11f0-9ba0-fc3fdb83b633,
3646a5aa-d0da-11f0-9ba0-fc3fdb83b633,2457B,true,Rama,,,,,,,,1,false,3206a1c6-d0da-11f0-9ba0-fc3fdb83b633,
364708c0-d0da-11f0-9ba0-fc3fdb83b633,2457C,true,Rama,,,,,,,,1,false,3206a1c6-d0da-11f0-9ba0-fc3fdb83b633,
36475042-d0da-11f0-9ba0-fc3fdb83b633,2457D,true,Hoja,,,,,,,,1,false,3206a1c6-d0da-11f0-9ba0-fc3fdb83b633,
3647966f-d0da-11f0-9ba0-fc3fdb83b633,2457E,true,Rama,,,,,,,,1,false,3206a1c6-d0da-11f0-9ba0-fc3fdb83b633,
3647daec-d0da-11f0-9ba0-fc3fdb83b633,2458A,true,Raíz,,,,,,,,1,false,3206a369-d0da-11f0-9ba0-fc3fdb83b633,
36481e5a-d0da-11f0-9ba0-fc3fdb83b633,2458B,true,Raíz,,,,,,,,1,false,3206a369-d0da-11f0-9ba0-fc3fdb83b633,
364861ff-d0da-11f0-9ba0-fc3fdb83b633,2459A,true,Raíz,,,,,,,,1,false,3206a6fc-d0da-11f0-9ba0-fc3fdb83b633,
3648a5a4-d0da-11f0-9ba0-fc3fdb83b633,2459B,true,Raíz,,,,,,,,1,false,3206a6fc-d0da-11f0-9ba0-fc3fdb83b633,
3648e8fe-d0da-11f0-9ba0-fc3fdb83b633,2459C,true,Hoja,,,,,,,,1,false,3206a6fc-d0da-11f0-9ba0-fc3fdb83b633,
36492d38-d0da-11f0-9ba0-fc3fdb83b633,2459D,true,Raíz,,,,,,,,1,false,3206a6fc-d0da-11f0-9ba0-fc3fdb83b633,
364976c0-d0da-11f0-9ba0-fc3fdb83b633,2459E,true,Rama,,,,,,,,1,false,3206a6fc-d0da-11f0-9ba0-fc3fdb83b633,
3649c095-d0da-11f0-9ba0-fc3fdb83b633,2459F,true,Rama,,,,,,,,1,false,3206a6fc-d0da-11f0-9ba0-fc3fdb83b633,
364a0745-d0da-11f0-9ba0-fc3fdb83b633,2459G,true,Raíz,,,,,,,,1,false,3206a6fc-d0da-11f0-9ba0-fc3fdb83b633,
364a27b6-d0da-11f0-9ba0-fc3fdb83b633,245A,true,Pecíolo,,,,,,,,1,false,31fd92f9-d0da-11f0-9ba0-fc3fdb83b633,
364a6cdb-d0da-11f0-9ba0-fc3fdb83b633,245B,true,Pecíolo,,,,,,,,1,false,31fd92f9-d0da-11f0-9ba0-fc3fdb83b633,
364ab237-d0da-11f0-9ba0-fc3fdb83b633,245C,true,Pecíolo,,,,,,,,1,false,31fd92f9-d0da-11f0-9ba0-fc3fdb83b633,3028051d-d0da-11f0-9ba0-fc3fdb83b633
364af7e5-d0da-11f0-9ba0-fc3fdb83b633,245D,true,Pecíolo,,,,,,,,1,false,31fd92f9-d0da-11f0-9ba0-fc3fdb83b633,
364b3d6a-d0da-11f0-9ba0-fc3fdb83b633,245E,true,Hoja,,,,,,,,1,false,31fd92f9-d0da-11f0-9ba0-fc3fdb83b633,
364b82b5-d0da-11f0-9ba0-fc3fdb83b633,245F,true,Hoja,,,,,,,,1,false,31fd92f9-d0da-11f0-9ba0-fc3fdb83b633,
364bc80c-d0da-11f0-9ba0-fc3fdb83b633,245G,true,Pecíolo,,,,,,,,1,false,31fd92f9-d0da-11f0-9ba0-fc3fdb83b633,
364c116c-d0da-11f0-9ba0-fc3fdb83b633,245H,true,Hoja,,,,,,,,1,false,31fd92f9-d0da-11f0-9ba0-fc3fdb83b633,
364c55ea-d0da-11f0-9ba0-fc3fdb83b633,245I,true,Hoja,,,,,,,,1,false,31fd92f9-d0da-11f0-9ba0-fc3fdb83b633,
364cbe06-d0da-11f0-9ba0-fc3fdb83b633,2460A,true,Rama,,,,,,,,1,false,3206a87f-d0da-11f0-9ba0-fc3fdb83b633,
364d01e7-d0da-11f0-9ba0-fc3fdb83b633,2460B,true,Hoja,,,,,,,,1,false,3206a87f-d0da-11f0-9ba0-fc3fdb83b633,
364d458a-d0da-11f0-9ba0-fc3fdb83b633,2460C,true,Raíz,,,,,,,,1,false,3206a87f-d0da-11f0-9ba0-fc3fdb83b633,
364d886e-d0da-11f0-9ba0-fc3fdb83b633,2460D,true,Raíz,,,,,,,,1,false,3206a87f-d0da-11f0-9ba0-fc3fdb83b633,
364dcca4-d0da-11f0-9ba0-fc3fdb83b633,2460E,true,Rama,,,,,,,,1,false,3206a87f-d0da-11f0-9ba0-fc3fdb83b633,
364e0f5c-d0da-11f0-9ba0-fc3fdb83b633,2460F,true,Rama,,,,,,,,1,false,3206a87f-d0da-11f0-9ba0-fc3fdb83b633,
364e543f-d0da-11f0-9ba0-fc3fdb83b633,2460G,true,Hoja,,,,,,,,1,false,3206a87f-d0da-11f0-9ba0-fc3fdb83b633,
364e9ae0-d0da-11f0-9ba0-fc3fdb83b633,2460H,true,Hoja,,,,,,,,1,false,3206a87f-d0da-11f0-9ba0-fc3fdb83b633,
364edff0-d0da-11f0-9ba0-fc3fdb83b633,2461A,true,Hoja,,,,,,,,1,false,3206aa14-d0da-11f0-9ba0-fc3fdb83b633,
364f23b7-d0da-11f0-9ba0-fc3fdb83b633,2461B,true,Raíz,,,,,,,,1,false,3206aa14-d0da-11f0-9ba0-fc3fdb83b633,
364f6896-d0da-11f0-9ba0-fc3fdb83b633,2461C,true,Hoja,,,,,,,,1,false,3206aa14-d0da-11f0-9ba0-fc3fdb83b633,
364faeb9-d0da-11f0-9ba0-fc3fdb83b633,2461D,true,Hoja,,,,,,,,1,false,3206aa14-d0da-11f0-9ba0-fc3fdb83b633,
364ff49f-d0da-11f0-9ba0-fc3fdb83b633,2461E,true,Raíz,,,,,,,,1,false,3206aa14-d0da-11f0-9ba0-fc3fdb83b633,
36503961-d0da-11f0-9ba0-fc3fdb83b633,2461F,true,Raíz,,,,,,,,1,false,3206aa14-d0da-11f0-9ba0-fc3fdb83b633,
36507e78-d0da-11f0-9ba0-fc3fdb83b633,2461G,true,Hoja,,,,,,,,1,false,3206aa14-d0da-11f0-9ba0-fc3fdb83b633,
3650b93a-d0da-11f0-9ba0-fc3fdb83b633,2461H,true,Hoja,,,,,,,,1,false,3206aa14-d0da-11f0-9ba0-fc3fdb83b633,
3650fc3e-d0da-11f0-9ba0-fc3fdb83b633,2464A,true,Hoja,,,,,,,,1,false,3206ab99-d0da-11f0-9ba0-fc3fdb83b633,
3651459a-d0da-11f0-9ba0-fc3fdb83b633,2464B,true,Hoja,,,,,,,,1,false,3206ab99-d0da-11f0-9ba0-fc3fdb83b633,
36518bbb-d0da-11f0-9ba0-fc3fdb83b633,2464C,true,Hoja,,,,,,,,1,false,3206ab99-d0da-11f0-9ba0-fc3fdb83b633,
3651c88d-d0da-11f0-9ba0-fc3fdb83b633,2465A,true,Raíz,,,,,,,,1,false,3206ad0d-d0da-11f0-9ba0-fc3fdb83b633,
3651f229-d0da-11f0-9ba0-fc3fdb83b633,2465B,true,Rama,,,,,,,,1,false,3206ad0d-d0da-11f0-9ba0-fc3fdb83b633,
3652194b-d0da-11f0-9ba0-fc3fdb83b633,2465C,true,Raíz,,,,,,,,1,false,3206ad0d-d0da-11f0-9ba0-fc3fdb83b633,
3652420e-d0da-11f0-9ba0-fc3fdb83b633,2465D,true,Raíz,,,,,,,,1,false,3206ad0d-d0da-11f0-9ba0-fc3fdb83b633,
365287f9-d0da-11f0-9ba0-fc3fdb83b633,2465E,true,Raíz,,,,,,,,1,false,3206ad0d-d0da-11f0-9ba0-fc3fdb83b633,
3652cd75-d0da-11f0-9ba0-fc3fdb83b633,2465F,true,Raíz,,,,,,,,1,false,3206ad0d-d0da-11f0-9ba0-fc3fdb83b633,
3653145b-d0da-11f0-9ba0-fc3fdb83b633,2465G,true,Rama,,,,,,,,1,false,3206ad0d-d0da-11f0-9ba0-fc3fdb83b633,
365359ff-d0da-11f0-9ba0-fc3fdb83b633,2465H,true,Raíz,,,,,,,,1,false,3206ad0d-d0da-11f0-9ba0-fc3fdb83b633,
36539eb9-d0da-11f0-9ba0-fc3fdb83b633,2465I,true,Raíz,,,,,,,,1,false,3206ad0d-d0da-11f0-9ba0-fc3fdb83b633,
3653e34e-d0da-11f0-9ba0-fc3fdb83b633,2465J,true,Hoja,,,,,,,,1,false,3206ad0d-d0da-11f0-9ba0-fc3fdb83b633,
365426e2-d0da-11f0-9ba0-fc3fdb83b633,2466A,true,Raíz,,,,,,,,1,false,3206ae7a-d0da-11f0-9ba0-fc3fdb83b633,
36546acc-d0da-11f0-9ba0-fc3fdb83b633,2466B,true,Rama,,,,,,,,1,false,3206ae7a-d0da-11f0-9ba0-fc3fdb83b633,
3654b100-d0da-11f0-9ba0-fc3fdb83b633,2466C,true,Hoja,,,,,,,,1,false,3206ae7a-d0da-11f0-9ba0-fc3fdb83b633,
3654f4f4-d0da-11f0-9ba0-fc3fdb83b633,2466E,true,Raíz,,,,,,,,1,false,3206ae7a-d0da-11f0-9ba0-fc3fdb83b633,
3655391c-d0da-11f0-9ba0-fc3fdb83b633,2466F,true,Rama,,,,,,,,1,false,3206ae7a-d0da-11f0-9ba0-fc3fdb83b633,
36557c55-d0da-11f0-9ba0-fc3fdb83b633,2466G,true,Hoja,,,,,,,,1,false,3206ae7a-d0da-11f0-9ba0-fc3fdb83b633,
3655bf69-d0da-11f0-9ba0-fc3fdb83b633,2467A,true,Rama,,,,,,,,1,false,3206aff5-d0da-11f0-9ba0-fc3fdb83b633,
365602d5-d0da-11f0-9ba0-fc3fdb83b633,2467B,true,Hoja,,,,,,,,1,false,3206aff5-d0da-11f0-9ba0-fc3fdb83b633,
365646f5-d0da-11f0-9ba0-fc3fdb83b633,2468A,true,Rama,,,,,,,,1,false,3206b224-d0da-11f0-9ba0-fc3fdb83b633,
36568b32-d0da-11f0-9ba0-fc3fdb83b633,2468B,true,Rama,,,,,,,,1,false,3206b224-d0da-11f0-9ba0-fc3fdb83b633,
3656e2b9-d0da-11f0-9ba0-fc3fdb83b633,2468C,true,Hoja,,,,,,,,1,false,3206b224-d0da-11f0-9ba0-fc3fdb83b633,
36574479-d0da-11f0-9ba0-fc3fdb83b633,2468D,true,Rama,,,,,,,,1,false,3206b224-d0da-11f0-9ba0-fc3fdb83b633,
3657a343-d0da-11f0-9ba0-fc3fdb83b633,2468E,true,Hoja,,,,,,,,1,false,3206b224-d0da-11f0-9ba0-fc3fdb83b633,
3658006e-d0da-11f0-9ba0-fc3fdb83b633,2468F,true,Hoja,,,,,,,,1,false,3206b224-d0da-11f0-9ba0-fc3fdb83b633,
36582a46-d0da-11f0-9ba0-fc3fdb83b633,2468G,true,Hoja,,,,,,,,1,false,3206b224-d0da-11f0-9ba0-fc3fdb83b633,
365851a3-d0da-11f0-9ba0-fc3fdb83b633,2468H,true,Hoja,,,,,,,,1,false,3206b224-d0da-11f0-9ba0-fc3fdb83b633,
36588ca5-d0da-11f0-9ba0-fc3fdb83b633,2468I,true,Hoja,,,,,,,,1,false,3206b224-d0da-11f0-9ba0-fc3fdb83b633,
3658cc98-d0da-11f0-9ba0-fc3fdb83b633,2468J,true,Rama,,,,,,,,1,false,3206b224-d0da-11f0-9ba0-fc3fdb83b633,
3658f5ad-d0da-11f0-9ba0-fc3fdb83b633,2469A,true,Hoja,,,,,,,,1,false,3206b4dc-d0da-11f0-9ba0-fc3fdb83b633,
36591ba7-d0da-11f0-9ba0-fc3fdb83b633,2469B,true,Hoja,,,,,,,,1,false,3206b4dc-d0da-11f0-9ba0-fc3fdb83b633,
36592c43-d0da-11f0-9ba0-fc3fdb83b633,246A,true,Pecíolo,,,,,,,,1,false,31fd9537-d0da-11f0-9ba0-fc3fdb83b633,3028045f-d0da-11f0-9ba0-fc3fdb83b633
365966bc-d0da-11f0-9ba0-fc3fdb83b633,246B,true,Pecíolo,,,,,,,,1,false,31fd9537-d0da-11f0-9ba0-fc3fdb83b633,
365990e6-d0da-11f0-9ba0-fc3fdb83b633,246C,true,Hoja,,,,,,,,1,false,31fd9537-d0da-11f0-9ba0-fc3fdb83b633,
3659b61f-d0da-11f0-9ba0-fc3fdb83b633,246D,true,Hoja,,,,,,,,1,false,31fd9537-d0da-11f0-9ba0-fc3fdb83b633,3028055e-d0da-11f0-9ba0-fc3fdb83b633
3659dc5e-d0da-11f0-9ba0-fc3fdb83b633,246E,true,Hoja,,,,,,,,1,false,31fd9537-d0da-11f0-9ba0-fc3fdb83b633,
365a0976-d0da-11f0-9ba0-fc3fdb83b633,246F,true,Pecíolo,,,,,,,,1,false,31fd9537-d0da-11f0-9ba0-fc3fdb83b633,
365a3456-d0da-11f0-9ba0-fc3fdb83b633,246G,true,Hoja,,,,,,,,1,false,31fd9537-d0da-11f0-9ba0-fc3fdb83b633,
365a5da1-d0da-11f0-9ba0-fc3fdb83b633,246H,true,Hoja,,,,,,,,1,false,31fd9537-d0da-11f0-9ba0-fc3fdb83b633,
365a853a-d0da-11f0-9ba0-fc3fdb83b633,246I,true,Hoja,,,,,,,,1,false,31fd9537-d0da-11f0-9ba0-fc3fdb83b633,
365aa96c-d0da-11f0-9ba0-fc3fdb83b633,246J,true,Hoja,,,,,,,,1,false,31fd9537-d0da-11f0-9ba0-fc3fdb83b633,
365ace43-d0da-11f0-9ba0-fc3fdb83b633,246K,true,Hoja,,,,,,,,1,false,31fd9537-d0da-11f0-9ba0-fc3fdb83b633,
365af271-d0da-11f0-9ba0-fc3fdb83b633,246L,true,Hoja,,,,,,,,1,false,31fd9537-d0da-11f0-9ba0-fc3fdb83b633,
365b169b-d0da-11f0-9ba0-fc3fdb83b633,246M,true,Hoja,,,,,,,,1,false,31fd9537-d0da-11f0-9ba0-fc3fdb83b633,
365b4ca4-d0da-11f0-9ba0-fc3fdb83b633,246N,true,Hoja,,,,,,,,1,false,31fd9537-d0da-11f0-9ba0-fc3fdb83b633,
365b8fe6-d0da-11f0-9ba0-fc3fdb83b633,2470A,true,Pecíolo,,,,,,,,1,false,3206b6af-d0da-11f0-9ba0-fc3fdb83b633,
365bb846-d0da-11f0-9ba0-fc3fdb83b633,2470B,true,Pecíolo,,,,,,,,1,false,3206b6af-d0da-11f0-9ba0-fc3fdb83b633,
365be15f-d0da-11f0-9ba0-fc3fdb83b633,2471A,true,Hoja,,,,,,,,1,false,3206b85d-d0da-11f0-9ba0-fc3fdb83b633,
365c055f-d0da-11f0-9ba0-fc3fdb83b633,2471B,true,Hoja,,,,,,,,1,false,3206b85d-d0da-11f0-9ba0-fc3fdb83b633,
365c4c15-d0da-11f0-9ba0-fc3fdb83b633,2471C,true,Hoja,,,,,,,,1,false,3206b85d-d0da-11f0-9ba0-fc3fdb83b633,
365c9167-d0da-11f0-9ba0-fc3fdb83b633,2471D,true,Pecíolo,,,,,,,,1,false,3206b85d-d0da-11f0-9ba0-fc3fdb83b633,
365cd85f-d0da-11f0-9ba0-fc3fdb83b633,2472A,true,Hoja,,,,,,,,1,false,3206b9fa-d0da-11f0-9ba0-fc3fdb83b633,
365d1d88-d0da-11f0-9ba0-fc3fdb83b633,2472B,true,Hoja,,,,,,,,1,false,3206b9fa-d0da-11f0-9ba0-fc3fdb83b633,
365d61bf-d0da-11f0-9ba0-fc3fdb83b633,2472C,true,Raíz,,,,,,,,1,false,3206b9fa-d0da-11f0-9ba0-fc3fdb83b633,
365da544-d0da-11f0-9ba0-fc3fdb83b633,2472D,true,Hoja,,,,,,,,1,false,3206b9fa-d0da-11f0-9ba0-fc3fdb83b633,
365ddded-d0da-11f0-9ba0-fc3fdb83b633,2472E,true,Raíz,,,,,,,,1,false,3206b9fa-d0da-11f0-9ba0-fc3fdb83b633,
365e0404-d0da-11f0-9ba0-fc3fdb83b633,2473A,true,Hoja,,,,,,,,1,false,3206bb7d-d0da-11f0-9ba0-fc3fdb83b633,
365e2872-d0da-11f0-9ba0-fc3fdb83b633,2473B,true,Hoja,,,,,,,,1,false,3206bb7d-d0da-11f0-9ba0-fc3fdb83b633,
365e4d49-d0da-11f0-9ba0-fc3fdb83b633,2473C,true,Pecíolo,,,,,,,,1,false,3206bb7d-d0da-11f0-9ba0-fc3fdb83b633,
365e8adf-d0da-11f0-9ba0-fc3fdb83b633,2473D,true,Hoja,,,,,,,,1,false,3206bb7d-d0da-11f0-9ba0-fc3fdb83b633,
365ece44-d0da-11f0-9ba0-fc3fdb83b633,2473E,true,Rama,,,,,,,,1,false,3206bb7d-d0da-11f0-9ba0-fc3fdb83b633,
365f1199-d0da-11f0-9ba0-fc3fdb83b633,2474A,true,Pecíolo,,,,,,,,1,false,3206bd0d-d0da-11f0-9ba0-fc3fdb83b633,
365f553c-d0da-11f0-9ba0-fc3fdb83b633,2474B,true,Pecíolo,,,,,,,,1,false,3206bd0d-d0da-11f0-9ba0-fc3fdb83b633,
365f9727-d0da-11f0-9ba0-fc3fdb83b633,2475B,true,Hoja,,,,,,,,1,false,3206beaa-d0da-11f0-9ba0-fc3fdb83b633,
365fdabf-d0da-11f0-9ba0-fc3fdb83b633,2475C,true,Hoja,,,,,,,,1,false,3206beaa-d0da-11f0-9ba0-fc3fdb83b633,
36601d4b-d0da-11f0-9ba0-fc3fdb83b633,2475D,true,Raíz,,,,,,,,1,false,3206beaa-d0da-11f0-9ba0-fc3fdb83b633,
36605e5a-d0da-11f0-9ba0-fc3fdb83b633,2475E,true,Raíz,,,,,,,,1,false,3206beaa-d0da-11f0-9ba0-fc3fdb83b633,
36609f68-d0da-11f0-9ba0-fc3fdb83b633,2476A,true,Hoja,,,,,,,,1,false,3206c064-d0da-11f0-9ba0-fc3fdb83b633,
3660fba7-d0da-11f0-9ba0-fc3fdb83b633,2476B,true,Hoja,,,,,,,,1,false,3206c064-d0da-11f0-9ba0-fc3fdb83b633,
3661402a-d0da-11f0-9ba0-fc3fdb83b633,2476C,true,Hoja,,,,,,,,1,false,3206c064-d0da-11f0-9ba0-fc3fdb83b633,
366182e0-d0da-11f0-9ba0-fc3fdb83b633,2476D,true,Hoja,,,,,,,,1,false,3206c064-d0da-11f0-9ba0-fc3fdb83b633,
3661c91f-d0da-11f0-9ba0-fc3fdb83b633,2476E,true,Hoja,,,,,,,,1,false,3206c064-d0da-11f0-9ba0-fc3fdb83b633,
36620c57-d0da-11f0-9ba0-fc3fdb83b633,2477A,true,Rama,,,,,,,,1,false,3206c2f6-d0da-11f0-9ba0-fc3fdb83b633,
36624f76-d0da-11f0-9ba0-fc3fdb83b633,2477B,true,Pecíolo,,,,,,,,1,false,3206c2f6-d0da-11f0-9ba0-fc3fdb83b633,
3662930b-d0da-11f0-9ba0-fc3fdb83b633,2477C,true,Hoja,,,,,,,,1,false,3206c2f6-d0da-11f0-9ba0-fc3fdb83b633,
3662db14-d0da-11f0-9ba0-fc3fdb83b633,2477D,true,Pecíolo,,,,,,,,1,false,3206c2f6-d0da-11f0-9ba0-fc3fdb83b633,
3663155f-d0da-11f0-9ba0-fc3fdb83b633,2477E,true,Rama,,,,,,,,1,false,3206c2f6-d0da-11f0-9ba0-fc3fdb83b633,
366373e2-d0da-11f0-9ba0-fc3fdb83b633,2478A,true,Rama,,,,,,,,1,false,3206c672-d0da-11f0-9ba0-fc3fdb83b633,
3663d9e8-d0da-11f0-9ba0-fc3fdb83b633,2478B,true,Hoja,,,,,,,,1,false,3206c672-d0da-11f0-9ba0-fc3fdb83b633,
366437c1-d0da-11f0-9ba0-fc3fdb83b633,2478C,true,Hoja,,,,,,,,1,false,3206c672-d0da-11f0-9ba0-fc3fdb83b633,
3664a105-d0da-11f0-9ba0-fc3fdb83b633,2478D,true,Rama,,,,,,,,1,false,3206c672-d0da-11f0-9ba0-fc3fdb83b633,
3664e3bf-d0da-11f0-9ba0-fc3fdb83b633,2478E,true,Hoja,,,,,,,,1,false,3206c672-d0da-11f0-9ba0-fc3fdb83b633,
3665260b-d0da-11f0-9ba0-fc3fdb83b633,2478F,true,Hoja,,,,,,,,1,false,3206c672-d0da-11f0-9ba0-fc3fdb83b633,
36658009-d0da-11f0-9ba0-fc3fdb83b633,2479A,true,Hoja,,,,,,,,1,false,3206c9ed-d0da-11f0-9ba0-fc3fdb83b633,
3665c3fa-d0da-11f0-9ba0-fc3fdb83b633,2479B,true,Hoja,,,,,,,,1,false,3206c9ed-d0da-11f0-9ba0-fc3fdb83b633,
3665e1ce-d0da-11f0-9ba0-fc3fdb83b633,247A,true,Hoja,,,,,,,,1,false,31fd9776-d0da-11f0-9ba0-fc3fdb83b633,
366624fd-d0da-11f0-9ba0-fc3fdb83b633,247B,true,Pecíolo,,,,,,,,1,false,31fd9776-d0da-11f0-9ba0-fc3fdb83b633,
3666686a-d0da-11f0-9ba0-fc3fdb83b633,247C,true,Pecíolo,,,,,,,,1,false,31fd9776-d0da-11f0-9ba0-fc3fdb83b633,
3666ac12-d0da-11f0-9ba0-fc3fdb83b633,247D,true,Hoja,,,,,,,,1,false,31fd9776-d0da-11f0-9ba0-fc3fdb83b633,
3666ef44-d0da-11f0-9ba0-fc3fdb83b633,247E,true,Pecíolo,,,,,,,,1,false,31fd9776-d0da-11f0-9ba0-fc3fdb83b633,
3667325a-d0da-11f0-9ba0-fc3fdb83b633,247F,true,Hoja,,,,,,,,1,false,31fd9776-d0da-11f0-9ba0-fc3fdb83b633,
366777ce-d0da-11f0-9ba0-fc3fdb83b633,247G,true,Pecíolo,,,,,,,,1,false,31fd9776-d0da-11f0-9ba0-fc3fdb83b633,
3667bafa-d0da-11f0-9ba0-fc3fdb83b633,247H,true,Hoja,,,,,,,,1,false,31fd9776-d0da-11f0-9ba0-fc3fdb83b633,
366802e6-d0da-11f0-9ba0-fc3fdb83b633,247I,true,Pecíolo,,,,,,,,1,false,31fd9776-d0da-11f0-9ba0-fc3fdb83b633,
36682cf6-d0da-11f0-9ba0-fc3fdb83b633,247J,true,Hoja,,,,,,,,1,false,31fd9776-d0da-11f0-9ba0-fc3fdb83b633,
366854f3-d0da-11f0-9ba0-fc3fdb83b633,247K,true,Hoja,,,,,,,,1,false,31fd9776-d0da-11f0-9ba0-fc3fdb83b633,
36687c8e-d0da-11f0-9ba0-fc3fdb83b633,247L,true,Hoja,,,,,,,,1,false,31fd9776-d0da-11f0-9ba0-fc3fdb83b633,
3668a453-d0da-11f0-9ba0-fc3fdb83b633,247M,true,Hoja,,,,,,,,1,false,31fd9776-d0da-11f0-9ba0-fc3fdb83b633,
3668e09e-d0da-11f0-9ba0-fc3fdb83b633,2480A,true,Pecíolo,,,,,,,,1,false,3206cd46-d0da-11f0-9ba0-fc3fdb83b633,
366907da-d0da-11f0-9ba0-fc3fdb83b633,2480B,true,Raíz,,,,,,,,1,false,3206cd46-d0da-11f0-9ba0-fc3fdb83b633,
36693051-d0da-11f0-9ba0-fc3fdb83b633,2480C,true,Pecíolo,,,,,,,,1,false,3206cd46-d0da-11f0-9ba0-fc3fdb83b633,
3669718e-d0da-11f0-9ba0-fc3fdb83b633,2481A,true,Hoja,,,,,,,,1,false,3206d0a2-d0da-11f0-9ba0-fc3fdb83b633,
3669b319-d0da-11f0-9ba0-fc3fdb83b633,2481B,true,Hoja,,,,,,,,1,false,3206d0a2-d0da-11f0-9ba0-fc3fdb83b633,
3669f4a4-d0da-11f0-9ba0-fc3fdb83b633,2481C,true,Hoja,,,,,,,,1,false,3206d0a2-d0da-11f0-9ba0-fc3fdb83b633,
366a3dc3-d0da-11f0-9ba0-fc3fdb83b633,2482A,true,Hoja,,,,,,,,1,false,3206d44c-d0da-11f0-9ba0-fc3fdb83b633,
366a9c8c-d0da-11f0-9ba0-fc3fdb83b633,2482B,true,Pecíolo,,,,,,,,1,false,3206d44c-d0da-11f0-9ba0-fc3fdb83b633,
366af17f-d0da-11f0-9ba0-fc3fdb83b633,2482C,true,Raíz,,,,,,,,1,false,3206d44c-d0da-11f0-9ba0-fc3fdb83b633,
366b4f63-d0da-11f0-9ba0-fc3fdb83b633,2482D,true,Raíz,,,,,,,,1,false,3206d44c-d0da-11f0-9ba0-fc3fdb83b633,
366b923e-d0da-11f0-9ba0-fc3fdb83b633,2485A,true,Hoja,,,,,,,,1,false,3206d778-d0da-11f0-9ba0-fc3fdb83b633,
366bd483-d0da-11f0-9ba0-fc3fdb83b633,2485B,true,Pecíolo,,,,,,,,1,false,3206d778-d0da-11f0-9ba0-fc3fdb83b633,
366c18f6-d0da-11f0-9ba0-fc3fdb83b633,2485C,true,Pecíolo,,,,,,,,1,false,3206d778-d0da-11f0-9ba0-fc3fdb83b633,
366c59b6-d0da-11f0-9ba0-fc3fdb83b633,2488A,true,Hoja,,,,,,,,1,false,3206daed-d0da-11f0-9ba0-fc3fdb83b633,
366c9a92-d0da-11f0-9ba0-fc3fdb83b633,2488B,true,Hoja,,,,,,,,1,false,3206daed-d0da-11f0-9ba0-fc3fdb83b633,
366cdea6-d0da-11f0-9ba0-fc3fdb83b633,2488C,true,Hoja,,,,,,,,1,false,3206daed-d0da-11f0-9ba0-fc3fdb83b633,
366d20e9-d0da-11f0-9ba0-fc3fdb83b633,2489A,true,Hoja,,,,,,,,1,false,3206ddf0-d0da-11f0-9ba0-fc3fdb83b633,
366d4c80-d0da-11f0-9ba0-fc3fdb83b633,2489B,true,Hoja,,,,,,,,1,false,3206ddf0-d0da-11f0-9ba0-fc3fdb83b633,
366d748f-d0da-11f0-9ba0-fc3fdb83b633,2489C,true,Hoja,,,,,,,,1,false,3206ddf0-d0da-11f0-9ba0-fc3fdb83b633,
366d873e-d0da-11f0-9ba0-fc3fdb83b633,248A,true,Hoja,,,,,,,,1,false,31fd99e8-d0da-11f0-9ba0-fc3fdb83b633,
366dab71-d0da-11f0-9ba0-fc3fdb83b633,248B,true,Pecíolo,,,,,,,,1,false,31fd99e8-d0da-11f0-9ba0-fc3fdb83b633,
366de19e-d0da-11f0-9ba0-fc3fdb83b633,248C,true,Pecíolo,,,,,,,,1,false,31fd99e8-d0da-11f0-9ba0-fc3fdb83b633,
366e22f5-d0da-11f0-9ba0-fc3fdb83b633,248D,true,Hoja,,,,,,,,1,false,31fd99e8-d0da-11f0-9ba0-fc3fdb83b633,
366e65c7-d0da-11f0-9ba0-fc3fdb83b633,248E,true,Hoja,,,,,,,,1,false,31fd99e8-d0da-11f0-9ba0-fc3fdb83b633,
366ea8cd-d0da-11f0-9ba0-fc3fdb83b633,248F,true,Hoja,,,,,,,,1,false,31fd99e8-d0da-11f0-9ba0-fc3fdb83b633,
366eecac-d0da-11f0-9ba0-fc3fdb83b633,248G,true,Hoja,,,,,,,,1,false,31fd99e8-d0da-11f0-9ba0-fc3fdb83b633,
366f349b-d0da-11f0-9ba0-fc3fdb83b633,248H,true,Pecíolo,,,,,,,,1,false,31fd99e8-d0da-11f0-9ba0-fc3fdb83b633,
366f7c73-d0da-11f0-9ba0-fc3fdb83b633,248I,true,Pecíolo,,,,,,,,1,false,31fd99e8-d0da-11f0-9ba0-fc3fdb83b633,
366fc261-d0da-11f0-9ba0-fc3fdb83b633,248J,true,Pecíolo,,,,,,,,1,false,31fd99e8-d0da-11f0-9ba0-fc3fdb83b633,
36702e7e-d0da-11f0-9ba0-fc3fdb83b633,2490A,true,Rama,,,,,,,,1,false,3206e0a3-d0da-11f0-9ba0-fc3fdb83b633,
3670742a-d0da-11f0-9ba0-fc3fdb83b633,2491A,true,Hoja,,,,,,,,1,false,3206e374-d0da-11f0-9ba0-fc3fdb83b633,
3670bb14-d0da-11f0-9ba0-fc3fdb83b633,2491B,true,Hoja,,,,,,,,1,false,3206e374-d0da-11f0-9ba0-fc3fdb83b633,
3670ebe1-d0da-11f0-9ba0-fc3fdb83b633,2491C,true,Hoja,,,,,,,,1,false,3206e374-d0da-11f0-9ba0-fc3fdb83b633,
3671168c-d0da-11f0-9ba0-fc3fdb83b633,2492A,true,Hoja,,,,,,,,1,false,3206e690-d0da-11f0-9ba0-fc3fdb83b633,
36713e5d-d0da-11f0-9ba0-fc3fdb83b633,2492B,true,Hoja,,,,,,,,1,false,3206e690-d0da-11f0-9ba0-fc3fdb83b633,
3671664b-d0da-11f0-9ba0-fc3fdb83b633,2493A,true,Hoja,,,,,,,,1,false,3206e9a7-d0da-11f0-9ba0-fc3fdb83b633,
36718e8b-d0da-11f0-9ba0-fc3fdb83b633,2493B,true,Hoja,,,,,,,,1,false,3206e9a7-d0da-11f0-9ba0-fc3fdb83b633,
3671b65f-d0da-11f0-9ba0-fc3fdb83b633,2493C,true,Hoja,,,,,,,,1,false,3206e9a7-d0da-11f0-9ba0-fc3fdb83b633,
3671de2c-d0da-11f0-9ba0-fc3fdb83b633,2493D,true,Pecíolo,,,,,,,,1,false,3206e9a7-d0da-11f0-9ba0-fc3fdb83b633,
36727b25-d0da-11f0-9ba0-fc3fdb83b633,2494A,true,Pecíolo,,,,,,,,1,false,3206ec83-d0da-11f0-9ba0-fc3fdb83b633,
3672c267-d0da-11f0-9ba0-fc3fdb83b633,2494B,true,Hoja,,,,,,,,1,false,3206ec83-d0da-11f0-9ba0-fc3fdb83b633,
367307c4-d0da-11f0-9ba0-fc3fdb83b633,2494C,true,Rama,,,,,,,,1,false,3206ec83-d0da-11f0-9ba0-fc3fdb83b633,
367350b9-d0da-11f0-9ba0-fc3fdb83b633,2494D,true,Rama,,,,,,,,1,false,3206ec83-d0da-11f0-9ba0-fc3fdb83b633,
36737de4-d0da-11f0-9ba0-fc3fdb83b633,2494E,true,Hoja,,,,,,,,1,false,3206ec83-d0da-11f0-9ba0-fc3fdb83b633,
3673a38e-d0da-11f0-9ba0-fc3fdb83b633,2494F,true,Hoja,,,,,,,,1,false,3206ec83-d0da-11f0-9ba0-fc3fdb83b633,
3673c876-d0da-11f0-9ba0-fc3fdb83b633,2495A,true,Raíz,,,,,,,,1,false,3206ef2d-d0da-11f0-9ba0-fc3fdb83b633,
3673f4d8-d0da-11f0-9ba0-fc3fdb83b633,2495B,true,Raíz,,,,,,,,1,false,3206ef2d-d0da-11f0-9ba0-fc3fdb83b633,
36741b07-d0da-11f0-9ba0-fc3fdb83b633,2496A,true,Hoja,,,,,,,,1,false,3206f1d4-d0da-11f0-9ba0-fc3fdb83b633,
36743f58-d0da-11f0-9ba0-fc3fdb83b633,2499A,true,Hoja,,,,,,,,1,false,3206f484-d0da-11f0-9ba0-fc3fdb83b633,
36745477-d0da-11f0-9ba0-fc3fdb83b633,249A,true,Pecíolo,,,,,,,,1,false,31fd9c5f-d0da-11f0-9ba0-fc3fdb83b633,
36749581-d0da-11f0-9ba0-fc3fdb83b633,249B,true,Rama,,,,,,,,1,false,31fd9c5f-d0da-11f0-9ba0-fc3fdb83b633,
3674d8dc-d0da-11f0-9ba0-fc3fdb83b633,249C,true,Pecíolo,,,,,,,,1,false,31fd9c5f-d0da-11f0-9ba0-fc3fdb83b633,
36751f12-d0da-11f0-9ba0-fc3fdb83b633,249D,true,Pecíolo,,,,,,,,1,false,31fd9c5f-d0da-11f0-9ba0-fc3fdb83b633,
3675651a-d0da-11f0-9ba0-fc3fdb83b633,249E,true,Hoja,,,,,,,,1,false,31fd9c5f-d0da-11f0-9ba0-fc3fdb83b633,3028059d-d0da-11f0-9ba0-fc3fdb83b633
3675aae1-d0da-11f0-9ba0-fc3fdb83b633,249F,true,Rama,,,,,,,,1,false,31fd9c5f-d0da-11f0-9ba0-fc3fdb83b633,
3675efeb-d0da-11f0-9ba0-fc3fdb83b633,249G,true,Pecíolo,,,,,,,,1,false,31fd9c5f-d0da-11f0-9ba0-fc3fdb83b633,
3676364a-d0da-11f0-9ba0-fc3fdb83b633,249H,true,Hoja,,,,,,,,1,false,31fd9c5f-d0da-11f0-9ba0-fc3fdb83b633,
36767d5d-d0da-11f0-9ba0-fc3fdb83b633,249I,true,Rama,,,,,,,,1,false,31fd9c5f-d0da-11f0-9ba0-fc3fdb83b633,
3676c44e-d0da-11f0-9ba0-fc3fdb83b633,249J,true,Rama,,,,,,,,1,false,31fd9c5f-d0da-11f0-9ba0-fc3fdb83b633,
36770b25-d0da-11f0-9ba0-fc3fdb83b633,249K,true,Rama,,,,,,,,1,false,31fd9c5f-d0da-11f0-9ba0-fc3fdb83b633,
367753e1-d0da-11f0-9ba0-fc3fdb83b633,249L,true,Hoja,,,,,,,,1,false,31fd9c5f-d0da-11f0-9ba0-fc3fdb83b633,
36779c2d-d0da-11f0-9ba0-fc3fdb83b633,249M,true,Hoja,,,,,,,,1,false,31fd9c5f-d0da-11f0-9ba0-fc3fdb83b633,
3677e289-d0da-11f0-9ba0-fc3fdb83b633,249N,true,Hoja,,,,,,,,1,false,31fd9c5f-d0da-11f0-9ba0-fc3fdb83b633,
36782850-d0da-11f0-9ba0-fc3fdb83b633,249O,true,Hoja,,,,,,,,1,false,31fd9c5f-d0da-11f0-9ba0-fc3fdb83b633,
36785e98-d0da-11f0-9ba0-fc3fdb83b633,24B,true,Hoja,,,,,,,,1,false,31fa2d2e-d0da-11f0-9ba0-fc3fdb83b633,3027edbd-d0da-11f0-9ba0-fc3fdb83b633
3678b6e1-d0da-11f0-9ba0-fc3fdb83b633,250A,true,Hoja,,,,,,,,1,false,31fd9edf-d0da-11f0-9ba0-fc3fdb83b633,
3678fc61-d0da-11f0-9ba0-fc3fdb83b633,250B,true,Pecíolo,,,,,,,,1,false,31fd9edf-d0da-11f0-9ba0-fc3fdb83b633,
367941da-d0da-11f0-9ba0-fc3fdb83b633,250C,true,Hoja,,,,,,,,1,false,31fd9edf-d0da-11f0-9ba0-fc3fdb83b633,
36798718-d0da-11f0-9ba0-fc3fdb83b633,250D,true,Hoja,,,,,,,,1,false,31fd9edf-d0da-11f0-9ba0-fc3fdb83b633,
3679def9-d0da-11f0-9ba0-fc3fdb83b633,250E,true,Hoja,,,,,,,,1,false,31fd9edf-d0da-11f0-9ba0-fc3fdb83b633,
367a326d-d0da-11f0-9ba0-fc3fdb83b633,250F,true,Hoja,,,,,,,,1,false,31fd9edf-d0da-11f0-9ba0-fc3fdb83b633,
367a767f-d0da-11f0-9ba0-fc3fdb83b633,250G,true,Hoja,,,,,,,,1,false,31fd9edf-d0da-11f0-9ba0-fc3fdb83b633,
367aba27-d0da-11f0-9ba0-fc3fdb83b633,250H,true,Hoja,,,,,,,,1,false,31fd9edf-d0da-11f0-9ba0-fc3fdb83b633,
367aff1e-d0da-11f0-9ba0-fc3fdb83b633,250I,true,Rama,,,,,,,,1,false,31fd9edf-d0da-11f0-9ba0-fc3fdb83b633,
367b44a1-d0da-11f0-9ba0-fc3fdb83b633,251A,true,Hoja,,,,,,,,1,false,31fda16a-d0da-11f0-9ba0-fc3fdb83b633,
367b8add-d0da-11f0-9ba0-fc3fdb83b633,251B,true,Pecíolo,,,,,,,,1,false,31fda16a-d0da-11f0-9ba0-fc3fdb83b633,
367bce1e-d0da-11f0-9ba0-fc3fdb83b633,251C,true,Hoja,,,,,,,,1,false,31fda16a-d0da-11f0-9ba0-fc3fdb83b633,
367c1111-d0da-11f0-9ba0-fc3fdb83b633,251D,true,Hoja,,,,,,,,1,false,31fda16a-d0da-11f0-9ba0-fc3fdb83b633,
367c545a-d0da-11f0-9ba0-fc3fdb83b633,251E,true,Pecíolo,,,,,,,,1,false,31fda16a-d0da-11f0-9ba0-fc3fdb83b633,
367c7961-d0da-11f0-9ba0-fc3fdb83b633,251F,true,Pecíolo,,,,,,,,1,false,31fda16a-d0da-11f0-9ba0-fc3fdb83b633,
367c9db9-d0da-11f0-9ba0-fc3fdb83b633,251G,true,Hoja,,,,,,,,1,false,31fda16a-d0da-11f0-9ba0-fc3fdb83b633,
367cc2bb-d0da-11f0-9ba0-fc3fdb83b633,251H,true,Hoja,,,,,,,,1,false,31fda16a-d0da-11f0-9ba0-fc3fdb83b633,
367ce915-d0da-11f0-9ba0-fc3fdb83b633,251I,true,Pecíolo,,,,,,,,1,false,31fda16a-d0da-11f0-9ba0-fc3fdb83b633,
367d12d9-d0da-11f0-9ba0-fc3fdb83b633,251J,true,Pecíolo,,,,,,,,1,false,31fda16a-d0da-11f0-9ba0-fc3fdb83b633,
367d373e-d0da-11f0-9ba0-fc3fdb83b633,251K,true,Pecíolo,,,,,,,,1,false,31fda16a-d0da-11f0-9ba0-fc3fdb83b633,
367d5b74-d0da-11f0-9ba0-fc3fdb83b633,251L,true,Hoja,,,,,,,,1,false,31fda16a-d0da-11f0-9ba0-fc3fdb83b633,
367d7fb0-d0da-11f0-9ba0-fc3fdb83b633,252A,true,Pecíolo,,,,,,,,1,false,31fda403-d0da-11f0-9ba0-fc3fdb83b633,
367da3b4-d0da-11f0-9ba0-fc3fdb83b633,252B,true,Hoja,,,,,,,,1,false,31fda403-d0da-11f0-9ba0-fc3fdb83b633,
367dc7c4-d0da-11f0-9ba0-fc3fdb83b633,252C,true,Rama,,,,,,,,1,false,31fda403-d0da-11f0-9ba0-fc3fdb83b633,
367debd9-d0da-11f0-9ba0-fc3fdb83b633,252D,true,Hoja,,,,,,,,1,false,31fda403-d0da-11f0-9ba0-fc3fdb83b633,
367e0ffa-d0da-11f0-9ba0-fc3fdb83b633,252E,true,Hoja,,,,,,,,1,false,31fda403-d0da-11f0-9ba0-fc3fdb83b633,
367e341e-d0da-11f0-9ba0-fc3fdb83b633,252F,true,Hoja,,,,,,,,1,false,31fda403-d0da-11f0-9ba0-fc3fdb83b633,
367ea3ac-d0da-11f0-9ba0-fc3fdb83b633,252G,true,Hoja,,,,,,,,1,false,31fda403-d0da-11f0-9ba0-fc3fdb83b633,
367ef637-d0da-11f0-9ba0-fc3fdb83b633,252H,true,Hoja,,,,,,,,1,false,31fda403-d0da-11f0-9ba0-fc3fdb83b633,
367f3a8e-d0da-11f0-9ba0-fc3fdb83b633,252I,true,Pecíolo,,,,,,,,1,false,31fda403-d0da-11f0-9ba0-fc3fdb83b633,
367f7e4d-d0da-11f0-9ba0-fc3fdb83b633,252J,true,Hoja,,,,,,,,1,false,31fda403-d0da-11f0-9ba0-fc3fdb83b633,
367fc1a4-d0da-11f0-9ba0-fc3fdb83b633,252K,true,Hoja,,,,,,,,1,false,31fda403-d0da-11f0-9ba0-fc3fdb83b633,
36800774-d0da-11f0-9ba0-fc3fdb83b633,252L,true,Hoja,,,,,,,,1,false,31fda403-d0da-11f0-9ba0-fc3fdb83b633,
36804bac-d0da-11f0-9ba0-fc3fdb83b633,252M,true,Hoja,,,,,,,,1,false,31fda403-d0da-11f0-9ba0-fc3fdb83b633,
36808f0c-d0da-11f0-9ba0-fc3fdb83b633,252N,true,Rama,,,,,,,,1,false,31fda403-d0da-11f0-9ba0-fc3fdb83b633,
3680d25e-d0da-11f0-9ba0-fc3fdb83b633,253A,true,Rama,,,,,,,,1,false,31fda686-d0da-11f0-9ba0-fc3fdb83b633,
3681155a-d0da-11f0-9ba0-fc3fdb83b633,253B,true,Rama,,,,,,,,1,false,31fda686-d0da-11f0-9ba0-fc3fdb83b633,
36816857-d0da-11f0-9ba0-fc3fdb83b633,253C,true,Pecíolo,,,,,,,,1,false,31fda686-d0da-11f0-9ba0-fc3fdb83b633,
3681c8f7-d0da-11f0-9ba0-fc3fdb83b633,253D,true,Hoja,,,,,,,,1,false,31fda686-d0da-11f0-9ba0-fc3fdb83b633,
36820ceb-d0da-11f0-9ba0-fc3fdb83b633,253E,true,Hoja,,,,,,,,1,false,31fda686-d0da-11f0-9ba0-fc3fdb83b633,
368250b0-d0da-11f0-9ba0-fc3fdb83b633,253F,true,Hoja,,,,,,,,1,false,31fda686-d0da-11f0-9ba0-fc3fdb83b633,
36829504-d0da-11f0-9ba0-fc3fdb83b633,253G,true,Pecíolo,,,,,,,,1,false,31fda686-d0da-11f0-9ba0-fc3fdb83b633,
3682dcb7-d0da-11f0-9ba0-fc3fdb83b633,254A,true,Pecíolo,,,,,,,,1,false,31fda97a-d0da-11f0-9ba0-fc3fdb83b633,3028055e-d0da-11f0-9ba0-fc3fdb83b633
3683247c-d0da-11f0-9ba0-fc3fdb83b633,254B,true,Hoja,,,,,,,,1,false,31fda97a-d0da-11f0-9ba0-fc3fdb83b633,
368369bc-d0da-11f0-9ba0-fc3fdb83b633,254C,true,Hoja,,,,,,,,1,false,31fda97a-d0da-11f0-9ba0-fc3fdb83b633,
3683aea7-d0da-11f0-9ba0-fc3fdb83b633,254D,true,Pecíolo,,,,,,,,1,false,31fda97a-d0da-11f0-9ba0-fc3fdb83b633,
3683f847-d0da-11f0-9ba0-fc3fdb83b633,254E,true,Hoja,,,,,,,,1,false,31fda97a-d0da-11f0-9ba0-fc3fdb83b633,
36843e6b-d0da-11f0-9ba0-fc3fdb83b633,255A,true,Pecíolo,,,,,,,,1,false,31fdac16-d0da-11f0-9ba0-fc3fdb83b633,
3684848f-d0da-11f0-9ba0-fc3fdb83b633,255B,true,Hoja,,,,,,,,1,false,31fdac16-d0da-11f0-9ba0-fc3fdb83b633,
3684ca1c-d0da-11f0-9ba0-fc3fdb83b633,255C,true,Hoja,,,,,,,,1,false,31fdac16-d0da-11f0-9ba0-fc3fdb83b633,
36850f6b-d0da-11f0-9ba0-fc3fdb83b633,255D,true,Hoja,,,,,,,,1,false,31fdac16-d0da-11f0-9ba0-fc3fdb83b633,
36855495-d0da-11f0-9ba0-fc3fdb83b633,255E,true,Hoja,,,,,,,,1,false,31fdac16-d0da-11f0-9ba0-fc3fdb83b633,
368599ca-d0da-11f0-9ba0-fc3fdb83b633,255F,true,Hoja,,,,,,,,1,false,31fdac16-d0da-11f0-9ba0-fc3fdb83b633,
3685df06-d0da-11f0-9ba0-fc3fdb83b633,255G,true,Pecíolo,,,,,,,,1,false,31fdac16-d0da-11f0-9ba0-fc3fdb83b633,
3686251b-d0da-11f0-9ba0-fc3fdb83b633,255H,true,Pecíolo,,,,,,,,1,false,31fdac16-d0da-11f0-9ba0-fc3fdb83b633,
36866aa6-d0da-11f0-9ba0-fc3fdb83b633,255I,true,Pecíolo,,,,,,,,1,false,31fdac16-d0da-11f0-9ba0-fc3fdb83b633,
3686b09f-d0da-11f0-9ba0-fc3fdb83b633,255J,true,Pecíolo,,,,,,,,1,false,31fdac16-d0da-11f0-9ba0-fc3fdb83b633,
36871d91-d0da-11f0-9ba0-fc3fdb83b633,2561A,true,Hoja,,,,,,,,1,false,3206f945-d0da-11f0-9ba0-fc3fdb83b633,
368762e4-d0da-11f0-9ba0-fc3fdb83b633,2561B,true,Hoja,,,,,,,,1,false,3206f945-d0da-11f0-9ba0-fc3fdb83b633,
3687a845-d0da-11f0-9ba0-fc3fdb83b633,2562A,true,Hoja,,,,,,,,1,false,3207006c-d0da-11f0-9ba0-fc3fdb83b633,
3687ed58-d0da-11f0-9ba0-fc3fdb83b633,2562B,true,Hoja,,,,,,,,1,false,3207006c-d0da-11f0-9ba0-fc3fdb83b633,
36883279-d0da-11f0-9ba0-fc3fdb83b633,2562C,true,Rama,,,,,,,,1,false,3207006c-d0da-11f0-9ba0-fc3fdb83b633,
36887804-d0da-11f0-9ba0-fc3fdb83b633,2563A,true,Hoja,,,,,,,,1,false,32070326-d0da-11f0-9ba0-fc3fdb83b633,
3688bdb5-d0da-11f0-9ba0-fc3fdb83b633,2563B,true,Hoja,,,,,,,,1,false,32070326-d0da-11f0-9ba0-fc3fdb83b633,
3689098e-d0da-11f0-9ba0-fc3fdb83b633,2563C,true,Rama,,,,,,,,1,false,32070326-d0da-11f0-9ba0-fc3fdb83b633,
36894f75-d0da-11f0-9ba0-fc3fdb83b633,2563D,true,Rama,,,,,,,,1,false,32070326-d0da-11f0-9ba0-fc3fdb83b633,
368995a1-d0da-11f0-9ba0-fc3fdb83b633,2564A,true,Raíz,,,,,,,,1,false,320705cb-d0da-11f0-9ba0-fc3fdb83b633,
3689e25e-d0da-11f0-9ba0-fc3fdb83b633,2564B,true,Hoja,,,,,,,,1,false,320705cb-d0da-11f0-9ba0-fc3fdb83b633,
368a26b1-d0da-11f0-9ba0-fc3fdb83b633,2564C,true,Hoja,,,,,,,,1,false,320705cb-d0da-11f0-9ba0-fc3fdb83b633,
368a6a37-d0da-11f0-9ba0-fc3fdb83b633,2564D,true,Raíz,,,,,,,,1,false,320705cb-d0da-11f0-9ba0-fc3fdb83b633,
368aae64-d0da-11f0-9ba0-fc3fdb83b633,2564E,true,Hoja,,,,,,,,1,false,320705cb-d0da-11f0-9ba0-fc3fdb83b633,
368af287-d0da-11f0-9ba0-fc3fdb83b633,2564F,true,Hoja,,,,,,,,1,false,320705cb-d0da-11f0-9ba0-fc3fdb83b633,
368b3588-d0da-11f0-9ba0-fc3fdb83b633,2565A,true,Hoja,,,,,,,,1,false,3207086b-d0da-11f0-9ba0-fc3fdb83b633,
368b7812-d0da-11f0-9ba0-fc3fdb83b633,2565B,true,Rama,,,,,,,,1,false,3207086b-d0da-11f0-9ba0-fc3fdb83b633,
368bb1be-d0da-11f0-9ba0-fc3fdb83b633,2566A,true,Raíz,,,,,,,,1,false,32070b44-d0da-11f0-9ba0-fc3fdb83b633,
368bdcd7-d0da-11f0-9ba0-fc3fdb83b633,2566B,true,Hoja,,,,,,,,1,false,32070b44-d0da-11f0-9ba0-fc3fdb83b633,
368c077d-d0da-11f0-9ba0-fc3fdb83b633,2566C,true,Hoja,,,,,,,,1,false,32070b44-d0da-11f0-9ba0-fc3fdb83b633,
368c3d96-d0da-11f0-9ba0-fc3fdb83b633,2566D,true,Hoja,,,,,,,,1,false,32070b44-d0da-11f0-9ba0-fc3fdb83b633,
368c820b-d0da-11f0-9ba0-fc3fdb83b633,2566E,true,Hoja,,,,,,,,1,false,32070b44-d0da-11f0-9ba0-fc3fdb83b633,
368cc59a-d0da-11f0-9ba0-fc3fdb83b633,2566F,true,Raíz,,,,,,,,1,false,32070b44-d0da-11f0-9ba0-fc3fdb83b633,
368d08bf-d0da-11f0-9ba0-fc3fdb83b633,2566G,true,Rama,,,,,,,,1,false,32070b44-d0da-11f0-9ba0-fc3fdb83b633,
368d4b93-d0da-11f0-9ba0-fc3fdb83b633,2566H,true,Hoja,,,,,,,,1,false,32070b44-d0da-11f0-9ba0-fc3fdb83b633,
368d8ee2-d0da-11f0-9ba0-fc3fdb83b633,2567A,true,Hoja,,,,,,,,1,false,32071018-d0da-11f0-9ba0-fc3fdb83b633,
368dd32d-d0da-11f0-9ba0-fc3fdb83b633,2567B,true,Rama,,,,,,,,1,false,32071018-d0da-11f0-9ba0-fc3fdb83b633,
368e174b-d0da-11f0-9ba0-fc3fdb83b633,2567C,true,Pecíolo,,,,,,,,1,false,32071018-d0da-11f0-9ba0-fc3fdb83b633,
368e5a51-d0da-11f0-9ba0-fc3fdb83b633,2567D,true,Pecíolo,,,,,,,,1,false,32071018-d0da-11f0-9ba0-fc3fdb83b633,
368e9d74-d0da-11f0-9ba0-fc3fdb83b633,2568A,true,Hoja,,,,,,,,1,false,320712d5-d0da-11f0-9ba0-fc3fdb83b633,
368ee011-d0da-11f0-9ba0-fc3fdb83b633,2568B,true,Hoja,,,,,,,,1,false,320712d5-d0da-11f0-9ba0-fc3fdb83b633,
368f255a-d0da-11f0-9ba0-fc3fdb83b633,2568C,true,Rama,,,,,,,,1,false,320712d5-d0da-11f0-9ba0-fc3fdb83b633,
368f69af-d0da-11f0-9ba0-fc3fdb83b633,2569A,true,Raíz,,,,,,,,1,false,320719a3-d0da-11f0-9ba0-fc3fdb83b633,
368f8d77-d0da-11f0-9ba0-fc3fdb83b633,256A,true,Hoja,,,,,,,,1,false,31fdaeb3-d0da-11f0-9ba0-fc3fdb83b633,
368fd3ea-d0da-11f0-9ba0-fc3fdb83b633,256B,true,Hoja,,,,,,,,1,false,31fdaeb3-d0da-11f0-9ba0-fc3fdb83b633,
369019de-d0da-11f0-9ba0-fc3fdb83b633,256C,true,Hoja,,,,,,,,1,false,31fdaeb3-d0da-11f0-9ba0-fc3fdb83b633,
36905f11-d0da-11f0-9ba0-fc3fdb83b633,256D,true,Pecíolo,,,,,,,,1,false,31fdaeb3-d0da-11f0-9ba0-fc3fdb83b633,302805dc-d0da-11f0-9ba0-fc3fdb83b633
3690a95f-d0da-11f0-9ba0-fc3fdb83b633,256E,true,Hoja,,,,,,,,1,false,31fdaeb3-d0da-11f0-9ba0-fc3fdb83b633,
3690cf9c-d0da-11f0-9ba0-fc3fdb83b633,256F,true,Hoja,,,,,,,,1,false,31fdaeb3-d0da-11f0-9ba0-fc3fdb83b633,
3690f8b5-d0da-11f0-9ba0-fc3fdb83b633,256G,true,Pecíolo,,,,,,,,1,false,31fdaeb3-d0da-11f0-9ba0-fc3fdb83b633,
36911de0-d0da-11f0-9ba0-fc3fdb83b633,256H,true,Hoja,,,,,,,,1,false,31fdaeb3-d0da-11f0-9ba0-fc3fdb83b633,
369142de-d0da-11f0-9ba0-fc3fdb83b633,256I,true,Hoja,,,,,,,,1,false,31fdaeb3-d0da-11f0-9ba0-fc3fdb83b633,
36916744-d0da-11f0-9ba0-fc3fdb83b633,256J,true,Hoja,,,,,,,,1,false,31fdaeb3-d0da-11f0-9ba0-fc3fdb83b633,
36918b89-d0da-11f0-9ba0-fc3fdb83b633,257A,true,Pecíolo,,,,,,,,1,false,31fdb130-d0da-11f0-9ba0-fc3fdb83b633,
3691b01d-d0da-11f0-9ba0-fc3fdb83b633,257B,true,Pecíolo,,,,,,,,1,false,31fdb130-d0da-11f0-9ba0-fc3fdb83b633,
3691d4fd-d0da-11f0-9ba0-fc3fdb83b633,257C,true,Hoja,,,,,,,,1,false,31fdb130-d0da-11f0-9ba0-fc3fdb83b633,
3691fb94-d0da-11f0-9ba0-fc3fdb83b633,257D,true,Hoja,,,,,,,,1,false,31fdb130-d0da-11f0-9ba0-fc3fdb83b633,
36921c0d-d0da-11f0-9ba0-fc3fdb83b633,258A,true,Hoja,,,,,,,,1,false,31fba20a-d0da-11f0-9ba0-fc3fdb83b633,
36926acb-d0da-11f0-9ba0-fc3fdb83b633,258B,true,Pecíolo,,,,,,,,1,false,31fba20a-d0da-11f0-9ba0-fc3fdb83b633,
3692aa15-d0da-11f0-9ba0-fc3fdb83b633,258C,true,Hoja,,,,,,,,1,false,31fba20a-d0da-11f0-9ba0-fc3fdb83b633,
3692d5f7-d0da-11f0-9ba0-fc3fdb83b633,258D,true,Hoja,,,,,,,,1,false,31fba20a-d0da-11f0-9ba0-fc3fdb83b633,
3692fbf8-d0da-11f0-9ba0-fc3fdb83b633,259A,true,Hoja,,,,,,,,1,false,31fba3fc-d0da-11f0-9ba0-fc3fdb83b633,
36932065-d0da-11f0-9ba0-fc3fdb83b633,259B,true,Rama,,,,,,,,1,false,31fba3fc-d0da-11f0-9ba0-fc3fdb83b633,
3693915f-d0da-11f0-9ba0-fc3fdb83b633,259C,true,Hoja,,,,,,,,1,false,31fba3fc-d0da-11f0-9ba0-fc3fdb83b633,
3693ef6e-d0da-11f0-9ba0-fc3fdb83b633,259D,true,Pecíolo,,,,,,,,1,false,31fba3fc-d0da-11f0-9ba0-fc3fdb83b633,
36944a0a-d0da-11f0-9ba0-fc3fdb83b633,259E,true,Pecíolo,,,,,,,,1,false,31fba3fc-d0da-11f0-9ba0-fc3fdb83b633,
36948e57-d0da-11f0-9ba0-fc3fdb83b633,259F,true,Rama,,,,,,,,1,false,31fba3fc-d0da-11f0-9ba0-fc3fdb83b633,
3694d221-d0da-11f0-9ba0-fc3fdb83b633,259G,true,Hoja,,,,,,,,1,false,31fba3fc-d0da-11f0-9ba0-fc3fdb83b633,
36951115-d0da-11f0-9ba0-fc3fdb83b633,25A,true,Hoja,,,,,,,,1,false,31fa2f7b-d0da-11f0-9ba0-fc3fdb83b633,3027edbd-d0da-11f0-9ba0-fc3fdb83b633
36955556-d0da-11f0-9ba0-fc3fdb83b633,25B,true,Hoja,,,,,,,,1,false,31fa2f7b-d0da-11f0-9ba0-fc3fdb83b633,3027edbd-d0da-11f0-9ba0-fc3fdb83b633
36959f8b-d0da-11f0-9ba0-fc3fdb83b633,260A,true,Hoja,,,,,,,,1,false,31fba5eb-d0da-11f0-9ba0-fc3fdb83b633,
3695f3b4-d0da-11f0-9ba0-fc3fdb83b633,260B,true,Hoja,,,,,,,,1,false,31fba5eb-d0da-11f0-9ba0-fc3fdb83b633,
36963b7c-d0da-11f0-9ba0-fc3fdb83b633,260C,true,Hoja,,,,,,,,1,false,31fba5eb-d0da-11f0-9ba0-fc3fdb83b633,
3696830c-d0da-11f0-9ba0-fc3fdb83b633,260D,true,Pecíolo,,,,,,,,1,false,31fba5eb-d0da-11f0-9ba0-fc3fdb83b633,
3696c7fa-d0da-11f0-9ba0-fc3fdb83b633,260E,true,Pecíolo,,,,,,,,1,false,31fba5eb-d0da-11f0-9ba0-fc3fdb83b633,
36971049-d0da-11f0-9ba0-fc3fdb83b633,261A,true,Pecíolo,,,,,,,,1,false,31fba7fb-d0da-11f0-9ba0-fc3fdb83b633,3027fe55-d0da-11f0-9ba0-fc3fdb83b633
3697587e-d0da-11f0-9ba0-fc3fdb83b633,261B,true,Hoja,,,,,,,,1,false,31fba7fb-d0da-11f0-9ba0-fc3fdb83b633,
36979f89-d0da-11f0-9ba0-fc3fdb83b633,261C,true,Hoja,,,,,,,,1,false,31fba7fb-d0da-11f0-9ba0-fc3fdb83b633,
3697e5a8-d0da-11f0-9ba0-fc3fdb83b633,261D,true,Hoja,,,,,,,,1,false,31fba7fb-d0da-11f0-9ba0-fc3fdb83b633,
36982a1b-d0da-11f0-9ba0-fc3fdb83b633,261E,true,Pecíolo,,,,,,,,1,false,31fba7fb-d0da-11f0-9ba0-fc3fdb83b633,
3698785c-d0da-11f0-9ba0-fc3fdb83b633,261F,true,Hoja,,,,,,,,1,false,31fba7fb-d0da-11f0-9ba0-fc3fdb83b633,
3698bc93-d0da-11f0-9ba0-fc3fdb83b633,261G,true,Hoja,,,,,,,,1,false,31fba7fb-d0da-11f0-9ba0-fc3fdb83b633,
36990203-d0da-11f0-9ba0-fc3fdb83b633,261H,true,Hoja,,,,,,,,1,false,31fba7fb-d0da-11f0-9ba0-fc3fdb83b633,
369945f5-d0da-11f0-9ba0-fc3fdb83b633,262A,true,Pecíolo,,,,,,,,1,false,31fbaa16-d0da-11f0-9ba0-fc3fdb83b633,
3699894d-d0da-11f0-9ba0-fc3fdb83b633,262B,true,Hoja,,,,,,,,1,false,31fbaa16-d0da-11f0-9ba0-fc3fdb83b633,3028059d-d0da-11f0-9ba0-fc3fdb83b633
3699cca3-d0da-11f0-9ba0-fc3fdb83b633,262C,true,Pecíolo,,,,,,,,1,false,31fbaa16-d0da-11f0-9ba0-fc3fdb83b633,3028059d-d0da-11f0-9ba0-fc3fdb83b633
369a1240-d0da-11f0-9ba0-fc3fdb83b633,262D,true,Hoja,,,,,,,,1,false,31fbaa16-d0da-11f0-9ba0-fc3fdb83b633,3028059d-d0da-11f0-9ba0-fc3fdb83b633
369a5675-d0da-11f0-9ba0-fc3fdb83b633,262E,true,Pecíolo,,,,,,,,1,false,31fbaa16-d0da-11f0-9ba0-fc3fdb83b633,3027fe95-d0da-11f0-9ba0-fc3fdb83b633
369a9a50-d0da-11f0-9ba0-fc3fdb83b633,262F,true,Pecíolo,,,,,,,,1,false,31fbaa16-d0da-11f0-9ba0-fc3fdb83b633,
369ae1be-d0da-11f0-9ba0-fc3fdb83b633,262G,true,Rama,,,,,,,,1,false,31fbaa16-d0da-11f0-9ba0-fc3fdb83b633,
369b279e-d0da-11f0-9ba0-fc3fdb83b633,263A,true,Hoja,,,,,,,,1,false,31fbac80-d0da-11f0-9ba0-fc3fdb83b633,
369b6daf-d0da-11f0-9ba0-fc3fdb83b633,263B,true,Hoja,,,,,,,,1,false,31fbac80-d0da-11f0-9ba0-fc3fdb83b633,
369b99d0-d0da-11f0-9ba0-fc3fdb83b633,263C,true,Hoja,,,,,,,,1,false,31fbac80-d0da-11f0-9ba0-fc3fdb83b633,
369bc20d-d0da-11f0-9ba0-fc3fdb83b633,263D,true,Hoja,,,,,,,,1,false,31fbac80-d0da-11f0-9ba0-fc3fdb83b633,
369beeb8-d0da-11f0-9ba0-fc3fdb83b633,263E,true,Hoja,,,,,,,,1,false,31fbac80-d0da-11f0-9ba0-fc3fdb83b633,
369c16d3-d0da-11f0-9ba0-fc3fdb83b633,263F,true,Hoja,,,,,,,,1,false,31fbac80-d0da-11f0-9ba0-fc3fdb83b633,
369c3e9f-d0da-11f0-9ba0-fc3fdb83b633,263G,true,Hoja,,,,,,,,1,false,31fbac80-d0da-11f0-9ba0-fc3fdb83b633,
369c6667-d0da-11f0-9ba0-fc3fdb83b633,263H,true,Hoja,,,,,,,,1,false,31fbac80-d0da-11f0-9ba0-fc3fdb83b633,
369c8e3d-d0da-11f0-9ba0-fc3fdb83b633,263I,true,Hoja,,,,,,,,1,false,31fbac80-d0da-11f0-9ba0-fc3fdb83b633,
369cb61c-d0da-11f0-9ba0-fc3fdb83b633,263J,true,Hoja,,,,,,,,1,false,31fbac80-d0da-11f0-9ba0-fc3fdb83b633,
369cdded-d0da-11f0-9ba0-fc3fdb83b633,263K,true,Hoja,,,,,,,,1,false,31fbac80-d0da-11f0-9ba0-fc3fdb83b633,
369d0313-d0da-11f0-9ba0-fc3fdb83b633,264A,true,Hoja,,,,,,,,1,false,31fbae75-d0da-11f0-9ba0-fc3fdb83b633,
369d2ffc-d0da-11f0-9ba0-fc3fdb83b633,264B,true,Hoja,,,,,,,,1,false,31fbae75-d0da-11f0-9ba0-fc3fdb83b633,
369d60fd-d0da-11f0-9ba0-fc3fdb83b633,264C,true,Pecíolo,,,,,,,,1,false,31fbae75-d0da-11f0-9ba0-fc3fdb83b633,
369d8945-d0da-11f0-9ba0-fc3fdb83b633,264D,true,Pecíolo,,,,,,,,1,false,31fbae75-d0da-11f0-9ba0-fc3fdb83b633,
369db3fe-d0da-11f0-9ba0-fc3fdb83b633,264E,true,Hoja,,,,,,,,1,false,31fbae75-d0da-11f0-9ba0-fc3fdb83b633,
369ddbf8-d0da-11f0-9ba0-fc3fdb83b633,264F,true,Hoja,,,,,,,,1,false,31fbae75-d0da-11f0-9ba0-fc3fdb83b633,
369e0495-d0da-11f0-9ba0-fc3fdb83b633,264G,true,Pecíolo,,,,,,,,1,false,31fbae75-d0da-11f0-9ba0-fc3fdb83b633,
369e2c65-d0da-11f0-9ba0-fc3fdb83b633,264H,true,Hoja,,,,,,,,1,false,31fbae75-d0da-11f0-9ba0-fc3fdb83b633,
369e542e-d0da-11f0-9ba0-fc3fdb83b633,264I,true,Hoja,,,,,,,,1,false,31fbae75-d0da-11f0-9ba0-fc3fdb83b633,
369ea0a1-d0da-11f0-9ba0-fc3fdb83b633,264J,true,Hoja,,,,,,,,1,false,31fbae75-d0da-11f0-9ba0-fc3fdb83b633,
369efd14-d0da-11f0-9ba0-fc3fdb83b633,265A,true,Hoja,,,,,,,,1,false,31fbafc5-d0da-11f0-9ba0-fc3fdb83b633,3027fed4-d0da-11f0-9ba0-fc3fdb83b633
369f5b73-d0da-11f0-9ba0-fc3fdb83b633,265B,true,Pecíolo,,,,,,,,1,false,31fbafc5-d0da-11f0-9ba0-fc3fdb83b633,
369fab8b-d0da-11f0-9ba0-fc3fdb83b633,265C,true,Hoja,,,,,,,,1,false,31fbafc5-d0da-11f0-9ba0-fc3fdb83b633,
369ff8a0-d0da-11f0-9ba0-fc3fdb83b633,265D,true,Hoja,,,,,,,,1,false,31fbafc5-d0da-11f0-9ba0-fc3fdb83b633,
36a03fb6-d0da-11f0-9ba0-fc3fdb83b633,265E,true,Hoja,,,,,,,,1,false,31fbafc5-d0da-11f0-9ba0-fc3fdb83b633,
36a085f4-d0da-11f0-9ba0-fc3fdb83b633,265F,true,Hoja,,,,,,,,1,false,31fbafc5-d0da-11f0-9ba0-fc3fdb83b633,
36a0d065-d0da-11f0-9ba0-fc3fdb83b633,265G,true,Hoja,,,,,,,,1,false,31fbafc5-d0da-11f0-9ba0-fc3fdb83b633,
36a117db-d0da-11f0-9ba0-fc3fdb83b633,265I,true,Hoja,,,,,,,,1,false,31fbafc5-d0da-11f0-9ba0-fc3fdb83b633,
36a15c56-d0da-11f0-9ba0-fc3fdb83b633,265J,true,Hoja,,,,,,,,1,false,31fbafc5-d0da-11f0-9ba0-fc3fdb83b633,
36a1a0a7-d0da-11f0-9ba0-fc3fdb83b633,266A,true,Pecíolo,,,,,,,,1,false,31fbb105-d0da-11f0-9ba0-fc3fdb83b633,
36a1e456-d0da-11f0-9ba0-fc3fdb83b633,266B,true,Rama,,,,,,,,1,false,31fbb105-d0da-11f0-9ba0-fc3fdb83b633,3027ff14-d0da-11f0-9ba0-fc3fdb83b633
36a22837-d0da-11f0-9ba0-fc3fdb83b633,266C,true,Pecíolo,,,,,,,,1,false,31fbb105-d0da-11f0-9ba0-fc3fdb83b633,
36a26bf6-d0da-11f0-9ba0-fc3fdb83b633,266D,true,Rama,,,,,,,,1,false,31fbb105-d0da-11f0-9ba0-fc3fdb83b633,
36a29d0a-d0da-11f0-9ba0-fc3fdb83b633,267A,true,Pecíolo,,,,,,,,1,false,31fbb23b-d0da-11f0-9ba0-fc3fdb83b633,
36a2c30a-d0da-11f0-9ba0-fc3fdb83b633,267B,true,Hoja,,,,,,,,1,false,31fbb23b-d0da-11f0-9ba0-fc3fdb83b633,
36a2eb05-d0da-11f0-9ba0-fc3fdb83b633,268A,true,Hoja,,,,,,,,1,false,31fbb37c-d0da-11f0-9ba0-fc3fdb83b633,
36a30fb5-d0da-11f0-9ba0-fc3fdb83b633,268B,true,Hoja,,,,,,,,1,false,31fbb37c-d0da-11f0-9ba0-fc3fdb83b633,
36a348e6-d0da-11f0-9ba0-fc3fdb83b633,268C,true,Hoja,,,,,,,,1,false,31fbb37c-d0da-11f0-9ba0-fc3fdb83b633,
36a37168-d0da-11f0-9ba0-fc3fdb83b633,268D,true,Rama,,,,,,,,1,false,31fbb37c-d0da-11f0-9ba0-fc3fdb83b633,
36a39636-d0da-11f0-9ba0-fc3fdb83b633,269A,true,Pecíolo,,,,,,,,1,false,31fbb4d1-d0da-11f0-9ba0-fc3fdb83b633,
36a3b7dd-d0da-11f0-9ba0-fc3fdb83b633,26A,true,Hoja,,,,,,,,1,false,31fa324a-d0da-11f0-9ba0-fc3fdb83b633,3027edbd-d0da-11f0-9ba0-fc3fdb83b633
36a3dd06-d0da-11f0-9ba0-fc3fdb83b633,26B,true,Hoja,,,,,,,,1,false,31fa324a-d0da-11f0-9ba0-fc3fdb83b633,3027f4ae-d0da-11f0-9ba0-fc3fdb83b633
36a401c5-d0da-11f0-9ba0-fc3fdb83b633,26C,true,Hoja,,,,,,,,1,false,31fa324a-d0da-11f0-9ba0-fc3fdb83b633,3027edbd-d0da-11f0-9ba0-fc3fdb83b633
36a4299f-d0da-11f0-9ba0-fc3fdb83b633,270A,true,Pecíolo,,,,,,,,1,false,31fbb62c-d0da-11f0-9ba0-fc3fdb83b633,
36a44dd7-d0da-11f0-9ba0-fc3fdb83b633,270B,true,Hoja,,,,,,,,1,false,31fbb62c-d0da-11f0-9ba0-fc3fdb83b633,
36a48c02-d0da-11f0-9ba0-fc3fdb83b633,270D,true,Pecíolo,,,,,,,,1,false,31fbb62c-d0da-11f0-9ba0-fc3fdb83b633,
36a4c1de-d0da-11f0-9ba0-fc3fdb83b633,270E,true,Pecíolo,,,,,,,,1,false,31fbb62c-d0da-11f0-9ba0-fc3fdb83b633,
36a51575-d0da-11f0-9ba0-fc3fdb83b633,270F,true,Hoja,,,,,,,,1,false,31fbb62c-d0da-11f0-9ba0-fc3fdb83b633,
36a55907-d0da-11f0-9ba0-fc3fdb83b633,270G,true,Hoja,,,,,,,,1,false,31fbb62c-d0da-11f0-9ba0-fc3fdb83b633,
36a59c5b-d0da-11f0-9ba0-fc3fdb83b633,271A,true,Pecíolo,,,,,,,,1,false,31fbb77e-d0da-11f0-9ba0-fc3fdb83b633,
36a5df12-d0da-11f0-9ba0-fc3fdb83b633,271B,true,Hoja,,,,,,,,1,false,31fbb77e-d0da-11f0-9ba0-fc3fdb83b633,
36a62c82-d0da-11f0-9ba0-fc3fdb83b633,271C,true,Hoja,,,,,,,,1,false,31fbb77e-d0da-11f0-9ba0-fc3fdb83b633,
36a68ee8-d0da-11f0-9ba0-fc3fdb83b633,271D,true,Hoja,,,,,,,,1,false,31fbb77e-d0da-11f0-9ba0-fc3fdb83b633,
36a72bd9-d0da-11f0-9ba0-fc3fdb83b633,2758A,true,Raíz,,,,,,,,1,false,32071d21-d0da-11f0-9ba0-fc3fdb83b633,
36a75d57-d0da-11f0-9ba0-fc3fdb83b633,2758B,true,Hoja,,,,,,,,1,false,32071d21-d0da-11f0-9ba0-fc3fdb83b633,
36a793ca-d0da-11f0-9ba0-fc3fdb83b633,2758C,true,Hoja,,,,,,,,1,false,32071d21-d0da-11f0-9ba0-fc3fdb83b633,
36a7db26-d0da-11f0-9ba0-fc3fdb83b633,2758D,true,Hoja,,,,,,,,1,false,32071d21-d0da-11f0-9ba0-fc3fdb83b633,
36a8211e-d0da-11f0-9ba0-fc3fdb83b633,2758E,true,Pecíolo,,,,,,,,1,false,32071d21-d0da-11f0-9ba0-fc3fdb83b633,
36a86908-d0da-11f0-9ba0-fc3fdb83b633,2758F,true,Raíz,,,,,,,,1,false,32071d21-d0da-11f0-9ba0-fc3fdb83b633,
36a8af41-d0da-11f0-9ba0-fc3fdb83b633,2759A,true,Hoja,,,,,,,,1,false,32071fc2-d0da-11f0-9ba0-fc3fdb83b633,
36a8f4ac-d0da-11f0-9ba0-fc3fdb83b633,2759B,true,Hoja,,,,,,,,1,false,32071fc2-d0da-11f0-9ba0-fc3fdb83b633,
36a93ae7-d0da-11f0-9ba0-fc3fdb83b633,2759C,true,Hoja,,,,,,,,1,false,32071fc2-d0da-11f0-9ba0-fc3fdb83b633,
36a9805c-d0da-11f0-9ba0-fc3fdb83b633,2760A,true,Raíz,,,,,,,,1,false,3207227a-d0da-11f0-9ba0-fc3fdb83b633,
36a9c5d8-d0da-11f0-9ba0-fc3fdb83b633,2760B,true,Raíz,,,,,,,,1,false,3207227a-d0da-11f0-9ba0-fc3fdb83b633,
36aa0c83-d0da-11f0-9ba0-fc3fdb83b633,2761A,true,Hoja,,,,,,,,1,false,32072506-d0da-11f0-9ba0-fc3fdb83b633,
36aa3e6f-d0da-11f0-9ba0-fc3fdb83b633,2761B,true,Hoja,,,,,,,,1,false,32072506-d0da-11f0-9ba0-fc3fdb83b633,
36aa66ec-d0da-11f0-9ba0-fc3fdb83b633,2761C,true,Raíz,,,,,,,,1,false,32072506-d0da-11f0-9ba0-fc3fdb83b633,
36aa8ef2-d0da-11f0-9ba0-fc3fdb83b633,2761D,true,Raíz,,,,,,,,1,false,32072506-d0da-11f0-9ba0-fc3fdb83b633,
36aab5ce-d0da-11f0-9ba0-fc3fdb83b633,2761E,true,Hoja,,,,,,,,1,false,32072506-d0da-11f0-9ba0-fc3fdb83b633,
36aaeca0-d0da-11f0-9ba0-fc3fdb83b633,2761F,true,Hoja,,,,,,,,1,false,32072506-d0da-11f0-9ba0-fc3fdb83b633,
36ab3398-d0da-11f0-9ba0-fc3fdb83b633,2764A,true,Hoja,,,,,,,,1,false,320727f2-d0da-11f0-9ba0-fc3fdb83b633,
36ab790a-d0da-11f0-9ba0-fc3fdb83b633,2765A,true,Rama,,,,,,,,1,false,32072b02-d0da-11f0-9ba0-fc3fdb83b633,
36abbe3d-d0da-11f0-9ba0-fc3fdb83b633,2765B,true,Rama,,,,,,,,1,false,32072b02-d0da-11f0-9ba0-fc3fdb83b633,
36ac033a-d0da-11f0-9ba0-fc3fdb83b633,2766A,true,Hoja,,,,,,,,1,false,32072de1-d0da-11f0-9ba0-fc3fdb83b633,
36ac4958-d0da-11f0-9ba0-fc3fdb83b633,2766B,true,Pecíolo,,,,,,,,1,false,32072de1-d0da-11f0-9ba0-fc3fdb83b633,
36ac8f8a-d0da-11f0-9ba0-fc3fdb83b633,2766C,true,Hoja,,,,,,,,1,false,32072de1-d0da-11f0-9ba0-fc3fdb83b633,
36acd54e-d0da-11f0-9ba0-fc3fdb83b633,2766D,true,Hoja,,,,,,,,1,false,32072de1-d0da-11f0-9ba0-fc3fdb83b633,
36ad1a87-d0da-11f0-9ba0-fc3fdb83b633,2767A,true,Pecíolo,,,,,,,,1,false,32073080-d0da-11f0-9ba0-fc3fdb83b633,
36ad5f1d-d0da-11f0-9ba0-fc3fdb83b633,2767B,true,Rama,,,,,,,,1,false,32073080-d0da-11f0-9ba0-fc3fdb83b633,
36ada3d7-d0da-11f0-9ba0-fc3fdb83b633,2767C,true,Hoja,,,,,,,,1,false,32073080-d0da-11f0-9ba0-fc3fdb83b633,
36adea3d-d0da-11f0-9ba0-fc3fdb83b633,2767D,true,Hoja,,,,,,,,1,false,32073080-d0da-11f0-9ba0-fc3fdb83b633,
36ae301d-d0da-11f0-9ba0-fc3fdb83b633,2767E,true,Pecíolo,,,,,,,,1,false,32073080-d0da-11f0-9ba0-fc3fdb83b633,
36ae75f2-d0da-11f0-9ba0-fc3fdb83b633,2767F,true,Hoja,,,,,,,,1,false,32073080-d0da-11f0-9ba0-fc3fdb83b633,
36aebacf-d0da-11f0-9ba0-fc3fdb83b633,2768A,true,Hoja,,,,,,,,1,false,3207334c-d0da-11f0-9ba0-fc3fdb83b633,
36aeff56-d0da-11f0-9ba0-fc3fdb83b633,2768B,true,Hoja,,,,,,,,1,false,3207334c-d0da-11f0-9ba0-fc3fdb83b633,
36af7694-d0da-11f0-9ba0-fc3fdb83b633,2769A,true,Rama,,,,,,,,1,false,32073602-d0da-11f0-9ba0-fc3fdb83b633,
36afd9b2-d0da-11f0-9ba0-fc3fdb83b633,2769B,true,Hoja,,,,,,,,1,false,32073602-d0da-11f0-9ba0-fc3fdb83b633,
36b039dd-d0da-11f0-9ba0-fc3fdb83b633,2769C,true,Rama,,,,,,,,1,false,32073602-d0da-11f0-9ba0-fc3fdb83b633,
36b0687d-d0da-11f0-9ba0-fc3fdb83b633,2769D,true,Rama,,,,,,,,1,false,32073602-d0da-11f0-9ba0-fc3fdb83b633,
36b090f4-d0da-11f0-9ba0-fc3fdb83b633,2770A,true,Rama,,,,,,,,1,false,320738a4-d0da-11f0-9ba0-fc3fdb83b633,
36b0b8be-d0da-11f0-9ba0-fc3fdb83b633,2770B,true,Rama,,,,,,,,1,false,320738a4-d0da-11f0-9ba0-fc3fdb83b633,
36b0e076-d0da-11f0-9ba0-fc3fdb83b633,2770C,true,Hoja,,,,,,,,1,false,320738a4-d0da-11f0-9ba0-fc3fdb83b633,
36b10b41-d0da-11f0-9ba0-fc3fdb83b633,2770D,true,Raíz,,,,,,,,1,false,320738a4-d0da-11f0-9ba0-fc3fdb83b633,
36b12faa-d0da-11f0-9ba0-fc3fdb83b633,2770E,true,Rama,,,,,,,,1,false,320738a4-d0da-11f0-9ba0-fc3fdb83b633,
36b15468-d0da-11f0-9ba0-fc3fdb83b633,2770F,true,Rama,,,,,,,,1,false,320738a4-d0da-11f0-9ba0-fc3fdb83b633,
36b17b50-d0da-11f0-9ba0-fc3fdb83b633,2770G,true,Hoja,,,,,,,,1,false,320738a4-d0da-11f0-9ba0-fc3fdb83b633,
36b19f63-d0da-11f0-9ba0-fc3fdb83b633,2771A,true,Hoja,,,,,,,,1,false,32073b4e-d0da-11f0-9ba0-fc3fdb83b633,
36b1e688-d0da-11f0-9ba0-fc3fdb83b633,2771B,true,Hoja,,,,,,,,1,false,32073b4e-d0da-11f0-9ba0-fc3fdb83b633,
36b22ca9-d0da-11f0-9ba0-fc3fdb83b633,2773A,true,Rama,,,,,,,,1,false,32073e08-d0da-11f0-9ba0-fc3fdb83b633,
36b29185-d0da-11f0-9ba0-fc3fdb83b633,2773B,true,Raíz,,,,,,,,1,false,32073e08-d0da-11f0-9ba0-fc3fdb83b633,
36b2da10-d0da-11f0-9ba0-fc3fdb83b633,2773C,true,Hoja,,,,,,,,1,false,32073e08-d0da-11f0-9ba0-fc3fdb83b633,
36b31fc7-d0da-11f0-9ba0-fc3fdb83b633,2773D,true,Pecíolo,,,,,,,,1,false,32073e08-d0da-11f0-9ba0-fc3fdb83b633,
36b3647c-d0da-11f0-9ba0-fc3fdb83b633,2773E,true,Pecíolo,,,,,,,,1,false,32073e08-d0da-11f0-9ba0-fc3fdb83b633,
36b3a96d-d0da-11f0-9ba0-fc3fdb83b633,2774A,true,Rama,,,,,,,,1,false,320740ca-d0da-11f0-9ba0-fc3fdb83b633,
36b3ee90-d0da-11f0-9ba0-fc3fdb83b633,2774B,true,Hoja,,,,,,,,1,false,320740ca-d0da-11f0-9ba0-fc3fdb83b633,
36b43915-d0da-11f0-9ba0-fc3fdb83b633,2774C,true,Pecíolo,,,,,,,,1,false,320740ca-d0da-11f0-9ba0-fc3fdb83b633,
36b484da-d0da-11f0-9ba0-fc3fdb83b633,2774D,true,Pecíolo,,,,,,,,1,false,320740ca-d0da-11f0-9ba0-fc3fdb83b633,
36b4d1e9-d0da-11f0-9ba0-fc3fdb83b633,2774E,true,Raíz,,,,,,,,1,false,320740ca-d0da-11f0-9ba0-fc3fdb83b633,
36b518bf-d0da-11f0-9ba0-fc3fdb83b633,2774F,true,Hoja,,,,,,,,1,false,320740ca-d0da-11f0-9ba0-fc3fdb83b633,
36b55e08-d0da-11f0-9ba0-fc3fdb83b633,2775A,true,Hoja,,,,,,,,1,false,3207436d-d0da-11f0-9ba0-fc3fdb83b633,
36b5a1c4-d0da-11f0-9ba0-fc3fdb83b633,2775B,true,Hoja,,,,,,,,1,false,3207436d-d0da-11f0-9ba0-fc3fdb83b633,
36b5e536-d0da-11f0-9ba0-fc3fdb83b633,2775C,true,Hoja,,,,,,,,1,false,3207436d-d0da-11f0-9ba0-fc3fdb83b633,
36b627db-d0da-11f0-9ba0-fc3fdb83b633,2775D,true,Hoja,,,,,,,,1,false,3207436d-d0da-11f0-9ba0-fc3fdb83b633,
36b66c7e-d0da-11f0-9ba0-fc3fdb83b633,2776A,false,Hoja,,,,,,,,1,false,3207462f-d0da-11f0-9ba0-fc3fdb83b633,
36b6af49-d0da-11f0-9ba0-fc3fdb83b633,2776B,false,Pecíolo,,,,,,,,1,false,3207462f-d0da-11f0-9ba0-fc3fdb83b633,
36b7171e-d0da-11f0-9ba0-fc3fdb83b633,2776C,false,Hoja,,,,,,,,1,false,3207462f-d0da-11f0-9ba0-fc3fdb83b633,
36b7798a-d0da-11f0-9ba0-fc3fdb83b633,2776D,false,Raíz,,,,,,,,1,false,3207462f-d0da-11f0-9ba0-fc3fdb83b633,
36b7cfc2-d0da-11f0-9ba0-fc3fdb83b633,2777A,true,Pecíolo,,,,,,,,1,false,320748a8-d0da-11f0-9ba0-fc3fdb83b633,
36b8153a-d0da-11f0-9ba0-fc3fdb83b633,2777B,true,Rama,,,,,,,,1,false,320748a8-d0da-11f0-9ba0-fc3fdb83b633,
36b858aa-d0da-11f0-9ba0-fc3fdb83b633,2777C,true,Pecíolo,,,,,,,,1,false,320748a8-d0da-11f0-9ba0-fc3fdb83b633,
36b89b6e-d0da-11f0-9ba0-fc3fdb83b633,2777D,true,Rama,,,,,,,,1,false,320748a8-d0da-11f0-9ba0-fc3fdb83b633,
36b8de5c-d0da-11f0-9ba0-fc3fdb83b633,2778A,true,Hoja,,,,,,,,1,false,32074b9d-d0da-11f0-9ba0-fc3fdb83b633,
36b9211d-d0da-11f0-9ba0-fc3fdb83b633,2778B,true,Pecíolo,,,,,,,,1,false,32074b9d-d0da-11f0-9ba0-fc3fdb83b633,
36b9659f-d0da-11f0-9ba0-fc3fdb83b633,2778C,true,Rama,,,,,,,,1,false,32074b9d-d0da-11f0-9ba0-fc3fdb83b633,
36b98b06-d0da-11f0-9ba0-fc3fdb83b633,2779A,true,Hoja,,,,,,,,1,false,32074e97-d0da-11f0-9ba0-fc3fdb83b633,
36b9ae8d-d0da-11f0-9ba0-fc3fdb83b633,2779B,true,Hoja,,,,,,,,1,false,32074e97-d0da-11f0-9ba0-fc3fdb83b633,
36b9d1ca-d0da-11f0-9ba0-fc3fdb83b633,2779C,true,Hoja,,,,,,,,1,false,32074e97-d0da-11f0-9ba0-fc3fdb83b633,
36b9f5d6-d0da-11f0-9ba0-fc3fdb83b633,2779D,true,Raíz,,,,,,,,1,false,32074e97-d0da-11f0-9ba0-fc3fdb83b633,
36ba2035-d0da-11f0-9ba0-fc3fdb83b633,2779E,true,Hoja,,,,,,,,1,false,32074e97-d0da-11f0-9ba0-fc3fdb83b633,
36ba4552-d0da-11f0-9ba0-fc3fdb83b633,2780A,true,Hoja,,,,,,,,1,false,320751e5-d0da-11f0-9ba0-fc3fdb83b633,
36ba686a-d0da-11f0-9ba0-fc3fdb83b633,2780B,true,Rama,,,,,,,,1,false,320751e5-d0da-11f0-9ba0-fc3fdb83b633,
36ba8b93-d0da-11f0-9ba0-fc3fdb83b633,2780C,true,Hoja,,,,,,,,1,false,320751e5-d0da-11f0-9ba0-fc3fdb83b633,
36babcbf-d0da-11f0-9ba0-fc3fdb83b633,2780D,true,Hoja,,,,,,,,1,false,320751e5-d0da-11f0-9ba0-fc3fdb83b633,
36bafddd-d0da-11f0-9ba0-fc3fdb83b633,2780E,true,Hoja,,,,,,,,1,false,320751e5-d0da-11f0-9ba0-fc3fdb83b633,
36bb3e8d-d0da-11f0-9ba0-fc3fdb83b633,2781A,true,Rama,,,,,,,,1,false,3207546a-d0da-11f0-9ba0-fc3fdb83b633,
36bb7ffc-d0da-11f0-9ba0-fc3fdb83b633,2781B,true,Hoja,,,,,,,,1,false,3207546a-d0da-11f0-9ba0-fc3fdb83b633,
36bbc9d3-d0da-11f0-9ba0-fc3fdb83b633,2781C,true,Rama,,,,,,,,1,false,3207546a-d0da-11f0-9ba0-fc3fdb83b633,
36bc10a0-d0da-11f0-9ba0-fc3fdb83b633,2781D,true,Rama,,,,,,,,1,false,3207546a-d0da-11f0-9ba0-fc3fdb83b633,
36bc5384-d0da-11f0-9ba0-fc3fdb83b633,2781E,true,Rama,,,,,,,,1,false,3207546a-d0da-11f0-9ba0-fc3fdb83b633,
36bc9481-d0da-11f0-9ba0-fc3fdb83b633,2781F,true,Rama,,,,,,,,1,false,3207546a-d0da-11f0-9ba0-fc3fdb83b633,
36bcd556-d0da-11f0-9ba0-fc3fdb83b633,2781G,true,Hoja,,,,,,,,1,false,3207546a-d0da-11f0-9ba0-fc3fdb83b633,
36bd09d7-d0da-11f0-9ba0-fc3fdb83b633,2782A,true,Hoja,,,,,,,,1,false,32075700-d0da-11f0-9ba0-fc3fdb83b633,
36bd360f-d0da-11f0-9ba0-fc3fdb83b633,2782B,true,Hoja,,,,,,,,1,false,32075700-d0da-11f0-9ba0-fc3fdb83b633,
36bd5b25-d0da-11f0-9ba0-fc3fdb83b633,2783A,true,Rama,,,,,,,,1,false,320759a3-d0da-11f0-9ba0-fc3fdb83b633,
36bd7e33-d0da-11f0-9ba0-fc3fdb83b633,2783B,true,Hoja,,,,,,,,1,false,320759a3-d0da-11f0-9ba0-fc3fdb83b633,
36bda27c-d0da-11f0-9ba0-fc3fdb83b633,2783C,true,Pecíolo,,,,,,,,1,false,320759a3-d0da-11f0-9ba0-fc3fdb83b633,
36bdc55a-d0da-11f0-9ba0-fc3fdb83b633,2783D,true,Hoja,,,,,,,,1,false,320759a3-d0da-11f0-9ba0-fc3fdb83b633,
36bde82a-d0da-11f0-9ba0-fc3fdb83b633,2783E,true,Hoja,,,,,,,,1,false,320759a3-d0da-11f0-9ba0-fc3fdb83b633,
36be0afe-d0da-11f0-9ba0-fc3fdb83b633,2784A,true,Rama,,,,,,,,1,false,32075c4a-d0da-11f0-9ba0-fc3fdb83b633,
36be2db2-d0da-11f0-9ba0-fc3fdb83b633,2784B,true,Hoja,,,,,,,,1,false,32075c4a-d0da-11f0-9ba0-fc3fdb83b633,
36be566b-d0da-11f0-9ba0-fc3fdb83b633,2784C,true,Rama,,,,,,,,1,false,32075c4a-d0da-11f0-9ba0-fc3fdb83b633,
36be8416-d0da-11f0-9ba0-fc3fdb83b633,2784D,true,Hoja,,,,,,,,1,false,32075c4a-d0da-11f0-9ba0-fc3fdb83b633,
36bead92-d0da-11f0-9ba0-fc3fdb83b633,2784E,true,Rama,,,,,,,,1,false,32075c4a-d0da-11f0-9ba0-fc3fdb83b633,
36bed430-d0da-11f0-9ba0-fc3fdb83b633,2784F,true,Hoja,,,,,,,,1,false,32075c4a-d0da-11f0-9ba0-fc3fdb83b633,
36bef739-d0da-11f0-9ba0-fc3fdb83b633,2785A,true,Hoja,,,,,,,,1,false,32075f1d-d0da-11f0-9ba0-fc3fdb83b633,
36bf1cad-d0da-11f0-9ba0-fc3fdb83b633,2785B,true,Hoja,,,,,,,,1,false,32075f1d-d0da-11f0-9ba0-fc3fdb83b633,
36bf3f9c-d0da-11f0-9ba0-fc3fdb83b633,2785C,true,Pecíolo,,,,,,,,1,false,32075f1d-d0da-11f0-9ba0-fc3fdb83b633,
36bf626d-d0da-11f0-9ba0-fc3fdb83b633,2786A,true,Rama,,,,,,,,1,false,320761cc-d0da-11f0-9ba0-fc3fdb83b633,
36bf8517-d0da-11f0-9ba0-fc3fdb83b633,2786B,true,Hoja,,,,,,,,1,false,320761cc-d0da-11f0-9ba0-fc3fdb83b633,
36bfa7d5-d0da-11f0-9ba0-fc3fdb83b633,2786C,true,Hoja,,,,,,,,1,false,320761cc-d0da-11f0-9ba0-fc3fdb83b633,
36bfca97-d0da-11f0-9ba0-fc3fdb83b633,2786D,true,Hoja,,,,,,,,1,false,320761cc-d0da-11f0-9ba0-fc3fdb83b633,
36bfed53-d0da-11f0-9ba0-fc3fdb83b633,2786E,true,Hoja,,,,,,,,1,false,320761cc-d0da-11f0-9ba0-fc3fdb83b633,
36c021e2-d0da-11f0-9ba0-fc3fdb83b633,2788A,true,Hoja,,,,,,,,1,false,32076468-d0da-11f0-9ba0-fc3fdb83b633,
36c0891a-d0da-11f0-9ba0-fc3fdb83b633,2789A,true,Raíz,,,,,,,,1,false,3207673c-d0da-11f0-9ba0-fc3fdb83b633,
36c0e332-d0da-11f0-9ba0-fc3fdb83b633,2789B,true,Raíz,,,,,,,,1,false,3207673c-d0da-11f0-9ba0-fc3fdb83b633,
36c139d8-d0da-11f0-9ba0-fc3fdb83b633,2789C,true,Raíz,,,,,,,,1,false,3207673c-d0da-11f0-9ba0-fc3fdb83b633,
36c1619e-d0da-11f0-9ba0-fc3fdb83b633,2790A,true,Rama,,,,,,,,1,false,320769de-d0da-11f0-9ba0-fc3fdb83b633,
36c187cf-d0da-11f0-9ba0-fc3fdb83b633,2791A,true,Rama,,,,,,,,1,false,32076c8a-d0da-11f0-9ba0-fc3fdb83b633,
36c1b0ef-d0da-11f0-9ba0-fc3fdb83b633,2791B,true,Hoja,,,,,,,,1,false,32076c8a-d0da-11f0-9ba0-fc3fdb83b633,
36c1d7e8-d0da-11f0-9ba0-fc3fdb83b633,2791C,true,Hoja,,,,,,,,1,false,32076c8a-d0da-11f0-9ba0-fc3fdb83b633,
36c1fbef-d0da-11f0-9ba0-fc3fdb83b633,2792A,true,Rama,,,,,,,,1,false,32076f47-d0da-11f0-9ba0-fc3fdb83b633,
36c21eb7-d0da-11f0-9ba0-fc3fdb83b633,2792B,true,Rama,,,,,,,,1,false,32076f47-d0da-11f0-9ba0-fc3fdb83b633,
36c24214-d0da-11f0-9ba0-fc3fdb83b633,2792C,true,Rama,,,,,,,,1,false,32076f47-d0da-11f0-9ba0-fc3fdb83b633,
36c264f4-d0da-11f0-9ba0-fc3fdb83b633,2793A,true,Hoja,,,,,,,,1,false,3207722d-d0da-11f0-9ba0-fc3fdb83b633,
36c287a3-d0da-11f0-9ba0-fc3fdb83b633,2793B,true,Pecíolo,,,,,,,,1,false,3207722d-d0da-11f0-9ba0-fc3fdb83b633,
36c2aa64-d0da-11f0-9ba0-fc3fdb83b633,2793C,true,Rama,,,,,,,,1,false,3207722d-d0da-11f0-9ba0-fc3fdb83b633,
36c2cd27-d0da-11f0-9ba0-fc3fdb83b633,2793D,true,Rama,,,,,,,,1,false,3207722d-d0da-11f0-9ba0-fc3fdb83b633,
36c2eff5-d0da-11f0-9ba0-fc3fdb83b633,2794A,true,Rama,,,,,,,,1,false,320775e0-d0da-11f0-9ba0-fc3fdb83b633,
36c32f85-d0da-11f0-9ba0-fc3fdb83b633,2794B,true,Pecíolo,,,,,,,,1,false,320775e0-d0da-11f0-9ba0-fc3fdb83b633,
36c37d49-d0da-11f0-9ba0-fc3fdb83b633,2794C,true,Pecíolo,,,,,,,,1,false,320775e0-d0da-11f0-9ba0-fc3fdb83b633,
36c3c5b4-d0da-11f0-9ba0-fc3fdb83b633,2794D,true,Hoja,,,,,,,,1,false,320775e0-d0da-11f0-9ba0-fc3fdb83b633,
36c40da7-d0da-11f0-9ba0-fc3fdb83b633,2794E,true,Hoja,,,,,,,,1,false,320775e0-d0da-11f0-9ba0-fc3fdb83b633,
36c451ef-d0da-11f0-9ba0-fc3fdb83b633,2794F,true,Hoja,,,,,,,,1,false,320775e0-d0da-11f0-9ba0-fc3fdb83b633,
36c496be-d0da-11f0-9ba0-fc3fdb83b633,2794G,true,Hoja,,,,,,,,1,false,320775e0-d0da-11f0-9ba0-fc3fdb83b633,
36c4de1a-d0da-11f0-9ba0-fc3fdb83b633,2795A,true,Hoja,,,,,,,,1,false,320778c3-d0da-11f0-9ba0-fc3fdb83b633,
36c524ca-d0da-11f0-9ba0-fc3fdb83b633,2796A,true,Hoja,,,,,,,,1,false,32077b8f-d0da-11f0-9ba0-fc3fdb83b633,
36c56ab5-d0da-11f0-9ba0-fc3fdb83b633,2798A,true,Rama,,,,,,,,1,false,32077e5e-d0da-11f0-9ba0-fc3fdb83b633,
36c5b00f-d0da-11f0-9ba0-fc3fdb83b633,2798B,true,Hoja,,,,,,,,1,false,32077e5e-d0da-11f0-9ba0-fc3fdb83b633,
36c5f4f5-d0da-11f0-9ba0-fc3fdb83b633,2798C,true,Hoja,,,,,,,,1,false,32077e5e-d0da-11f0-9ba0-fc3fdb83b633,
36c63f2c-d0da-11f0-9ba0-fc3fdb83b633,2798D,true,Hoja,,,,,,,,1,false,32077e5e-d0da-11f0-9ba0-fc3fdb83b633,
36c6868d-d0da-11f0-9ba0-fc3fdb83b633,2798E,true,Hoja,,,,,,,,1,false,32077e5e-d0da-11f0-9ba0-fc3fdb83b633,
36c695cc-d0da-11f0-9ba0-fc3fdb83b633,27A,true,Hoja,,,,,,,,1,false,31fa34cc-d0da-11f0-9ba0-fc3fdb83b633,3027edbd-d0da-11f0-9ba0-fc3fdb83b633
36c6dd57-d0da-11f0-9ba0-fc3fdb83b633,27B,true,Hoja,,,,,,,,1,false,31fa34cc-d0da-11f0-9ba0-fc3fdb83b633,3027edbd-d0da-11f0-9ba0-fc3fdb83b633
36c75a44-d0da-11f0-9ba0-fc3fdb83b633,2816A,true,Rama,,,,,,,,1,false,320780f3-d0da-11f0-9ba0-fc3fdb83b633,
36c79f18-d0da-11f0-9ba0-fc3fdb83b633,2816B,true,Rama,,,,,,,,1,false,320780f3-d0da-11f0-9ba0-fc3fdb83b633,
36c7e765-d0da-11f0-9ba0-fc3fdb83b633,2816C,true,Rama,,,,,,,,1,false,320780f3-d0da-11f0-9ba0-fc3fdb83b633,
36c82ca5-d0da-11f0-9ba0-fc3fdb83b633,2816D,true,Raíz,,,,,,,,1,false,320780f3-d0da-11f0-9ba0-fc3fdb83b633,
36c871a3-d0da-11f0-9ba0-fc3fdb83b633,2816E,true,Hoja,,,,,,,,1,false,320780f3-d0da-11f0-9ba0-fc3fdb83b633,
36c8b9f3-d0da-11f0-9ba0-fc3fdb83b633,2817A,true,Rama,,,,,,,,1,false,3207836a-d0da-11f0-9ba0-fc3fdb83b633,
36c8fd11-d0da-11f0-9ba0-fc3fdb83b633,2817B,true,Rama,,,,,,,,1,false,3207836a-d0da-11f0-9ba0-fc3fdb83b633,
36c95156-d0da-11f0-9ba0-fc3fdb83b633,2817C,true,Pecíolo,,,,,,,,1,false,3207836a-d0da-11f0-9ba0-fc3fdb83b633,
36c99949-d0da-11f0-9ba0-fc3fdb83b633,2817D,true,Hoja,,,,,,,,1,false,3207836a-d0da-11f0-9ba0-fc3fdb83b633,
36c9def1-d0da-11f0-9ba0-fc3fdb83b633,2817E,true,Raíz,,,,,,,,1,false,3207836a-d0da-11f0-9ba0-fc3fdb83b633,
36ca2558-d0da-11f0-9ba0-fc3fdb83b633,2817F,true,Hoja,,,,,,,,1,false,3207836a-d0da-11f0-9ba0-fc3fdb83b633,
36ca6ae0-d0da-11f0-9ba0-fc3fdb83b633,2817G,true,Pecíolo,,,,,,,,1,false,3207836a-d0da-11f0-9ba0-fc3fdb83b633,
36caaf02-d0da-11f0-9ba0-fc3fdb83b633,2817H,true,Hoja,,,,,,,,1,false,3207836a-d0da-11f0-9ba0-fc3fdb83b633,
36caf285-d0da-11f0-9ba0-fc3fdb83b633,2818A,true,Hoja,,,,,,,,1,false,320785dc-d0da-11f0-9ba0-fc3fdb83b633,
36cb3b05-d0da-11f0-9ba0-fc3fdb83b633,2818B,true,Pecíolo,,,,,,,,1,false,320785dc-d0da-11f0-9ba0-fc3fdb83b633,
36cb83ab-d0da-11f0-9ba0-fc3fdb83b633,2818C,true,Hoja,,,,,,,,1,false,320785dc-d0da-11f0-9ba0-fc3fdb83b633,
36cbc976-d0da-11f0-9ba0-fc3fdb83b633,2820A,true,Hoja,,,,,,,,1,false,32078870-d0da-11f0-9ba0-fc3fdb83b633,
36cc0e52-d0da-11f0-9ba0-fc3fdb83b633,2820B,true,Hoja,,,,,,,,1,false,32078870-d0da-11f0-9ba0-fc3fdb83b633,
36cc536b-d0da-11f0-9ba0-fc3fdb83b633,2820C,true,Rama,,,,,,,,1,false,32078870-d0da-11f0-9ba0-fc3fdb83b633,
36cc9813-d0da-11f0-9ba0-fc3fdb83b633,2820D,true,Hoja,,,,,,,,1,false,32078870-d0da-11f0-9ba0-fc3fdb83b633,
36ccdd62-d0da-11f0-9ba0-fc3fdb83b633,2820E,true,Rama,,,,,,,,1,false,32078870-d0da-11f0-9ba0-fc3fdb83b633,
36cd22c2-d0da-11f0-9ba0-fc3fdb83b633,2820F,true,Rama,,,,,,,,1,false,32078870-d0da-11f0-9ba0-fc3fdb83b633,
36cd67c5-d0da-11f0-9ba0-fc3fdb83b633,2821A,true,Hoja,,,,,,,,1,false,32078b09-d0da-11f0-9ba0-fc3fdb83b633,
36cdac63-d0da-11f0-9ba0-fc3fdb83b633,2821B,true,Hoja,,,,,,,,1,false,32078b09-d0da-11f0-9ba0-fc3fdb83b633,
36cdf35e-d0da-11f0-9ba0-fc3fdb83b633,2821C,true,Hoja,,,,,,,,1,false,32078b09-d0da-11f0-9ba0-fc3fdb83b633,
36ce39d3-d0da-11f0-9ba0-fc3fdb83b633,2822A,true,Rama,,,,,,,,1,false,32078dd2-d0da-11f0-9ba0-fc3fdb83b633,
36ce7eba-d0da-11f0-9ba0-fc3fdb83b633,2822B,true,Hoja,,,,,,,,1,false,32078dd2-d0da-11f0-9ba0-fc3fdb83b633,
36cec3a4-d0da-11f0-9ba0-fc3fdb83b633,2822C,true,Rama,,,,,,,,1,false,32078dd2-d0da-11f0-9ba0-fc3fdb83b633,
36cf0894-d0da-11f0-9ba0-fc3fdb83b633,2823A,true,Rama,,,,,,,,1,false,3207909c-d0da-11f0-9ba0-fc3fdb83b633,
36cf4dfe-d0da-11f0-9ba0-fc3fdb83b633,2823B,true,Rama,,,,,,,,1,false,3207909c-d0da-11f0-9ba0-fc3fdb83b633,
36cf92cc-d0da-11f0-9ba0-fc3fdb83b633,2823C,true,Hoja,,,,,,,,1,false,3207909c-d0da-11f0-9ba0-fc3fdb83b633,
36cfd834-d0da-11f0-9ba0-fc3fdb83b633,2824A,true,Hoja,,,,,,,,1,false,3207935a-d0da-11f0-9ba0-fc3fdb83b633,
36d01d85-d0da-11f0-9ba0-fc3fdb83b633,2826A,true,Rama,,,,,,,,1,false,32079642-d0da-11f0-9ba0-fc3fdb83b633,
36d0625c-d0da-11f0-9ba0-fc3fdb83b633,2826B,true,Hoja,,,,,,,,1,false,32079642-d0da-11f0-9ba0-fc3fdb83b633,
36d0a746-d0da-11f0-9ba0-fc3fdb83b633,2828A,true,Pecíolo,,,,,,,,1,false,32079904-d0da-11f0-9ba0-fc3fdb83b633,
36d10550-d0da-11f0-9ba0-fc3fdb83b633,2830A,true,Rama,,,,,,,,1,false,32079c15-d0da-11f0-9ba0-fc3fdb83b633,
36d16c1a-d0da-11f0-9ba0-fc3fdb83b633,2830B,true,Hoja,,,,,,,,1,false,32079c15-d0da-11f0-9ba0-fc3fdb83b633,
36d1bb0f-d0da-11f0-9ba0-fc3fdb83b633,2830C,true,Rama,,,,,,,,1,false,32079c15-d0da-11f0-9ba0-fc3fdb83b633,
36d20165-d0da-11f0-9ba0-fc3fdb83b633,2830D,true,Rama,,,,,,,,1,false,32079c15-d0da-11f0-9ba0-fc3fdb83b633,
36d2483a-d0da-11f0-9ba0-fc3fdb83b633,2832A,true,Hoja,,,,,,,,1,false,32079ef4-d0da-11f0-9ba0-fc3fdb83b633,
36d28dd1-d0da-11f0-9ba0-fc3fdb83b633,2833A,true,Pecíolo,,,,,,,,1,false,3207a1d6-d0da-11f0-9ba0-fc3fdb83b633,
36d2d897-d0da-11f0-9ba0-fc3fdb83b633,2833B,true,Hoja,,,,,,,,1,false,3207a1d6-d0da-11f0-9ba0-fc3fdb83b633,
36d3040f-d0da-11f0-9ba0-fc3fdb83b633,2833C,true,Hoja,,,,,,,,1,false,3207a1d6-d0da-11f0-9ba0-fc3fdb83b633,
36d329a5-d0da-11f0-9ba0-fc3fdb83b633,2834A,true,Hoja,,,,,,,,1,false,3207a48d-d0da-11f0-9ba0-fc3fdb83b633,
36d35206-d0da-11f0-9ba0-fc3fdb83b633,2834B,true,Hoja,,,,,,,,1,false,3207a48d-d0da-11f0-9ba0-fc3fdb83b633,
36d3803b-d0da-11f0-9ba0-fc3fdb83b633,2835A,true,Hoja,,,,,,,,1,false,3207a760-d0da-11f0-9ba0-fc3fdb83b633,
36d3c58e-d0da-11f0-9ba0-fc3fdb83b633,2835B,true,Hoja,,,,,,,,1,false,3207a760-d0da-11f0-9ba0-fc3fdb83b633,
36d40a98-d0da-11f0-9ba0-fc3fdb83b633,2835C,true,Rama,,,,,,,,1,false,3207a760-d0da-11f0-9ba0-fc3fdb83b633,
36d44fcd-d0da-11f0-9ba0-fc3fdb83b633,2869A,true,Hoja,,,,,,,,1,false,3207aa0f-d0da-11f0-9ba0-fc3fdb83b633,
36d494be-d0da-11f0-9ba0-fc3fdb83b633,2869B,true,Rama,,,,,,,,1,false,3207aa0f-d0da-11f0-9ba0-fc3fdb83b633,
36d4da08-d0da-11f0-9ba0-fc3fdb83b633,2869C,true,Hoja,,,,,,,,1,false,3207aa0f-d0da-11f0-9ba0-fc3fdb83b633,
36d51ed6-d0da-11f0-9ba0-fc3fdb83b633,2869D,true,Hoja,,,,,,,,1,false,3207aa0f-d0da-11f0-9ba0-fc3fdb83b633,
36d5646f-d0da-11f0-9ba0-fc3fdb83b633,2869E,true,Pecíolo,,,,,,,,1,false,3207aa0f-d0da-11f0-9ba0-fc3fdb83b633,
36d59aec-d0da-11f0-9ba0-fc3fdb83b633,2870A,true,Hoja,,,,,,,,1,false,3207ac9a-d0da-11f0-9ba0-fc3fdb83b633,
36d5e02b-d0da-11f0-9ba0-fc3fdb83b633,2870B,true,Hoja,,,,,,,,1,false,3207ac9a-d0da-11f0-9ba0-fc3fdb83b633,
36d62848-d0da-11f0-9ba0-fc3fdb83b633,2870C,true,Hoja,,,,,,,,1,false,3207ac9a-d0da-11f0-9ba0-fc3fdb83b633,
36d66df2-d0da-11f0-9ba0-fc3fdb83b633,2870D,true,Raíz,,,,,,,,1,false,3207ac9a-d0da-11f0-9ba0-fc3fdb83b633,
36d6b362-d0da-11f0-9ba0-fc3fdb83b633,2871A,true,Hoja,,,,,,,,1,false,3207af13-d0da-11f0-9ba0-fc3fdb83b633,
36d6f953-d0da-11f0-9ba0-fc3fdb83b633,2871B,true,Pecíolo,,,,,,,,1,false,3207af13-d0da-11f0-9ba0-fc3fdb83b633,
36d73372-d0da-11f0-9ba0-fc3fdb83b633,2872A,true,Hoja,,,,,,,,1,false,3207b1a2-d0da-11f0-9ba0-fc3fdb83b633,
36d75e5c-d0da-11f0-9ba0-fc3fdb83b633,2872B,true,Rama,,,,,,,,1,false,3207b1a2-d0da-11f0-9ba0-fc3fdb83b633,
36d787d8-d0da-11f0-9ba0-fc3fdb83b633,2872C,true,Hoja,,,,,,,,1,false,3207b1a2-d0da-11f0-9ba0-fc3fdb83b633,
36d7adb0-d0da-11f0-9ba0-fc3fdb83b633,2872D,true,Rama,,,,,,,,1,false,3207b1a2-d0da-11f0-9ba0-fc3fdb83b633,
36d7d99e-d0da-11f0-9ba0-fc3fdb83b633,2872E,true,Rama,,,,,,,,1,false,3207b1a2-d0da-11f0-9ba0-fc3fdb83b633,
36d82b89-d0da-11f0-9ba0-fc3fdb83b633,2872F,true,Hoja,,,,,,,,1,false,3207b1a2-d0da-11f0-9ba0-fc3fdb83b633,
36d87115-d0da-11f0-9ba0-fc3fdb83b633,2873A,true,Hoja,,,,,,,,1,false,3207b427-d0da-11f0-9ba0-fc3fdb83b633,
36d8c790-d0da-11f0-9ba0-fc3fdb83b633,2873B,true,Hoja,,,,,,,,1,false,3207b427-d0da-11f0-9ba0-fc3fdb83b633,
36d9298b-d0da-11f0-9ba0-fc3fdb83b633,2873C,true,Rama,,,,,,,,1,false,3207b427-d0da-11f0-9ba0-fc3fdb83b633,
36d97a8e-d0da-11f0-9ba0-fc3fdb83b633,2874A,true,Hoja,,,,,,,,1,false,3207b6f2-d0da-11f0-9ba0-fc3fdb83b633,
36d9c050-d0da-11f0-9ba0-fc3fdb83b633,2874B,true,Rama,,,,,,,,1,false,3207b6f2-d0da-11f0-9ba0-fc3fdb83b633,
36da0547-d0da-11f0-9ba0-fc3fdb83b633,2874C,true,Hoja,,,,,,,,1,false,3207b6f2-d0da-11f0-9ba0-fc3fdb83b633,
36da4d10-d0da-11f0-9ba0-fc3fdb83b633,2875A,true,Hoja,,,,,,,,1,false,3207b9a4-d0da-11f0-9ba0-fc3fdb83b633,
36da91ec-d0da-11f0-9ba0-fc3fdb83b633,2875B,true,Rama,,,,,,,,1,false,3207b9a4-d0da-11f0-9ba0-fc3fdb83b633,
36dabb18-d0da-11f0-9ba0-fc3fdb83b633,2877A,true,Hoja,,,,,,,,1,false,3207bc85-d0da-11f0-9ba0-fc3fdb83b633,
36dae3b1-d0da-11f0-9ba0-fc3fdb83b633,2877B,true,Raíz,,,,,,,,1,false,3207bc85-d0da-11f0-9ba0-fc3fdb83b633,
36db0bbc-d0da-11f0-9ba0-fc3fdb83b633,2877C,true,Raíz,,,,,,,,1,false,3207bc85-d0da-11f0-9ba0-fc3fdb83b633,
36db365b-d0da-11f0-9ba0-fc3fdb83b633,2878A,true,Raíz,,,,,,,,1,false,3207bf3f-d0da-11f0-9ba0-fc3fdb83b633,
36db5e88-d0da-11f0-9ba0-fc3fdb83b633,2878B,true,Raíz,,,,,,,,1,false,3207bf3f-d0da-11f0-9ba0-fc3fdb83b633,
36db87db-d0da-11f0-9ba0-fc3fdb83b633,2878C,true,Rama,,,,,,,,1,false,3207bf3f-d0da-11f0-9ba0-fc3fdb83b633,
36dbbf73-d0da-11f0-9ba0-fc3fdb83b633,2879A,true,Rama,,,,,,,,1,false,3207c216-d0da-11f0-9ba0-fc3fdb83b633,
36dc02e4-d0da-11f0-9ba0-fc3fdb83b633,2879B,true,Rama,,,,,,,,1,false,3207c216-d0da-11f0-9ba0-fc3fdb83b633,
36dc109a-d0da-11f0-9ba0-fc3fdb83b633,28B,true,Hoja,,,,,,,,1,false,31fa3739-d0da-11f0-9ba0-fc3fdb83b633,3027f61f-d0da-11f0-9ba0-fc3fdb83b633
36dc5433-d0da-11f0-9ba0-fc3fdb83b633,28C,true,Hoja,,,,,,,,1,false,31fa3739-d0da-11f0-9ba0-fc3fdb83b633,3027edbd-d0da-11f0-9ba0-fc3fdb83b633
36dccebf-d0da-11f0-9ba0-fc3fdb83b633,2900A,true,Rama,,,,,,,,1,false,3207c54a-d0da-11f0-9ba0-fc3fdb83b633,
36dd0f36-d0da-11f0-9ba0-fc3fdb83b633,2900B,true,Hoja,,,,,,,,1,false,3207c54a-d0da-11f0-9ba0-fc3fdb83b633,
36dd3d13-d0da-11f0-9ba0-fc3fdb83b633,2900C,true,Hoja,,,,,,,,1,false,3207c54a-d0da-11f0-9ba0-fc3fdb83b633,
36dd6573-d0da-11f0-9ba0-fc3fdb83b633,2900D,true,Pecíolo,,,,,,,,1,false,3207c54a-d0da-11f0-9ba0-fc3fdb83b633,
36dd8df9-d0da-11f0-9ba0-fc3fdb83b633,2900E,true,Rama,,,,,,,,1,false,3207c54a-d0da-11f0-9ba0-fc3fdb83b633,
36ddb2db-d0da-11f0-9ba0-fc3fdb83b633,2901A,true,Rama,,,,,,,,1,false,3207c7eb-d0da-11f0-9ba0-fc3fdb83b633,
36ddd9a6-d0da-11f0-9ba0-fc3fdb83b633,2901B,true,Hoja,,,,,,,,1,false,3207c7eb-d0da-11f0-9ba0-fc3fdb83b633,
36de0117-d0da-11f0-9ba0-fc3fdb83b633,2901C,true,Hoja,,,,,,,,1,false,3207c7eb-d0da-11f0-9ba0-fc3fdb83b633,
36de27f1-d0da-11f0-9ba0-fc3fdb83b633,2901D,true,Hoja,,,,,,,,1,false,3207c7eb-d0da-11f0-9ba0-fc3fdb83b633,
36de4c02-d0da-11f0-9ba0-fc3fdb83b633,2903A,true,Rama,,,,,,,,1,false,3207ca5b-d0da-11f0-9ba0-fc3fdb83b633,
36de6fe4-d0da-11f0-9ba0-fc3fdb83b633,2903B,true,Rama,,,,,,,,1,false,3207ca5b-d0da-11f0-9ba0-fc3fdb83b633,
36de9483-d0da-11f0-9ba0-fc3fdb83b633,2903C,true,Pecíolo,,,,,,,,1,false,3207ca5b-d0da-11f0-9ba0-fc3fdb83b633,
36ded7fb-d0da-11f0-9ba0-fc3fdb83b633,2904A,true,Rama,,,,,,,,1,false,3207cce0-d0da-11f0-9ba0-fc3fdb83b633,
36df1e36-d0da-11f0-9ba0-fc3fdb83b633,2904B,true,Pecíolo,,,,,,,,1,false,3207cce0-d0da-11f0-9ba0-fc3fdb83b633,
36df62b7-d0da-11f0-9ba0-fc3fdb83b633,2905A,true,Hoja,,,,,,,,1,false,3207cf76-d0da-11f0-9ba0-fc3fdb83b633,
36dfbd77-d0da-11f0-9ba0-fc3fdb83b633,2905B,true,Rama,,,,,,,,1,false,3207cf76-d0da-11f0-9ba0-fc3fdb83b633,
36e0038a-d0da-11f0-9ba0-fc3fdb83b633,2906A,true,Hoja,,,,,,,,1,false,3207d222-d0da-11f0-9ba0-fc3fdb83b633,
36e05526-d0da-11f0-9ba0-fc3fdb83b633,2906B,true,Hoja,,,,,,,,1,false,3207d222-d0da-11f0-9ba0-fc3fdb83b633,
36e09dc3-d0da-11f0-9ba0-fc3fdb83b633,2906C,true,Hoja,,,,,,,,1,false,3207d222-d0da-11f0-9ba0-fc3fdb83b633,
36e0c3c6-d0da-11f0-9ba0-fc3fdb83b633,2906D,true,Hoja,,,,,,,,1,false,3207d222-d0da-11f0-9ba0-fc3fdb83b633,
36e0e818-d0da-11f0-9ba0-fc3fdb83b633,2906E,true,Hoja,,,,,,,,1,false,3207d222-d0da-11f0-9ba0-fc3fdb83b633,
36e10d38-d0da-11f0-9ba0-fc3fdb83b633,2907A,true,Hoja,,,,,,,,1,false,3207d4a6-d0da-11f0-9ba0-fc3fdb83b633,
36e1314a-d0da-11f0-9ba0-fc3fdb83b633,2909A,true,Rama,,,,,,,,1,false,3207d73e-d0da-11f0-9ba0-fc3fdb83b633,
36e1555c-d0da-11f0-9ba0-fc3fdb83b633,2910A,true,Hoja,,,,,,,,1,false,3207d9ed-d0da-11f0-9ba0-fc3fdb83b633,
36e17953-d0da-11f0-9ba0-fc3fdb83b633,2910B,true,Raíz,,,,,,,,1,false,3207d9ed-d0da-11f0-9ba0-fc3fdb83b633,
36e19df8-d0da-11f0-9ba0-fc3fdb83b633,2910C,true,Raíz,,,,,,,,1,false,3207d9ed-d0da-11f0-9ba0-fc3fdb83b633,
36e1cb86-d0da-11f0-9ba0-fc3fdb83b633,2910D,true,Hoja,,,,,,,,1,false,3207d9ed-d0da-11f0-9ba0-fc3fdb83b633,
36e1f404-d0da-11f0-9ba0-fc3fdb83b633,2911A,true,Hoja,,,,,,,,1,false,3207dca3-d0da-11f0-9ba0-fc3fdb83b633,
36e244c7-d0da-11f0-9ba0-fc3fdb83b633,2911B,true,Rama,,,,,,,,1,false,3207dca3-d0da-11f0-9ba0-fc3fdb83b633,
36e28911-d0da-11f0-9ba0-fc3fdb83b633,2911C,true,Rama,,,,,,,,1,false,3207dca3-d0da-11f0-9ba0-fc3fdb83b633,
36e2cd78-d0da-11f0-9ba0-fc3fdb83b633,2912A,true,Rama,,,,,,,,1,false,3207df58-d0da-11f0-9ba0-fc3fdb83b633,
36e31118-d0da-11f0-9ba0-fc3fdb83b633,2912B,true,Rama,,,,,,,,1,false,3207df58-d0da-11f0-9ba0-fc3fdb83b633,
36e34ca0-d0da-11f0-9ba0-fc3fdb83b633,2912C,true,Hoja,,,,,,,,1,false,3207df58-d0da-11f0-9ba0-fc3fdb83b633,
36e371db-d0da-11f0-9ba0-fc3fdb83b633,2912D,true,Hoja,,,,,,,,1,false,3207df58-d0da-11f0-9ba0-fc3fdb83b633,
36e39674-d0da-11f0-9ba0-fc3fdb83b633,2913A,true,Rama,,,,,,,,1,false,3207e219-d0da-11f0-9ba0-fc3fdb83b633,
36e3bb52-d0da-11f0-9ba0-fc3fdb83b633,2913B,true,Hoja,,,,,,,,1,false,3207e219-d0da-11f0-9ba0-fc3fdb83b633,
36e3dfd4-d0da-11f0-9ba0-fc3fdb83b633,2913C,true,Hoja,,,,,,,,1,false,3207e219-d0da-11f0-9ba0-fc3fdb83b633,
36e40428-d0da-11f0-9ba0-fc3fdb83b633,2914A,true,Hoja,,,,,,,,1,false,3207e4da-d0da-11f0-9ba0-fc3fdb83b633,
36e42879-d0da-11f0-9ba0-fc3fdb83b633,2914B,true,Hoja,,,,,,,,1,false,3207e4da-d0da-11f0-9ba0-fc3fdb83b633,
36e44d3b-d0da-11f0-9ba0-fc3fdb83b633,2914C,true,Hoja,,,,,,,,1,false,3207e4da-d0da-11f0-9ba0-fc3fdb83b633,
36e4719a-d0da-11f0-9ba0-fc3fdb83b633,2914D,true,Hoja,,,,,,,,1,false,3207e4da-d0da-11f0-9ba0-fc3fdb83b633,
36e4a8ce-d0da-11f0-9ba0-fc3fdb83b633,2915A,true,Raíz,,,,,,,,1,false,3207e7b6-d0da-11f0-9ba0-fc3fdb83b633,
36e4d56b-d0da-11f0-9ba0-fc3fdb83b633,2915B,true,Rama,,,,,,,,1,false,3207e7b6-d0da-11f0-9ba0-fc3fdb83b633,
36e4faa8-d0da-11f0-9ba0-fc3fdb83b633,2916A,true,Rama,,,,,,,,1,false,3207eab1-d0da-11f0-9ba0-fc3fdb83b633,
36e522af-d0da-11f0-9ba0-fc3fdb83b633,2916B,true,Hoja,,,,,,,,1,false,3207eab1-d0da-11f0-9ba0-fc3fdb83b633,
36e54868-d0da-11f0-9ba0-fc3fdb83b633,2917A,true,Hoja,,,,,,,,1,false,3207ed96-d0da-11f0-9ba0-fc3fdb83b633,
36e57014-d0da-11f0-9ba0-fc3fdb83b633,2917B,true,Hoja,,,,,,,,1,false,3207ed96-d0da-11f0-9ba0-fc3fdb83b633,
36e594f9-d0da-11f0-9ba0-fc3fdb83b633,2918A,true,Hoja,,,,,,,,1,false,3207f07e-d0da-11f0-9ba0-fc3fdb83b633,
36e5d293-d0da-11f0-9ba0-fc3fdb83b633,2918B,true,Hoja,,,,,,,,1,false,3207f07e-d0da-11f0-9ba0-fc3fdb83b633,
36e615c1-d0da-11f0-9ba0-fc3fdb83b633,2918C,true,Rama,,,,,,,,1,false,3207f07e-d0da-11f0-9ba0-fc3fdb83b633,
36e65e55-d0da-11f0-9ba0-fc3fdb83b633,2918D,true,Hoja,,,,,,,,1,false,3207f07e-d0da-11f0-9ba0-fc3fdb83b633,
36e6a8a6-d0da-11f0-9ba0-fc3fdb83b633,2918E,true,Hoja,,,,,,,,1,false,3207f07e-d0da-11f0-9ba0-fc3fdb83b633,
36e6f0ec-d0da-11f0-9ba0-fc3fdb83b633,2984A,true,Pecíolo,,,,,,,,1,false,3207f37f-d0da-11f0-9ba0-fc3fdb83b633,
36e736b3-d0da-11f0-9ba0-fc3fdb83b633,2984B,true,Pecíolo,,,,,,,,1,false,3207f37f-d0da-11f0-9ba0-fc3fdb83b633,
36e77b5f-d0da-11f0-9ba0-fc3fdb83b633,2984C,true,Hoja,,,,,,,,1,false,3207f37f-d0da-11f0-9ba0-fc3fdb83b633,
36e7c333-d0da-11f0-9ba0-fc3fdb83b633,2984D,true,Hoja,,,,,,,,1,false,3207f37f-d0da-11f0-9ba0-fc3fdb83b633,
36e808d2-d0da-11f0-9ba0-fc3fdb83b633,2985A,true,Hoja,,,,,,,,1,false,3207f5ec-d0da-11f0-9ba0-fc3fdb83b633,
36e84d82-d0da-11f0-9ba0-fc3fdb83b633,2985B,true,Rama,,,,,,,,1,false,3207f5ec-d0da-11f0-9ba0-fc3fdb83b633,
36e893e4-d0da-11f0-9ba0-fc3fdb83b633,2987A,true,Pecíolo,,,,,,,,1,false,3207f872-d0da-11f0-9ba0-fc3fdb83b633,
36e8d7ad-d0da-11f0-9ba0-fc3fdb83b633,2987B,true,Pecíolo,,,,,,,,1,false,3207f872-d0da-11f0-9ba0-fc3fdb83b633,
36e91b1d-d0da-11f0-9ba0-fc3fdb83b633,2987C,true,Hoja,,,,,,,,1,false,3207f872-d0da-11f0-9ba0-fc3fdb83b633,
36e95d11-d0da-11f0-9ba0-fc3fdb83b633,2987D,true,Hoja,,,,,,,,1,false,3207f872-d0da-11f0-9ba0-fc3fdb83b633,
36e985bf-d0da-11f0-9ba0-fc3fdb83b633,2988A,true,Pecíolo,,,,,,,,1,false,3207fb15-d0da-11f0-9ba0-fc3fdb83b633,
36e9b26a-d0da-11f0-9ba0-fc3fdb83b633,2988B,true,Rama,,,,,,,,1,false,3207fb15-d0da-11f0-9ba0-fc3fdb83b633,
36e9d908-d0da-11f0-9ba0-fc3fdb83b633,2988C,true,Rama,,,,,,,,1,false,3207fb15-d0da-11f0-9ba0-fc3fdb83b633,
36e9fd97-d0da-11f0-9ba0-fc3fdb83b633,2988D,true,Rama,,,,,,,,1,false,3207fb15-d0da-11f0-9ba0-fc3fdb83b633,
36ea2200-d0da-11f0-9ba0-fc3fdb83b633,2989A,true,Raíz,,,,,,,,1,false,3207ff13-d0da-11f0-9ba0-fc3fdb83b633,
36ea47f5-d0da-11f0-9ba0-fc3fdb83b633,2989B,true,Raíz,,,,,,,,1,false,3207ff13-d0da-11f0-9ba0-fc3fdb83b633,
36ea7584-d0da-11f0-9ba0-fc3fdb83b633,2989C,true,Raíz,,,,,,,,1,false,3207ff13-d0da-11f0-9ba0-fc3fdb83b633,
36eabc76-d0da-11f0-9ba0-fc3fdb83b633,2989D,true,Raíz,,,,,,,,1,false,3207ff13-d0da-11f0-9ba0-fc3fdb83b633,
36eaf55a-d0da-11f0-9ba0-fc3fdb83b633,2991A,true,Rama,,,,,,,,1,false,32080251-d0da-11f0-9ba0-fc3fdb83b633,
36eb1dc4-d0da-11f0-9ba0-fc3fdb83b633,2991B,true,Rama,,,,,,,,1,false,32080251-d0da-11f0-9ba0-fc3fdb83b633,
36eb45a9-d0da-11f0-9ba0-fc3fdb83b633,2992A,true,Hoja,,,,,,,,1,false,3208057e-d0da-11f0-9ba0-fc3fdb83b633,
36eb6d60-d0da-11f0-9ba0-fc3fdb83b633,2992B,true,Pecíolo,,,,,,,,1,false,3208057e-d0da-11f0-9ba0-fc3fdb83b633,
36eb92fb-d0da-11f0-9ba0-fc3fdb83b633,2992C,true,Rama,,,,,,,,1,false,3208057e-d0da-11f0-9ba0-fc3fdb83b633,
36ebb711-d0da-11f0-9ba0-fc3fdb83b633,2992D,true,Pecíolo,,,,,,,,1,false,3208057e-d0da-11f0-9ba0-fc3fdb83b633,
36ebdbaf-d0da-11f0-9ba0-fc3fdb83b633,2992E,true,Pecíolo,,,,,,,,1,false,3208057e-d0da-11f0-9ba0-fc3fdb83b633,
36ebffbf-d0da-11f0-9ba0-fc3fdb83b633,2992F,true,Rama,,,,,,,,1,false,3208057e-d0da-11f0-9ba0-fc3fdb83b633,
36ec23ce-d0da-11f0-9ba0-fc3fdb83b633,2993A,true,Rama,,,,,,,,1,false,320808a2-d0da-11f0-9ba0-fc3fdb83b633,
36ec51e0-d0da-11f0-9ba0-fc3fdb83b633,2993B,true,Hoja,,,,,,,,1,false,320808a2-d0da-11f0-9ba0-fc3fdb83b633,
36ec7d7c-d0da-11f0-9ba0-fc3fdb83b633,2993C,true,Hoja,,,,,,,,1,false,320808a2-d0da-11f0-9ba0-fc3fdb83b633,
36eca5ce-d0da-11f0-9ba0-fc3fdb83b633,2993D,true,Hoja,,,,,,,,1,false,320808a2-d0da-11f0-9ba0-fc3fdb83b633,
36eccdd6-d0da-11f0-9ba0-fc3fdb83b633,2993E,true,Hoja,,,,,,,,1,false,320808a2-d0da-11f0-9ba0-fc3fdb83b633,
36ecf201-d0da-11f0-9ba0-fc3fdb83b633,2994A,true,Pecíolo,,,,,,,,1,false,32080bbb-d0da-11f0-9ba0-fc3fdb83b633,
36ed2de9-d0da-11f0-9ba0-fc3fdb83b633,2994B,true,Rama,,,,,,,,1,false,32080bbb-d0da-11f0-9ba0-fc3fdb83b633,
36ed74d5-d0da-11f0-9ba0-fc3fdb83b633,2994C,true,Hoja,,,,,,,,1,false,32080bbb-d0da-11f0-9ba0-fc3fdb83b633,
36edb9d5-d0da-11f0-9ba0-fc3fdb83b633,2995A,true,Pecíolo,,,,,,,,1,false,32080f8a-d0da-11f0-9ba0-fc3fdb83b633,
36ee0038-d0da-11f0-9ba0-fc3fdb83b633,2995B,true,Hoja,,,,,,,,1,false,32080f8a-d0da-11f0-9ba0-fc3fdb83b633,
36ee4565-d0da-11f0-9ba0-fc3fdb83b633,2995C,true,Hoja,,,,,,,,1,false,32080f8a-d0da-11f0-9ba0-fc3fdb83b633,
36ee8a12-d0da-11f0-9ba0-fc3fdb83b633,2995D,true,Hoja,,,,,,,,1,false,32080f8a-d0da-11f0-9ba0-fc3fdb83b633,
36eecf91-d0da-11f0-9ba0-fc3fdb83b633,2996A,true,Hoja,,,,,,,,1,false,32081377-d0da-11f0-9ba0-fc3fdb83b633,
36ef150d-d0da-11f0-9ba0-fc3fdb83b633,2996B,true,Pecíolo,,,,,,,,1,false,32081377-d0da-11f0-9ba0-fc3fdb83b633,
36ef5ad8-d0da-11f0-9ba0-fc3fdb83b633,2996C,true,Hoja,,,,,,,,1,false,32081377-d0da-11f0-9ba0-fc3fdb83b633,
36efa07b-d0da-11f0-9ba0-fc3fdb83b633,2996D,true,Hoja,,,,,,,,1,false,32081377-d0da-11f0-9ba0-fc3fdb83b633,
36efe468-d0da-11f0-9ba0-fc3fdb83b633,2996E,true,Hoja,,,,,,,,1,false,32081377-d0da-11f0-9ba0-fc3fdb83b633,
36f02840-d0da-11f0-9ba0-fc3fdb83b633,2996F,true,Rama,,,,,,,,1,false,32081377-d0da-11f0-9ba0-fc3fdb83b633,
36f06b85-d0da-11f0-9ba0-fc3fdb83b633,2997A,true,Rama,,,,,,,,1,false,3208169f-d0da-11f0-9ba0-fc3fdb83b633,
36f0ae2f-d0da-11f0-9ba0-fc3fdb83b633,2997B,true,Raíz,,,,,,,,1,false,3208169f-d0da-11f0-9ba0-fc3fdb83b633,
36f0f1b7-d0da-11f0-9ba0-fc3fdb83b633,2998A,true,Rama,,,,,,,,1,false,320819e4-d0da-11f0-9ba0-fc3fdb83b633,
36f13966-d0da-11f0-9ba0-fc3fdb83b633,2998B,true,Rama,,,,,,,,1,false,320819e4-d0da-11f0-9ba0-fc3fdb83b633,
36f17fb2-d0da-11f0-9ba0-fc3fdb83b633,2999A,true,Rama,,,,,,,,1,false,32081d42-d0da-11f0-9ba0-fc3fdb83b633,
36f1c6cb-d0da-11f0-9ba0-fc3fdb83b633,2999B,true,Rama,,,,,,,,1,false,32081d42-d0da-11f0-9ba0-fc3fdb83b633,
36f20cdf-d0da-11f0-9ba0-fc3fdb83b633,2999C,true,Rama,,,,,,,,1,false,32081d42-d0da-11f0-9ba0-fc3fdb83b633,
36f25368-d0da-11f0-9ba0-fc3fdb83b633,2999D,true,Rama,,,,,,,,1,false,32081d42-d0da-11f0-9ba0-fc3fdb83b633,
36f29a30-d0da-11f0-9ba0-fc3fdb83b633,2999E,true,Rama,,,,,,,,1,false,32081d42-d0da-11f0-9ba0-fc3fdb83b633,
36f2a67a-d0da-11f0-9ba0-fc3fdb83b633,29A,true,Hoja,,,,,,,,1,false,31fa3999-d0da-11f0-9ba0-fc3fdb83b633,3027edbd-d0da-11f0-9ba0-fc3fdb83b633
36f2ed44-d0da-11f0-9ba0-fc3fdb83b633,29B,true,Hoja,,,,,,,,1,false,31fa3999-d0da-11f0-9ba0-fc3fdb83b633,3027edbd-d0da-11f0-9ba0-fc3fdb83b633
36f333f0-d0da-11f0-9ba0-fc3fdb83b633,2B,true,Hoja,,,,,,,,1,false,31fa18ed-d0da-11f0-9ba0-fc3fdb83b633,3027edbd-d0da-11f0-9ba0-fc3fdb83b633
36f37a77-d0da-11f0-9ba0-fc3fdb83b633,2C,true,Hoja,,,,,,,,1,false,31fa18ed-d0da-11f0-9ba0-fc3fdb83b633,3027edbd-d0da-11f0-9ba0-fc3fdb83b633
36f3fade-d0da-11f0-9ba0-fc3fdb83b633,3000A,true,Rama,,,,,,,,1,false,32082056-d0da-11f0-9ba0-fc3fdb83b633,
36f44002-d0da-11f0-9ba0-fc3fdb83b633,3000B,true,Pecíolo,,,,,,,,1,false,32082056-d0da-11f0-9ba0-fc3fdb83b633,
36f484ab-d0da-11f0-9ba0-fc3fdb83b633,3000C,true,Pecíolo,,,,,,,,1,false,32082056-d0da-11f0-9ba0-fc3fdb83b633,
36f4ec6b-d0da-11f0-9ba0-fc3fdb83b633,3000D,true,Pecíolo,,,,,,,,1,false,32082056-d0da-11f0-9ba0-fc3fdb83b633,
36f54be9-d0da-11f0-9ba0-fc3fdb83b633,3000E,true,Hoja,,,,,,,,1,false,32082056-d0da-11f0-9ba0-fc3fdb83b633,
36f5a162-d0da-11f0-9ba0-fc3fdb83b633,3000F,true,Rama,,,,,,,,1,false,32082056-d0da-11f0-9ba0-fc3fdb83b633,
36f5ce61-d0da-11f0-9ba0-fc3fdb83b633,3000G,true,Hoja,,,,,,,,1,false,32082056-d0da-11f0-9ba0-fc3fdb83b633,
36f5f6bf-d0da-11f0-9ba0-fc3fdb83b633,3000H,true,Pecíolo,,,,,,,,1,false,32082056-d0da-11f0-9ba0-fc3fdb83b633,
36f61ecb-d0da-11f0-9ba0-fc3fdb83b633,3000I,true,Rama,,,,,,,,1,false,32082056-d0da-11f0-9ba0-fc3fdb83b633,
36f644c5-d0da-11f0-9ba0-fc3fdb83b633,3001A,true,Rama,,,,,,,,1,false,3208237a-d0da-11f0-9ba0-fc3fdb83b633,
36f68682-d0da-11f0-9ba0-fc3fdb83b633,3001B,true,Hoja,,,,,,,,1,false,3208237a-d0da-11f0-9ba0-fc3fdb83b633,
36f6cbdd-d0da-11f0-9ba0-fc3fdb83b633,3001C,true,Hoja,,,,,,,,1,false,3208237a-d0da-11f0-9ba0-fc3fdb83b633,
36f71184-d0da-11f0-9ba0-fc3fdb83b633,3001D,true,Rama,,,,,,,,1,false,3208237a-d0da-11f0-9ba0-fc3fdb83b633,
36f7727d-d0da-11f0-9ba0-fc3fdb83b633,3002A,true,Rama,,,,,,,,1,false,3208269f-d0da-11f0-9ba0-fc3fdb83b633,
36f7d411-d0da-11f0-9ba0-fc3fdb83b633,3002B,true,Pecíolo,,,,,,,,1,false,3208269f-d0da-11f0-9ba0-fc3fdb83b633,
36f80924-d0da-11f0-9ba0-fc3fdb83b633,3002C,true,Rama,,,,,,,,1,false,3208269f-d0da-11f0-9ba0-fc3fdb83b633,
36f830b3-d0da-11f0-9ba0-fc3fdb83b633,3002D,true,Rama,,,,,,,,1,false,3208269f-d0da-11f0-9ba0-fc3fdb83b633,
36f857ad-d0da-11f0-9ba0-fc3fdb83b633,3002E,true,Hoja,,,,,,,,1,false,3208269f-d0da-11f0-9ba0-fc3fdb83b633,
36f87c4e-d0da-11f0-9ba0-fc3fdb83b633,3003A,true,Pecíolo,,,,,,,,1,false,320829b9-d0da-11f0-9ba0-fc3fdb83b633,
36f8a7b0-d0da-11f0-9ba0-fc3fdb83b633,3003B,true,Rama,,,,,,,,1,false,320829b9-d0da-11f0-9ba0-fc3fdb83b633,
36f8cffc-d0da-11f0-9ba0-fc3fdb83b633,3003C,true,Rama,,,,,,,,1,false,320829b9-d0da-11f0-9ba0-fc3fdb83b633,
36f906f5-d0da-11f0-9ba0-fc3fdb83b633,3003D,true,Pecíolo,,,,,,,,1,false,320829b9-d0da-11f0-9ba0-fc3fdb83b633,
36f92fb2-d0da-11f0-9ba0-fc3fdb83b633,3003E,true,Rama,,,,,,,,1,false,320829b9-d0da-11f0-9ba0-fc3fdb83b633,
36f95aa3-d0da-11f0-9ba0-fc3fdb83b633,3050A,true,Rama,,,,,,,,1,false,32082c92-d0da-11f0-9ba0-fc3fdb83b633,
36f99f64-d0da-11f0-9ba0-fc3fdb83b633,3050B,true,Rama,,,,,,,,1,false,32082c92-d0da-11f0-9ba0-fc3fdb83b633,
36f9e362-d0da-11f0-9ba0-fc3fdb83b633,3050C,true,Raíz,,,,,,,,1,false,32082c92-d0da-11f0-9ba0-fc3fdb83b633,
36fa25a6-d0da-11f0-9ba0-fc3fdb83b633,3050D,true,Hoja,,,,,,,,1,false,32082c92-d0da-11f0-9ba0-fc3fdb83b633,
36fa4a4d-d0da-11f0-9ba0-fc3fdb83b633,3050E,true,Rama,,,,,,,,1,false,32082c92-d0da-11f0-9ba0-fc3fdb83b633,
36fa71be-d0da-11f0-9ba0-fc3fdb83b633,3050F,true,Rama,,,,,,,,1,false,32082c92-d0da-11f0-9ba0-fc3fdb83b633,
36fa9986-d0da-11f0-9ba0-fc3fdb83b633,3051A,true,Rama,,,,,,,,1,false,32082f0c-d0da-11f0-9ba0-fc3fdb83b633,
36fabd99-d0da-11f0-9ba0-fc3fdb83b633,3051B,true,Rama,,,,,,,,1,false,32082f0c-d0da-11f0-9ba0-fc3fdb83b633,
36fae1ec-d0da-11f0-9ba0-fc3fdb83b633,3052A,true,Pecíolo,,,,,,,,1,false,32083188-d0da-11f0-9ba0-fc3fdb83b633,
36fb064b-d0da-11f0-9ba0-fc3fdb83b633,3052B,true,Hoja,,,,,,,,1,false,32083188-d0da-11f0-9ba0-fc3fdb83b633,
36fb456a-d0da-11f0-9ba0-fc3fdb83b633,3052C,true,Hoja,,,,,,,,1,false,32083188-d0da-11f0-9ba0-fc3fdb83b633,
36fb8869-d0da-11f0-9ba0-fc3fdb83b633,3052D,true,Hoja,,,,,,,,1,false,32083188-d0da-11f0-9ba0-fc3fdb83b633,
36fbc014-d0da-11f0-9ba0-fc3fdb83b633,3052E,true,Rama,,,,,,,,1,false,32083188-d0da-11f0-9ba0-fc3fdb83b633,
36fc06c9-d0da-11f0-9ba0-fc3fdb83b633,3052F,true,Hoja,,,,,,,,1,false,32083188-d0da-11f0-9ba0-fc3fdb83b633,
36fc4a15-d0da-11f0-9ba0-fc3fdb83b633,3053A,true,Hoja,,,,,,,,1,false,320833ff-d0da-11f0-9ba0-fc3fdb83b633,
36fc9eeb-d0da-11f0-9ba0-fc3fdb83b633,3054A,true,Hoja,,,,,,,,1,false,320836b9-d0da-11f0-9ba0-fc3fdb83b633,
36fcca3a-d0da-11f0-9ba0-fc3fdb83b633,3054B,true,Hoja,,,,,,,,1,false,320836b9-d0da-11f0-9ba0-fc3fdb83b633,
36fcf2ea-d0da-11f0-9ba0-fc3fdb83b633,3055A,true,Hoja,,,,,,,,1,false,32083b63-d0da-11f0-9ba0-fc3fdb83b633,
36fd1b6e-d0da-11f0-9ba0-fc3fdb83b633,3055B,true,Hoja,,,,,,,,1,false,32083b63-d0da-11f0-9ba0-fc3fdb83b633,
36fd56d6-d0da-11f0-9ba0-fc3fdb83b633,3055C,true,Hoja,,,,,,,,1,false,32083b63-d0da-11f0-9ba0-fc3fdb83b633,
36fd98f2-d0da-11f0-9ba0-fc3fdb83b633,3055D,true,Hoja,,,,,,,,1,false,32083b63-d0da-11f0-9ba0-fc3fdb83b633,
36fde619-d0da-11f0-9ba0-fc3fdb83b633,3056A,true,Hoja,,,,,,,,1,false,32083e8f-d0da-11f0-9ba0-fc3fdb83b633,
36fe34a6-d0da-11f0-9ba0-fc3fdb83b633,3057A,true,Hoja,,,,,,,,1,false,320841a7-d0da-11f0-9ba0-fc3fdb83b633,
36fe7916-d0da-11f0-9ba0-fc3fdb83b633,3057B,true,Hoja,,,,,,,,1,false,320841a7-d0da-11f0-9ba0-fc3fdb83b633,
36febc76-d0da-11f0-9ba0-fc3fdb83b633,3059A,true,Hoja,,,,,,,,1,false,32084478-d0da-11f0-9ba0-fc3fdb83b633,
36feff1c-d0da-11f0-9ba0-fc3fdb83b633,3059B,true,Hoja,,,,,,,,1,false,32084478-d0da-11f0-9ba0-fc3fdb83b633,
36ff417e-d0da-11f0-9ba0-fc3fdb83b633,3059C,true,Pecíolo,,,,,,,,1,false,32084478-d0da-11f0-9ba0-fc3fdb83b633,
36ff845f-d0da-11f0-9ba0-fc3fdb83b633,3059D,true,Rama,,,,,,,,1,false,32084478-d0da-11f0-9ba0-fc3fdb83b633,
36ffc737-d0da-11f0-9ba0-fc3fdb83b633,3059E,true,Hoja,,,,,,,,1,false,32084478-d0da-11f0-9ba0-fc3fdb83b633,
37000a6c-d0da-11f0-9ba0-fc3fdb83b633,3060A,true,Rama,,,,,,,,1,false,3208475c-d0da-11f0-9ba0-fc3fdb83b633,
37004e1c-d0da-11f0-9ba0-fc3fdb83b633,3060B,true,Rama,,,,,,,,1,false,3208475c-d0da-11f0-9ba0-fc3fdb83b633,
370090ae-d0da-11f0-9ba0-fc3fdb83b633,3061A,true,Hoja,,,,,,,,1,false,32084a6f-d0da-11f0-9ba0-fc3fdb83b633,
3700d4b2-d0da-11f0-9ba0-fc3fdb83b633,3061B,true,Hoja,,,,,,,,1,false,32084a6f-d0da-11f0-9ba0-fc3fdb83b633,
37012ba2-d0da-11f0-9ba0-fc3fdb83b633,3061C,true,Pecíolo,,,,,,,,1,false,32084a6f-d0da-11f0-9ba0-fc3fdb83b633,
37017cbd-d0da-11f0-9ba0-fc3fdb83b633,3061D,true,Hoja,,,,,,,,1,false,32084a6f-d0da-11f0-9ba0-fc3fdb83b633,
3701c1a7-d0da-11f0-9ba0-fc3fdb83b633,3061E,true,Pecíolo,,,,,,,,1,false,32084a6f-d0da-11f0-9ba0-fc3fdb83b633,
370204bf-d0da-11f0-9ba0-fc3fdb83b633,3062A,true,Hoja,,,,,,,,1,false,32084d1e-d0da-11f0-9ba0-fc3fdb83b633,
37024780-d0da-11f0-9ba0-fc3fdb83b633,3062B,true,Hoja,,,,,,,,1,false,32084d1e-d0da-11f0-9ba0-fc3fdb83b633,
37028a59-d0da-11f0-9ba0-fc3fdb83b633,3062C,true,Hoja,,,,,,,,1,false,32084d1e-d0da-11f0-9ba0-fc3fdb83b633,
3702cd83-d0da-11f0-9ba0-fc3fdb83b633,3062D,true,Hoja,,,,,,,,1,false,32084d1e-d0da-11f0-9ba0-fc3fdb83b633,
370316df-d0da-11f0-9ba0-fc3fdb83b633,3062E,true,Hoja,,,,,,,,1,false,32084d1e-d0da-11f0-9ba0-fc3fdb83b633,
3703dcbf-d0da-11f0-9ba0-fc3fdb83b633,3062F,true,Rama,,,,,,,,1,false,32084d1e-d0da-11f0-9ba0-fc3fdb83b633,
37044775-d0da-11f0-9ba0-fc3fdb83b633,3063A,true,Hoja,,,,,,,,1,false,32084fdf-d0da-11f0-9ba0-fc3fdb83b633,
3704bb0e-d0da-11f0-9ba0-fc3fdb83b633,3063B,true,Hoja,,,,,,,,1,false,32084fdf-d0da-11f0-9ba0-fc3fdb83b633,
370540bc-d0da-11f0-9ba0-fc3fdb83b633,3063C,true,Fruto,,,,,,,,1,false,32084fdf-d0da-11f0-9ba0-fc3fdb83b633,
3705c5b1-d0da-11f0-9ba0-fc3fdb83b633,3064A,true,Pecíolo,,,,,,,,1,false,320852b6-d0da-11f0-9ba0-fc3fdb83b633,
37063577-d0da-11f0-9ba0-fc3fdb83b633,3064B,true,Pecíolo,,,,,,,,1,false,320852b6-d0da-11f0-9ba0-fc3fdb83b633,
3706a9cd-d0da-11f0-9ba0-fc3fdb83b633,3065A,true,Hoja,,,,,,,,1,false,32085571-d0da-11f0-9ba0-fc3fdb83b633,
37071633-d0da-11f0-9ba0-fc3fdb83b633,3065B,true,Hoja,,,,,,,,1,false,32085571-d0da-11f0-9ba0-fc3fdb83b633,
3707603c-d0da-11f0-9ba0-fc3fdb83b633,3065C,true,Hoja,,,,,,,,1,false,32085571-d0da-11f0-9ba0-fc3fdb83b633,
3707aaa9-d0da-11f0-9ba0-fc3fdb83b633,3065D,true,Raíz,,,,,,,,1,false,32085571-d0da-11f0-9ba0-fc3fdb83b633,
37080377-d0da-11f0-9ba0-fc3fdb83b633,3065E,true,Raíz,,,,,,,,1,false,32085571-d0da-11f0-9ba0-fc3fdb83b633,
370864c1-d0da-11f0-9ba0-fc3fdb83b633,3066A,true,Hoja,,,,,,,,1,false,3208589f-d0da-11f0-9ba0-fc3fdb83b633,
3708a608-d0da-11f0-9ba0-fc3fdb83b633,3066B,true,Rama,,,,,,,,1,false,3208589f-d0da-11f0-9ba0-fc3fdb83b633,
3708ea36-d0da-11f0-9ba0-fc3fdb83b633,3067A,true,Hoja,,,,,,,,1,false,32085b66-d0da-11f0-9ba0-fc3fdb83b633,
37092e6d-d0da-11f0-9ba0-fc3fdb83b633,3067B,true,Rama,,,,,,,,1,false,32085b66-d0da-11f0-9ba0-fc3fdb83b633,
37099cef-d0da-11f0-9ba0-fc3fdb83b633,3067C,true,Hoja,,,,,,,,1,false,32085b66-d0da-11f0-9ba0-fc3fdb83b633,
3709e2f7-d0da-11f0-9ba0-fc3fdb83b633,3067D,true,Hoja,,,,,,,,1,false,32085b66-d0da-11f0-9ba0-fc3fdb83b633,
370a26a4-d0da-11f0-9ba0-fc3fdb83b633,3068A,true,Rama,,,,,,,,1,false,32085e42-d0da-11f0-9ba0-fc3fdb83b633,
370a82d4-d0da-11f0-9ba0-fc3fdb83b633,3068B,true,Rama,,,,,,,,1,false,32085e42-d0da-11f0-9ba0-fc3fdb83b633,
370aef88-d0da-11f0-9ba0-fc3fdb83b633,3068C,true,Hoja,,,,,,,,1,false,32085e42-d0da-11f0-9ba0-fc3fdb83b633,
370b321e-d0da-11f0-9ba0-fc3fdb83b633,3068D,true,Rama,,,,,,,,1,false,32085e42-d0da-11f0-9ba0-fc3fdb83b633,
370b73c0-d0da-11f0-9ba0-fc3fdb83b633,3068E,true,Hoja,,,,,,,,1,false,32085e42-d0da-11f0-9ba0-fc3fdb83b633,
370c4ef2-d0da-11f0-9ba0-fc3fdb83b633,3088A,false,Hoja,,,,,,,,1,false,32086117-d0da-11f0-9ba0-fc3fdb83b633,
370c967a-d0da-11f0-9ba0-fc3fdb83b633,3088B,false,Hoja,,,,,,,,1,false,32086117-d0da-11f0-9ba0-fc3fdb83b633,
370ce43c-d0da-11f0-9ba0-fc3fdb83b633,3089A,false,Hoja,,,,,,,,1,false,32086329-d0da-11f0-9ba0-fc3fdb83b633,
370d3a6b-d0da-11f0-9ba0-fc3fdb83b633,3089B,false,Rama,,,,,,,,1,false,32086329-d0da-11f0-9ba0-fc3fdb83b633,
370d8e1c-d0da-11f0-9ba0-fc3fdb83b633,3090A,false,Hoja,,,,,,,,1,false,32086531-d0da-11f0-9ba0-fc3fdb83b633,
370dd95c-d0da-11f0-9ba0-fc3fdb83b633,3090B,false,Hoja,,,,,,,,1,false,32086531-d0da-11f0-9ba0-fc3fdb83b633,
370e20fa-d0da-11f0-9ba0-fc3fdb83b633,3090C,false,Hoja,,,,,,,,1,false,32086531-d0da-11f0-9ba0-fc3fdb83b633,
370e6774-d0da-11f0-9ba0-fc3fdb83b633,3091A,false,Hoja,,,,,,,,1,false,32086742-d0da-11f0-9ba0-fc3fdb83b633,
370eb0f9-d0da-11f0-9ba0-fc3fdb83b633,3091B,false,Hoja,,,,,,,,1,false,32086742-d0da-11f0-9ba0-fc3fdb83b633,
370efc12-d0da-11f0-9ba0-fc3fdb83b633,3091C,false,Raíz,,,,,,,,1,false,32086742-d0da-11f0-9ba0-fc3fdb83b633,
370f41e5-d0da-11f0-9ba0-fc3fdb83b633,3091D,false,Hoja,,,,,,,,1,false,32086742-d0da-11f0-9ba0-fc3fdb83b633,
370f9703-d0da-11f0-9ba0-fc3fdb83b633,3092A,false,Hoja,,,,,,,,1,false,32086968-d0da-11f0-9ba0-fc3fdb83b633,
370ff2a6-d0da-11f0-9ba0-fc3fdb83b633,3092B,false,Hoja,,,,,,,,1,false,32086968-d0da-11f0-9ba0-fc3fdb83b633,
371047e6-d0da-11f0-9ba0-fc3fdb83b633,3092C,false,Rama,,,,,,,,1,false,32086968-d0da-11f0-9ba0-fc3fdb83b633,
37109e3d-d0da-11f0-9ba0-fc3fdb83b633,3092D,false,Hoja,,,,,,,,1,false,32086968-d0da-11f0-9ba0-fc3fdb83b633,
3710f44a-d0da-11f0-9ba0-fc3fdb83b633,3093A,false,Hoja,,,,,,,,1,false,32086ba9-d0da-11f0-9ba0-fc3fdb83b633,
371150d4-d0da-11f0-9ba0-fc3fdb83b633,3095A,false,Hoja,,,,,,,,1,false,32086df4-d0da-11f0-9ba0-fc3fdb83b633,
3711a259-d0da-11f0-9ba0-fc3fdb83b633,3095B,false,Hoja,,,,,,,,1,false,32086df4-d0da-11f0-9ba0-fc3fdb83b633,
3711f18f-d0da-11f0-9ba0-fc3fdb83b633,3096A,false,Hoja,,,,,,,,1,false,3208704b-d0da-11f0-9ba0-fc3fdb83b633,
37123efe-d0da-11f0-9ba0-fc3fdb83b633,3096B,false,Pecíolo,,,,,,,,1,false,3208704b-d0da-11f0-9ba0-fc3fdb83b633,
37128e62-d0da-11f0-9ba0-fc3fdb83b633,3096C,false,Rama,,,,,,,,1,false,3208704b-d0da-11f0-9ba0-fc3fdb83b633,
3712eed9-d0da-11f0-9ba0-fc3fdb83b633,3096D,false,Pecíolo,,,,,,,,1,false,3208704b-d0da-11f0-9ba0-fc3fdb83b633,
37134101-d0da-11f0-9ba0-fc3fdb83b633,3097A,false,Hoja,,,,,,,,1,false,320872af-d0da-11f0-9ba0-fc3fdb83b633,
371388a4-d0da-11f0-9ba0-fc3fdb83b633,3097B,false,Hoja,,,,,,,,1,false,320872af-d0da-11f0-9ba0-fc3fdb83b633,
3713ce69-d0da-11f0-9ba0-fc3fdb83b633,3097C,false,Hoja,,,,,,,,1,false,320872af-d0da-11f0-9ba0-fc3fdb83b633,
3714142a-d0da-11f0-9ba0-fc3fdb83b633,3098A,false,Hoja,,,,,,,,1,false,3208751c-d0da-11f0-9ba0-fc3fdb83b633,
3714596c-d0da-11f0-9ba0-fc3fdb83b633,3098B,false,Hoja,,,,,,,,1,false,3208751c-d0da-11f0-9ba0-fc3fdb83b633,
37149f0b-d0da-11f0-9ba0-fc3fdb83b633,3098C,false,Hoja,,,,,,,,1,false,3208751c-d0da-11f0-9ba0-fc3fdb83b633,
371510fa-d0da-11f0-9ba0-fc3fdb83b633,3098D,false,Hoja,,,,,,,,1,false,3208751c-d0da-11f0-9ba0-fc3fdb83b633,
37155bb4-d0da-11f0-9ba0-fc3fdb83b633,3098E,false,Hoja,,,,,,,,1,false,3208751c-d0da-11f0-9ba0-fc3fdb83b633,
3715a546-d0da-11f0-9ba0-fc3fdb83b633,3098F,false,Rama,,,,,,,,1,false,3208751c-d0da-11f0-9ba0-fc3fdb83b633,
3715e9d4-d0da-11f0-9ba0-fc3fdb83b633,3099A,false,Hoja,,,,,,,,1,false,3208776e-d0da-11f0-9ba0-fc3fdb83b633,
3715f4cd-d0da-11f0-9ba0-fc3fdb83b633,30A,true,Hoja,,,,,,,,1,false,31fa3bda-d0da-11f0-9ba0-fc3fdb83b633,3027f666-d0da-11f0-9ba0-fc3fdb83b633
371645ad-d0da-11f0-9ba0-fc3fdb83b633,30C,true,Hoja,,,,,,,,1,false,31fa3bda-d0da-11f0-9ba0-fc3fdb83b633,3027edbd-d0da-11f0-9ba0-fc3fdb83b633
3716aa35-d0da-11f0-9ba0-fc3fdb83b633,30D,true,Hoja,,,,,,,,1,false,31fa3bda-d0da-11f0-9ba0-fc3fdb83b633,3027edbd-d0da-11f0-9ba0-fc3fdb83b633
3717570b-d0da-11f0-9ba0-fc3fdb83b633,3100A,false,Hoja,,,,,,,,1,false,32087ad2-d0da-11f0-9ba0-fc3fdb83b633,
3717b24b-d0da-11f0-9ba0-fc3fdb83b633,3100B,false,Raíz,,,,,,,,1,false,32087ad2-d0da-11f0-9ba0-fc3fdb83b633,
3717f701-d0da-11f0-9ba0-fc3fdb83b633,3100C,false,Hoja,,,,,,,,1,false,32087ad2-d0da-11f0-9ba0-fc3fdb83b633,
371841f0-d0da-11f0-9ba0-fc3fdb83b633,3100D,false,Raíz,,,,,,,,1,false,32087ad2-d0da-11f0-9ba0-fc3fdb83b633,
37188c95-d0da-11f0-9ba0-fc3fdb83b633,3100E,false,Hoja,,,,,,,,1,false,32087ad2-d0da-11f0-9ba0-fc3fdb83b633,
3718d515-d0da-11f0-9ba0-fc3fdb83b633,3100F,false,Hoja,,,,,,,,1,false,32087ad2-d0da-11f0-9ba0-fc3fdb83b633,
3719004f-d0da-11f0-9ba0-fc3fdb83b633,3101A,false,Pecíolo,,,,,,,,1,false,32087d3d-d0da-11f0-9ba0-fc3fdb83b633,
37192848-d0da-11f0-9ba0-fc3fdb83b633,3102A,false,Rama,,,,,,,,1,false,32087fa7-d0da-11f0-9ba0-fc3fdb83b633,
37194cae-d0da-11f0-9ba0-fc3fdb83b633,3102B,false,Hoja,,,,,,,,1,false,32087fa7-d0da-11f0-9ba0-fc3fdb83b633,
37197834-d0da-11f0-9ba0-fc3fdb83b633,3102C,false,Rama,,,,,,,,1,false,32087fa7-d0da-11f0-9ba0-fc3fdb83b633,
3719bc64-d0da-11f0-9ba0-fc3fdb83b633,3104A,false,Hoja,,,,,,,,1,false,320881f8-d0da-11f0-9ba0-fc3fdb83b633,
371a087e-d0da-11f0-9ba0-fc3fdb83b633,3104B,false,Hoja,,,,,,,,1,false,320881f8-d0da-11f0-9ba0-fc3fdb83b633,
371a5cf0-d0da-11f0-9ba0-fc3fdb83b633,3104C,false,Hoja,,,,,,,,1,false,320881f8-d0da-11f0-9ba0-fc3fdb83b633,
371ab35a-d0da-11f0-9ba0-fc3fdb83b633,3105A,false,Hoja,,,,,,,,1,false,3208844e-d0da-11f0-9ba0-fc3fdb83b633,
371ae9b0-d0da-11f0-9ba0-fc3fdb83b633,3105B,false,Rama,,,,,,,,1,false,3208844e-d0da-11f0-9ba0-fc3fdb83b633,
371b0ff9-d0da-11f0-9ba0-fc3fdb83b633,3106A,false,Hoja,,,,,,,,1,false,32088702-d0da-11f0-9ba0-fc3fdb83b633,
371b345b-d0da-11f0-9ba0-fc3fdb83b633,3106B,false,Hoja,,,,,,,,1,false,32088702-d0da-11f0-9ba0-fc3fdb83b633,
371b5c49-d0da-11f0-9ba0-fc3fdb83b633,3108A,false,Hoja,,,,,,,,1,false,32088976-d0da-11f0-9ba0-fc3fdb83b633,
371b8244-d0da-11f0-9ba0-fc3fdb83b633,3108B,false,Hoja,,,,,,,,1,false,32088976-d0da-11f0-9ba0-fc3fdb83b633,
371ba9a9-d0da-11f0-9ba0-fc3fdb83b633,3164A,true,Raíz,,,,,,,,1,false,32088be4-d0da-11f0-9ba0-fc3fdb83b633,
371bd428-d0da-11f0-9ba0-fc3fdb83b633,3164B,true,Pecíolo,,,,,,,,1,false,32088be4-d0da-11f0-9ba0-fc3fdb83b633,
371c1529-d0da-11f0-9ba0-fc3fdb83b633,3164C,true,Raíz,,,,,,,,1,false,32088be4-d0da-11f0-9ba0-fc3fdb83b633,
371c4ac3-d0da-11f0-9ba0-fc3fdb83b633,3164D,true,Hoja,,,,,,,,1,false,32088be4-d0da-11f0-9ba0-fc3fdb83b633,
371c702a-d0da-11f0-9ba0-fc3fdb83b633,3164E,true,Pecíolo,,,,,,,,1,false,32088be4-d0da-11f0-9ba0-fc3fdb83b633,
371cac3f-d0da-11f0-9ba0-fc3fdb83b633,3165A,true,Hoja,,,,,,,,1,false,32088edc-d0da-11f0-9ba0-fc3fdb83b633,
371cd280-d0da-11f0-9ba0-fc3fdb83b633,3168A,true,Hoja,,,,,,,,1,false,3208917f-d0da-11f0-9ba0-fc3fdb83b633,
371cf8da-d0da-11f0-9ba0-fc3fdb83b633,3169A,true,Pecíolo,,,,,,,,1,false,3208942c-d0da-11f0-9ba0-fc3fdb83b633,
371d232d-d0da-11f0-9ba0-fc3fdb83b633,3169B,true,Hoja,,,,,,,,1,false,3208942c-d0da-11f0-9ba0-fc3fdb83b633,
371d5e15-d0da-11f0-9ba0-fc3fdb83b633,3170A,true,Hoja,,,,,,,,1,false,320896ca-d0da-11f0-9ba0-fc3fdb83b633,
371da3cf-d0da-11f0-9ba0-fc3fdb83b633,3170B,true,Pecíolo,,,,,,,,1,false,320896ca-d0da-11f0-9ba0-fc3fdb83b633,
371de947-d0da-11f0-9ba0-fc3fdb83b633,3170C,true,Hoja,,,,,,,,1,false,320896ca-d0da-11f0-9ba0-fc3fdb83b633,
371e2e26-d0da-11f0-9ba0-fc3fdb83b633,3171A,true,Raíz,,,,,,,,1,false,32089983-d0da-11f0-9ba0-fc3fdb83b633,
371e7348-d0da-11f0-9ba0-fc3fdb83b633,3171B,true,Raíz,,,,,,,,1,false,32089983-d0da-11f0-9ba0-fc3fdb83b633,
371eb822-d0da-11f0-9ba0-fc3fdb83b633,3172A,true,Hoja,,,,,,,,1,false,32089c66-d0da-11f0-9ba0-fc3fdb83b633,
371efbeb-d0da-11f0-9ba0-fc3fdb83b633,3173A,true,Rama,,,,,,,,1,false,32089f47-d0da-11f0-9ba0-fc3fdb83b633,
371f427e-d0da-11f0-9ba0-fc3fdb83b633,3174A,true,Hoja,,,,,,,,1,false,3208a1f7-d0da-11f0-9ba0-fc3fdb83b633,
371f8642-d0da-11f0-9ba0-fc3fdb83b633,3174B,true,Hoja,,,,,,,,1,false,3208a1f7-d0da-11f0-9ba0-fc3fdb83b633,
371fcaba-d0da-11f0-9ba0-fc3fdb83b633,3174C,true,Raíz,,,,,,,,1,false,3208a1f7-d0da-11f0-9ba0-fc3fdb83b633,
37200ecd-d0da-11f0-9ba0-fc3fdb83b633,3175A,true,Hoja,,,,,,,,1,false,3208a4cf-d0da-11f0-9ba0-fc3fdb83b633,
37204f24-d0da-11f0-9ba0-fc3fdb83b633,3176A,true,Hoja,,,,,,,,1,false,3208a7b4-d0da-11f0-9ba0-fc3fdb83b633,
37207464-d0da-11f0-9ba0-fc3fdb83b633,3177A,true,Rama,,,,,,,,1,false,3208aa65-d0da-11f0-9ba0-fc3fdb83b633,
372098fe-d0da-11f0-9ba0-fc3fdb83b633,3178A,true,Rama,,,,,,,,1,false,3208ada4-d0da-11f0-9ba0-fc3fdb83b633,
3720bd35-d0da-11f0-9ba0-fc3fdb83b633,3178B,true,Rama,,,,,,,,1,false,3208ada4-d0da-11f0-9ba0-fc3fdb83b633,
37210075-d0da-11f0-9ba0-fc3fdb83b633,3178C,true,Hoja,,,,,,,,1,false,3208ada4-d0da-11f0-9ba0-fc3fdb83b633,
3721464f-d0da-11f0-9ba0-fc3fdb83b633,3178D,true,Hoja,,,,,,,,1,false,3208ada4-d0da-11f0-9ba0-fc3fdb83b633,
37218c4d-d0da-11f0-9ba0-fc3fdb83b633,3179A,true,Rama,,,,,,,,1,false,3208b0fb-d0da-11f0-9ba0-fc3fdb83b633,
3721e753-d0da-11f0-9ba0-fc3fdb83b633,3179B,true,Rama,,,,,,,,1,false,3208b0fb-d0da-11f0-9ba0-fc3fdb83b633,
37222e4d-d0da-11f0-9ba0-fc3fdb83b633,3180A,true,Pecíolo,,,,,,,,1,false,3208b3f5-d0da-11f0-9ba0-fc3fdb83b633,
37227222-d0da-11f0-9ba0-fc3fdb83b633,3180B,true,Hoja,,,,,,,,1,false,3208b3f5-d0da-11f0-9ba0-fc3fdb83b633,
3722b550-d0da-11f0-9ba0-fc3fdb83b633,3180C,true,Raíz,,,,,,,,1,false,3208b3f5-d0da-11f0-9ba0-fc3fdb83b633,
3722f903-d0da-11f0-9ba0-fc3fdb83b633,3180D,true,Pecíolo,,,,,,,,1,false,3208b3f5-d0da-11f0-9ba0-fc3fdb83b633,
37233cd9-d0da-11f0-9ba0-fc3fdb83b633,3180E,true,Hoja,,,,,,,,1,false,3208b3f5-d0da-11f0-9ba0-fc3fdb83b633,
372384c3-d0da-11f0-9ba0-fc3fdb83b633,3180F,true,Raíz,,,,,,,,1,false,3208b3f5-d0da-11f0-9ba0-fc3fdb83b633,
3723c8c6-d0da-11f0-9ba0-fc3fdb83b633,3181A,true,Hoja,,,,,,,,1,false,3208b6ae-d0da-11f0-9ba0-fc3fdb83b633,
37240c18-d0da-11f0-9ba0-fc3fdb83b633,3182A,true,Hoja,,,,,,,,1,false,3208b9c5-d0da-11f0-9ba0-fc3fdb83b633,
37245b67-d0da-11f0-9ba0-fc3fdb83b633,3182B,true,Pecíolo,,,,,,,,1,false,3208b9c5-d0da-11f0-9ba0-fc3fdb83b633,
3724a607-d0da-11f0-9ba0-fc3fdb83b633,3182C,true,Hoja,,,,,,,,1,false,3208b9c5-d0da-11f0-9ba0-fc3fdb83b633,
3724ee29-d0da-11f0-9ba0-fc3fdb83b633,3183A,true,Pecíolo,,,,,,,,1,false,3208bc9f-d0da-11f0-9ba0-fc3fdb83b633,
372532ab-d0da-11f0-9ba0-fc3fdb83b633,3183B,true,Raíz,,,,,,,,1,false,3208bc9f-d0da-11f0-9ba0-fc3fdb83b633,
37258de7-d0da-11f0-9ba0-fc3fdb83b633,3183C,true,Hoja,,,,,,,,1,false,3208bc9f-d0da-11f0-9ba0-fc3fdb83b633,
3725d485-d0da-11f0-9ba0-fc3fdb83b633,3183D,true,Pecíolo,,,,,,,,1,false,3208bc9f-d0da-11f0-9ba0-fc3fdb83b633,
3725dee6-d0da-11f0-9ba0-fc3fdb83b633,31A,true,Hoja,,,,,,,,1,false,31fa3e07-d0da-11f0-9ba0-fc3fdb83b633,3027edbd-d0da-11f0-9ba0-fc3fdb83b633
3726254d-d0da-11f0-9ba0-fc3fdb83b633,31B,true,Hoja,,,,,,,,1,false,31fa3e07-d0da-11f0-9ba0-fc3fdb83b633,3027edbd-d0da-11f0-9ba0-fc3fdb83b633
37266d8d-d0da-11f0-9ba0-fc3fdb83b633,31C,true,Tronco,,,,,,,,1,false,31fa3e07-d0da-11f0-9ba0-fc3fdb83b633,3027f6a8-d0da-11f0-9ba0-fc3fdb83b633
3726d196-d0da-11f0-9ba0-fc3fdb83b633,31D,true,Tronco,,,,,,,,1,false,31fa3e07-d0da-11f0-9ba0-fc3fdb83b633,3027edbd-d0da-11f0-9ba0-fc3fdb83b633
3727568d-d0da-11f0-9ba0-fc3fdb83b633,3228A,true,Raíz,,,,,,,,1,false,3208bf6f-d0da-11f0-9ba0-fc3fdb83b633,
37279d62-d0da-11f0-9ba0-fc3fdb83b633,3228B,true,Hoja,,,,,,,,1,false,3208bf6f-d0da-11f0-9ba0-fc3fdb83b633,
3727e373-d0da-11f0-9ba0-fc3fdb83b633,3228C,true,Raíz,,,,,,,,1,false,3208bf6f-d0da-11f0-9ba0-fc3fdb83b633,
372827e6-d0da-11f0-9ba0-fc3fdb83b633,3228D,true,Raíz,,,,,,,,1,false,3208bf6f-d0da-11f0-9ba0-fc3fdb83b633,
37286c3b-d0da-11f0-9ba0-fc3fdb83b633,3228E,true,Raíz,,,,,,,,1,false,3208bf6f-d0da-11f0-9ba0-fc3fdb83b633,
3728b0bd-d0da-11f0-9ba0-fc3fdb83b633,3229A,true,Hoja,,,,,,,,1,false,3208c228-d0da-11f0-9ba0-fc3fdb83b633,
3728f481-d0da-11f0-9ba0-fc3fdb83b633,3229B,true,Pecíolo,,,,,,,,1,false,3208c228-d0da-11f0-9ba0-fc3fdb83b633,
372941d3-d0da-11f0-9ba0-fc3fdb83b633,3229C,true,Hoja,,,,,,,,1,false,3208c228-d0da-11f0-9ba0-fc3fdb83b633,
37298ac4-d0da-11f0-9ba0-fc3fdb83b633,3232A,true,Rama,,,,,,,,1,false,3208c49a-d0da-11f0-9ba0-fc3fdb83b633,
3729d07a-d0da-11f0-9ba0-fc3fdb83b633,3233A,true,Hoja,,,,,,,,1,false,3208c727-d0da-11f0-9ba0-fc3fdb83b633,
372a18e3-d0da-11f0-9ba0-fc3fdb83b633,3233B,true,Hoja,,,,,,,,1,false,3208c727-d0da-11f0-9ba0-fc3fdb83b633,
372a6a2a-d0da-11f0-9ba0-fc3fdb83b633,3234A,true,Pecíolo,,,,,,,,1,false,3208c9ab-d0da-11f0-9ba0-fc3fdb83b633,
372acdfe-d0da-11f0-9ba0-fc3fdb83b633,3234B,true,Hoja,,,,,,,,1,false,3208c9ab-d0da-11f0-9ba0-fc3fdb83b633,
372b4587-d0da-11f0-9ba0-fc3fdb83b633,3234C,true,Hoja,,,,,,,,1,false,3208c9ab-d0da-11f0-9ba0-fc3fdb83b633,
372b9bc7-d0da-11f0-9ba0-fc3fdb83b633,3234D,true,Hoja,,,,,,,,1,false,3208c9ab-d0da-11f0-9ba0-fc3fdb83b633,
372bd004-d0da-11f0-9ba0-fc3fdb83b633,3235A,true,Rama,,,,,,,,1,false,3208cdda-d0da-11f0-9ba0-fc3fdb83b633,
372c1612-d0da-11f0-9ba0-fc3fdb83b633,3236A,true,Hoja,,,,,,,,1,false,3208d079-d0da-11f0-9ba0-fc3fdb83b633,
372c5c6e-d0da-11f0-9ba0-fc3fdb83b633,3236B,true,Rama,,,,,,,,1,false,3208d079-d0da-11f0-9ba0-fc3fdb83b633,
372ca285-d0da-11f0-9ba0-fc3fdb83b633,3237A,true,Hoja,,,,,,,,1,false,3208e682-d0da-11f0-9ba0-fc3fdb83b633,
372ce743-d0da-11f0-9ba0-fc3fdb83b633,3237B,true,Hoja,,,,,,,,1,false,3208e682-d0da-11f0-9ba0-fc3fdb83b633,
372d2d9a-d0da-11f0-9ba0-fc3fdb83b633,3238A,true,Rama,,,,,,,,1,false,3208ff9a-d0da-11f0-9ba0-fc3fdb83b633,
372d71fd-d0da-11f0-9ba0-fc3fdb83b633,3238B,true,Hoja,,,,,,,,1,false,3208ff9a-d0da-11f0-9ba0-fc3fdb83b633,
372db78c-d0da-11f0-9ba0-fc3fdb83b633,3239A,true,Rama,,,,,,,,1,false,3209070f-d0da-11f0-9ba0-fc3fdb83b633,
372e0ba9-d0da-11f0-9ba0-fc3fdb83b633,3239B,true,Rama,,,,,,,,1,false,3209070f-d0da-11f0-9ba0-fc3fdb83b633,
372e6ed3-d0da-11f0-9ba0-fc3fdb83b633,3239C,true,Rama,,,,,,,,1,false,3209070f-d0da-11f0-9ba0-fc3fdb83b633,
372ece0e-d0da-11f0-9ba0-fc3fdb83b633,3239D,true,Rama,,,,,,,,1,false,3209070f-d0da-11f0-9ba0-fc3fdb83b633,
372f2e96-d0da-11f0-9ba0-fc3fdb83b633,3239E,true,Hoja,,,,,,,,1,false,3209070f-d0da-11f0-9ba0-fc3fdb83b633,
372f61b7-d0da-11f0-9ba0-fc3fdb83b633,3240A,true,Hoja,,,,,,,,1,false,320909f5-d0da-11f0-9ba0-fc3fdb83b633,
372f93d0-d0da-11f0-9ba0-fc3fdb83b633,3240B,true,Hoja,,,,,,,,1,false,320909f5-d0da-11f0-9ba0-fc3fdb83b633,
372fda05-d0da-11f0-9ba0-fc3fdb83b633,3240C,true,Hoja,,,,,,,,1,false,320909f5-d0da-11f0-9ba0-fc3fdb83b633,
37301f75-d0da-11f0-9ba0-fc3fdb83b633,3240D,true,Hoja,,,,,,,,1,false,320909f5-d0da-11f0-9ba0-fc3fdb83b633,
37306473-d0da-11f0-9ba0-fc3fdb83b633,3240E,true,Pecíolo,,,,,,,,1,false,320909f5-d0da-11f0-9ba0-fc3fdb83b633,
3730a95d-d0da-11f0-9ba0-fc3fdb83b633,3240F,true,Hoja,,,,,,,,1,false,320909f5-d0da-11f0-9ba0-fc3fdb83b633,
3730fd4e-d0da-11f0-9ba0-fc3fdb83b633,3241A,true,Rama,,,,,,,,1,false,32090cdc-d0da-11f0-9ba0-fc3fdb83b633,
37313e8e-d0da-11f0-9ba0-fc3fdb83b633,3241B,true,Raíz,,,,,,,,1,false,32090cdc-d0da-11f0-9ba0-fc3fdb83b633,
37316558-d0da-11f0-9ba0-fc3fdb83b633,3242A,true,Hoja,,,,,,,,1,false,32090fd5-d0da-11f0-9ba0-fc3fdb83b633,
37318a0b-d0da-11f0-9ba0-fc3fdb83b633,3244A,true,Pecíolo,,,,,,,,1,false,320912bc-d0da-11f0-9ba0-fc3fdb83b633,
3731b106-d0da-11f0-9ba0-fc3fdb83b633,3244B,true,Pecíolo,,,,,,,,1,false,320912bc-d0da-11f0-9ba0-fc3fdb83b633,
3731d7cd-d0da-11f0-9ba0-fc3fdb83b633,3244C,true,Hoja,,,,,,,,1,false,320912bc-d0da-11f0-9ba0-fc3fdb83b633,
3731fc14-d0da-11f0-9ba0-fc3fdb83b633,3245A,true,Raíz,,,,,,,,1,false,32091599-d0da-11f0-9ba0-fc3fdb83b633,
37322334-d0da-11f0-9ba0-fc3fdb83b633,3245B,true,Hoja,,,,,,,,1,false,32091599-d0da-11f0-9ba0-fc3fdb83b633,
37324828-d0da-11f0-9ba0-fc3fdb83b633,3245C,true,Hoja,,,,,,,,1,false,32091599-d0da-11f0-9ba0-fc3fdb83b633,
37326d9d-d0da-11f0-9ba0-fc3fdb83b633,3245D,true,Raíz,,,,,,,,1,false,32091599-d0da-11f0-9ba0-fc3fdb83b633,
37329b19-d0da-11f0-9ba0-fc3fdb83b633,3245E,true,Hoja,,,,,,,,1,false,32091599-d0da-11f0-9ba0-fc3fdb83b633,
3732c3fe-d0da-11f0-9ba0-fc3fdb83b633,3246A,true,Hoja,,,,,,,,1,false,3209186f-d0da-11f0-9ba0-fc3fdb83b633,
3732e83c-d0da-11f0-9ba0-fc3fdb83b633,3246B,true,Hoja,,,,,,,,1,false,3209186f-d0da-11f0-9ba0-fc3fdb83b633,
37330ea7-d0da-11f0-9ba0-fc3fdb83b633,3246C,true,Hoja,,,,,,,,1,false,3209186f-d0da-11f0-9ba0-fc3fdb83b633,
37333a1f-d0da-11f0-9ba0-fc3fdb83b633,3246D,true,Hoja,,,,,,,,1,false,3209186f-d0da-11f0-9ba0-fc3fdb83b633,
373366a6-d0da-11f0-9ba0-fc3fdb83b633,3246E,true,Hoja,,,,,,,,1,false,3209186f-d0da-11f0-9ba0-fc3fdb83b633,
3733af76-d0da-11f0-9ba0-fc3fdb83b633,3246F,true,Raíz,,,,,,,,1,false,3209186f-d0da-11f0-9ba0-fc3fdb83b633,
3733f3ee-d0da-11f0-9ba0-fc3fdb83b633,3247A,true,Hoja,,,,,,,,1,false,32091b55-d0da-11f0-9ba0-fc3fdb83b633,
373437ca-d0da-11f0-9ba0-fc3fdb83b633,3247B,true,Rama,,,,,,,,1,false,32091b55-d0da-11f0-9ba0-fc3fdb83b633,
37347b5a-d0da-11f0-9ba0-fc3fdb83b633,3248A,true,Hoja,,,,,,,,1,false,32091e5a-d0da-11f0-9ba0-fc3fdb83b633,
3734be83-d0da-11f0-9ba0-fc3fdb83b633,3248B,true,Pecíolo,,,,,,,,1,false,32091e5a-d0da-11f0-9ba0-fc3fdb83b633,
37350212-d0da-11f0-9ba0-fc3fdb83b633,3249A,true,Rama,,,,,,,,1,false,32092116-d0da-11f0-9ba0-fc3fdb83b633,
3735457c-d0da-11f0-9ba0-fc3fdb83b633,3249B,true,Hoja,,,,,,,,1,false,32092116-d0da-11f0-9ba0-fc3fdb83b633,
37354dc2-d0da-11f0-9ba0-fc3fdb83b633,32B,true,Hoja,,,,,,,,1,false,31fa4060-d0da-11f0-9ba0-fc3fdb83b633,3027edbd-d0da-11f0-9ba0-fc3fdb83b633
3735973b-d0da-11f0-9ba0-fc3fdb83b633,32C,true,Hoja,,,,,,,,1,false,31fa4060-d0da-11f0-9ba0-fc3fdb83b633,3027edbd-d0da-11f0-9ba0-fc3fdb83b633
37360cf5-d0da-11f0-9ba0-fc3fdb83b633,33A,true,Hoja,,,,,,,,1,false,31fa42c4-d0da-11f0-9ba0-fc3fdb83b633,3027edbd-d0da-11f0-9ba0-fc3fdb83b633
37365a62-d0da-11f0-9ba0-fc3fdb83b633,33C,true,Hoja,,,,,,,,1,false,31fa42c4-d0da-11f0-9ba0-fc3fdb83b633,3027edbd-d0da-11f0-9ba0-fc3fdb83b633
37369fb8-d0da-11f0-9ba0-fc3fdb83b633,33D,true,Hoja,,,,,,,,1,false,31fa42c4-d0da-11f0-9ba0-fc3fdb83b633,3027edbd-d0da-11f0-9ba0-fc3fdb83b633
3736edbf-d0da-11f0-9ba0-fc3fdb83b633,34A,true,Hoja,,,,,,,,1,false,31fc8ec0-d0da-11f0-9ba0-fc3fdb83b633,3027f585-d0da-11f0-9ba0-fc3fdb83b633
37373335-d0da-11f0-9ba0-fc3fdb83b633,34B,true,Hoja,,,,,,,,1,false,31fc8ec0-d0da-11f0-9ba0-fc3fdb83b633,3027edbd-d0da-11f0-9ba0-fc3fdb83b633
37377776-d0da-11f0-9ba0-fc3fdb83b633,34C,true,Hoja,,,,,,,,1,false,31fc8ec0-d0da-11f0-9ba0-fc3fdb83b633,3027f8fd-d0da-11f0-9ba0-fc3fdb83b633
3737bb48-d0da-11f0-9ba0-fc3fdb83b633,35B,true,Hoja,,,,,,,,1,false,31fc9032-d0da-11f0-9ba0-fc3fdb83b633,3027edbd-d0da-11f0-9ba0-fc3fdb83b633
3737ff6c-d0da-11f0-9ba0-fc3fdb83b633,35C,true,Hoja,,,,,,,,1,false,31fc9032-d0da-11f0-9ba0-fc3fdb83b633,3027edbd-d0da-11f0-9ba0-fc3fdb83b633
373843b7-d0da-11f0-9ba0-fc3fdb83b633,35D,true,Hoja,,,,,,,,1,false,31fc9032-d0da-11f0-9ba0-fc3fdb83b633,302801dd-d0da-11f0-9ba0-fc3fdb83b633
37388f01-d0da-11f0-9ba0-fc3fdb83b633,35E,true,Hoja,,,,,,,,1,false,31fc9032-d0da-11f0-9ba0-fc3fdb83b633,3027edbd-d0da-11f0-9ba0-fc3fdb83b633
3738ed52-d0da-11f0-9ba0-fc3fdb83b633,3634A,false,Hoja,,,,,,,,1,false,320923e8-d0da-11f0-9ba0-fc3fdb83b633,
37391bf5-d0da-11f0-9ba0-fc3fdb83b633,3634B,false,Rama,,,,,,,,1,false,320923e8-d0da-11f0-9ba0-fc3fdb83b633,
3739415a-d0da-11f0-9ba0-fc3fdb83b633,3634C,false,Hoja,,,,,,,,1,false,320923e8-d0da-11f0-9ba0-fc3fdb83b633,
37396a0b-d0da-11f0-9ba0-fc3fdb83b633,3634D,false,Pecíolo,,,,,,,,1,false,320923e8-d0da-11f0-9ba0-fc3fdb83b633,
3739913a-d0da-11f0-9ba0-fc3fdb83b633,3634E,false,Hoja,,,,,,,,1,false,320923e8-d0da-11f0-9ba0-fc3fdb83b633,
3739b7c7-d0da-11f0-9ba0-fc3fdb83b633,3634F,false,Rama,,,,,,,,1,false,320923e8-d0da-11f0-9ba0-fc3fdb83b633,
3739dd0b-d0da-11f0-9ba0-fc3fdb83b633,3635A,false,Hoja,,,,,,,,1,false,3209260e-d0da-11f0-9ba0-fc3fdb83b633,
373a017d-d0da-11f0-9ba0-fc3fdb83b633,3635B,false,Hoja,,,,,,,,1,false,3209260e-d0da-11f0-9ba0-fc3fdb83b633,
373a25cf-d0da-11f0-9ba0-fc3fdb83b633,3635C,false,Hoja,,,,,,,,1,false,3209260e-d0da-11f0-9ba0-fc3fdb83b633,
373a5021-d0da-11f0-9ba0-fc3fdb83b633,3636A,false,Pecíolo,,,,,,,,1,false,3209290e-d0da-11f0-9ba0-fc3fdb83b633,
373a74ef-d0da-11f0-9ba0-fc3fdb83b633,3636B,false,Rama,,,,,,,,1,false,3209290e-d0da-11f0-9ba0-fc3fdb83b633,
373a9ada-d0da-11f0-9ba0-fc3fdb83b633,3636C,false,Hoja,,,,,,,,1,false,3209290e-d0da-11f0-9ba0-fc3fdb83b633,
373add1b-d0da-11f0-9ba0-fc3fdb83b633,3636D,false,Hoja,,,,,,,,1,false,3209290e-d0da-11f0-9ba0-fc3fdb83b633,
373b2176-d0da-11f0-9ba0-fc3fdb83b633,3637A,false,Hoja,,,,,,,,1,false,32092b4e-d0da-11f0-9ba0-fc3fdb83b633,
373b67d4-d0da-11f0-9ba0-fc3fdb83b633,3637B,false,Raíz,,,,,,,,1,false,32092b4e-d0da-11f0-9ba0-fc3fdb83b633,
373baeeb-d0da-11f0-9ba0-fc3fdb83b633,3637D,false,Raíz,,,,,,,,1,false,32092b4e-d0da-11f0-9ba0-fc3fdb83b633,
373bf4ed-d0da-11f0-9ba0-fc3fdb83b633,3638A,false,Hoja,,,,,,,,1,false,32092ea0-d0da-11f0-9ba0-fc3fdb83b633,
373c39c2-d0da-11f0-9ba0-fc3fdb83b633,3638B,false,Rama,,,,,,,,1,false,32092ea0-d0da-11f0-9ba0-fc3fdb83b633,
373c7ef8-d0da-11f0-9ba0-fc3fdb83b633,3638C,false,Rama,,,,,,,,1,false,32092ea0-d0da-11f0-9ba0-fc3fdb83b633,
373cc3e3-d0da-11f0-9ba0-fc3fdb83b633,3638D,false,Hoja,,,,,,,,1,false,32092ea0-d0da-11f0-9ba0-fc3fdb83b633,
373d0967-d0da-11f0-9ba0-fc3fdb83b633,3639A,false,Pecíolo,,,,,,,,1,false,32093800-d0da-11f0-9ba0-fc3fdb83b633,
373d70bd-d0da-11f0-9ba0-fc3fdb83b633,3639B,false,Rama,,,,,,,,1,false,32093800-d0da-11f0-9ba0-fc3fdb83b633,
373dbd5a-d0da-11f0-9ba0-fc3fdb83b633,3639C,false,Hoja,,,,,,,,1,false,32093800-d0da-11f0-9ba0-fc3fdb83b633,
373e0208-d0da-11f0-9ba0-fc3fdb83b633,3639D,false,Hoja,,,,,,,,1,false,32093800-d0da-11f0-9ba0-fc3fdb83b633,
373e4554-d0da-11f0-9ba0-fc3fdb83b633,3639E,false,Rama,,,,,,,,1,false,32093800-d0da-11f0-9ba0-fc3fdb83b633,
373e8abe-d0da-11f0-9ba0-fc3fdb83b633,3639F,false,Hoja,,,,,,,,1,false,32093800-d0da-11f0-9ba0-fc3fdb83b633,
373ed153-d0da-11f0-9ba0-fc3fdb83b633,3639G,false,Hoja,,,,,,,,1,false,32093800-d0da-11f0-9ba0-fc3fdb83b633,
373f176e-d0da-11f0-9ba0-fc3fdb83b633,3639H,false,Pecíolo,,,,,,,,1,false,32093800-d0da-11f0-9ba0-fc3fdb83b633,
373f5c35-d0da-11f0-9ba0-fc3fdb83b633,3639I,false,Hoja,,,,,,,,1,false,32093800-d0da-11f0-9ba0-fc3fdb83b633,
373fa13f-d0da-11f0-9ba0-fc3fdb83b633,3640A,false,Hoja,,,,,,,,1,false,32093b00-d0da-11f0-9ba0-fc3fdb83b633,
373fe5ec-d0da-11f0-9ba0-fc3fdb83b633,3640B,false,Rama,,,,,,,,1,false,32093b00-d0da-11f0-9ba0-fc3fdb83b633,
37402e7c-d0da-11f0-9ba0-fc3fdb83b633,3640C,false,Rama,,,,,,,,1,false,32093b00-d0da-11f0-9ba0-fc3fdb83b633,
37405798-d0da-11f0-9ba0-fc3fdb83b633,3640D,false,Hoja,,,,,,,,1,false,32093b00-d0da-11f0-9ba0-fc3fdb83b633,
37407d47-d0da-11f0-9ba0-fc3fdb83b633,3640E,false,Hoja,,,,,,,,1,false,32093b00-d0da-11f0-9ba0-fc3fdb83b633,
3740a170-d0da-11f0-9ba0-fc3fdb83b633,3640F,false,Hoja,,,,,,,,1,false,32093b00-d0da-11f0-9ba0-fc3fdb83b633,
3740c58b-d0da-11f0-9ba0-fc3fdb83b633,3640G,false,Rama,,,,,,,,1,false,32093b00-d0da-11f0-9ba0-fc3fdb83b633,
3740ec9b-d0da-11f0-9ba0-fc3fdb83b633,3640H,false,Hoja,,,,,,,,1,false,32093b00-d0da-11f0-9ba0-fc3fdb83b633,
37411fbe-d0da-11f0-9ba0-fc3fdb83b633,3641A,false,Hoja,,,,,,,,1,false,32093db2-d0da-11f0-9ba0-fc3fdb83b633,
3741667d-d0da-11f0-9ba0-fc3fdb83b633,3641B,false,Hoja,,,,,,,,1,false,32093db2-d0da-11f0-9ba0-fc3fdb83b633,
3741ac32-d0da-11f0-9ba0-fc3fdb83b633,3641C,false,Hoja,,,,,,,,1,false,32093db2-d0da-11f0-9ba0-fc3fdb83b633,
3741da40-d0da-11f0-9ba0-fc3fdb83b633,3641D,false,Rama,,,,,,,,1,false,32093db2-d0da-11f0-9ba0-fc3fdb83b633,
3742038f-d0da-11f0-9ba0-fc3fdb83b633,3641E,false,Hoja,,,,,,,,1,false,32093db2-d0da-11f0-9ba0-fc3fdb83b633,
37422ba1-d0da-11f0-9ba0-fc3fdb83b633,3641F,false,Hoja,,,,,,,,1,false,32093db2-d0da-11f0-9ba0-fc3fdb83b633,
374253a4-d0da-11f0-9ba0-fc3fdb83b633,3641G,false,Rama,,,,,,,,1,false,32093db2-d0da-11f0-9ba0-fc3fdb83b633,
37427baa-d0da-11f0-9ba0-fc3fdb83b633,3641H,false,Rama,,,,,,,,1,false,32093db2-d0da-11f0-9ba0-fc3fdb83b633,
3742a7a3-d0da-11f0-9ba0-fc3fdb83b633,3642A,false,Hoja,,,,,,,,1,false,320940c2-d0da-11f0-9ba0-fc3fdb83b633,
3742d87c-d0da-11f0-9ba0-fc3fdb83b633,3642B,false,Hoja,,,,,,,,1,false,320940c2-d0da-11f0-9ba0-fc3fdb83b633,
374300d2-d0da-11f0-9ba0-fc3fdb83b633,3642C,false,Rama,,,,,,,,1,false,320940c2-d0da-11f0-9ba0-fc3fdb83b633,
374329aa-d0da-11f0-9ba0-fc3fdb83b633,3642D,false,Rama,,,,,,,,1,false,320940c2-d0da-11f0-9ba0-fc3fdb83b633,
37434ec9-d0da-11f0-9ba0-fc3fdb83b633,3642E,false,Hoja,,,,,,,,1,false,320940c2-d0da-11f0-9ba0-fc3fdb83b633,
374377c6-d0da-11f0-9ba0-fc3fdb83b633,3642F,false,Rama,,,,,,,,1,false,320940c2-d0da-11f0-9ba0-fc3fdb83b633,
37439c26-d0da-11f0-9ba0-fc3fdb83b633,3642G,false,Hoja,,,,,,,,1,false,320940c2-d0da-11f0-9ba0-fc3fdb83b633,
3743c03c-d0da-11f0-9ba0-fc3fdb83b633,3642H,false,Rama,,,,,,,,1,false,320940c2-d0da-11f0-9ba0-fc3fdb83b633,
3743e701-d0da-11f0-9ba0-fc3fdb83b633,3642I,false,Hoja,,,,,,,,1,false,320940c2-d0da-11f0-9ba0-fc3fdb83b633,
37440b84-d0da-11f0-9ba0-fc3fdb83b633,3642J,false,Hoja,,,,,,,,1,false,320940c2-d0da-11f0-9ba0-fc3fdb83b633,
374432b9-d0da-11f0-9ba0-fc3fdb83b633,3643A,false,Hoja,,,,,,,,1,false,3209435c-d0da-11f0-9ba0-fc3fdb83b633,
374456a9-d0da-11f0-9ba0-fc3fdb83b633,3643B,false,Pecíolo,,,,,,,,1,false,3209435c-d0da-11f0-9ba0-fc3fdb83b633,
37447aaa-d0da-11f0-9ba0-fc3fdb83b633,3643C,false,Hoja,,,,,,,,1,false,3209435c-d0da-11f0-9ba0-fc3fdb83b633,
37449e9c-d0da-11f0-9ba0-fc3fdb83b633,3643D,false,Hoja,,,,,,,,1,false,3209435c-d0da-11f0-9ba0-fc3fdb83b633,
3744da6e-d0da-11f0-9ba0-fc3fdb83b633,3644A,false,Hoja,,,,,,,,1,false,320945a7-d0da-11f0-9ba0-fc3fdb83b633,
374544d4-d0da-11f0-9ba0-fc3fdb83b633,3644B,false,Hoja,,,,,,,,1,false,320945a7-d0da-11f0-9ba0-fc3fdb83b633,
37458b5f-d0da-11f0-9ba0-fc3fdb83b633,3644C,false,Hoja,,,,,,,,1,false,320945a7-d0da-11f0-9ba0-fc3fdb83b633,
3745d08a-d0da-11f0-9ba0-fc3fdb83b633,3644D,false,Hoja,,,,,,,,1,false,320945a7-d0da-11f0-9ba0-fc3fdb83b633,
3746166e-d0da-11f0-9ba0-fc3fdb83b633,3645A,false,Rama,,,,,,,,1,false,3209488a-d0da-11f0-9ba0-fc3fdb83b633,
37465aa6-d0da-11f0-9ba0-fc3fdb83b633,3645B,false,Hoja,,,,,,,,1,false,3209488a-d0da-11f0-9ba0-fc3fdb83b633,
37469f1e-d0da-11f0-9ba0-fc3fdb83b633,3645C,false,Hoja,,,,,,,,1,false,3209488a-d0da-11f0-9ba0-fc3fdb83b633,
3746e21d-d0da-11f0-9ba0-fc3fdb83b633,3645D,false,Raíz,,,,,,,,1,false,3209488a-d0da-11f0-9ba0-fc3fdb83b633,
37472578-d0da-11f0-9ba0-fc3fdb83b633,3645E,false,Raíz,,,,,,,,1,false,3209488a-d0da-11f0-9ba0-fc3fdb83b633,
374768d1-d0da-11f0-9ba0-fc3fdb83b633,3645F,false,Raíz,,,,,,,,1,false,3209488a-d0da-11f0-9ba0-fc3fdb83b633,
3747aba8-d0da-11f0-9ba0-fc3fdb83b633,3645G,false,Raíz,,,,,,,,1,false,3209488a-d0da-11f0-9ba0-fc3fdb83b633,
3747ee44-d0da-11f0-9ba0-fc3fdb83b633,3645H,false,Raíz,,,,,,,,1,false,3209488a-d0da-11f0-9ba0-fc3fdb83b633,
37481a55-d0da-11f0-9ba0-fc3fdb83b633,3646A,false,Raíz,,,,,,,,1,false,3209639f-d0da-11f0-9ba0-fc3fdb83b633,
37483efe-d0da-11f0-9ba0-fc3fdb83b633,3646B,false,Rama,,,,,,,,1,false,3209639f-d0da-11f0-9ba0-fc3fdb83b633,
374863cc-d0da-11f0-9ba0-fc3fdb83b633,3646C,false,Raíz,,,,,,,,1,false,3209639f-d0da-11f0-9ba0-fc3fdb83b633,
374887f1-d0da-11f0-9ba0-fc3fdb83b633,3646D,false,Pecíolo,,,,,,,,1,false,3209639f-d0da-11f0-9ba0-fc3fdb83b633,
3748ac0a-d0da-11f0-9ba0-fc3fdb83b633,3646E,false,Hoja,,,,,,,,1,false,3209639f-d0da-11f0-9ba0-fc3fdb83b633,
3748d015-d0da-11f0-9ba0-fc3fdb83b633,3646F,false,Pecíolo,,,,,,,,1,false,3209639f-d0da-11f0-9ba0-fc3fdb83b633,
3748f5a8-d0da-11f0-9ba0-fc3fdb83b633,3646G,false,Raíz,,,,,,,,1,false,3209639f-d0da-11f0-9ba0-fc3fdb83b633,
374919c6-d0da-11f0-9ba0-fc3fdb83b633,3646H,false,Hoja,,,,,,,,1,false,3209639f-d0da-11f0-9ba0-fc3fdb83b633,
37493de7-d0da-11f0-9ba0-fc3fdb83b633,3646I,false,Raíz,,,,,,,,1,false,3209639f-d0da-11f0-9ba0-fc3fdb83b633,
37496534-d0da-11f0-9ba0-fc3fdb83b633,3647B,false,Hoja,,,,,,,,1,false,3209677a-d0da-11f0-9ba0-fc3fdb83b633,
37499133-d0da-11f0-9ba0-fc3fdb83b633,3647C,false,Raíz,,,,,,,,1,false,3209677a-d0da-11f0-9ba0-fc3fdb83b633,
3749b72b-d0da-11f0-9ba0-fc3fdb83b633,3647D,false,Pecíolo,,,,,,,,1,false,3209677a-d0da-11f0-9ba0-fc3fdb83b633,
3749db56-d0da-11f0-9ba0-fc3fdb83b633,3647E,false,Raíz,,,,,,,,1,false,3209677a-d0da-11f0-9ba0-fc3fdb83b633,
3749ff7a-d0da-11f0-9ba0-fc3fdb83b633,3648A,false,Pecíolo,,,,,,,,1,false,32096ab9-d0da-11f0-9ba0-fc3fdb83b633,
374a236c-d0da-11f0-9ba0-fc3fdb83b633,3648B,false,Rama,,,,,,,,1,false,32096ab9-d0da-11f0-9ba0-fc3fdb83b633,
374a4f4d-d0da-11f0-9ba0-fc3fdb83b633,3648C,false,Pecíolo,,,,,,,,1,false,32096ab9-d0da-11f0-9ba0-fc3fdb83b633,
374a561c-d0da-11f0-9ba0-fc3fdb83b633,3649A,true,Hoja,,,,,,,,1,false,31f92ab7-d0da-11f0-9ba0-fc3fdb83b633,
374a7f0b-d0da-11f0-9ba0-fc3fdb83b633,3649B,true,Hoja,,,,,,,,1,false,31f92ab7-d0da-11f0-9ba0-fc3fdb83b633,
374aa6e0-d0da-11f0-9ba0-fc3fdb83b633,3649C,true,Hoja,,,,,,,,1,false,31f92ab7-d0da-11f0-9ba0-fc3fdb83b633,
374ace88-d0da-11f0-9ba0-fc3fdb83b633,3649D,true,Hoja,,,,,,,,1,false,31f92ab7-d0da-11f0-9ba0-fc3fdb83b633,
374b4a5f-d0da-11f0-9ba0-fc3fdb83b633,3649E,true,Rama,,,,,,,,1,false,31f92ab7-d0da-11f0-9ba0-fc3fdb83b633,
374b92ff-d0da-11f0-9ba0-fc3fdb83b633,3650A,true,Hoja,,,,,,,,1,false,31f9463a-d0da-11f0-9ba0-fc3fdb83b633,
374bf21f-d0da-11f0-9ba0-fc3fdb83b633,3650B,true,Rama,,,,,,,,1,false,31f9463a-d0da-11f0-9ba0-fc3fdb83b633,
374c38a4-d0da-11f0-9ba0-fc3fdb83b633,3650C,true,Rama,,,,,,,,1,false,31f9463a-d0da-11f0-9ba0-fc3fdb83b633,
374c60d6-d0da-11f0-9ba0-fc3fdb83b633,3651A,true,Raíz,,,,,,,,1,false,31f9483a-d0da-11f0-9ba0-fc3fdb83b633,
374c8e80-d0da-11f0-9ba0-fc3fdb83b633,3651B,true,Raíz,,,,,,,,1,false,31f9483a-d0da-11f0-9ba0-fc3fdb83b633,
374cb78b-d0da-11f0-9ba0-fc3fdb83b633,3651C,true,Hoja,,,,,,,,1,false,31f9483a-d0da-11f0-9ba0-fc3fdb83b633,
374ce7ac-d0da-11f0-9ba0-fc3fdb83b633,3651D,true,Hoja,,,,,,,,1,false,31f9483a-d0da-11f0-9ba0-fc3fdb83b633,
374d1022-d0da-11f0-9ba0-fc3fdb83b633,3653A,true,Hoja,,,,,,,,1,false,31f94a0a-d0da-11f0-9ba0-fc3fdb83b633,
374d37ea-d0da-11f0-9ba0-fc3fdb83b633,3653B,true,Raíz,,,,,,,,1,false,31f94a0a-d0da-11f0-9ba0-fc3fdb83b633,
374d6068-d0da-11f0-9ba0-fc3fdb83b633,3653C,true,Hoja,,,,,,,,1,false,31f94a0a-d0da-11f0-9ba0-fc3fdb83b633,
374d882d-d0da-11f0-9ba0-fc3fdb83b633,3654A,true,Rama,,,,,,,,1,false,31f94bd5-d0da-11f0-9ba0-fc3fdb83b633,
374dafe4-d0da-11f0-9ba0-fc3fdb83b633,3655A,true,Hoja,,,,,,,,1,false,31f94d97-d0da-11f0-9ba0-fc3fdb83b633,
374dd77d-d0da-11f0-9ba0-fc3fdb83b633,3655B,true,Hoja,,,,,,,,1,false,31f94d97-d0da-11f0-9ba0-fc3fdb83b633,
374e15c6-d0da-11f0-9ba0-fc3fdb83b633,3655C,true,Raíz,,,,,,,,1,false,31f94d97-d0da-11f0-9ba0-fc3fdb83b633,
374e5adb-d0da-11f0-9ba0-fc3fdb83b633,3656A,true,Hoja,,,,,,,,1,false,31f94f6c-d0da-11f0-9ba0-fc3fdb83b633,
374e9e46-d0da-11f0-9ba0-fc3fdb83b633,3656B,true,Hoja,,,,,,,,1,false,31f94f6c-d0da-11f0-9ba0-fc3fdb83b633,
374ee16a-d0da-11f0-9ba0-fc3fdb83b633,3656C,true,Pecíolo,,,,,,,,1,false,31f94f6c-d0da-11f0-9ba0-fc3fdb83b633,
374f24e4-d0da-11f0-9ba0-fc3fdb83b633,3657A,true,Hoja,,,,,,,,1,false,31f95130-d0da-11f0-9ba0-fc3fdb83b633,
374f67ca-d0da-11f0-9ba0-fc3fdb83b633,3657B,true,Hoja,,,,,,,,1,false,31f95130-d0da-11f0-9ba0-fc3fdb83b633,
374fabcd-d0da-11f0-9ba0-fc3fdb83b633,3657C,true,Pecíolo,,,,,,,,1,false,31f95130-d0da-11f0-9ba0-fc3fdb83b633,
374fef3e-d0da-11f0-9ba0-fc3fdb83b633,3657D,true,Pecíolo,,,,,,,,1,false,31f95130-d0da-11f0-9ba0-fc3fdb83b633,
37503274-d0da-11f0-9ba0-fc3fdb83b633,3657E,true,Hoja,,,,,,,,1,false,31f95130-d0da-11f0-9ba0-fc3fdb83b633,
3750758c-d0da-11f0-9ba0-fc3fdb83b633,3658A,true,Pecíolo,,,,,,,,1,false,31f952f7-d0da-11f0-9ba0-fc3fdb83b633,
3750b884-d0da-11f0-9ba0-fc3fdb83b633,3658B,true,Rama,,,,,,,,1,false,31f952f7-d0da-11f0-9ba0-fc3fdb83b633,
3750fcb3-d0da-11f0-9ba0-fc3fdb83b633,3659A,true,Rama,,,,,,,,1,false,31f954c2-d0da-11f0-9ba0-fc3fdb83b633,
3751406d-d0da-11f0-9ba0-fc3fdb83b633,3659B,true,Rama,,,,,,,,1,false,31f954c2-d0da-11f0-9ba0-fc3fdb83b633,
3751842e-d0da-11f0-9ba0-fc3fdb83b633,3659C,true,Rama,,,,,,,,1,false,31f954c2-d0da-11f0-9ba0-fc3fdb83b633,
3751c772-d0da-11f0-9ba0-fc3fdb83b633,3660A,true,Rama,,,,,,,,1,false,31f956a3-d0da-11f0-9ba0-fc3fdb83b633,
37520a83-d0da-11f0-9ba0-fc3fdb83b633,3661A,true,Hoja,,,,,,,,1,false,31f958d7-d0da-11f0-9ba0-fc3fdb83b633,
37524da5-d0da-11f0-9ba0-fc3fdb83b633,3661B,true,Hoja,,,,,,,,1,false,31f958d7-d0da-11f0-9ba0-fc3fdb83b633,
37529092-d0da-11f0-9ba0-fc3fdb83b633,3661C,true,Hoja,,,,,,,,1,false,31f958d7-d0da-11f0-9ba0-fc3fdb83b633,
3752d1a5-d0da-11f0-9ba0-fc3fdb83b633,3662A,true,Rama,,,,,,,,1,false,31f95b01-d0da-11f0-9ba0-fc3fdb83b633,
375312b5-d0da-11f0-9ba0-fc3fdb83b633,3662B,true,Hoja,,,,,,,,1,false,31f95b01-d0da-11f0-9ba0-fc3fdb83b633,
37535382-d0da-11f0-9ba0-fc3fdb83b633,3663A,true,Rama,,,,,,,,1,false,31f95ced-d0da-11f0-9ba0-fc3fdb83b633,
37539414-d0da-11f0-9ba0-fc3fdb83b633,3663B,true,Rama,,,,,,,,1,false,31f95ced-d0da-11f0-9ba0-fc3fdb83b633,
3753d4da-d0da-11f0-9ba0-fc3fdb83b633,3663C,true,Hoja,,,,,,,,1,false,31f95ced-d0da-11f0-9ba0-fc3fdb83b633,
3754342f-d0da-11f0-9ba0-fc3fdb83b633,3663D,true,Rama,,,,,,,,1,false,31f95ced-d0da-11f0-9ba0-fc3fdb83b633,
3754a5ad-d0da-11f0-9ba0-fc3fdb83b633,3663E,true,Rama,,,,,,,,1,false,31f95ced-d0da-11f0-9ba0-fc3fdb83b633,
3754ea25-d0da-11f0-9ba0-fc3fdb83b633,3664A,true,Hoja,,,,,,,,1,false,31f95f4d-d0da-11f0-9ba0-fc3fdb83b633,
37553b17-d0da-11f0-9ba0-fc3fdb83b633,36B,true,Hoja,,,,,,,,1,false,31fc91aa-d0da-11f0-9ba0-fc3fdb83b633,3027edbd-d0da-11f0-9ba0-fc3fdb83b633
37557f16-d0da-11f0-9ba0-fc3fdb83b633,36C,true,Hoja,,,,,,,,1,false,31fc91aa-d0da-11f0-9ba0-fc3fdb83b633,3027edbd-d0da-11f0-9ba0-fc3fdb83b633
3755b63f-d0da-11f0-9ba0-fc3fdb83b633,3763A,true,Hoja,,,,,,,,1,false,31f9614c-d0da-11f0-9ba0-fc3fdb83b633,
3755f7ac-d0da-11f0-9ba0-fc3fdb83b633,3766A,true,Hoja,,,,,,,,1,false,31f96339-d0da-11f0-9ba0-fc3fdb83b633,
3756396b-d0da-11f0-9ba0-fc3fdb83b633,3766B,true,Hoja,,,,,,,,1,false,31f96339-d0da-11f0-9ba0-fc3fdb83b633,
3756923f-d0da-11f0-9ba0-fc3fdb83b633,3766C,true,Hoja,,,,,,,,1,false,31f96339-d0da-11f0-9ba0-fc3fdb83b633,
3756f81c-d0da-11f0-9ba0-fc3fdb83b633,3767A,true,Pecíolo,,,,,,,,1,false,31f96547-d0da-11f0-9ba0-fc3fdb83b633,
375758b3-d0da-11f0-9ba0-fc3fdb83b633,3767B,true,Hoja,,,,,,,,1,false,31f96547-d0da-11f0-9ba0-fc3fdb83b633,
37579d1e-d0da-11f0-9ba0-fc3fdb83b633,3768A,true,Hoja,,,,,,,,1,false,31f96738-d0da-11f0-9ba0-fc3fdb83b633,
3757df61-d0da-11f0-9ba0-fc3fdb83b633,3769A,true,Rama,,,,,,,,1,false,31f96964-d0da-11f0-9ba0-fc3fdb83b633,
37582248-d0da-11f0-9ba0-fc3fdb83b633,3769B,true,Hoja,,,,,,,,1,false,31f96964-d0da-11f0-9ba0-fc3fdb83b633,
3758638e-d0da-11f0-9ba0-fc3fdb83b633,3769C,true,Rama,,,,,,,,1,false,31f96964-d0da-11f0-9ba0-fc3fdb83b633,
3758a507-d0da-11f0-9ba0-fc3fdb83b633,3771A,true,Hoja,,,,,,,,1,false,31f96b4f-d0da-11f0-9ba0-fc3fdb83b633,
3758e666-d0da-11f0-9ba0-fc3fdb83b633,3772A,true,Hoja,,,,,,,,1,false,31f96d27-d0da-11f0-9ba0-fc3fdb83b633,
37592773-d0da-11f0-9ba0-fc3fdb83b633,3774A,true,Hoja,,,,,,,,1,false,31f96efb-d0da-11f0-9ba0-fc3fdb83b633,
375968b2-d0da-11f0-9ba0-fc3fdb83b633,3774B,true,Hoja,,,,,,,,1,false,31f96efb-d0da-11f0-9ba0-fc3fdb83b633,
3759b085-d0da-11f0-9ba0-fc3fdb83b633,3775A,true,Hoja,,,,,,,,1,false,31f970c7-d0da-11f0-9ba0-fc3fdb83b633,
3759f3cc-d0da-11f0-9ba0-fc3fdb83b633,3777A,true,Hoja,,,,,,,,1,false,31f972a1-d0da-11f0-9ba0-fc3fdb83b633,
375a37ca-d0da-11f0-9ba0-fc3fdb83b633,3778A,true,Raíz,,,,,,,,1,false,31f97479-d0da-11f0-9ba0-fc3fdb83b633,
375a7d4e-d0da-11f0-9ba0-fc3fdb83b633,3778B,true,Raíz,,,,,,,,1,false,31f97479-d0da-11f0-9ba0-fc3fdb83b633,
375ac08b-d0da-11f0-9ba0-fc3fdb83b633,3778C,true,Hoja,,,,,,,,1,false,31f97479-d0da-11f0-9ba0-fc3fdb83b633,
375b02f3-d0da-11f0-9ba0-fc3fdb83b633,3798A,true,Rama,,,,,,,,1,false,31f9769a-d0da-11f0-9ba0-fc3fdb83b633,
375b4533-d0da-11f0-9ba0-fc3fdb83b633,3798B,true,Hoja,,,,,,,,1,false,31f9769a-d0da-11f0-9ba0-fc3fdb83b633,
375b8798-d0da-11f0-9ba0-fc3fdb83b633,3798C,true,Rama,,,,,,,,1,false,31f9769a-d0da-11f0-9ba0-fc3fdb83b633,
375bd17f-d0da-11f0-9ba0-fc3fdb83b633,3799A,true,Rama,,,,,,,,1,false,31f978b1-d0da-11f0-9ba0-fc3fdb83b633,
375c3634-d0da-11f0-9ba0-fc3fdb83b633,3799B,true,Rama,,,,,,,,1,false,31f978b1-d0da-11f0-9ba0-fc3fdb83b633,
375c7898-d0da-11f0-9ba0-fc3fdb83b633,3799C,true,Pecíolo,,,,,,,,1,false,31f978b1-d0da-11f0-9ba0-fc3fdb83b633,
375cba34-d0da-11f0-9ba0-fc3fdb83b633,3799D,true,Hoja,,,,,,,,1,false,31f978b1-d0da-11f0-9ba0-fc3fdb83b633,
375cfbaa-d0da-11f0-9ba0-fc3fdb83b633,3799E,true,Hoja,,,,,,,,1,false,31f978b1-d0da-11f0-9ba0-fc3fdb83b633,
375d3ddf-d0da-11f0-9ba0-fc3fdb83b633,3799F,true,Pecíolo,,,,,,,,1,false,31f978b1-d0da-11f0-9ba0-fc3fdb83b633,
375d7f7d-d0da-11f0-9ba0-fc3fdb83b633,3799G,true,Hoja,,,,,,,,1,false,31f978b1-d0da-11f0-9ba0-fc3fdb83b633,
375dcdb3-d0da-11f0-9ba0-fc3fdb83b633,37A,true,Hoja,,,,,,,,1,false,31fc9325-d0da-11f0-9ba0-fc3fdb83b633,3027edbd-d0da-11f0-9ba0-fc3fdb83b633
375e0308-d0da-11f0-9ba0-fc3fdb83b633,3800A,true,Hoja,,,,,,,,1,false,31f97a25-d0da-11f0-9ba0-fc3fdb83b633,
375e43cf-d0da-11f0-9ba0-fc3fdb83b633,3800B,true,Hoja,,,,,,,,1,false,31f97a25-d0da-11f0-9ba0-fc3fdb83b633,
375e84d1-d0da-11f0-9ba0-fc3fdb83b633,3800C,true,Hoja,,,,,,,,1,false,31f97a25-d0da-11f0-9ba0-fc3fdb83b633,
375ecd22-d0da-11f0-9ba0-fc3fdb83b633,3800D,true,Rama,,,,,,,,1,false,31f97a25-d0da-11f0-9ba0-fc3fdb83b633,
375f030a-d0da-11f0-9ba0-fc3fdb83b633,3801A,true,Rama,,,,,,,,1,false,31f97b58-d0da-11f0-9ba0-fc3fdb83b633,
375f2812-d0da-11f0-9ba0-fc3fdb83b633,3801B,true,Hoja,,,,,,,,1,false,31f97b58-d0da-11f0-9ba0-fc3fdb83b633,
375f4b1b-d0da-11f0-9ba0-fc3fdb83b633,3801C,true,Hoja,,,,,,,,1,false,31f97b58-d0da-11f0-9ba0-fc3fdb83b633,
375f6e4a-d0da-11f0-9ba0-fc3fdb83b633,3801D,true,Pecíolo,,,,,,,,1,false,31f97b58-d0da-11f0-9ba0-fc3fdb83b633,
375f9456-d0da-11f0-9ba0-fc3fdb83b633,3801E,true,Pecíolo,,,,,,,,1,false,31f97b58-d0da-11f0-9ba0-fc3fdb83b633,
375fb7cf-d0da-11f0-9ba0-fc3fdb83b633,3801F,true,Hoja,,,,,,,,1,false,31f97b58-d0da-11f0-9ba0-fc3fdb83b633,
375fddc4-d0da-11f0-9ba0-fc3fdb83b633,3802A,true,Rama,,,,,,,,1,false,31f97c86-d0da-11f0-9ba0-fc3fdb83b633,
376001e9-d0da-11f0-9ba0-fc3fdb83b633,3802B,true,Rama,,,,,,,,1,false,31f97c86-d0da-11f0-9ba0-fc3fdb83b633,
376024f9-d0da-11f0-9ba0-fc3fdb83b633,3802C,true,Fruto,,,,,,,,1,false,31f97c86-d0da-11f0-9ba0-fc3fdb83b633,
37604a4e-d0da-11f0-9ba0-fc3fdb83b633,3802D,true,Rama,,,,,,,,1,false,31f97c86-d0da-11f0-9ba0-fc3fdb83b633,
37607418-d0da-11f0-9ba0-fc3fdb83b633,3802E,true,Rama,,,,,,,,1,false,31f97c86-d0da-11f0-9ba0-fc3fdb83b633,
37609786-d0da-11f0-9ba0-fc3fdb83b633,3802F,true,Hoja,,,,,,,,1,false,31f97c86-d0da-11f0-9ba0-fc3fdb83b633,
3760baad-d0da-11f0-9ba0-fc3fdb83b633,3802G,true,Hoja,,,,,,,,1,false,31f97c86-d0da-11f0-9ba0-fc3fdb83b633,
3760ddc2-d0da-11f0-9ba0-fc3fdb83b633,3802H,true,Hoja,,,,,,,,1,false,31f97c86-d0da-11f0-9ba0-fc3fdb83b633,
376100d0-d0da-11f0-9ba0-fc3fdb83b633,3802I,true,Hoja,,,,,,,,1,false,31f97c86-d0da-11f0-9ba0-fc3fdb83b633,
37613528-d0da-11f0-9ba0-fc3fdb83b633,3802J,true,Hoja,,,,,,,,1,false,31f97c86-d0da-11f0-9ba0-fc3fdb83b633,
37617d65-d0da-11f0-9ba0-fc3fdb83b633,3802K,true,Hoja,,,,,,,,1,false,31f97c86-d0da-11f0-9ba0-fc3fdb83b633,
3761c404-d0da-11f0-9ba0-fc3fdb83b633,3802M,true,Hoja,,,,,,,,1,false,31f97c86-d0da-11f0-9ba0-fc3fdb83b633,
376209da-d0da-11f0-9ba0-fc3fdb83b633,3802N,true,Fruto,,,,,,,,1,false,31f97c86-d0da-11f0-9ba0-fc3fdb83b633,
37624f61-d0da-11f0-9ba0-fc3fdb83b633,3803A,true,Pecíolo,,,,,,,,1,false,31f97db6-d0da-11f0-9ba0-fc3fdb83b633,
37629465-d0da-11f0-9ba0-fc3fdb83b633,3803B,true,Hoja,,,,,,,,1,false,31f97db6-d0da-11f0-9ba0-fc3fdb83b633,
3762d998-d0da-11f0-9ba0-fc3fdb83b633,3804A,true,Hoja,,,,,,,,1,false,31f97eea-d0da-11f0-9ba0-fc3fdb83b633,
37631edb-d0da-11f0-9ba0-fc3fdb83b633,3804B,true,Raíz,,,,,,,,1,false,31f97eea-d0da-11f0-9ba0-fc3fdb83b633,
37636418-d0da-11f0-9ba0-fc3fdb83b633,3804C,true,Raíz,,,,,,,,1,false,31f97eea-d0da-11f0-9ba0-fc3fdb83b633,
3763a95f-d0da-11f0-9ba0-fc3fdb83b633,3804D,true,Raíz,,,,,,,,1,false,31f97eea-d0da-11f0-9ba0-fc3fdb83b633,
3763fa36-d0da-11f0-9ba0-fc3fdb83b633,3804F,true,Raíz,,,,,,,,1,false,31f97eea-d0da-11f0-9ba0-fc3fdb83b633,
3764415d-d0da-11f0-9ba0-fc3fdb83b633,3804G,true,Raíz,,,,,,,,1,false,31f97eea-d0da-11f0-9ba0-fc3fdb83b633,
3764872b-d0da-11f0-9ba0-fc3fdb83b633,3804H,true,Raíz,,,,,,,,1,false,31f97eea-d0da-11f0-9ba0-fc3fdb83b633,
3764cc9d-d0da-11f0-9ba0-fc3fdb83b633,3804I,true,Hoja,,,,,,,,1,false,31f97eea-d0da-11f0-9ba0-fc3fdb83b633,
37650503-d0da-11f0-9ba0-fc3fdb83b633,3805A,true,Hoja,,,,,,,,1,false,31f98000-d0da-11f0-9ba0-fc3fdb83b633,
37652e7a-d0da-11f0-9ba0-fc3fdb83b633,3805B,true,Raíz,,,,,,,,1,false,31f98000-d0da-11f0-9ba0-fc3fdb83b633,
37655513-d0da-11f0-9ba0-fc3fdb83b633,3805C,true,Pecíolo,,,,,,,,1,false,31f98000-d0da-11f0-9ba0-fc3fdb83b633,
3765797e-d0da-11f0-9ba0-fc3fdb83b633,3805D,true,Raíz,,,,,,,,1,false,31f98000-d0da-11f0-9ba0-fc3fdb83b633,
37659dd9-d0da-11f0-9ba0-fc3fdb83b633,3805E,true,Raíz,,,,,,,,1,false,31f98000-d0da-11f0-9ba0-fc3fdb83b633,
3765c23e-d0da-11f0-9ba0-fc3fdb83b633,3805F,true,Hoja,,,,,,,,1,false,31f98000-d0da-11f0-9ba0-fc3fdb83b633,
3765e731-d0da-11f0-9ba0-fc3fdb83b633,3805G,true,Raíz,,,,,,,,1,false,31f98000-d0da-11f0-9ba0-fc3fdb83b633,
37660b8f-d0da-11f0-9ba0-fc3fdb83b633,3805H,true,Pecíolo,,,,,,,,1,false,31f98000-d0da-11f0-9ba0-fc3fdb83b633,
37662ff1-d0da-11f0-9ba0-fc3fdb83b633,3805I,true,Raíz,,,,,,,,1,false,31f98000-d0da-11f0-9ba0-fc3fdb83b633,
3766783c-d0da-11f0-9ba0-fc3fdb83b633,3805J,true,Pecíolo,,,,,,,,1,false,31f98000-d0da-11f0-9ba0-fc3fdb83b633,
3766a156-d0da-11f0-9ba0-fc3fdb83b633,3806B,true,Pecíolo,,,,,,,,1,false,31f98119-d0da-11f0-9ba0-fc3fdb83b633,
3766c951-d0da-11f0-9ba0-fc3fdb83b633,3806C,true,Hoja,,,,,,,,1,false,31f98119-d0da-11f0-9ba0-fc3fdb83b633,
3766ee2a-d0da-11f0-9ba0-fc3fdb83b633,3806D,true,Hoja,,,,,,,,1,false,31f98119-d0da-11f0-9ba0-fc3fdb83b633,
37671245-d0da-11f0-9ba0-fc3fdb83b633,3806E,true,Hoja,,,,,,,,1,false,31f98119-d0da-11f0-9ba0-fc3fdb83b633,
3767365b-d0da-11f0-9ba0-fc3fdb83b633,3807A,true,Fruto,,,,,,,,1,false,31f98235-d0da-11f0-9ba0-fc3fdb83b633,
37675a53-d0da-11f0-9ba0-fc3fdb83b633,3807C,true,Pecíolo,,,,,,,,1,false,31f98235-d0da-11f0-9ba0-fc3fdb83b633,
37677e4d-d0da-11f0-9ba0-fc3fdb83b633,3807D,true,Hoja,,,,,,,,1,false,31f98235-d0da-11f0-9ba0-fc3fdb83b633,
3767a24a-d0da-11f0-9ba0-fc3fdb83b633,3807E,true,Pecíolo,,,,,,,,1,false,31f98235-d0da-11f0-9ba0-fc3fdb83b633,
3767c646-d0da-11f0-9ba0-fc3fdb83b633,3807F,true,Hoja,,,,,,,,1,false,31f98235-d0da-11f0-9ba0-fc3fdb83b633,
3767eadc-d0da-11f0-9ba0-fc3fdb83b633,3807G,true,Hoja,,,,,,,,1,false,31f98235-d0da-11f0-9ba0-fc3fdb83b633,
376816b6-d0da-11f0-9ba0-fc3fdb83b633,3807H,true,Fruto,,,,,,,,1,false,31f98235-d0da-11f0-9ba0-fc3fdb83b633,
37683b0f-d0da-11f0-9ba0-fc3fdb83b633,3808A,true,Fruto,,,,,,,,1,false,31f98352-d0da-11f0-9ba0-fc3fdb83b633,
37686007-d0da-11f0-9ba0-fc3fdb83b633,3808B,true,Pecíolo,,,,,,,,1,false,31f98352-d0da-11f0-9ba0-fc3fdb83b633,
376887f1-d0da-11f0-9ba0-fc3fdb83b633,3809A,true,Hoja,,,,,,,,1,false,31f98467-d0da-11f0-9ba0-fc3fdb83b633,
3768b4ef-d0da-11f0-9ba0-fc3fdb83b633,3809B,true,Hoja,,,,,,,,1,false,31f98467-d0da-11f0-9ba0-fc3fdb83b633,
3768fa3c-d0da-11f0-9ba0-fc3fdb83b633,3809C,true,Rama,,,,,,,,1,false,31f98467-d0da-11f0-9ba0-fc3fdb83b633,
376940a9-d0da-11f0-9ba0-fc3fdb83b633,3809D,true,Rama,,,,,,,,1,false,31f98467-d0da-11f0-9ba0-fc3fdb83b633,
37699c4e-d0da-11f0-9ba0-fc3fdb83b633,3809E,true,Hoja,,,,,,,,1,false,31f98467-d0da-11f0-9ba0-fc3fdb83b633,
3769e061-d0da-11f0-9ba0-fc3fdb83b633,3809F,true,Hoja,,,,,,,,1,false,31f98467-d0da-11f0-9ba0-fc3fdb83b633,
376a248b-d0da-11f0-9ba0-fc3fdb83b633,3809G,true,Hoja,,,,,,,,1,false,31f98467-d0da-11f0-9ba0-fc3fdb83b633,
376a68aa-d0da-11f0-9ba0-fc3fdb83b633,3809H,true,Hoja,,,,,,,,1,false,31f98467-d0da-11f0-9ba0-fc3fdb83b633,
376aad03-d0da-11f0-9ba0-fc3fdb83b633,3809I,true,Hoja,,,,,,,,1,false,31f98467-d0da-11f0-9ba0-fc3fdb83b633,
376ad549-d0da-11f0-9ba0-fc3fdb83b633,3809J,true,Hoja,,,,,,,,1,false,31f98467-d0da-11f0-9ba0-fc3fdb83b633,
376afa06-d0da-11f0-9ba0-fc3fdb83b633,3810A,true,Hoja,,,,,,,,1,false,31f98581-d0da-11f0-9ba0-fc3fdb83b633,
376b2739-d0da-11f0-9ba0-fc3fdb83b633,3810B,true,Hoja,,,,,,,,1,false,31f98581-d0da-11f0-9ba0-fc3fdb83b633,
376b4bcf-d0da-11f0-9ba0-fc3fdb83b633,3810C,true,Rama,,,,,,,,1,false,31f98581-d0da-11f0-9ba0-fc3fdb83b633,
376b954e-d0da-11f0-9ba0-fc3fdb83b633,3810D,true,Rama,,,,,,,,1,false,31f98581-d0da-11f0-9ba0-fc3fdb83b633,
376bdab0-d0da-11f0-9ba0-fc3fdb83b633,3810E,true,Hoja,,,,,,,,1,false,31f98581-d0da-11f0-9ba0-fc3fdb83b633,
376c0128-d0da-11f0-9ba0-fc3fdb83b633,3810F,true,Hoja,,,,,,,,1,false,31f98581-d0da-11f0-9ba0-fc3fdb83b633,
376c25c1-d0da-11f0-9ba0-fc3fdb83b633,3811A,true,Hoja,,,,,,,,1,false,31f9869b-d0da-11f0-9ba0-fc3fdb83b633,
376c4a1b-d0da-11f0-9ba0-fc3fdb83b633,3811B,true,Hoja,,,,,,,,1,false,31f9869b-d0da-11f0-9ba0-fc3fdb83b633,
376c6e7b-d0da-11f0-9ba0-fc3fdb83b633,3811C,true,Hoja,,,,,,,,1,false,31f9869b-d0da-11f0-9ba0-fc3fdb83b633,
376c9d0c-d0da-11f0-9ba0-fc3fdb83b633,3812A,true,Rama,,,,,,,,1,false,31f987c2-d0da-11f0-9ba0-fc3fdb83b633,
376ce28d-d0da-11f0-9ba0-fc3fdb83b633,3812B,true,Rama,,,,,,,,1,false,31f987c2-d0da-11f0-9ba0-fc3fdb83b633,
376d28a0-d0da-11f0-9ba0-fc3fdb83b633,3813A,true,Pecíolo,,,,,,,,1,false,31f988e4-d0da-11f0-9ba0-fc3fdb83b633,
376d6dd6-d0da-11f0-9ba0-fc3fdb83b633,3813B,true,Rama,,,,,,,,1,false,31f988e4-d0da-11f0-9ba0-fc3fdb83b633,
376db2dd-d0da-11f0-9ba0-fc3fdb83b633,3813C,true,Rama,,,,,,,,1,false,31f988e4-d0da-11f0-9ba0-fc3fdb83b633,
376df7d5-d0da-11f0-9ba0-fc3fdb83b633,3871A,true,Hoja,,,,,,,,1,false,31f98a09-d0da-11f0-9ba0-fc3fdb83b633,
376e2cdc-d0da-11f0-9ba0-fc3fdb83b633,3871B,true,Hoja,,,,,,,,1,false,31f98a09-d0da-11f0-9ba0-fc3fdb83b633,
376e7320-d0da-11f0-9ba0-fc3fdb83b633,3871C,true,Hoja,,,,,,,,1,false,31f98a09-d0da-11f0-9ba0-fc3fdb83b633,
376ebc86-d0da-11f0-9ba0-fc3fdb83b633,3872A,true,Hoja,,,,,,,,1,false,31f98b31-d0da-11f0-9ba0-fc3fdb83b633,
376f022f-d0da-11f0-9ba0-fc3fdb83b633,3873A,true,Hoja,,,,,,,,1,false,31f98c60-d0da-11f0-9ba0-fc3fdb83b633,
376f47a1-d0da-11f0-9ba0-fc3fdb83b633,3874A,true,Hoja,,,,,,,,1,false,31f98d9d-d0da-11f0-9ba0-fc3fdb83b633,
376f8cb4-d0da-11f0-9ba0-fc3fdb83b633,3874B,true,Hoja,,,,,,,,1,false,31f98d9d-d0da-11f0-9ba0-fc3fdb83b633,
376fd1b9-d0da-11f0-9ba0-fc3fdb83b633,3874C,true,Pecíolo,,,,,,,,1,false,31f98d9d-d0da-11f0-9ba0-fc3fdb83b633,
377016bb-d0da-11f0-9ba0-fc3fdb83b633,3874D,true,Pecíolo,,,,,,,,1,false,31f98d9d-d0da-11f0-9ba0-fc3fdb83b633,
37705b12-d0da-11f0-9ba0-fc3fdb83b633,3875A,true,Hoja,,,,,,,,1,false,31f98ef1-d0da-11f0-9ba0-fc3fdb83b633,
37708f38-d0da-11f0-9ba0-fc3fdb83b633,3875B,true,Rama,,,,,,,,1,false,31f98ef1-d0da-11f0-9ba0-fc3fdb83b633,
3770e3ea-d0da-11f0-9ba0-fc3fdb83b633,3875C,true,Pecíolo,,,,,,,,1,false,31f98ef1-d0da-11f0-9ba0-fc3fdb83b633,
37713563-d0da-11f0-9ba0-fc3fdb83b633,3875D,true,Pecíolo,,,,,,,,1,false,31f98ef1-d0da-11f0-9ba0-fc3fdb83b633,
377179fd-d0da-11f0-9ba0-fc3fdb83b633,3875E,true,Rama,,,,,,,,1,false,31f98ef1-d0da-11f0-9ba0-fc3fdb83b633,
3771bd59-d0da-11f0-9ba0-fc3fdb83b633,3875F,true,Hoja,,,,,,,,1,false,31f98ef1-d0da-11f0-9ba0-fc3fdb83b633,
377201eb-d0da-11f0-9ba0-fc3fdb83b633,3875G,true,Hoja,,,,,,,,1,false,31f98ef1-d0da-11f0-9ba0-fc3fdb83b633,
37724591-d0da-11f0-9ba0-fc3fdb83b633,3875H,true,Hoja,,,,,,,,1,false,31f98ef1-d0da-11f0-9ba0-fc3fdb83b633,
37728a2b-d0da-11f0-9ba0-fc3fdb83b633,3877A,true,Hoja,,,,,,,,1,false,31f9932c-d0da-11f0-9ba0-fc3fdb83b633,
3772c274-d0da-11f0-9ba0-fc3fdb83b633,3877B,true,Rama,,,,,,,,1,false,31f9932c-d0da-11f0-9ba0-fc3fdb83b633,
3772e6b4-d0da-11f0-9ba0-fc3fdb83b633,3877C,true,Hoja,,,,,,,,1,false,31f9932c-d0da-11f0-9ba0-fc3fdb83b633,
37732c45-d0da-11f0-9ba0-fc3fdb83b633,3878A,true,Rama,,,,,,,,1,false,31f99738-d0da-11f0-9ba0-fc3fdb83b633,
37737206-d0da-11f0-9ba0-fc3fdb83b633,3878B,true,Pecíolo,,,,,,,,1,false,31f99738-d0da-11f0-9ba0-fc3fdb83b633,
3773b6a4-d0da-11f0-9ba0-fc3fdb83b633,3878C,true,Hoja,,,,,,,,1,false,31f99738-d0da-11f0-9ba0-fc3fdb83b633,
3773fb1a-d0da-11f0-9ba0-fc3fdb83b633,3878D,true,Pecíolo,,,,,,,,1,false,31f99738-d0da-11f0-9ba0-fc3fdb83b633,
37744125-d0da-11f0-9ba0-fc3fdb83b633,3878E,true,Pecíolo,,,,,,,,1,false,31f99738-d0da-11f0-9ba0-fc3fdb83b633,
37748674-d0da-11f0-9ba0-fc3fdb83b633,3878F,true,Hoja,,,,,,,,1,false,31f99738-d0da-11f0-9ba0-fc3fdb83b633,
3774cf39-d0da-11f0-9ba0-fc3fdb83b633,3879A,true,Hoja,,,,,,,,1,false,31f99947-d0da-11f0-9ba0-fc3fdb83b633,
377514cb-d0da-11f0-9ba0-fc3fdb83b633,3879B,true,Hoja,,,,,,,,1,false,31f99947-d0da-11f0-9ba0-fc3fdb83b633,
3775599a-d0da-11f0-9ba0-fc3fdb83b633,3879C,true,Hoja,,,,,,,,1,false,31f99947-d0da-11f0-9ba0-fc3fdb83b633,
37759ff5-d0da-11f0-9ba0-fc3fdb83b633,3879D,true,Pecíolo,,,,,,,,1,false,31f99947-d0da-11f0-9ba0-fc3fdb83b633,
3775e606-d0da-11f0-9ba0-fc3fdb83b633,3879E,true,Hoja,,,,,,,,1,false,31f99947-d0da-11f0-9ba0-fc3fdb83b633,
37762bea-d0da-11f0-9ba0-fc3fdb83b633,3879F,true,Hoja,,,,,,,,1,false,31f99947-d0da-11f0-9ba0-fc3fdb83b633,
377670ed-d0da-11f0-9ba0-fc3fdb83b633,3880A,true,Pecíolo,,,,,,,,1,false,31f99b17-d0da-11f0-9ba0-fc3fdb83b633,
3776b6bb-d0da-11f0-9ba0-fc3fdb83b633,3880B,true,Hoja,,,,,,,,1,false,31f99b17-d0da-11f0-9ba0-fc3fdb83b633,
3776fb81-d0da-11f0-9ba0-fc3fdb83b633,3880C,true,Hoja,,,,,,,,1,false,31f99b17-d0da-11f0-9ba0-fc3fdb83b633,
37774277-d0da-11f0-9ba0-fc3fdb83b633,3880D,true,Hoja,,,,,,,,1,false,31f99b17-d0da-11f0-9ba0-fc3fdb83b633,
37778853-d0da-11f0-9ba0-fc3fdb83b633,3880E,true,Hoja,,,,,,,,1,false,31f99b17-d0da-11f0-9ba0-fc3fdb83b633,
3777cdff-d0da-11f0-9ba0-fc3fdb83b633,3880F,true,Rama,,,,,,,,1,false,31f99b17-d0da-11f0-9ba0-fc3fdb83b633,
377812de-d0da-11f0-9ba0-fc3fdb83b633,3880G,true,Hoja,,,,,,,,1,false,31f99b17-d0da-11f0-9ba0-fc3fdb83b633,
377857b2-d0da-11f0-9ba0-fc3fdb83b633,3880H,true,Rama,,,,,,,,1,false,31f99b17-d0da-11f0-9ba0-fc3fdb83b633,
37789f00-d0da-11f0-9ba0-fc3fdb83b633,3880J,true,Hoja,,,,,,,,1,false,31f99b17-d0da-11f0-9ba0-fc3fdb83b633,
3778e451-d0da-11f0-9ba0-fc3fdb83b633,3881A,true,Hoja,,,,,,,,1,false,31f99cf2-d0da-11f0-9ba0-fc3fdb83b633,
37792a79-d0da-11f0-9ba0-fc3fdb83b633,3881B,true,Hoja,,,,,,,,1,false,31f99cf2-d0da-11f0-9ba0-fc3fdb83b633,
37796f9c-d0da-11f0-9ba0-fc3fdb83b633,3881C,true,Hoja,,,,,,,,1,false,31f99cf2-d0da-11f0-9ba0-fc3fdb83b633,
3779b462-d0da-11f0-9ba0-fc3fdb83b633,3882A,true,Hoja,,,,,,,,1,false,31f99ecd-d0da-11f0-9ba0-fc3fdb83b633,
3779f8e6-d0da-11f0-9ba0-fc3fdb83b633,3882B,true,Hoja,,,,,,,,1,false,31f99ecd-d0da-11f0-9ba0-fc3fdb83b633,
377a536d-d0da-11f0-9ba0-fc3fdb83b633,3882C,true,Hoja,,,,,,,,1,false,31f99ecd-d0da-11f0-9ba0-fc3fdb83b633,
377aa18b-d0da-11f0-9ba0-fc3fdb83b633,3882D,true,Raíz,,,,,,,,1,false,31f99ecd-d0da-11f0-9ba0-fc3fdb83b633,
377ae93b-d0da-11f0-9ba0-fc3fdb83b633,3882E,true,Hoja,,,,,,,,1,false,31f99ecd-d0da-11f0-9ba0-fc3fdb83b633,
377b2ea6-d0da-11f0-9ba0-fc3fdb83b633,3882F,true,Hoja,,,,,,,,1,false,31f99ecd-d0da-11f0-9ba0-fc3fdb83b633,
377b756d-d0da-11f0-9ba0-fc3fdb83b633,3882G,true,Raíz,,,,,,,,1,false,31f99ecd-d0da-11f0-9ba0-fc3fdb83b633,
377bbc31-d0da-11f0-9ba0-fc3fdb83b633,3882H,true,Pecíolo,,,,,,,,1,false,31f99ecd-d0da-11f0-9ba0-fc3fdb83b633,
377c02a0-d0da-11f0-9ba0-fc3fdb83b633,3883A,true,Pecíolo,,,,,,,,1,false,31f9a0cc-d0da-11f0-9ba0-fc3fdb83b633,
377c473b-d0da-11f0-9ba0-fc3fdb83b633,3883B,true,Hoja,,,,,,,,1,false,31f9a0cc-d0da-11f0-9ba0-fc3fdb83b633,
377c8c3c-d0da-11f0-9ba0-fc3fdb83b633,3883C,true,Pecíolo,,,,,,,,1,false,31f9a0cc-d0da-11f0-9ba0-fc3fdb83b633,
377cd111-d0da-11f0-9ba0-fc3fdb83b633,3883D,true,Pecíolo,,,,,,,,1,false,31f9a0cc-d0da-11f0-9ba0-fc3fdb83b633,
377d15d0-d0da-11f0-9ba0-fc3fdb83b633,3883E,true,Hoja,,,,,,,,1,false,31f9a0cc-d0da-11f0-9ba0-fc3fdb83b633,
377d5edb-d0da-11f0-9ba0-fc3fdb83b633,3883F,true,Pecíolo,,,,,,,,1,false,31f9a0cc-d0da-11f0-9ba0-fc3fdb83b633,
377d886e-d0da-11f0-9ba0-fc3fdb83b633,3883G,true,Hoja,,,,,,,,1,false,31f9a0cc-d0da-11f0-9ba0-fc3fdb83b633,
377daea1-d0da-11f0-9ba0-fc3fdb83b633,3884A,true,Hoja,,,,,,,,1,false,31f9a2a2-d0da-11f0-9ba0-fc3fdb83b633,
377dd29f-d0da-11f0-9ba0-fc3fdb83b633,3884B,true,Hoja,,,,,,,,1,false,31f9a2a2-d0da-11f0-9ba0-fc3fdb83b633,
377dfa7c-d0da-11f0-9ba0-fc3fdb83b633,3884C,true,Hoja,,,,,,,,1,false,31f9a2a2-d0da-11f0-9ba0-fc3fdb83b633,
377e3b96-d0da-11f0-9ba0-fc3fdb83b633,3885A,true,Hoja,,,,,,,,1,false,31f9a47f-d0da-11f0-9ba0-fc3fdb83b633,
377e7ede-d0da-11f0-9ba0-fc3fdb83b633,3885B,true,Hoja,,,,,,,,1,false,31f9a47f-d0da-11f0-9ba0-fc3fdb83b633,
377ec28f-d0da-11f0-9ba0-fc3fdb83b633,3885C,true,Hoja,,,,,,,,1,false,31f9a47f-d0da-11f0-9ba0-fc3fdb83b633,
377f099e-d0da-11f0-9ba0-fc3fdb83b633,3885D,true,Hoja,,,,,,,,1,false,31f9a47f-d0da-11f0-9ba0-fc3fdb83b633,
377f5021-d0da-11f0-9ba0-fc3fdb83b633,3894A,true,Hoja,,,,,,,,1,false,31f9a69c-d0da-11f0-9ba0-fc3fdb83b633,
377f960d-d0da-11f0-9ba0-fc3fdb83b633,3895A,true,Hoja,,,,,,,,1,false,31f9a891-d0da-11f0-9ba0-fc3fdb83b633,
377fdd8f-d0da-11f0-9ba0-fc3fdb83b633,3895B,true,Rama,,,,,,,,1,false,31f9a891-d0da-11f0-9ba0-fc3fdb83b633,
37802151-d0da-11f0-9ba0-fc3fdb83b633,3897A,true,Hoja,,,,,,,,1,false,31f9aa88-d0da-11f0-9ba0-fc3fdb83b633,
37806d24-d0da-11f0-9ba0-fc3fdb83b633,3898A,true,Rama,,,,,,,,1,false,31f9ac9a-d0da-11f0-9ba0-fc3fdb83b633,
37809596-d0da-11f0-9ba0-fc3fdb83b633,3898B,true,Rama,,,,,,,,1,false,31f9ac9a-d0da-11f0-9ba0-fc3fdb83b633,
3780be6a-d0da-11f0-9ba0-fc3fdb83b633,3899A,true,Hoja,,,,,,,,1,false,31f9ae89-d0da-11f0-9ba0-fc3fdb83b633,
3780e8f1-d0da-11f0-9ba0-fc3fdb83b633,3899B,true,Hoja,,,,,,,,1,false,31f9ae89-d0da-11f0-9ba0-fc3fdb83b633,
378111ab-d0da-11f0-9ba0-fc3fdb83b633,3899C,true,Hoja,,,,,,,,1,false,31f9ae89-d0da-11f0-9ba0-fc3fdb83b633,
37813980-d0da-11f0-9ba0-fc3fdb83b633,3899D,true,Hoja,,,,,,,,1,false,31f9ae89-d0da-11f0-9ba0-fc3fdb83b633,
378168e0-d0da-11f0-9ba0-fc3fdb83b633,38C,true,Hoja,,,,,,,,1,false,31fc94a0-d0da-11f0-9ba0-fc3fdb83b633,3027edbd-d0da-11f0-9ba0-fc3fdb83b633
37818a9b-d0da-11f0-9ba0-fc3fdb83b633,3900A,true,Hoja,,,,,,,,1,false,31f9b065-d0da-11f0-9ba0-fc3fdb83b633,
3781b24f-d0da-11f0-9ba0-fc3fdb83b633,3901A,true,Pecíolo,,,,,,,,1,false,31f9b281-d0da-11f0-9ba0-fc3fdb83b633,
3781dab9-d0da-11f0-9ba0-fc3fdb83b633,3902A,true,Hoja,,,,,,,,1,false,31f9b506-d0da-11f0-9ba0-fc3fdb83b633,
37821468-d0da-11f0-9ba0-fc3fdb83b633,3902B,true,Hoja,,,,,,,,1,false,31f9b506-d0da-11f0-9ba0-fc3fdb83b633,
3782581b-d0da-11f0-9ba0-fc3fdb83b633,3902C,true,Hoja,,,,,,,,1,false,31f9b506-d0da-11f0-9ba0-fc3fdb83b633,
37829b66-d0da-11f0-9ba0-fc3fdb83b633,3902D,true,Hoja,,,,,,,,1,false,31f9b506-d0da-11f0-9ba0-fc3fdb83b633,
3782dee3-d0da-11f0-9ba0-fc3fdb83b633,3903A,true,Hoja,,,,,,,,1,false,31f9b6ed-d0da-11f0-9ba0-fc3fdb83b633,
378321f5-d0da-11f0-9ba0-fc3fdb83b633,3903B,true,Hoja,,,,,,,,1,false,31f9b6ed-d0da-11f0-9ba0-fc3fdb83b633,
378365a6-d0da-11f0-9ba0-fc3fdb83b633,3903C,true,Hoja,,,,,,,,1,false,31f9b6ed-d0da-11f0-9ba0-fc3fdb83b633,
3783aa9c-d0da-11f0-9ba0-fc3fdb83b633,3903D,true,Hoja,,,,,,,,1,false,31f9b6ed-d0da-11f0-9ba0-fc3fdb83b633,
3783f090-d0da-11f0-9ba0-fc3fdb83b633,3903E,true,Hoja,,,,,,,,1,false,31f9b6ed-d0da-11f0-9ba0-fc3fdb83b633,
3784362c-d0da-11f0-9ba0-fc3fdb83b633,3903F,true,Hoja,,,,,,,,1,false,31f9b6ed-d0da-11f0-9ba0-fc3fdb83b633,
37847b59-d0da-11f0-9ba0-fc3fdb83b633,3904A,true,Hoja,,,,,,,,1,false,31f9b8c5-d0da-11f0-9ba0-fc3fdb83b633,
3784c0c4-d0da-11f0-9ba0-fc3fdb83b633,3904B,true,Hoja,,,,,,,,1,false,31f9b8c5-d0da-11f0-9ba0-fc3fdb83b633,
37850bf9-d0da-11f0-9ba0-fc3fdb83b633,3904C,true,Hoja,,,,,,,,1,false,31f9b8c5-d0da-11f0-9ba0-fc3fdb83b633,
37854ffd-d0da-11f0-9ba0-fc3fdb83b633,3904D,true,Hoja,,,,,,,,1,false,31f9b8c5-d0da-11f0-9ba0-fc3fdb83b633,
3785940b-d0da-11f0-9ba0-fc3fdb83b633,3904E,true,Hoja,,,,,,,,1,false,31f9b8c5-d0da-11f0-9ba0-fc3fdb83b633,
3785d73e-d0da-11f0-9ba0-fc3fdb83b633,3905A,true,Rama,,,,,,,,1,false,31f9bacc-d0da-11f0-9ba0-fc3fdb83b633,
37861a24-d0da-11f0-9ba0-fc3fdb83b633,3905B,true,Hoja,,,,,,,,1,false,31f9bacc-d0da-11f0-9ba0-fc3fdb83b633,
37865d28-d0da-11f0-9ba0-fc3fdb83b633,3905C,true,Pecíolo,,,,,,,,1,false,31f9bacc-d0da-11f0-9ba0-fc3fdb83b633,
3786a6bb-d0da-11f0-9ba0-fc3fdb83b633,3905D,true,Pecíolo,,,,,,,,1,false,31f9bacc-d0da-11f0-9ba0-fc3fdb83b633,
3786ecb0-d0da-11f0-9ba0-fc3fdb83b633,3905E,true,Pecíolo,,,,,,,,1,false,31f9bacc-d0da-11f0-9ba0-fc3fdb83b633,
378770fa-d0da-11f0-9ba0-fc3fdb83b633,3906A,true,Hoja,,,,,,,,1,false,31f9bd32-d0da-11f0-9ba0-fc3fdb83b633,
3787bb31-d0da-11f0-9ba0-fc3fdb83b633,3906B,true,Pecíolo,,,,,,,,1,false,31f9bd32-d0da-11f0-9ba0-fc3fdb83b633,
3787e4d9-d0da-11f0-9ba0-fc3fdb83b633,3906C,true,Rama,,,,,,,,1,false,31f9bd32-d0da-11f0-9ba0-fc3fdb83b633,
3788143d-d0da-11f0-9ba0-fc3fdb83b633,3907A,true,Hoja,,,,,,,,1,false,31f9c009-d0da-11f0-9ba0-fc3fdb83b633,
37885a11-d0da-11f0-9ba0-fc3fdb83b633,3907B,true,Rama,,,,,,,,1,false,31f9c009-d0da-11f0-9ba0-fc3fdb83b633,
37889fc8-d0da-11f0-9ba0-fc3fdb83b633,3908A,true,Hoja,,,,,,,,1,false,31f9c1d6-d0da-11f0-9ba0-fc3fdb83b633,
3788e49c-d0da-11f0-9ba0-fc3fdb83b633,3908B,true,Hoja,,,,,,,,1,false,31f9c1d6-d0da-11f0-9ba0-fc3fdb83b633,
3789299a-d0da-11f0-9ba0-fc3fdb83b633,3918A,true,Rama,,,,,,,,1,false,31f9c407-d0da-11f0-9ba0-fc3fdb83b633,
37896eed-d0da-11f0-9ba0-fc3fdb83b633,3918B,true,Rama,,,,,,,,1,false,31f9c407-d0da-11f0-9ba0-fc3fdb83b633,
3789b3f1-d0da-11f0-9ba0-fc3fdb83b633,3918C,true,Hoja,,,,,,,,1,false,31f9c407-d0da-11f0-9ba0-fc3fdb83b633,
378a04ce-d0da-11f0-9ba0-fc3fdb83b633,3918D,true,Hoja,,,,,,,,1,false,31f9c407-d0da-11f0-9ba0-fc3fdb83b633,
378a4c00-d0da-11f0-9ba0-fc3fdb83b633,3919A,true,Raíz,,,,,,,,1,false,31f9c5f7-d0da-11f0-9ba0-fc3fdb83b633,
378a916b-d0da-11f0-9ba0-fc3fdb83b633,3919B,true,Hoja,,,,,,,,1,false,31f9c5f7-d0da-11f0-9ba0-fc3fdb83b633,
378ad6a4-d0da-11f0-9ba0-fc3fdb83b633,3919C,true,Hoja,,,,,,,,1,false,31f9c5f7-d0da-11f0-9ba0-fc3fdb83b633,
378b220d-d0da-11f0-9ba0-fc3fdb83b633,3920A,true,Hoja,,,,,,,,1,false,31f9ca7f-d0da-11f0-9ba0-fc3fdb83b633,
378b8049-d0da-11f0-9ba0-fc3fdb83b633,3920B,true,Rama,,,,,,,,1,false,31f9ca7f-d0da-11f0-9ba0-fc3fdb83b633,
378bd3ed-d0da-11f0-9ba0-fc3fdb83b633,3920C,true,Pecíolo,,,,,,,,1,false,31f9ca7f-d0da-11f0-9ba0-fc3fdb83b633,
378c1a9a-d0da-11f0-9ba0-fc3fdb83b633,3920D,true,Pecíolo,,,,,,,,1,false,31f9ca7f-d0da-11f0-9ba0-fc3fdb83b633,
378c5ffa-d0da-11f0-9ba0-fc3fdb83b633,3920E,true,Hoja,,,,,,,,1,false,31f9ca7f-d0da-11f0-9ba0-fc3fdb83b633,
378c9afa-d0da-11f0-9ba0-fc3fdb83b633,3920F,true,Hoja,,,,,,,,1,false,31f9ca7f-d0da-11f0-9ba0-fc3fdb83b633,
378ce1a7-d0da-11f0-9ba0-fc3fdb83b633,3921A,true,Raíz,,,,,,,,1,false,31f9ccc8-d0da-11f0-9ba0-fc3fdb83b633,
378d2736-d0da-11f0-9ba0-fc3fdb83b633,3921B,true,Hoja,,,,,,,,1,false,31f9ccc8-d0da-11f0-9ba0-fc3fdb83b633,
378d6c7e-d0da-11f0-9ba0-fc3fdb83b633,3921C,true,Hoja,,,,,,,,1,false,31f9ccc8-d0da-11f0-9ba0-fc3fdb83b633,
378db187-d0da-11f0-9ba0-fc3fdb83b633,3921D,true,Hoja,,,,,,,,1,false,31f9ccc8-d0da-11f0-9ba0-fc3fdb83b633,
378df6d5-d0da-11f0-9ba0-fc3fdb83b633,3922A,true,Hoja,,,,,,,,1,false,31f9cef7-d0da-11f0-9ba0-fc3fdb83b633,
378e4d6a-d0da-11f0-9ba0-fc3fdb83b633,3922B,true,Pecíolo,,,,,,,,1,false,31f9cef7-d0da-11f0-9ba0-fc3fdb83b633,
378e9407-d0da-11f0-9ba0-fc3fdb83b633,3922C,true,Raíz,,,,,,,,1,false,31f9cef7-d0da-11f0-9ba0-fc3fdb83b633,
378eda4d-d0da-11f0-9ba0-fc3fdb83b633,3922D,true,Hoja,,,,,,,,1,false,31f9cef7-d0da-11f0-9ba0-fc3fdb83b633,
378f1f0c-d0da-11f0-9ba0-fc3fdb83b633,3922E,true,Raíz,,,,,,,,1,false,31f9cef7-d0da-11f0-9ba0-fc3fdb83b633,
378f4613-d0da-11f0-9ba0-fc3fdb83b633,3922F,true,Pecíolo,,,,,,,,1,false,31f9cef7-d0da-11f0-9ba0-fc3fdb83b633,
378f7d67-d0da-11f0-9ba0-fc3fdb83b633,3923A,true,Rama,,,,,,,,1,false,31f9d444-d0da-11f0-9ba0-fc3fdb83b633,
378fc762-d0da-11f0-9ba0-fc3fdb83b633,3923B,true,Pecíolo,,,,,,,,1,false,31f9d444-d0da-11f0-9ba0-fc3fdb83b633,
37900bef-d0da-11f0-9ba0-fc3fdb83b633,3923C,true,Rama,,,,,,,,1,false,31f9d444-d0da-11f0-9ba0-fc3fdb83b633,
37905033-d0da-11f0-9ba0-fc3fdb83b633,3923D,true,Pecíolo,,,,,,,,1,false,31f9d444-d0da-11f0-9ba0-fc3fdb83b633,
379093cc-d0da-11f0-9ba0-fc3fdb83b633,3923E,true,Rama,,,,,,,,1,false,31f9d444-d0da-11f0-9ba0-fc3fdb83b633,
3790d7f6-d0da-11f0-9ba0-fc3fdb83b633,3923F,true,Pecíolo,,,,,,,,1,false,31f9d444-d0da-11f0-9ba0-fc3fdb83b633,
37911c13-d0da-11f0-9ba0-fc3fdb83b633,3924A,true,Hoja,,,,,,,,1,false,31f9d70b-d0da-11f0-9ba0-fc3fdb83b633,
37916122-d0da-11f0-9ba0-fc3fdb83b633,3924B,true,Hoja,,,,,,,,1,false,31f9d70b-d0da-11f0-9ba0-fc3fdb83b633,
3791b8ca-d0da-11f0-9ba0-fc3fdb83b633,3924C,true,Rama,,,,,,,,1,false,31f9d70b-d0da-11f0-9ba0-fc3fdb83b633,
3791ff35-d0da-11f0-9ba0-fc3fdb83b633,3924D,true,Rama,,,,,,,,1,false,31f9d70b-d0da-11f0-9ba0-fc3fdb83b633,
379244d5-d0da-11f0-9ba0-fc3fdb83b633,3924E,true,Rama,,,,,,,,1,false,31f9d70b-d0da-11f0-9ba0-fc3fdb83b633,
37928aeb-d0da-11f0-9ba0-fc3fdb83b633,3925A,true,Pecíolo,,,,,,,,1,false,31f9d923-d0da-11f0-9ba0-fc3fdb83b633,
3792cd59-d0da-11f0-9ba0-fc3fdb83b633,3926A,true,Hoja,,,,,,,,1,false,31f9db34-d0da-11f0-9ba0-fc3fdb83b633,
379310f8-d0da-11f0-9ba0-fc3fdb83b633,3926B,true,Hoja,,,,,,,,1,false,31f9db34-d0da-11f0-9ba0-fc3fdb83b633,
379359ed-d0da-11f0-9ba0-fc3fdb83b633,3926C,true,Pecíolo,,,,,,,,1,false,31f9db34-d0da-11f0-9ba0-fc3fdb83b633,
3793a055-d0da-11f0-9ba0-fc3fdb83b633,3927A,true,Pecíolo,,,,,,,,1,false,31f9dd7f-d0da-11f0-9ba0-fc3fdb83b633,
3793e594-d0da-11f0-9ba0-fc3fdb83b633,3927B,true,Hoja,,,,,,,,1,false,31f9dd7f-d0da-11f0-9ba0-fc3fdb83b633,
379432de-d0da-11f0-9ba0-fc3fdb83b633,3927C,true,Hoja,,,,,,,,1,false,31f9dd7f-d0da-11f0-9ba0-fc3fdb83b633,
379476f8-d0da-11f0-9ba0-fc3fdb83b633,3927D,true,Rama,,,,,,,,1,false,31f9dd7f-d0da-11f0-9ba0-fc3fdb83b633,
3794bb9e-d0da-11f0-9ba0-fc3fdb83b633,3927E,true,Rama,,,,,,,,1,false,31f9dd7f-d0da-11f0-9ba0-fc3fdb83b633,
3794ffc7-d0da-11f0-9ba0-fc3fdb83b633,3928A,true,Hoja,,,,,,,,1,false,31f9df7f-d0da-11f0-9ba0-fc3fdb83b633,
379542ac-d0da-11f0-9ba0-fc3fdb83b633,3928B,true,Rama,,,,,,,,1,false,31f9df7f-d0da-11f0-9ba0-fc3fdb83b633,
379585d4-d0da-11f0-9ba0-fc3fdb83b633,3928C,true,Rama,,,,,,,,1,false,31f9df7f-d0da-11f0-9ba0-fc3fdb83b633,
3795c9f4-d0da-11f0-9ba0-fc3fdb83b633,3929A,true,Rama,,,,,,,,1,false,31f9e197-d0da-11f0-9ba0-fc3fdb83b633,
37960cdd-d0da-11f0-9ba0-fc3fdb83b633,3929B,true,Pecíolo,,,,,,,,1,false,31f9e197-d0da-11f0-9ba0-fc3fdb83b633,
379658f9-d0da-11f0-9ba0-fc3fdb83b633,3929C,true,Rama,,,,,,,,1,false,31f9e197-d0da-11f0-9ba0-fc3fdb83b633,
3796ac82-d0da-11f0-9ba0-fc3fdb83b633,3930A,true,Pecíolo,,,,,,,,1,false,31f9e413-d0da-11f0-9ba0-fc3fdb83b633,
3796f1d0-d0da-11f0-9ba0-fc3fdb83b633,3930B,true,Hoja,,,,,,,,1,false,31f9e413-d0da-11f0-9ba0-fc3fdb83b633,
37973736-d0da-11f0-9ba0-fc3fdb83b633,3930C,true,Hoja,,,,,,,,1,false,31f9e413-d0da-11f0-9ba0-fc3fdb83b633,
37977c7a-d0da-11f0-9ba0-fc3fdb83b633,3930D,true,Pecíolo,,,,,,,,1,false,31f9e413-d0da-11f0-9ba0-fc3fdb83b633,
3797c2b9-d0da-11f0-9ba0-fc3fdb83b633,3930E,true,Rama,,,,,,,,1,false,31f9e413-d0da-11f0-9ba0-fc3fdb83b633,
37980877-d0da-11f0-9ba0-fc3fdb83b633,3930F,true,Rama,,,,,,,,1,false,31f9e413-d0da-11f0-9ba0-fc3fdb83b633,
37984d9f-d0da-11f0-9ba0-fc3fdb83b633,3931A,true,Rama,,,,,,,,1,false,31f9e6f8-d0da-11f0-9ba0-fc3fdb83b633,
3798925c-d0da-11f0-9ba0-fc3fdb83b633,3931B,true,Pecíolo,,,,,,,,1,false,31f9e6f8-d0da-11f0-9ba0-fc3fdb83b633,
3798d7d0-d0da-11f0-9ba0-fc3fdb83b633,3932A,true,Hoja,,,,,,,,1,false,31f9e92f-d0da-11f0-9ba0-fc3fdb83b633,
3799301c-d0da-11f0-9ba0-fc3fdb83b633,395A,true,Hoja,,,,,,,,1,false,31fdb3ad-d0da-11f0-9ba0-fc3fdb83b633,
37996c27-d0da-11f0-9ba0-fc3fdb83b633,395B,true,Hoja,,,,,,,,1,false,31fdb3ad-d0da-11f0-9ba0-fc3fdb83b633,
379996cb-d0da-11f0-9ba0-fc3fdb83b633,395C,true,Hoja,,,,,,,,1,false,31fdb3ad-d0da-11f0-9ba0-fc3fdb83b633,
3799bd6f-d0da-11f0-9ba0-fc3fdb83b633,395D,true,Hoja,,,,,,,,1,false,31fdb3ad-d0da-11f0-9ba0-fc3fdb83b633,
3799e2cb-d0da-11f0-9ba0-fc3fdb83b633,395E,true,Pecíolo,,,,,,,,1,false,31fdb3ad-d0da-11f0-9ba0-fc3fdb83b633,3028055e-d0da-11f0-9ba0-fc3fdb83b633
379a08f1-d0da-11f0-9ba0-fc3fdb83b633,395F,true,Hoja,,,,,,,,1,false,31fdb3ad-d0da-11f0-9ba0-fc3fdb83b633,
379a2df2-d0da-11f0-9ba0-fc3fdb83b633,395G,true,Hoja,,,,,,,,1,false,31fdb3ad-d0da-11f0-9ba0-fc3fdb83b633,
379a5351-d0da-11f0-9ba0-fc3fdb83b633,395H,true,Hoja,,,,,,,,1,false,31fdb3ad-d0da-11f0-9ba0-fc3fdb83b633,
379a7695-d0da-11f0-9ba0-fc3fdb83b633,3961A,true,Rama,,,,,,,,1,false,31f9eb16-d0da-11f0-9ba0-fc3fdb83b633,
379a9e82-d0da-11f0-9ba0-fc3fdb83b633,3961B,true,Rama,,,,,,,,1,false,31f9eb16-d0da-11f0-9ba0-fc3fdb83b633,
379ac6e8-d0da-11f0-9ba0-fc3fdb83b633,3962A,true,Fruto,,,,,,,,1,false,31f9ed7a-d0da-11f0-9ba0-fc3fdb83b633,
379aeae5-d0da-11f0-9ba0-fc3fdb83b633,3962B,true,Rama,,,,,,,,1,false,31f9ed7a-d0da-11f0-9ba0-fc3fdb83b633,
379b0eda-d0da-11f0-9ba0-fc3fdb83b633,3963A,true,Hoja,,,,,,,,1,false,31f9ef8c-d0da-11f0-9ba0-fc3fdb83b633,
379b33ad-d0da-11f0-9ba0-fc3fdb83b633,3963B,true,Hoja,,,,,,,,1,false,31f9ef8c-d0da-11f0-9ba0-fc3fdb83b633,
379b57cf-d0da-11f0-9ba0-fc3fdb83b633,3964A,true,Hoja,,,,,,,,1,false,31f9f17d-d0da-11f0-9ba0-fc3fdb83b633,
379b7ba5-d0da-11f0-9ba0-fc3fdb83b633,3964B,true,Hoja,,,,,,,,1,false,31f9f17d-d0da-11f0-9ba0-fc3fdb83b633,
379b9f8e-d0da-11f0-9ba0-fc3fdb83b633,3965A,true,Hoja,,,,,,,,1,false,31f9f378-d0da-11f0-9ba0-fc3fdb83b633,
379bf129-d0da-11f0-9ba0-fc3fdb83b633,3966A,true,Hoja,,,,,,,,1,false,31f9f595-d0da-11f0-9ba0-fc3fdb83b633,
379c2156-d0da-11f0-9ba0-fc3fdb83b633,3967A,true,Hoja,,,,,,,,1,false,31f9f792-d0da-11f0-9ba0-fc3fdb83b633,
379c49ce-d0da-11f0-9ba0-fc3fdb83b633,3967B,true,Rama,,,,,,,,1,false,31f9f792-d0da-11f0-9ba0-fc3fdb83b633,
379c7232-d0da-11f0-9ba0-fc3fdb83b633,3969A,true,Hoja,,,,,,,,1,false,31f9f981-d0da-11f0-9ba0-fc3fdb83b633,
379ca42a-d0da-11f0-9ba0-fc3fdb83b633,396A,true,Pecíolo,,,,,,,,1,false,31fdb5ff-d0da-11f0-9ba0-fc3fdb83b633,3028055e-d0da-11f0-9ba0-fc3fdb83b633
379ccd2e-d0da-11f0-9ba0-fc3fdb83b633,396B,true,Hoja,,,,,,,,1,false,31fdb5ff-d0da-11f0-9ba0-fc3fdb83b633,
379cf672-d0da-11f0-9ba0-fc3fdb83b633,396C,true,Hoja,,,,,,,,1,false,31fdb5ff-d0da-11f0-9ba0-fc3fdb83b633,
379d1892-d0da-11f0-9ba0-fc3fdb83b633,3970A,true,Hoja,,,,,,,,1,false,31f9fb7c-d0da-11f0-9ba0-fc3fdb83b633,
379d42dd-d0da-11f0-9ba0-fc3fdb83b633,3970B,true,Rama,,,,,,,,1,false,31f9fb7c-d0da-11f0-9ba0-fc3fdb83b633,
379d7377-d0da-11f0-9ba0-fc3fdb83b633,3971A,true,Rama,,,,,,,,1,false,31f9fd7e-d0da-11f0-9ba0-fc3fdb83b633,
379db779-d0da-11f0-9ba0-fc3fdb83b633,3972A,true,Pecíolo,,,,,,,,1,false,31f9ff5c-d0da-11f0-9ba0-fc3fdb83b633,
379dfa98-d0da-11f0-9ba0-fc3fdb83b633,3972B,true,Rama,,,,,,,,1,false,31f9ff5c-d0da-11f0-9ba0-fc3fdb83b633,
379e4985-d0da-11f0-9ba0-fc3fdb83b633,3972C,true,Rama,,,,,,,,1,false,31f9ff5c-d0da-11f0-9ba0-fc3fdb83b633,
379eaca6-d0da-11f0-9ba0-fc3fdb83b633,3973A,true,Rama,,,,,,,,1,false,31fa0138-d0da-11f0-9ba0-fc3fdb83b633,
379f0a5c-d0da-11f0-9ba0-fc3fdb83b633,3974A,true,Hoja,,,,,,,,1,false,31fa0319-d0da-11f0-9ba0-fc3fdb83b633,
379f4ed0-d0da-11f0-9ba0-fc3fdb83b633,3974B,true,Rama,,,,,,,,1,false,31fa0319-d0da-11f0-9ba0-fc3fdb83b633,
379f962a-d0da-11f0-9ba0-fc3fdb83b633,3974C,true,Rama,,,,,,,,1,false,31fa0319-d0da-11f0-9ba0-fc3fdb83b633,
379fddb6-d0da-11f0-9ba0-fc3fdb83b633,3975A,true,Hoja,,,,,,,,1,false,31fa0508-d0da-11f0-9ba0-fc3fdb83b633,
37a02331-d0da-11f0-9ba0-fc3fdb83b633,3975B,true,Hoja,,,,,,,,1,false,31fa0508-d0da-11f0-9ba0-fc3fdb83b633,
37a068f6-d0da-11f0-9ba0-fc3fdb83b633,3975C,true,Hoja,,,,,,,,1,false,31fa0508-d0da-11f0-9ba0-fc3fdb83b633,
37a09f77-d0da-11f0-9ba0-fc3fdb83b633,397A,true,Pecíolo,,,,,,,,1,false,31fdb865-d0da-11f0-9ba0-fc3fdb83b633,
37a0db04-d0da-11f0-9ba0-fc3fdb83b633,397B,true,Hoja,,,,,,,,1,false,31fdb865-d0da-11f0-9ba0-fc3fdb83b633,
37a11a3f-d0da-11f0-9ba0-fc3fdb83b633,397C,true,Hoja,,,,,,,,1,false,31fdb865-d0da-11f0-9ba0-fc3fdb83b633,
37a1439e-d0da-11f0-9ba0-fc3fdb83b633,397D,true,Hoja,,,,,,,,1,false,31fdb865-d0da-11f0-9ba0-fc3fdb83b633,
37a16962-d0da-11f0-9ba0-fc3fdb83b633,397E,true,Hoja,,,,,,,,1,false,31fdb865-d0da-11f0-9ba0-fc3fdb83b633,
37a185a6-d0da-11f0-9ba0-fc3fdb83b633,3982B,true,Hoja,,,,,,,,1,false,31fa0718-d0da-11f0-9ba0-fc3fdb83b633,
37a1a99e-d0da-11f0-9ba0-fc3fdb83b633,3982C,true,Raíz,,,,,,,,1,false,31fa0718-d0da-11f0-9ba0-fc3fdb83b633,
37a1cdad-d0da-11f0-9ba0-fc3fdb83b633,3982D,true,Hoja,,,,,,,,1,false,31fa0718-d0da-11f0-9ba0-fc3fdb83b633,
37a1f297-d0da-11f0-9ba0-fc3fdb83b633,3983A,true,Raíz,,,,,,,,1,false,31fa0926-d0da-11f0-9ba0-fc3fdb83b633,
37a21fff-d0da-11f0-9ba0-fc3fdb83b633,3983B,true,Hoja,,,,,,,,1,false,31fa0926-d0da-11f0-9ba0-fc3fdb83b633,
37a247f8-d0da-11f0-9ba0-fc3fdb83b633,3984A,true,Rama,,,,,,,,1,false,31fa0b86-d0da-11f0-9ba0-fc3fdb83b633,
37a26fad-d0da-11f0-9ba0-fc3fdb83b633,3985A,true,Hoja,,,,,,,,1,false,31fa11b9-d0da-11f0-9ba0-fc3fdb83b633,
37a2b92b-d0da-11f0-9ba0-fc3fdb83b633,3985B,true,Hoja,,,,,,,,1,false,31fa11b9-d0da-11f0-9ba0-fc3fdb83b633,
37a2f8e7-d0da-11f0-9ba0-fc3fdb83b633,3986A,true,Hoja,,,,,,,,1,false,31fa13ef-d0da-11f0-9ba0-fc3fdb83b633,
37a3206d-d0da-11f0-9ba0-fc3fdb83b633,3986B,true,Hoja,,,,,,,,1,false,31fa13ef-d0da-11f0-9ba0-fc3fdb83b633,
37a34e33-d0da-11f0-9ba0-fc3fdb83b633,3986C,true,Rama,,,,,,,,1,false,31fa13ef-d0da-11f0-9ba0-fc3fdb83b633,
37a3b629-d0da-11f0-9ba0-fc3fdb83b633,398A,true,Rama,,,,,,,,1,false,31fdbadd-d0da-11f0-9ba0-fc3fdb83b633,
37a3fd96-d0da-11f0-9ba0-fc3fdb83b633,398B,true,Hoja,,,,,,,,1,false,31fdbadd-d0da-11f0-9ba0-fc3fdb83b633,
37a441f7-d0da-11f0-9ba0-fc3fdb83b633,399A,true,Hoja,,,,,,,,1,false,31fdbd64-d0da-11f0-9ba0-fc3fdb83b633,
37a4850f-d0da-11f0-9ba0-fc3fdb83b633,399B,true,Hoja,,,,,,,,1,false,31fdbd64-d0da-11f0-9ba0-fc3fdb83b633,
37a4c8b1-d0da-11f0-9ba0-fc3fdb83b633,399C,true,Hoja,,,,,,,,1,false,31fdbd64-d0da-11f0-9ba0-fc3fdb83b633,
37a52424-d0da-11f0-9ba0-fc3fdb83b633,399D,true,Hoja,,,,,,,,1,false,31fdbd64-d0da-11f0-9ba0-fc3fdb83b633,
37a576f4-d0da-11f0-9ba0-fc3fdb83b633,399E,true,Hoja,,,,,,,,1,false,31fdbd64-d0da-11f0-9ba0-fc3fdb83b633,
37a5ed21-d0da-11f0-9ba0-fc3fdb83b633,399F,true,Hoja,,,,,,,,1,false,31fdbd64-d0da-11f0-9ba0-fc3fdb83b633,
37a64446-d0da-11f0-9ba0-fc3fdb83b633,399G,true,Hoja,,,,,,,,1,false,31fdbd64-d0da-11f0-9ba0-fc3fdb83b633,
37a66d29-d0da-11f0-9ba0-fc3fdb83b633,399H,true,Hoja,,,,,,,,1,false,31fdbd64-d0da-11f0-9ba0-fc3fdb83b633,
37a69989-d0da-11f0-9ba0-fc3fdb83b633,399I,true,Hoja,,,,,,,,1,false,31fdbd64-d0da-11f0-9ba0-fc3fdb83b633,
37a6bc85-d0da-11f0-9ba0-fc3fdb83b633,39C,true,Hoja,,,,,,,,1,false,31fc968a-d0da-11f0-9ba0-fc3fdb83b633,3027edbd-d0da-11f0-9ba0-fc3fdb83b633
37a6dcab-d0da-11f0-9ba0-fc3fdb83b633,3A,true,Hoja,,,,,,,,1,false,31fa1b40-d0da-11f0-9ba0-fc3fdb83b633,3027edbd-d0da-11f0-9ba0-fc3fdb83b633
37a70194-d0da-11f0-9ba0-fc3fdb83b633,3B,true,Hoja,,,,,,,,1,false,31fa1b40-d0da-11f0-9ba0-fc3fdb83b633,3027edbd-d0da-11f0-9ba0-fc3fdb83b633
37a7273f-d0da-11f0-9ba0-fc3fdb83b633,3C,true,Hoja,,,,,,,,1,false,31fa1b40-d0da-11f0-9ba0-fc3fdb83b633,3027edbd-d0da-11f0-9ba0-fc3fdb83b633
37a76362-d0da-11f0-9ba0-fc3fdb83b633,3D,true,Hoja,,,,,,,,1,false,31fa1b40-d0da-11f0-9ba0-fc3fdb83b633,3027edbd-d0da-11f0-9ba0-fc3fdb83b633
37a7a96f-d0da-11f0-9ba0-fc3fdb83b633,3E,true,Hoja,,,,,,,,1,false,31fa1b40-d0da-11f0-9ba0-fc3fdb83b633,3027edbd-d0da-11f0-9ba0-fc3fdb83b633
37a7fa2f-d0da-11f0-9ba0-fc3fdb83b633,400A,true,Pecíolo,,,,,,,,1,false,31fdc00c-d0da-11f0-9ba0-fc3fdb83b633,3028055e-d0da-11f0-9ba0-fc3fdb83b633
37a8429b-d0da-11f0-9ba0-fc3fdb83b633,400B,true,Rama,,,,,,,,1,false,31fdc00c-d0da-11f0-9ba0-fc3fdb83b633,
37a895a1-d0da-11f0-9ba0-fc3fdb83b633,400C,true,Rama,,,,,,,,1,false,31fdc00c-d0da-11f0-9ba0-fc3fdb83b633,
37a8e0a6-d0da-11f0-9ba0-fc3fdb83b633,400D,true,Rama,,,,,,,,1,false,31fdc00c-d0da-11f0-9ba0-fc3fdb83b633,
37a9253d-d0da-11f0-9ba0-fc3fdb83b633,400E,true,Rama,,,,,,,,1,false,31fdc00c-d0da-11f0-9ba0-fc3fdb83b633,
37a9694c-d0da-11f0-9ba0-fc3fdb83b633,400F,true,Pecíolo,,,,,,,,1,false,31fdc00c-d0da-11f0-9ba0-fc3fdb83b633,
37a9adff-d0da-11f0-9ba0-fc3fdb83b633,400G,true,Hoja,,,,,,,,1,false,31fdc00c-d0da-11f0-9ba0-fc3fdb83b633,
37a9f230-d0da-11f0-9ba0-fc3fdb83b633,401A,true,Hoja,,,,,,,,1,false,31fdc287-d0da-11f0-9ba0-fc3fdb83b633,
37aa356c-d0da-11f0-9ba0-fc3fdb83b633,401B,true,Hoja,,,,,,,,1,false,31fdc287-d0da-11f0-9ba0-fc3fdb83b633,
37aa7960-d0da-11f0-9ba0-fc3fdb83b633,401C,true,Hoja,,,,,,,,1,false,31fdc287-d0da-11f0-9ba0-fc3fdb83b633,
37aabd98-d0da-11f0-9ba0-fc3fdb83b633,401D,true,Pecíolo,,,,,,,,1,false,31fdc287-d0da-11f0-9ba0-fc3fdb83b633,
37ab0aa9-d0da-11f0-9ba0-fc3fdb83b633,401E,true,Hoja,,,,,,,,1,false,31fdc287-d0da-11f0-9ba0-fc3fdb83b633,
37ab367c-d0da-11f0-9ba0-fc3fdb83b633,401F,true,Hoja,,,,,,,,1,false,31fdc287-d0da-11f0-9ba0-fc3fdb83b633,
37ab5b6b-d0da-11f0-9ba0-fc3fdb83b633,401G,true,Hoja,,,,,,,,1,false,31fdc287-d0da-11f0-9ba0-fc3fdb83b633,
37ab81d9-d0da-11f0-9ba0-fc3fdb83b633,402A,true,Hoja,,,,,,,,1,false,31fdc51c-d0da-11f0-9ba0-fc3fdb83b633,
37aba658-d0da-11f0-9ba0-fc3fdb83b633,402B,true,Hoja,,,,,,,,1,false,31fdc51c-d0da-11f0-9ba0-fc3fdb83b633,
37abcae5-d0da-11f0-9ba0-fc3fdb83b633,402C,true,Hoja,,,,,,,,1,false,31fdc51c-d0da-11f0-9ba0-fc3fdb83b633,
37abef57-d0da-11f0-9ba0-fc3fdb83b633,402D,true,Hoja,,,,,,,,1,false,31fdc51c-d0da-11f0-9ba0-fc3fdb83b633,
37ac1377-d0da-11f0-9ba0-fc3fdb83b633,402E,true,Hoja,,,,,,,,1,false,31fdc51c-d0da-11f0-9ba0-fc3fdb83b633,
37ac3814-d0da-11f0-9ba0-fc3fdb83b633,402F,true,Hoja,,,,,,,,1,false,31fdc51c-d0da-11f0-9ba0-fc3fdb83b633,
37ac5c7f-d0da-11f0-9ba0-fc3fdb83b633,402G,true,Hoja,,,,,,,,1,false,31fdc51c-d0da-11f0-9ba0-fc3fdb83b633,
37ac80d9-d0da-11f0-9ba0-fc3fdb83b633,402H,true,Hoja,,,,,,,,1,false,31fdc51c-d0da-11f0-9ba0-fc3fdb83b633,
37acab5e-d0da-11f0-9ba0-fc3fdb83b633,403A,true,Hoja,,,,,,,,1,false,31fdc7b6-d0da-11f0-9ba0-fc3fdb83b633,
37acd17f-d0da-11f0-9ba0-fc3fdb83b633,403B,true,Hoja,,,,,,,,1,false,31fdc7b6-d0da-11f0-9ba0-fc3fdb83b633,
37acf5fd-d0da-11f0-9ba0-fc3fdb83b633,403C,true,Rama,,,,,,,,1,false,31fdc7b6-d0da-11f0-9ba0-fc3fdb83b633,
37ad1a8b-d0da-11f0-9ba0-fc3fdb83b633,403D,true,Rama,,,,,,,,1,false,31fdc7b6-d0da-11f0-9ba0-fc3fdb83b633,
37ad41e5-d0da-11f0-9ba0-fc3fdb83b633,403E,true,Hoja,,,,,,,,1,false,31fdc7b6-d0da-11f0-9ba0-fc3fdb83b633,
37ad99d0-d0da-11f0-9ba0-fc3fdb83b633,404A,true,Hoja,,,,,,,,1,false,31fdca64-d0da-11f0-9ba0-fc3fdb83b633,3027fed4-d0da-11f0-9ba0-fc3fdb83b633
37ae030c-d0da-11f0-9ba0-fc3fdb83b633,404B,true,Hoja,,,,,,,,1,false,31fdca64-d0da-11f0-9ba0-fc3fdb83b633,
37ae5f65-d0da-11f0-9ba0-fc3fdb83b633,404C,true,Hoja,,,,,,,,1,false,31fdca64-d0da-11f0-9ba0-fc3fdb83b633,
37aea550-d0da-11f0-9ba0-fc3fdb83b633,404D,true,Hoja,,,,,,,,1,false,31fdca64-d0da-11f0-9ba0-fc3fdb83b633,
37aeebf2-d0da-11f0-9ba0-fc3fdb83b633,404E,true,Rama,,,,,,,,1,false,31fdca64-d0da-11f0-9ba0-fc3fdb83b633,
37af31a7-d0da-11f0-9ba0-fc3fdb83b633,405A,true,Pecíolo,,,,,,,,1,false,31fdccf3-d0da-11f0-9ba0-fc3fdb83b633,
37af7684-d0da-11f0-9ba0-fc3fdb83b633,405B,true,Hoja,,,,,,,,1,false,31fdccf3-d0da-11f0-9ba0-fc3fdb83b633,
37afbcc5-d0da-11f0-9ba0-fc3fdb83b633,406A,true,Pecíolo,,,,,,,,1,false,31fdd013-d0da-11f0-9ba0-fc3fdb83b633,
37b000cc-d0da-11f0-9ba0-fc3fdb83b633,406B,true,Rama,,,,,,,,1,false,31fdd013-d0da-11f0-9ba0-fc3fdb83b633,
37b04c44-d0da-11f0-9ba0-fc3fdb83b633,406C,true,Rama,,,,,,,,1,false,31fdd013-d0da-11f0-9ba0-fc3fdb83b633,
37b07776-d0da-11f0-9ba0-fc3fdb83b633,406D,true,Hoja,,,,,,,,1,false,31fdd013-d0da-11f0-9ba0-fc3fdb83b633,
37b09ef3-d0da-11f0-9ba0-fc3fdb83b633,406E,true,Rama,,,,,,,,1,false,31fdd013-d0da-11f0-9ba0-fc3fdb83b633,
37b0c8e1-d0da-11f0-9ba0-fc3fdb83b633,406F,true,Hoja,,,,,,,,1,false,31fdd013-d0da-11f0-9ba0-fc3fdb83b633,
37b0eff9-d0da-11f0-9ba0-fc3fdb83b633,406G,true,Rama,,,,,,,,1,false,31fdd013-d0da-11f0-9ba0-fc3fdb83b633,
37b1139b-d0da-11f0-9ba0-fc3fdb83b633,407A,true,Hoja,,,,,,,,1,false,31fdd2b5-d0da-11f0-9ba0-fc3fdb83b633,3028051d-d0da-11f0-9ba0-fc3fdb83b633
37b13f3a-d0da-11f0-9ba0-fc3fdb83b633,407B,true,Pecíolo,,,,,,,,1,false,31fdd2b5-d0da-11f0-9ba0-fc3fdb83b633,3027fe55-d0da-11f0-9ba0-fc3fdb83b633
37b18098-d0da-11f0-9ba0-fc3fdb83b633,407C,true,Hoja,,,,,,,,1,false,31fdd2b5-d0da-11f0-9ba0-fc3fdb83b633,
37b1c1bd-d0da-11f0-9ba0-fc3fdb83b633,407D,true,Rama,,,,,,,,1,false,31fdd2b5-d0da-11f0-9ba0-fc3fdb83b633,
37b2031a-d0da-11f0-9ba0-fc3fdb83b633,407E,true,Pecíolo,,,,,,,,1,false,31fdd2b5-d0da-11f0-9ba0-fc3fdb83b633,
37b243f7-d0da-11f0-9ba0-fc3fdb83b633,407F,true,Rama,,,,,,,,1,false,31fdd2b5-d0da-11f0-9ba0-fc3fdb83b633,
37b28529-d0da-11f0-9ba0-fc3fdb83b633,407G,true,Hoja,,,,,,,,1,false,31fdd2b5-d0da-11f0-9ba0-fc3fdb83b633,
37b2cbb2-d0da-11f0-9ba0-fc3fdb83b633,407H,true,Rama,,,,,,,,1,false,31fdd2b5-d0da-11f0-9ba0-fc3fdb83b633,
37b30d6d-d0da-11f0-9ba0-fc3fdb83b633,407I,true,Hoja,,,,,,,,1,false,31fdd2b5-d0da-11f0-9ba0-fc3fdb83b633,
37b34ed3-d0da-11f0-9ba0-fc3fdb83b633,408A,true,Hoja,,,,,,,,1,false,31fdd56c-d0da-11f0-9ba0-fc3fdb83b633,
37b3b3bf-d0da-11f0-9ba0-fc3fdb83b633,408B,true,Rama,,,,,,,,1,false,31fdd56c-d0da-11f0-9ba0-fc3fdb83b633,
37b412b3-d0da-11f0-9ba0-fc3fdb83b633,408C,true,Rama,,,,,,,,1,false,31fdd56c-d0da-11f0-9ba0-fc3fdb83b633,
37b46fd6-d0da-11f0-9ba0-fc3fdb83b633,408D,true,Rama,,,,,,,,1,false,31fdd56c-d0da-11f0-9ba0-fc3fdb83b633,
37b4b2ce-d0da-11f0-9ba0-fc3fdb83b633,408E,true,Rama,,,,,,,,1,false,31fdd56c-d0da-11f0-9ba0-fc3fdb83b633,
37b4f558-d0da-11f0-9ba0-fc3fdb83b633,408F,true,Rama,,,,,,,,1,false,31fdd56c-d0da-11f0-9ba0-fc3fdb83b633,
37b53b5d-d0da-11f0-9ba0-fc3fdb83b633,408G,true,Hoja,,,,,,,,1,false,31fdd56c-d0da-11f0-9ba0-fc3fdb83b633,
37b57dbd-d0da-11f0-9ba0-fc3fdb83b633,409A,true,Hoja,,,,,,,,1,false,31fdd7fe-d0da-11f0-9ba0-fc3fdb83b633,3028061b-d0da-11f0-9ba0-fc3fdb83b633
37b5bf99-d0da-11f0-9ba0-fc3fdb83b633,409B,true,Hoja,,,,,,,,1,false,31fdd7fe-d0da-11f0-9ba0-fc3fdb83b633,
37b600aa-d0da-11f0-9ba0-fc3fdb83b633,409C,true,Hoja,,,,,,,,1,false,31fdd7fe-d0da-11f0-9ba0-fc3fdb83b633,
37b64177-d0da-11f0-9ba0-fc3fdb83b633,409D,true,Hoja,,,,,,,,1,false,31fdd7fe-d0da-11f0-9ba0-fc3fdb83b633,
37b6be65-d0da-11f0-9ba0-fc3fdb83b633,409E,true,Hoja,,,,,,,,1,false,31fdd7fe-d0da-11f0-9ba0-fc3fdb83b633,
37b703c3-d0da-11f0-9ba0-fc3fdb83b633,409F,true,Hoja,,,,,,,,1,false,31fdd7fe-d0da-11f0-9ba0-fc3fdb83b633,
37b747f8-d0da-11f0-9ba0-fc3fdb83b633,409G,true,Hoja,,,,,,,,1,false,31fdd7fe-d0da-11f0-9ba0-fc3fdb83b633,
37b78d66-d0da-11f0-9ba0-fc3fdb83b633,409H,true,Rama,,,,,,,,1,false,31fdd7fe-d0da-11f0-9ba0-fc3fdb83b633,
37b7dda0-d0da-11f0-9ba0-fc3fdb83b633,409I,true,Hoja,,,,,,,,1,false,31fdd7fe-d0da-11f0-9ba0-fc3fdb83b633,
37b82157-d0da-11f0-9ba0-fc3fdb83b633,409J,true,Rama,,,,,,,,1,false,31fdd7fe-d0da-11f0-9ba0-fc3fdb83b633,
37b863d6-d0da-11f0-9ba0-fc3fdb83b633,409K,true,Hoja,,,,,,,,1,false,31fdd7fe-d0da-11f0-9ba0-fc3fdb83b633,
37b8a5f3-d0da-11f0-9ba0-fc3fdb83b633,409L,true,Hoja,,,,,,,,1,false,31fdd7fe-d0da-11f0-9ba0-fc3fdb83b633,
37b8ffde-d0da-11f0-9ba0-fc3fdb83b633,40A,true,Tronco,,,,,,,,1,false,31fc97fa-d0da-11f0-9ba0-fc3fdb83b633,3027edbd-d0da-11f0-9ba0-fc3fdb83b633
37b94241-d0da-11f0-9ba0-fc3fdb83b633,40C,true,Hoja,,,,,,,,1,false,31fc97fa-d0da-11f0-9ba0-fc3fdb83b633,3027edbd-d0da-11f0-9ba0-fc3fdb83b633
37b984ed-d0da-11f0-9ba0-fc3fdb83b633,40D,true,Hoja,,,,,,,,1,false,31fc97fa-d0da-11f0-9ba0-fc3fdb83b633,3027edbd-d0da-11f0-9ba0-fc3fdb83b633
37b9ce7c-d0da-11f0-9ba0-fc3fdb83b633,410A,true,Hoja,,,,,,,,1,false,31fddaa7-d0da-11f0-9ba0-fc3fdb83b633,3027edbd-d0da-11f0-9ba0-fc3fdb83b633
37ba15a0-d0da-11f0-9ba0-fc3fdb83b633,410B,true,Hoja,,,,,,,,1,false,31fddaa7-d0da-11f0-9ba0-fc3fdb83b633,3027edbd-d0da-11f0-9ba0-fc3fdb83b633
37ba64c9-d0da-11f0-9ba0-fc3fdb83b633,410C,true,Rama,,,,,,,,1,false,31fddaa7-d0da-11f0-9ba0-fc3fdb83b633,3028065b-d0da-11f0-9ba0-fc3fdb83b633
37baa73b-d0da-11f0-9ba0-fc3fdb83b633,411A,true,Hoja,,,,,,,,1,false,31fddd03-d0da-11f0-9ba0-fc3fdb83b633,3027edbd-d0da-11f0-9ba0-fc3fdb83b633
37baea18-d0da-11f0-9ba0-fc3fdb83b633,411B,true,Hoja,,,,,,,,1,false,31fddd03-d0da-11f0-9ba0-fc3fdb83b633,3027edbd-d0da-11f0-9ba0-fc3fdb83b633
37bb2c9f-d0da-11f0-9ba0-fc3fdb83b633,411C,true,Hoja,,,,,,,,1,false,31fddd03-d0da-11f0-9ba0-fc3fdb83b633,3027edbd-d0da-11f0-9ba0-fc3fdb83b633
37bb6f33-d0da-11f0-9ba0-fc3fdb83b633,411D,true,Pecíolo,,,,,,,,1,false,31fddd03-d0da-11f0-9ba0-fc3fdb83b633,3027edbd-d0da-11f0-9ba0-fc3fdb83b633
37bbb1ee-d0da-11f0-9ba0-fc3fdb83b633,411E,true,Rama,,,,,,,,1,false,31fddd03-d0da-11f0-9ba0-fc3fdb83b633,3027edbd-d0da-11f0-9ba0-fc3fdb83b633
37bbfa9a-d0da-11f0-9ba0-fc3fdb83b633,411F,true,Pecíolo,,,,,,,,1,false,31fddd03-d0da-11f0-9ba0-fc3fdb83b633,3027edbd-d0da-11f0-9ba0-fc3fdb83b633
37bc5a14-d0da-11f0-9ba0-fc3fdb83b633,413A,true,Hoja,,,,,,,,1,false,31fddf4e-d0da-11f0-9ba0-fc3fdb83b633,3027edbd-d0da-11f0-9ba0-fc3fdb83b633
37bc9f64-d0da-11f0-9ba0-fc3fdb83b633,413B,true,Hoja,,,,,,,,1,false,31fddf4e-d0da-11f0-9ba0-fc3fdb83b633,3027edbd-d0da-11f0-9ba0-fc3fdb83b633
37bced97-d0da-11f0-9ba0-fc3fdb83b633,413C,true,Hoja,,,,,,,,1,false,31fddf4e-d0da-11f0-9ba0-fc3fdb83b633,302806a1-d0da-11f0-9ba0-fc3fdb83b633
37bd30de-d0da-11f0-9ba0-fc3fdb83b633,413D,true,Pecíolo,,,,,,,,1,false,31fddf4e-d0da-11f0-9ba0-fc3fdb83b633,3027edbd-d0da-11f0-9ba0-fc3fdb83b633
37bd737e-d0da-11f0-9ba0-fc3fdb83b633,414A,true,Rama,,,,,,,,1,false,31fde1b8-d0da-11f0-9ba0-fc3fdb83b633,3027edbd-d0da-11f0-9ba0-fc3fdb83b633
37bdbee0-d0da-11f0-9ba0-fc3fdb83b633,414B,true,Hoja,,,,,,,,1,false,31fde1b8-d0da-11f0-9ba0-fc3fdb83b633,3027edbd-d0da-11f0-9ba0-fc3fdb83b633
37be0441-d0da-11f0-9ba0-fc3fdb83b633,414C,true,Hoja,,,,,,,,1,false,31fde1b8-d0da-11f0-9ba0-fc3fdb83b633,3027edbd-d0da-11f0-9ba0-fc3fdb83b633
37be4924-d0da-11f0-9ba0-fc3fdb83b633,415A,true,Hoja,,,,,,,,1,false,31fde413-d0da-11f0-9ba0-fc3fdb83b633,302806e3-d0da-11f0-9ba0-fc3fdb83b633
37be8f4c-d0da-11f0-9ba0-fc3fdb83b633,415B,true,Rama,,,,,,,,1,false,31fde413-d0da-11f0-9ba0-fc3fdb83b633,3027edbd-d0da-11f0-9ba0-fc3fdb83b633
37bed564-d0da-11f0-9ba0-fc3fdb83b633,416A,true,Pecíolo,,,,,,,,1,false,31fde68c-d0da-11f0-9ba0-fc3fdb83b633,3027edbd-d0da-11f0-9ba0-fc3fdb83b633
37bf1b02-d0da-11f0-9ba0-fc3fdb83b633,416B,true,Pecíolo,,,,,,,,1,false,31fde68c-d0da-11f0-9ba0-fc3fdb83b633,3027edbd-d0da-11f0-9ba0-fc3fdb83b633
37bf66b7-d0da-11f0-9ba0-fc3fdb83b633,417A,true,Pecíolo,,,,,,,,1,false,31fde91a-d0da-11f0-9ba0-fc3fdb83b633,3027edbd-d0da-11f0-9ba0-fc3fdb83b633
37bfaddf-d0da-11f0-9ba0-fc3fdb83b633,417B,true,Rama,,,,,,,,1,false,31fde91a-d0da-11f0-9ba0-fc3fdb83b633,3027edbd-d0da-11f0-9ba0-fc3fdb83b633
37bff60e-d0da-11f0-9ba0-fc3fdb83b633,417C,true,Rama,,,,,,,,1,false,31fde91a-d0da-11f0-9ba0-fc3fdb83b633,3027edbd-d0da-11f0-9ba0-fc3fdb83b633
37c03229-d0da-11f0-9ba0-fc3fdb83b633,417D,true,Hoja,,,,,,,,1,false,31fde91a-d0da-11f0-9ba0-fc3fdb83b633,3027edbd-d0da-11f0-9ba0-fc3fdb83b633
37c05c22-d0da-11f0-9ba0-fc3fdb83b633,417E,true,Hoja,,,,,,,,1,false,31fde91a-d0da-11f0-9ba0-fc3fdb83b633,3027edbd-d0da-11f0-9ba0-fc3fdb83b633
37c089d2-d0da-11f0-9ba0-fc3fdb83b633,417F,true,Hoja,,,,,,,,1,false,31fde91a-d0da-11f0-9ba0-fc3fdb83b633,3027edbd-d0da-11f0-9ba0-fc3fdb83b633
37c0affe-d0da-11f0-9ba0-fc3fdb83b633,418A,true,Rama,,,,,,,,1,false,31fdebb8-d0da-11f0-9ba0-fc3fdb83b633,30280724-d0da-11f0-9ba0-fc3fdb83b633
37c0d6ac-d0da-11f0-9ba0-fc3fdb83b633,418B,true,Hoja,,,,,,,,1,false,31fdebb8-d0da-11f0-9ba0-fc3fdb83b633,3027edbd-d0da-11f0-9ba0-fc3fdb83b633
37c0fc0e-d0da-11f0-9ba0-fc3fdb83b633,419A,true,Rama,,,,,,,,1,false,31fdee3d-d0da-11f0-9ba0-fc3fdb83b633,3027edbd-d0da-11f0-9ba0-fc3fdb83b633
37c120f2-d0da-11f0-9ba0-fc3fdb83b633,419B,true,Hoja,,,,,,,,1,false,31fdee3d-d0da-11f0-9ba0-fc3fdb83b633,3027edbd-d0da-11f0-9ba0-fc3fdb83b633
37c14656-d0da-11f0-9ba0-fc3fdb83b633,419C,true,Rama,,,,,,,,1,false,31fdee3d-d0da-11f0-9ba0-fc3fdb83b633,3027edbd-d0da-11f0-9ba0-fc3fdb83b633
37c167d8-d0da-11f0-9ba0-fc3fdb83b633,41A,true,Hoja,,,,,,,,1,false,31fc9968-d0da-11f0-9ba0-fc3fdb83b633,3027edbd-d0da-11f0-9ba0-fc3fdb83b633
37c18d6f-d0da-11f0-9ba0-fc3fdb83b633,41B,true,Hoja,,,,,,,,1,false,31fc9968-d0da-11f0-9ba0-fc3fdb83b633,3027fd10-d0da-11f0-9ba0-fc3fdb83b633
37c1b243-d0da-11f0-9ba0-fc3fdb83b633,41C,true,Hoja,,,,,,,,1,false,31fc9968-d0da-11f0-9ba0-fc3fdb83b633,3027edbd-d0da-11f0-9ba0-fc3fdb83b633
37c1ee38-d0da-11f0-9ba0-fc3fdb83b633,41D,true,Hoja,,,,,,,,1,false,31fc9968-d0da-11f0-9ba0-fc3fdb83b633,3027fac3-d0da-11f0-9ba0-fc3fdb83b633
37c2333f-d0da-11f0-9ba0-fc3fdb83b633,41E,true,Hoja,,,,,,,,1,false,31fc9968-d0da-11f0-9ba0-fc3fdb83b633,3027edbd-d0da-11f0-9ba0-fc3fdb83b633
37c27dcd-d0da-11f0-9ba0-fc3fdb83b633,420A,true,Rama,,,,,,,,1,false,31fdf0c2-d0da-11f0-9ba0-fc3fdb83b633,3027edbd-d0da-11f0-9ba0-fc3fdb83b633
37c2c633-d0da-11f0-9ba0-fc3fdb83b633,420B,true,Pecíolo,,,,,,,,1,false,31fdf0c2-d0da-11f0-9ba0-fc3fdb83b633,3027edbd-d0da-11f0-9ba0-fc3fdb83b633
37c30d46-d0da-11f0-9ba0-fc3fdb83b633,420C,true,Hoja,,,,,,,,1,false,31fdf0c2-d0da-11f0-9ba0-fc3fdb83b633,3027edbd-d0da-11f0-9ba0-fc3fdb83b633
37c35425-d0da-11f0-9ba0-fc3fdb83b633,420D,true,Hoja,,,,,,,,1,false,31fdf0c2-d0da-11f0-9ba0-fc3fdb83b633,3027edbd-d0da-11f0-9ba0-fc3fdb83b633
37c39d4a-d0da-11f0-9ba0-fc3fdb83b633,420E,true,Pecíolo,,,,,,,,1,false,31fdf0c2-d0da-11f0-9ba0-fc3fdb83b633,3027edbd-d0da-11f0-9ba0-fc3fdb83b633
37c3e5af-d0da-11f0-9ba0-fc3fdb83b633,420F,true,Hoja,,,,,,,,1,false,31fdf0c2-d0da-11f0-9ba0-fc3fdb83b633,3027edbd-d0da-11f0-9ba0-fc3fdb83b633
37c43477-d0da-11f0-9ba0-fc3fdb83b633,420G,true,Rama,,,,,,,,1,false,31fdf0c2-d0da-11f0-9ba0-fc3fdb83b633,30280764-d0da-11f0-9ba0-fc3fdb83b633
37c47a83-d0da-11f0-9ba0-fc3fdb83b633,420H,true,Hoja,,,,,,,,1,false,31fdf0c2-d0da-11f0-9ba0-fc3fdb83b633,3027edbd-d0da-11f0-9ba0-fc3fdb83b633
37c4c233-d0da-11f0-9ba0-fc3fdb83b633,420I,true,Hoja,,,,,,,,1,false,31fdf0c2-d0da-11f0-9ba0-fc3fdb83b633,3027edbd-d0da-11f0-9ba0-fc3fdb83b633
37c50b3b-d0da-11f0-9ba0-fc3fdb83b633,421A,true,Hoja,,,,,,,,1,false,31fdf35f-d0da-11f0-9ba0-fc3fdb83b633,3027edbd-d0da-11f0-9ba0-fc3fdb83b633
37c55124-d0da-11f0-9ba0-fc3fdb83b633,421B,true,Pecíolo,,,,,,,,1,false,31fdf35f-d0da-11f0-9ba0-fc3fdb83b633,3027edbd-d0da-11f0-9ba0-fc3fdb83b633
37c596e5-d0da-11f0-9ba0-fc3fdb83b633,421C,true,Hoja,,,,,,,,1,false,31fdf35f-d0da-11f0-9ba0-fc3fdb83b633,3027edbd-d0da-11f0-9ba0-fc3fdb83b633
37c5dcdc-d0da-11f0-9ba0-fc3fdb83b633,421D,true,Hoja,,,,,,,,1,false,31fdf35f-d0da-11f0-9ba0-fc3fdb83b633,3027edbd-d0da-11f0-9ba0-fc3fdb83b633
37c62338-d0da-11f0-9ba0-fc3fdb83b633,422A,true,Pecíolo,,,,,,,,1,false,31fdf655-d0da-11f0-9ba0-fc3fdb83b633,3027edbd-d0da-11f0-9ba0-fc3fdb83b633
37c669c6-d0da-11f0-9ba0-fc3fdb83b633,424A,true,Rama,,,,,,,,1,false,31fdf8dc-d0da-11f0-9ba0-fc3fdb83b633,302807a3-d0da-11f0-9ba0-fc3fdb83b633
37c6a551-d0da-11f0-9ba0-fc3fdb83b633,424B,true,Rama,,,,,,,,1,false,31fdf8dc-d0da-11f0-9ba0-fc3fdb83b633,3027edbd-d0da-11f0-9ba0-fc3fdb83b633
37c6ced8-d0da-11f0-9ba0-fc3fdb83b633,425A,true,Hoja,,,,,,,,1,false,31fdfbf5-d0da-11f0-9ba0-fc3fdb83b633,3027edbd-d0da-11f0-9ba0-fc3fdb83b633
37c705af-d0da-11f0-9ba0-fc3fdb83b633,425B,true,Hoja,,,,,,,,1,false,31fdfbf5-d0da-11f0-9ba0-fc3fdb83b633,3027edbd-d0da-11f0-9ba0-fc3fdb83b633
37c72ee6-d0da-11f0-9ba0-fc3fdb83b633,425C,true,Pecíolo,,,,,,,,1,false,31fdfbf5-d0da-11f0-9ba0-fc3fdb83b633,3027edbd-d0da-11f0-9ba0-fc3fdb83b633
37c75829-d0da-11f0-9ba0-fc3fdb83b633,425D,true,Hoja,,,,,,,,1,false,31fdfbf5-d0da-11f0-9ba0-fc3fdb83b633,3027edbd-d0da-11f0-9ba0-fc3fdb83b633
37c7816e-d0da-11f0-9ba0-fc3fdb83b633,425E,true,Hoja,,,,,,,,1,false,31fdfbf5-d0da-11f0-9ba0-fc3fdb83b633,3027edbd-d0da-11f0-9ba0-fc3fdb83b633
37c7a890-d0da-11f0-9ba0-fc3fdb83b633,425F,true,Pecíolo,,,,,,,,1,false,31fdfbf5-d0da-11f0-9ba0-fc3fdb83b633,302807e2-d0da-11f0-9ba0-fc3fdb83b633
37c7cd1e-d0da-11f0-9ba0-fc3fdb83b633,426A,true,Hoja,,,,,,,,1,false,31fdfea0-d0da-11f0-9ba0-fc3fdb83b633,30280822-d0da-11f0-9ba0-fc3fdb83b633
37c7f2b4-d0da-11f0-9ba0-fc3fdb83b633,426B,true,Hoja,,,,,,,,1,false,31fdfea0-d0da-11f0-9ba0-fc3fdb83b633,3027edbd-d0da-11f0-9ba0-fc3fdb83b633
37c81768-d0da-11f0-9ba0-fc3fdb83b633,426C,true,Hoja,,,,,,,,1,false,31fdfea0-d0da-11f0-9ba0-fc3fdb83b633,3027edbd-d0da-11f0-9ba0-fc3fdb83b633
37c844e8-d0da-11f0-9ba0-fc3fdb83b633,426D,true,Rama,,,,,,,,1,false,31fdfea0-d0da-11f0-9ba0-fc3fdb83b633,3027edbd-d0da-11f0-9ba0-fc3fdb83b633
37c86dc6-d0da-11f0-9ba0-fc3fdb83b633,427A,true,Hoja,,,,,,,,1,false,31fe0133-d0da-11f0-9ba0-fc3fdb83b633,3027edbd-d0da-11f0-9ba0-fc3fdb83b633
37c8963a-d0da-11f0-9ba0-fc3fdb83b633,427B,true,Rama,,,,,,,,1,false,31fe0133-d0da-11f0-9ba0-fc3fdb83b633,3027edbd-d0da-11f0-9ba0-fc3fdb83b633
37c8bb22-d0da-11f0-9ba0-fc3fdb83b633,42B,true,Hoja,,,,,,,,1,false,31fc9ae2-d0da-11f0-9ba0-fc3fdb83b633,3027edbd-d0da-11f0-9ba0-fc3fdb83b633
37c8dff9-d0da-11f0-9ba0-fc3fdb83b633,42C,true,Hoja,,,,,,,,1,false,31fc9ae2-d0da-11f0-9ba0-fc3fdb83b633,3027edbd-d0da-11f0-9ba0-fc3fdb83b633
37c9046f-d0da-11f0-9ba0-fc3fdb83b633,42D,true,Hoja,,,,,,,,1,false,31fc9ae2-d0da-11f0-9ba0-fc3fdb83b633,3027f8fd-d0da-11f0-9ba0-fc3fdb83b633
37c95ff8-d0da-11f0-9ba0-fc3fdb83b633,430A,true,Hoja,,,,,,,,1,false,31fe039c-d0da-11f0-9ba0-fc3fdb83b633,3027edbd-d0da-11f0-9ba0-fc3fdb83b633
37c9cd3c-d0da-11f0-9ba0-fc3fdb83b633,430B,true,Hoja,,,,,,,,1,false,31fe039c-d0da-11f0-9ba0-fc3fdb83b633,3027edbd-d0da-11f0-9ba0-fc3fdb83b633
37ca12f2-d0da-11f0-9ba0-fc3fdb83b633,430C,true,Hoja,,,,,,,,1,false,31fe039c-d0da-11f0-9ba0-fc3fdb83b633,3027edbd-d0da-11f0-9ba0-fc3fdb83b633
37ca5852-d0da-11f0-9ba0-fc3fdb83b633,430D,true,Rama,,,,,,,,1,false,31fe039c-d0da-11f0-9ba0-fc3fdb83b633,3027edbd-d0da-11f0-9ba0-fc3fdb83b633
37ca9ceb-d0da-11f0-9ba0-fc3fdb83b633,430E,true,Hoja,,,,,,,,1,false,31fe039c-d0da-11f0-9ba0-fc3fdb83b633,3027edbd-d0da-11f0-9ba0-fc3fdb83b633
37cae2b3-d0da-11f0-9ba0-fc3fdb83b633,430F,true,Hoja,,,,,,,,1,false,31fe039c-d0da-11f0-9ba0-fc3fdb83b633,3027edbd-d0da-11f0-9ba0-fc3fdb83b633
37cb285d-d0da-11f0-9ba0-fc3fdb83b633,430G,true,Hoja,,,,,,,,1,false,31fe039c-d0da-11f0-9ba0-fc3fdb83b633,3027edbd-d0da-11f0-9ba0-fc3fdb83b633
37cb6c8c-d0da-11f0-9ba0-fc3fdb83b633,430H,true,Rama,,,,,,,,1,false,31fe039c-d0da-11f0-9ba0-fc3fdb83b633,3027edbd-d0da-11f0-9ba0-fc3fdb83b633
37cbb0c5-d0da-11f0-9ba0-fc3fdb83b633,430I,true,Rama,,,,,,,,1,false,31fe039c-d0da-11f0-9ba0-fc3fdb83b633,3027edbd-d0da-11f0-9ba0-fc3fdb83b633
37cbf674-d0da-11f0-9ba0-fc3fdb83b633,430J,true,Pecíolo,,,,,,,,1,false,31fe039c-d0da-11f0-9ba0-fc3fdb83b633,3027edbd-d0da-11f0-9ba0-fc3fdb83b633
37cc4266-d0da-11f0-9ba0-fc3fdb83b633,431A,true,Hoja,,,,,,,,1,false,31fe05ca-d0da-11f0-9ba0-fc3fdb83b633,3027edbd-d0da-11f0-9ba0-fc3fdb83b633
37cc8717-d0da-11f0-9ba0-fc3fdb83b633,431B,true,Hoja,,,,,,,,1,false,31fe05ca-d0da-11f0-9ba0-fc3fdb83b633,3027edbd-d0da-11f0-9ba0-fc3fdb83b633
37cccb50-d0da-11f0-9ba0-fc3fdb83b633,431C,true,Hoja,,,,,,,,1,false,31fe05ca-d0da-11f0-9ba0-fc3fdb83b633,3027edbd-d0da-11f0-9ba0-fc3fdb83b633
37cd100a-d0da-11f0-9ba0-fc3fdb83b633,431D,true,Hoja,,,,,,,,1,false,31fe05ca-d0da-11f0-9ba0-fc3fdb83b633,3027edbd-d0da-11f0-9ba0-fc3fdb83b633
37cd54a5-d0da-11f0-9ba0-fc3fdb83b633,432A,true,Hoja,,,,,,,,1,false,31fe0805-d0da-11f0-9ba0-fc3fdb83b633,3027edbd-d0da-11f0-9ba0-fc3fdb83b633
37cd986f-d0da-11f0-9ba0-fc3fdb83b633,432B,true,Hoja,,,,,,,,1,false,31fe0805-d0da-11f0-9ba0-fc3fdb83b633,3027edbd-d0da-11f0-9ba0-fc3fdb83b633
37cddcdd-d0da-11f0-9ba0-fc3fdb83b633,432C,true,Hoja,,,,,,,,1,false,31fe0805-d0da-11f0-9ba0-fc3fdb83b633,3027edbd-d0da-11f0-9ba0-fc3fdb83b633
37ce2590-d0da-11f0-9ba0-fc3fdb83b633,432D,true,Hoja,,,,,,,,1,false,31fe0805-d0da-11f0-9ba0-fc3fdb83b633,3027edbd-d0da-11f0-9ba0-fc3fdb83b633
37ce710c-d0da-11f0-9ba0-fc3fdb83b633,432E,true,Hoja,,,,,,,,1,false,31fe0805-d0da-11f0-9ba0-fc3fdb83b633,3027edbd-d0da-11f0-9ba0-fc3fdb83b633
37cebadd-d0da-11f0-9ba0-fc3fdb83b633,432F,true,Rama,,,,,,,,1,false,31fe0805-d0da-11f0-9ba0-fc3fdb83b633,3027edbd-d0da-11f0-9ba0-fc3fdb83b633
37ceffd1-d0da-11f0-9ba0-fc3fdb83b633,432G,true,Hoja,,,,,,,,1,false,31fe0805-d0da-11f0-9ba0-fc3fdb83b633,3027edbd-d0da-11f0-9ba0-fc3fdb83b633
37cf4734-d0da-11f0-9ba0-fc3fdb83b633,432H,true,Hoja,,,,,,,,1,false,31fe0805-d0da-11f0-9ba0-fc3fdb83b633,3027edbd-d0da-11f0-9ba0-fc3fdb83b633
37cf8d7f-d0da-11f0-9ba0-fc3fdb83b633,432I,true,Hoja,,,,,,,,1,false,31fe0805-d0da-11f0-9ba0-fc3fdb83b633,3027edbd-d0da-11f0-9ba0-fc3fdb83b633
37cfd64f-d0da-11f0-9ba0-fc3fdb83b633,432J,true,Rama,,,,,,,,1,false,31fe0805-d0da-11f0-9ba0-fc3fdb83b633,3027edbd-d0da-11f0-9ba0-fc3fdb83b633
37d01bf9-d0da-11f0-9ba0-fc3fdb83b633,432K,true,Rama,,,,,,,,1,false,31fe0805-d0da-11f0-9ba0-fc3fdb83b633,3027edbd-d0da-11f0-9ba0-fc3fdb83b633
37d060de-d0da-11f0-9ba0-fc3fdb83b633,433A,true,Hoja,,,,,,,,1,false,31fe0a42-d0da-11f0-9ba0-fc3fdb83b633,3027edbd-d0da-11f0-9ba0-fc3fdb83b633
37d0ad79-d0da-11f0-9ba0-fc3fdb83b633,433B,true,Hoja,,,,,,,,1,false,31fe0a42-d0da-11f0-9ba0-fc3fdb83b633,3027edbd-d0da-11f0-9ba0-fc3fdb83b633
37d0f2de-d0da-11f0-9ba0-fc3fdb83b633,433C,true,Pecíolo,,,,,,,,1,false,31fe0a42-d0da-11f0-9ba0-fc3fdb83b633,3027edbd-d0da-11f0-9ba0-fc3fdb83b633
37d14988-d0da-11f0-9ba0-fc3fdb83b633,434A,true,Hoja,,,,,,,,1,false,31fe0c8b-d0da-11f0-9ba0-fc3fdb83b633,3027edbd-d0da-11f0-9ba0-fc3fdb83b633
37d1a5b0-d0da-11f0-9ba0-fc3fdb83b633,434B,true,Hoja,,,,,,,,1,false,31fe0c8b-d0da-11f0-9ba0-fc3fdb83b633,3027edbd-d0da-11f0-9ba0-fc3fdb83b633
37d1eec4-d0da-11f0-9ba0-fc3fdb83b633,434C,true,Hoja,,,,,,,,1,false,31fe0c8b-d0da-11f0-9ba0-fc3fdb83b633,3027edbd-d0da-11f0-9ba0-fc3fdb83b633
37d2342d-d0da-11f0-9ba0-fc3fdb83b633,434D,true,Pecíolo,,,,,,,,1,false,31fe0c8b-d0da-11f0-9ba0-fc3fdb83b633,3027edbd-d0da-11f0-9ba0-fc3fdb83b633
37d279cd-d0da-11f0-9ba0-fc3fdb83b633,434E,true,Hoja,,,,,,,,1,false,31fe0c8b-d0da-11f0-9ba0-fc3fdb83b633,3027edbd-d0da-11f0-9ba0-fc3fdb83b633
37d2bf05-d0da-11f0-9ba0-fc3fdb83b633,434F,true,Hoja,,,,,,,,1,false,31fe0c8b-d0da-11f0-9ba0-fc3fdb83b633,3027edbd-d0da-11f0-9ba0-fc3fdb83b633
37d30839-d0da-11f0-9ba0-fc3fdb83b633,434G,true,Hoja,,,,,,,,1,false,31fe0c8b-d0da-11f0-9ba0-fc3fdb83b633,3027edbd-d0da-11f0-9ba0-fc3fdb83b633
37d34ddb-d0da-11f0-9ba0-fc3fdb83b633,434H,true,Rama,,,,,,,,1,false,31fe0c8b-d0da-11f0-9ba0-fc3fdb83b633,3027edbd-d0da-11f0-9ba0-fc3fdb83b633
37d392f8-d0da-11f0-9ba0-fc3fdb83b633,435A,true,Hoja,,,,,,,,1,false,31fe0efe-d0da-11f0-9ba0-fc3fdb83b633,3027edbd-d0da-11f0-9ba0-fc3fdb83b633
37d3e28d-d0da-11f0-9ba0-fc3fdb83b633,435B,true,Hoja,,,,,,,,1,false,31fe0efe-d0da-11f0-9ba0-fc3fdb83b633,3027edbd-d0da-11f0-9ba0-fc3fdb83b633
37d43066-d0da-11f0-9ba0-fc3fdb83b633,435C,true,Hoja,,,,,,,,1,false,31fe0efe-d0da-11f0-9ba0-fc3fdb83b633,3028011a-d0da-11f0-9ba0-fc3fdb83b633
37d47f03-d0da-11f0-9ba0-fc3fdb83b633,436A,true,Hoja,,,,,,,,1,false,31fe1156-d0da-11f0-9ba0-fc3fdb83b633,3027edbd-d0da-11f0-9ba0-fc3fdb83b633
37d4c40f-d0da-11f0-9ba0-fc3fdb83b633,436B,true,Pecíolo,,,,,,,,1,false,31fe1156-d0da-11f0-9ba0-fc3fdb83b633,30280724-d0da-11f0-9ba0-fc3fdb83b633
37d510b5-d0da-11f0-9ba0-fc3fdb83b633,436C,true,Pecíolo,,,,,,,,1,false,31fe1156-d0da-11f0-9ba0-fc3fdb83b633,3027edbd-d0da-11f0-9ba0-fc3fdb83b633
37d5613d-d0da-11f0-9ba0-fc3fdb83b633,436D,true,Hoja,,,,,,,,1,false,31fe1156-d0da-11f0-9ba0-fc3fdb83b633,3027edbd-d0da-11f0-9ba0-fc3fdb83b633
37d5a915-d0da-11f0-9ba0-fc3fdb83b633,436E,true,Rama,,,,,,,,1,false,31fe1156-d0da-11f0-9ba0-fc3fdb83b633,3027edbd-d0da-11f0-9ba0-fc3fdb83b633
37d5e854-d0da-11f0-9ba0-fc3fdb83b633,436G,true,Rama,,,,,,,,1,false,31fe1156-d0da-11f0-9ba0-fc3fdb83b633,3027edbd-d0da-11f0-9ba0-fc3fdb83b633
37d61185-d0da-11f0-9ba0-fc3fdb83b633,437A,true,Hoja,,,,,,,,1,false,31fe13b5-d0da-11f0-9ba0-fc3fdb83b633,3027edbd-d0da-11f0-9ba0-fc3fdb83b633
37d64651-d0da-11f0-9ba0-fc3fdb83b633,437B,true,Hoja,,,,,,,,1,false,31fe13b5-d0da-11f0-9ba0-fc3fdb83b633,30280863-d0da-11f0-9ba0-fc3fdb83b633
37d66f3a-d0da-11f0-9ba0-fc3fdb83b633,437C,true,Hoja,,,,,,,,1,false,31fe13b5-d0da-11f0-9ba0-fc3fdb83b633,3027edbd-d0da-11f0-9ba0-fc3fdb83b633
37d6946c-d0da-11f0-9ba0-fc3fdb83b633,437D,true,Hoja,,,,,,,,1,false,31fe13b5-d0da-11f0-9ba0-fc3fdb83b633,3027edbd-d0da-11f0-9ba0-fc3fdb83b633
37d6ba58-d0da-11f0-9ba0-fc3fdb83b633,437E,true,Hoja,,,,,,,,1,false,31fe13b5-d0da-11f0-9ba0-fc3fdb83b633,3027edbd-d0da-11f0-9ba0-fc3fdb83b633
37d6df0c-d0da-11f0-9ba0-fc3fdb83b633,437F,true,Hoja,,,,,,,,1,false,31fe13b5-d0da-11f0-9ba0-fc3fdb83b633,3027edbd-d0da-11f0-9ba0-fc3fdb83b633
37d70473-d0da-11f0-9ba0-fc3fdb83b633,438A,true,Hoja,,,,,,,,1,false,31fe162b-d0da-11f0-9ba0-fc3fdb83b633,3027edbd-d0da-11f0-9ba0-fc3fdb83b633
37d72908-d0da-11f0-9ba0-fc3fdb83b633,438B,true,Hoja,,,,,,,,1,false,31fe162b-d0da-11f0-9ba0-fc3fdb83b633,3027edbd-d0da-11f0-9ba0-fc3fdb83b633
37d74ed1-d0da-11f0-9ba0-fc3fdb83b633,438C,true,Hoja,,,,,,,,1,false,31fe162b-d0da-11f0-9ba0-fc3fdb83b633,3027edbd-d0da-11f0-9ba0-fc3fdb83b633
37d77ccd-d0da-11f0-9ba0-fc3fdb83b633,438D,true,Hoja,,,,,,,,1,false,31fe162b-d0da-11f0-9ba0-fc3fdb83b633,3027edbd-d0da-11f0-9ba0-fc3fdb83b633
37d7a87d-d0da-11f0-9ba0-fc3fdb83b633,438E,true,Hoja,,,,,,,,1,false,31fe162b-d0da-11f0-9ba0-fc3fdb83b633,3027edbd-d0da-11f0-9ba0-fc3fdb83b633
37d7d183-d0da-11f0-9ba0-fc3fdb83b633,438F,true,Hoja,,,,,,,,1,false,31fe162b-d0da-11f0-9ba0-fc3fdb83b633,3027edbd-d0da-11f0-9ba0-fc3fdb83b633
37d7fec8-d0da-11f0-9ba0-fc3fdb83b633,438G,true,Pecíolo,,,,,,,,1,false,31fe162b-d0da-11f0-9ba0-fc3fdb83b633,302808a3-d0da-11f0-9ba0-fc3fdb83b633
37d8684d-d0da-11f0-9ba0-fc3fdb83b633,438H,true,Hoja,,,,,,,,1,false,31fe162b-d0da-11f0-9ba0-fc3fdb83b633,3027edbd-d0da-11f0-9ba0-fc3fdb83b633
37d8ca9a-d0da-11f0-9ba0-fc3fdb83b633,439A,true,Pecíolo,,,,,,,,1,false,31fe1d27-d0da-11f0-9ba0-fc3fdb83b633,3028011a-d0da-11f0-9ba0-fc3fdb83b633
37d91c94-d0da-11f0-9ba0-fc3fdb83b633,439B,true,Hoja,,,,,,,,1,false,31fe1d27-d0da-11f0-9ba0-fc3fdb83b633,3027edbd-d0da-11f0-9ba0-fc3fdb83b633
37d948af-d0da-11f0-9ba0-fc3fdb83b633,439C,true,Hoja,,,,,,,,1,false,31fe1d27-d0da-11f0-9ba0-fc3fdb83b633,3027edbd-d0da-11f0-9ba0-fc3fdb83b633
37d971ce-d0da-11f0-9ba0-fc3fdb83b633,439D,true,Pecíolo,,,,,,,,1,false,31fe1d27-d0da-11f0-9ba0-fc3fdb83b633,3027edbd-d0da-11f0-9ba0-fc3fdb83b633
37d99b1d-d0da-11f0-9ba0-fc3fdb83b633,439E,true,Rama,,,,,,,,1,false,31fe1d27-d0da-11f0-9ba0-fc3fdb83b633,3027edbd-d0da-11f0-9ba0-fc3fdb83b633
37d9c3c8-d0da-11f0-9ba0-fc3fdb83b633,439F,true,Hoja,,,,,,,,1,false,31fe1d27-d0da-11f0-9ba0-fc3fdb83b633,3027edbd-d0da-11f0-9ba0-fc3fdb83b633
37d9ec76-d0da-11f0-9ba0-fc3fdb83b633,439G,true,Hoja,,,,,,,,1,false,31fe1d27-d0da-11f0-9ba0-fc3fdb83b633,3027edbd-d0da-11f0-9ba0-fc3fdb83b633
37da13fc-d0da-11f0-9ba0-fc3fdb83b633,439H,true,Hoja,,,,,,,,1,false,31fe1d27-d0da-11f0-9ba0-fc3fdb83b633,3027edbd-d0da-11f0-9ba0-fc3fdb83b633
37da38c8-d0da-11f0-9ba0-fc3fdb83b633,439I,true,Rama,,,,,,,,1,false,31fe1d27-d0da-11f0-9ba0-fc3fdb83b633,3027edbd-d0da-11f0-9ba0-fc3fdb83b633
37da6c98-d0da-11f0-9ba0-fc3fdb83b633,43C,true,Hoja,,,,,,,,1,false,31fc9c58-d0da-11f0-9ba0-fc3fdb83b633,3027edbd-d0da-11f0-9ba0-fc3fdb83b633
37dab10d-d0da-11f0-9ba0-fc3fdb83b633,44B,true,Hoja,,,,,,,,1,false,31fc9df5-d0da-11f0-9ba0-fc3fdb83b633,3027edbd-d0da-11f0-9ba0-fc3fdb83b633
37daf530-d0da-11f0-9ba0-fc3fdb83b633,45A,true,Hoja,,,,,,,,1,false,31fc9f7e-d0da-11f0-9ba0-fc3fdb83b633,3027edbd-d0da-11f0-9ba0-fc3fdb83b633
37db39b0-d0da-11f0-9ba0-fc3fdb83b633,45C,true,Hoja,,,,,,,,1,false,31fc9f7e-d0da-11f0-9ba0-fc3fdb83b633,3027edbd-d0da-11f0-9ba0-fc3fdb83b633
37db8929-d0da-11f0-9ba0-fc3fdb83b633,45D,true,Hoja,,,,,,,,1,false,31fc9f7e-d0da-11f0-9ba0-fc3fdb83b633,3027edbd-d0da-11f0-9ba0-fc3fdb83b633
37dc06ef-d0da-11f0-9ba0-fc3fdb83b633,468B,false,,,,,,,,,1,false,,
37dc1888-d0da-11f0-9ba0-fc3fdb83b633,46A,true,Hoja,,,,,,,,1,false,31fca10e-d0da-11f0-9ba0-fc3fdb83b633,3027edbd-d0da-11f0-9ba0-fc3fdb83b633
37dc5cd2-d0da-11f0-9ba0-fc3fdb83b633,46C,true,Hoja,,,,,,,,1,false,31fca10e-d0da-11f0-9ba0-fc3fdb83b633,3027edbd-d0da-11f0-9ba0-fc3fdb83b633
37dca425-d0da-11f0-9ba0-fc3fdb83b633,46D,true,Hoja,,,,,,,,1,false,31fca10e-d0da-11f0-9ba0-fc3fdb83b633,3027edbd-d0da-11f0-9ba0-fc3fdb83b633
37dcef88-d0da-11f0-9ba0-fc3fdb83b633,472A,true,Pecíolo,,,,,,,,1,false,31fe1faf-d0da-11f0-9ba0-fc3fdb83b633,3027edbd-d0da-11f0-9ba0-fc3fdb83b633
37dd3463-d0da-11f0-9ba0-fc3fdb83b633,472B,true,Hoja,,,,,,,,1,false,31fe1faf-d0da-11f0-9ba0-fc3fdb83b633,3027edbd-d0da-11f0-9ba0-fc3fdb83b633
37dd794b-d0da-11f0-9ba0-fc3fdb83b633,472C,true,Hoja,,,,,,,,1,false,31fe1faf-d0da-11f0-9ba0-fc3fdb83b633,3027edbd-d0da-11f0-9ba0-fc3fdb83b633
37ddbdc9-d0da-11f0-9ba0-fc3fdb83b633,473A,true,Hoja,,,,,,,,1,false,31fe21e0-d0da-11f0-9ba0-fc3fdb83b633,3027edbd-d0da-11f0-9ba0-fc3fdb83b633
37de01ca-d0da-11f0-9ba0-fc3fdb83b633,473B,true,Pecíolo,,,,,,,,1,false,31fe21e0-d0da-11f0-9ba0-fc3fdb83b633,3027edbd-d0da-11f0-9ba0-fc3fdb83b633
37de464b-d0da-11f0-9ba0-fc3fdb83b633,473C,true,Hoja,,,,,,,,1,false,31fe21e0-d0da-11f0-9ba0-fc3fdb83b633,3027edbd-d0da-11f0-9ba0-fc3fdb83b633
37de8b49-d0da-11f0-9ba0-fc3fdb83b633,473D,true,Hoja,,,,,,,,1,false,31fe21e0-d0da-11f0-9ba0-fc3fdb83b633,3027edbd-d0da-11f0-9ba0-fc3fdb83b633
37ded166-d0da-11f0-9ba0-fc3fdb83b633,473E,true,Hoja,,,,,,,,1,false,31fe21e0-d0da-11f0-9ba0-fc3fdb83b633,3027edbd-d0da-11f0-9ba0-fc3fdb83b633
37df15f8-d0da-11f0-9ba0-fc3fdb83b633,473F,true,Hoja,,,,,,,,1,false,31fe21e0-d0da-11f0-9ba0-fc3fdb83b633,3027edbd-d0da-11f0-9ba0-fc3fdb83b633
37df5a21-d0da-11f0-9ba0-fc3fdb83b633,474A,true,Hoja,,,,,,,,1,false,31fe2451-d0da-11f0-9ba0-fc3fdb83b633,3027edbd-d0da-11f0-9ba0-fc3fdb83b633
37dfb1c5-d0da-11f0-9ba0-fc3fdb83b633,475A,true,Hoja,,,,,,,,1,false,31fe2699-d0da-11f0-9ba0-fc3fdb83b633,3027edbd-d0da-11f0-9ba0-fc3fdb83b633
37e017e0-d0da-11f0-9ba0-fc3fdb83b633,475B,true,Hoja,,,,,,,,1,false,31fe2699-d0da-11f0-9ba0-fc3fdb83b633,3027edbd-d0da-11f0-9ba0-fc3fdb83b633
37e0826d-d0da-11f0-9ba0-fc3fdb83b633,475C,true,Pecíolo,,,,,,,,1,false,31fe2699-d0da-11f0-9ba0-fc3fdb83b633,3027edbd-d0da-11f0-9ba0-fc3fdb83b633
37e0d5c7-d0da-11f0-9ba0-fc3fdb83b633,475D,true,Rama,,,,,,,,1,false,31fe2699-d0da-11f0-9ba0-fc3fdb83b633,3027edbd-d0da-11f0-9ba0-fc3fdb83b633
37e0fbf8-d0da-11f0-9ba0-fc3fdb83b633,475E,true,Rama,,,,,,,,1,false,31fe2699-d0da-11f0-9ba0-fc3fdb83b633,3027edbd-d0da-11f0-9ba0-fc3fdb83b633
37e12121-d0da-11f0-9ba0-fc3fdb83b633,475F,true,Hoja,,,,,,,,1,false,31fe2699-d0da-11f0-9ba0-fc3fdb83b633,3027edbd-d0da-11f0-9ba0-fc3fdb83b633
37e1461e-d0da-11f0-9ba0-fc3fdb83b633,475G,true,Hoja,,,,,,,,1,false,31fe2699-d0da-11f0-9ba0-fc3fdb83b633,3027edbd-d0da-11f0-9ba0-fc3fdb83b633
37e16b0d-d0da-11f0-9ba0-fc3fdb83b633,475H,true,Hoja,,,,,,,,1,false,31fe2699-d0da-11f0-9ba0-fc3fdb83b633,3027f4ae-d0da-11f0-9ba0-fc3fdb83b633
37e18fcd-d0da-11f0-9ba0-fc3fdb83b633,475I,true,Hoja,,,,,,,,1,false,31fe2699-d0da-11f0-9ba0-fc3fdb83b633,3027edbd-d0da-11f0-9ba0-fc3fdb83b633
37e1b50c-d0da-11f0-9ba0-fc3fdb83b633,476A,true,Hoja,,,,,,,,1,false,31fe290d-d0da-11f0-9ba0-fc3fdb83b633,3027edbd-d0da-11f0-9ba0-fc3fdb83b633
37e1d9ed-d0da-11f0-9ba0-fc3fdb83b633,476B,true,Hoja,,,,,,,,1,false,31fe290d-d0da-11f0-9ba0-fc3fdb83b633,3027edbd-d0da-11f0-9ba0-fc3fdb83b633
37e212b2-d0da-11f0-9ba0-fc3fdb83b633,476C,true,Hoja,,,,,,,,1,false,31fe290d-d0da-11f0-9ba0-fc3fdb83b633,3027edbd-d0da-11f0-9ba0-fc3fdb83b633
37e25978-d0da-11f0-9ba0-fc3fdb83b633,476D,true,Hoja,,,,,,,,1,false,31fe290d-d0da-11f0-9ba0-fc3fdb83b633,3027edbd-d0da-11f0-9ba0-fc3fdb83b633
37e29e8f-d0da-11f0-9ba0-fc3fdb83b633,476E,true,Hoja,,,,,,,,1,false,31fe290d-d0da-11f0-9ba0-fc3fdb83b633,3027edbd-d0da-11f0-9ba0-fc3fdb83b633
37e2e56d-d0da-11f0-9ba0-fc3fdb83b633,476F,true,Hoja,,,,,,,,1,false,31fe290d-d0da-11f0-9ba0-fc3fdb83b633,3027edbd-d0da-11f0-9ba0-fc3fdb83b633
37e32d3c-d0da-11f0-9ba0-fc3fdb83b633,477A,true,Hoja,,,,,,,,1,false,31fe2b7f-d0da-11f0-9ba0-fc3fdb83b633,3027edbd-d0da-11f0-9ba0-fc3fdb83b633
37e37419-d0da-11f0-9ba0-fc3fdb83b633,477B,true,Pecíolo,,,,,,,,1,false,31fe2b7f-d0da-11f0-9ba0-fc3fdb83b633,3027edbd-d0da-11f0-9ba0-fc3fdb83b633
37e3bb2d-d0da-11f0-9ba0-fc3fdb83b633,477C,true,Hoja,,,,,,,,1,false,31fe2b7f-d0da-11f0-9ba0-fc3fdb83b633,3027edbd-d0da-11f0-9ba0-fc3fdb83b633
37e4017f-d0da-11f0-9ba0-fc3fdb83b633,477D,true,Hoja,,,,,,,,1,false,31fe2b7f-d0da-11f0-9ba0-fc3fdb83b633,3027edbd-d0da-11f0-9ba0-fc3fdb83b633
37e44789-d0da-11f0-9ba0-fc3fdb83b633,477E,true,Pecíolo,,,,,,,,1,false,31fe2b7f-d0da-11f0-9ba0-fc3fdb83b633,3027edbd-d0da-11f0-9ba0-fc3fdb83b633
37e48b47-d0da-11f0-9ba0-fc3fdb83b633,477F,true,Hoja,,,,,,,,1,false,31fe2b7f-d0da-11f0-9ba0-fc3fdb83b633,3027edbd-d0da-11f0-9ba0-fc3fdb83b633
37e4b179-d0da-11f0-9ba0-fc3fdb83b633,477G,true,Hoja,,,,,,,,1,false,31fe2b7f-d0da-11f0-9ba0-fc3fdb83b633,3027edbd-d0da-11f0-9ba0-fc3fdb83b633
37e4d828-d0da-11f0-9ba0-fc3fdb83b633,478A,true,Hoja,,,,,,,,1,false,31fe2e02-d0da-11f0-9ba0-fc3fdb83b633,3027edbd-d0da-11f0-9ba0-fc3fdb83b633
37e50080-d0da-11f0-9ba0-fc3fdb83b633,478B,true,Hoja,,,,,,,,1,false,31fe2e02-d0da-11f0-9ba0-fc3fdb83b633,3027edbd-d0da-11f0-9ba0-fc3fdb83b633
37e52c9e-d0da-11f0-9ba0-fc3fdb83b633,478C,true,Hoja,,,,,,,,1,false,31fe2e02-d0da-11f0-9ba0-fc3fdb83b633,3027edbd-d0da-11f0-9ba0-fc3fdb83b633
37e552f7-d0da-11f0-9ba0-fc3fdb83b633,479A,true,Hoja,,,,,,,,1,false,31fe3092-d0da-11f0-9ba0-fc3fdb83b633,3027edbd-d0da-11f0-9ba0-fc3fdb83b633
37e58787-d0da-11f0-9ba0-fc3fdb83b633,479B,true,Hoja,,,,,,,,1,false,31fe3092-d0da-11f0-9ba0-fc3fdb83b633,3027edbd-d0da-11f0-9ba0-fc3fdb83b633
37e5acbf-d0da-11f0-9ba0-fc3fdb83b633,479C,true,Hoja,,,,,,,,1,false,31fe3092-d0da-11f0-9ba0-fc3fdb83b633,
37e5d16b-d0da-11f0-9ba0-fc3fdb83b633,479D,true,Hoja,,,,,,,,1,false,31fe3092-d0da-11f0-9ba0-fc3fdb83b633,3027edbd-d0da-11f0-9ba0-fc3fdb83b633
37e5f701-d0da-11f0-9ba0-fc3fdb83b633,479E,true,Hoja,,,,,,,,1,false,31fe3092-d0da-11f0-9ba0-fc3fdb83b633,3027edbd-d0da-11f0-9ba0-fc3fdb83b633
37e61c16-d0da-11f0-9ba0-fc3fdb83b633,479F,true,Hoja,,,,,,,,1,false,31fe3092-d0da-11f0-9ba0-fc3fdb83b633,3027edbd-d0da-11f0-9ba0-fc3fdb83b633
37e6411a-d0da-11f0-9ba0-fc3fdb83b633,479G,true,Hoja,,,,,,,,1,false,31fe3092-d0da-11f0-9ba0-fc3fdb83b633,3027edbd-d0da-11f0-9ba0-fc3fdb83b633
37e66a68-d0da-11f0-9ba0-fc3fdb83b633,479H,true,Hoja,,,,,,,,1,false,31fe3092-d0da-11f0-9ba0-fc3fdb83b633,3027edbd-d0da-11f0-9ba0-fc3fdb83b633
37e68ff9-d0da-11f0-9ba0-fc3fdb83b633,479I,true,Hoja,,,,,,,,1,false,31fe3092-d0da-11f0-9ba0-fc3fdb83b633,
37e6bc21-d0da-11f0-9ba0-fc3fdb83b633,479J,true,Hoja,,,,,,,,1,false,31fe3092-d0da-11f0-9ba0-fc3fdb83b633,3027edbd-d0da-11f0-9ba0-fc3fdb83b633
37e706c4-d0da-11f0-9ba0-fc3fdb83b633,47B,true,Hoja,,,,,,,,1,false,31fca2b7-d0da-11f0-9ba0-fc3fdb83b633,3027edbd-d0da-11f0-9ba0-fc3fdb83b633
37e7546f-d0da-11f0-9ba0-fc3fdb83b633,480A,true,Pecíolo,,,,,,,,1,false,31fe332e-d0da-11f0-9ba0-fc3fdb83b633,3027edbd-d0da-11f0-9ba0-fc3fdb83b633
37e79a90-d0da-11f0-9ba0-fc3fdb83b633,480B,true,Pecíolo,,,,,,,,1,false,31fe332e-d0da-11f0-9ba0-fc3fdb83b633,3027edbd-d0da-11f0-9ba0-fc3fdb83b633
37e7e243-d0da-11f0-9ba0-fc3fdb83b633,480C,true,Hoja,,,,,,,,1,false,31fe332e-d0da-11f0-9ba0-fc3fdb83b633,3027edbd-d0da-11f0-9ba0-fc3fdb83b633
37e846df-d0da-11f0-9ba0-fc3fdb83b633,480D,true,Hoja,,,,,,,,1,false,31fe332e-d0da-11f0-9ba0-fc3fdb83b633,3027edbd-d0da-11f0-9ba0-fc3fdb83b633
37e88ebe-d0da-11f0-9ba0-fc3fdb83b633,480E,true,Hoja,,,,,,,,1,false,31fe332e-d0da-11f0-9ba0-fc3fdb83b633,3027edbd-d0da-11f0-9ba0-fc3fdb83b633
37e8d571-d0da-11f0-9ba0-fc3fdb83b633,480F,true,Hoja,,,,,,,,1,false,31fe332e-d0da-11f0-9ba0-fc3fdb83b633,3027edbd-d0da-11f0-9ba0-fc3fdb83b633
37e92f70-d0da-11f0-9ba0-fc3fdb83b633,480G,true,Hoja,,,,,,,,1,false,31fe332e-d0da-11f0-9ba0-fc3fdb83b633,3027edbd-d0da-11f0-9ba0-fc3fdb83b633
37e991fb-d0da-11f0-9ba0-fc3fdb83b633,480H,true,Hoja,,,,,,,,1,false,31fe332e-d0da-11f0-9ba0-fc3fdb83b633,3027edbd-d0da-11f0-9ba0-fc3fdb83b633
37e9ebf9-d0da-11f0-9ba0-fc3fdb83b633,480I,true,Hoja,,,,,,,,1,false,31fe332e-d0da-11f0-9ba0-fc3fdb83b633,3027edbd-d0da-11f0-9ba0-fc3fdb83b633
37ea1883-d0da-11f0-9ba0-fc3fdb83b633,480J,true,Hoja,,,,,,,,1,false,31fe332e-d0da-11f0-9ba0-fc3fdb83b633,3027edbd-d0da-11f0-9ba0-fc3fdb83b633
37ea433c-d0da-11f0-9ba0-fc3fdb83b633,481A,true,Rama,,,,,,,,1,false,31fe35d8-d0da-11f0-9ba0-fc3fdb83b633,30280925-d0da-11f0-9ba0-fc3fdb83b633
37ea67b9-d0da-11f0-9ba0-fc3fdb83b633,481B,true,Hoja,,,,,,,,1,false,31fe35d8-d0da-11f0-9ba0-fc3fdb83b633,3027edbd-d0da-11f0-9ba0-fc3fdb83b633
37ea9dee-d0da-11f0-9ba0-fc3fdb83b633,481C,true,Rama,,,,,,,,1,false,31fe35d8-d0da-11f0-9ba0-fc3fdb83b633,3027edbd-d0da-11f0-9ba0-fc3fdb83b633
37eac799-d0da-11f0-9ba0-fc3fdb83b633,482A,true,Hoja,,,,,,,,1,false,31fe3865-d0da-11f0-9ba0-fc3fdb83b633,3027edbd-d0da-11f0-9ba0-fc3fdb83b633
37eaef8a-d0da-11f0-9ba0-fc3fdb83b633,482B,true,Hoja,,,,,,,,1,false,31fe3865-d0da-11f0-9ba0-fc3fdb83b633,3027edbd-d0da-11f0-9ba0-fc3fdb83b633
37eb16f4-d0da-11f0-9ba0-fc3fdb83b633,482C,true,Pecíolo,,,,,,,,1,false,31fe3865-d0da-11f0-9ba0-fc3fdb83b633,3027edbd-d0da-11f0-9ba0-fc3fdb83b633
37eb434b-d0da-11f0-9ba0-fc3fdb83b633,482D,true,Hoja,,,,,,,,1,false,31fe3865-d0da-11f0-9ba0-fc3fdb83b633,3027edbd-d0da-11f0-9ba0-fc3fdb83b633
37eb6d7a-d0da-11f0-9ba0-fc3fdb83b633,483A,true,Pecíolo,,,,,,,,1,false,31fe3aff-d0da-11f0-9ba0-fc3fdb83b633,30280966-d0da-11f0-9ba0-fc3fdb83b633
37eb95d0-d0da-11f0-9ba0-fc3fdb83b633,483B,true,Pecíolo,,,,,,,,1,false,31fe3aff-d0da-11f0-9ba0-fc3fdb83b633,3027edbd-d0da-11f0-9ba0-fc3fdb83b633
37ebc0f2-d0da-11f0-9ba0-fc3fdb83b633,483C,true,Hoja,,,,,,,,1,false,31fe3aff-d0da-11f0-9ba0-fc3fdb83b633,3027edbd-d0da-11f0-9ba0-fc3fdb83b633
37ec1738-d0da-11f0-9ba0-fc3fdb83b633,483D,true,Rama,,,,,,,,1,false,31fe3aff-d0da-11f0-9ba0-fc3fdb83b633,3027edbd-d0da-11f0-9ba0-fc3fdb83b633
37ec3de5-d0da-11f0-9ba0-fc3fdb83b633,483E,true,Hoja,,,,,,,,1,false,31fe3aff-d0da-11f0-9ba0-fc3fdb83b633,3027edbd-d0da-11f0-9ba0-fc3fdb83b633
37ec6353-d0da-11f0-9ba0-fc3fdb83b633,485A,true,Hoja,,,,,,,,1,false,31fe3da9-d0da-11f0-9ba0-fc3fdb83b633,
37ec880c-d0da-11f0-9ba0-fc3fdb83b633,485B,true,Pecíolo,,,,,,,,1,false,31fe3da9-d0da-11f0-9ba0-fc3fdb83b633,3027edbd-d0da-11f0-9ba0-fc3fdb83b633
37ecaddc-d0da-11f0-9ba0-fc3fdb83b633,485C,true,Rama,,,,,,,,1,false,31fe3da9-d0da-11f0-9ba0-fc3fdb83b633,3027edbd-d0da-11f0-9ba0-fc3fdb83b633
37ecd7c6-d0da-11f0-9ba0-fc3fdb83b633,485D,true,Hoja,,,,,,,,1,false,31fe3da9-d0da-11f0-9ba0-fc3fdb83b633,3028011a-d0da-11f0-9ba0-fc3fdb83b633
37ecfcd1-d0da-11f0-9ba0-fc3fdb83b633,485E,true,Hoja,,,,,,,,1,false,31fe3da9-d0da-11f0-9ba0-fc3fdb83b633,3027edbd-d0da-11f0-9ba0-fc3fdb83b633
37ed439e-d0da-11f0-9ba0-fc3fdb83b633,486A,true,Pecíolo,,,,,,,,1,false,31fe405a-d0da-11f0-9ba0-fc3fdb83b633,3027edbd-d0da-11f0-9ba0-fc3fdb83b633
37ed897f-d0da-11f0-9ba0-fc3fdb83b633,486B,true,Rama,,,,,,,,1,false,31fe405a-d0da-11f0-9ba0-fc3fdb83b633,3027edbd-d0da-11f0-9ba0-fc3fdb83b633
37edd095-d0da-11f0-9ba0-fc3fdb83b633,486C,true,Rama,,,,,,,,1,false,31fe405a-d0da-11f0-9ba0-fc3fdb83b633,3027edbd-d0da-11f0-9ba0-fc3fdb83b633
37ee1982-d0da-11f0-9ba0-fc3fdb83b633,488A,true,Hoja,,,,,,,,1,false,31fe47b2-d0da-11f0-9ba0-fc3fdb83b633,3027edbd-d0da-11f0-9ba0-fc3fdb83b633
37ee5e04-d0da-11f0-9ba0-fc3fdb83b633,488B,true,Pecíolo,,,,,,,,1,false,31fe47b2-d0da-11f0-9ba0-fc3fdb83b633,3027f4ae-d0da-11f0-9ba0-fc3fdb83b633
37eea228-d0da-11f0-9ba0-fc3fdb83b633,489A,true,Hoja,,,,,,,,1,false,31fe4a48-d0da-11f0-9ba0-fc3fdb83b633,3027edbd-d0da-11f0-9ba0-fc3fdb83b633
37eee662-d0da-11f0-9ba0-fc3fdb83b633,489B,true,Hoja,,,,,,,,1,false,31fe4a48-d0da-11f0-9ba0-fc3fdb83b633,3027edbd-d0da-11f0-9ba0-fc3fdb83b633
37ef2a99-d0da-11f0-9ba0-fc3fdb83b633,489C,true,Rama,,,,,,,,1,false,31fe4a48-d0da-11f0-9ba0-fc3fdb83b633,3027edbd-d0da-11f0-9ba0-fc3fdb83b633
37ef704b-d0da-11f0-9ba0-fc3fdb83b633,489D,true,Rama,,,,,,,,1,false,31fe4a48-d0da-11f0-9ba0-fc3fdb83b633,3027edbd-d0da-11f0-9ba0-fc3fdb83b633
37efb952-d0da-11f0-9ba0-fc3fdb83b633,48A,true,Hoja,,,,,,,,1,false,31fca45d-d0da-11f0-9ba0-fc3fdb83b633,3027edbd-d0da-11f0-9ba0-fc3fdb83b633
37efeafd-d0da-11f0-9ba0-fc3fdb83b633,48B,true,Hoja,,,,,,,,1,false,31fca45d-d0da-11f0-9ba0-fc3fdb83b633,3027edbd-d0da-11f0-9ba0-fc3fdb83b633
37f01901-d0da-11f0-9ba0-fc3fdb83b633,490A,true,Rama,,,,,,,,1,false,31fe4ca7-d0da-11f0-9ba0-fc3fdb83b633,302809e8-d0da-11f0-9ba0-fc3fdb83b633
37f04194-d0da-11f0-9ba0-fc3fdb83b633,490B,true,Rama,,,,,,,,1,false,31fe4ca7-d0da-11f0-9ba0-fc3fdb83b633,3027edbd-d0da-11f0-9ba0-fc3fdb83b633
37f06a34-d0da-11f0-9ba0-fc3fdb83b633,490C,true,Rama,,,,,,,,1,false,31fe4ca7-d0da-11f0-9ba0-fc3fdb83b633,3027edbd-d0da-11f0-9ba0-fc3fdb83b633
37f09f31-d0da-11f0-9ba0-fc3fdb83b633,490D,true,Rama,,,,,,,,1,false,31fe4ca7-d0da-11f0-9ba0-fc3fdb83b633,3027edbd-d0da-11f0-9ba0-fc3fdb83b633
37f0c886-d0da-11f0-9ba0-fc3fdb83b633,491A,true,Hoja,,,,,,,,1,false,31fe4f06-d0da-11f0-9ba0-fc3fdb83b633,3027edbd-d0da-11f0-9ba0-fc3fdb83b633
37f0f125-d0da-11f0-9ba0-fc3fdb83b633,492A,true,Rama,,,,,,,,1,false,31fe518c-d0da-11f0-9ba0-fc3fdb83b633,3027edbd-d0da-11f0-9ba0-fc3fdb83b633
37f11a5c-d0da-11f0-9ba0-fc3fdb83b633,492B,true,Hoja,,,,,,,,1,false,31fe518c-d0da-11f0-9ba0-fc3fdb83b633,3027edbd-d0da-11f0-9ba0-fc3fdb83b633
37f13faf-d0da-11f0-9ba0-fc3fdb83b633,492C,true,Hoja,,,,,,,,1,false,31fe518c-d0da-11f0-9ba0-fc3fdb83b633,3027edbd-d0da-11f0-9ba0-fc3fdb83b633
37f1699a-d0da-11f0-9ba0-fc3fdb83b633,492D,true,Hoja,,,,,,,,1,false,31fe518c-d0da-11f0-9ba0-fc3fdb83b633,3027edbd-d0da-11f0-9ba0-fc3fdb83b633
37f18e83-d0da-11f0-9ba0-fc3fdb83b633,492E,true,Rama,,,,,,,,1,false,31fe518c-d0da-11f0-9ba0-fc3fdb83b633,3027edbd-d0da-11f0-9ba0-fc3fdb83b633
37f1b343-d0da-11f0-9ba0-fc3fdb83b633,493A,true,Rama,,,,,,,,1,false,31fe54c1-d0da-11f0-9ba0-fc3fdb83b633,3027edbd-d0da-11f0-9ba0-fc3fdb83b633
37f1d7cb-d0da-11f0-9ba0-fc3fdb83b633,493B,true,Pecíolo,,,,,,,,1,false,31fe54c1-d0da-11f0-9ba0-fc3fdb83b633,3027edbd-d0da-11f0-9ba0-fc3fdb83b633
37f1fc62-d0da-11f0-9ba0-fc3fdb83b633,493C,true,Hoja,,,,,,,,1,false,31fe54c1-d0da-11f0-9ba0-fc3fdb83b633,3027edbd-d0da-11f0-9ba0-fc3fdb83b633
37f226c5-d0da-11f0-9ba0-fc3fdb83b633,493D,true,Rama,,,,,,,,1,false,31fe54c1-d0da-11f0-9ba0-fc3fdb83b633,3027edbd-d0da-11f0-9ba0-fc3fdb83b633
37f26e52-d0da-11f0-9ba0-fc3fdb83b633,493E,true,Hoja,,,,,,,,1,false,31fe54c1-d0da-11f0-9ba0-fc3fdb83b633,3027edbd-d0da-11f0-9ba0-fc3fdb83b633
37f2ba79-d0da-11f0-9ba0-fc3fdb83b633,493F,true,Hoja,,,,,,,,1,false,31fe54c1-d0da-11f0-9ba0-fc3fdb83b633,3027edbd-d0da-11f0-9ba0-fc3fdb83b633
37f303c5-d0da-11f0-9ba0-fc3fdb83b633,494A,true,Hoja,,,,,,,,1,false,31fe5770-d0da-11f0-9ba0-fc3fdb83b633,3027edbd-d0da-11f0-9ba0-fc3fdb83b633
37f32971-d0da-11f0-9ba0-fc3fdb83b633,494B,true,Hoja,,,,,,,,1,false,31fe5770-d0da-11f0-9ba0-fc3fdb83b633,3027edbd-d0da-11f0-9ba0-fc3fdb83b633
37f3663a-d0da-11f0-9ba0-fc3fdb83b633,494C,true,Hoja,,,,,,,,1,false,31fe5770-d0da-11f0-9ba0-fc3fdb83b633,3027edbd-d0da-11f0-9ba0-fc3fdb83b633
37f3aa02-d0da-11f0-9ba0-fc3fdb83b633,495A,true,Rama,,,,,,,,1,false,31fe5a37-d0da-11f0-9ba0-fc3fdb83b633,30280a28-d0da-11f0-9ba0-fc3fdb83b633
37f3eadc-d0da-11f0-9ba0-fc3fdb83b633,495B,true,Hoja,,,,,,,,1,false,31fe5a37-d0da-11f0-9ba0-fc3fdb83b633,3027edbd-d0da-11f0-9ba0-fc3fdb83b633
37f42caa-d0da-11f0-9ba0-fc3fdb83b633,496A,true,Hoja,,,,,,,,1,false,31fe5ccc-d0da-11f0-9ba0-fc3fdb83b633,3027edbd-d0da-11f0-9ba0-fc3fdb83b633
37f475cb-d0da-11f0-9ba0-fc3fdb83b633,496B,true,Pecíolo,,,,,,,,1,false,31fe5ccc-d0da-11f0-9ba0-fc3fdb83b633,3027edbd-d0da-11f0-9ba0-fc3fdb83b633
37f4ca0b-d0da-11f0-9ba0-fc3fdb83b633,496C,true,Hoja,,,,,,,,1,false,31fe5ccc-d0da-11f0-9ba0-fc3fdb83b633,3027edbd-d0da-11f0-9ba0-fc3fdb83b633
37f5111c-d0da-11f0-9ba0-fc3fdb83b633,496D,true,Hoja,,,,,,,,1,false,31fe5ccc-d0da-11f0-9ba0-fc3fdb83b633,3027edbd-d0da-11f0-9ba0-fc3fdb83b633
37f5576f-d0da-11f0-9ba0-fc3fdb83b633,496E,true,Pecíolo,,,,,,,,1,false,31fe5ccc-d0da-11f0-9ba0-fc3fdb83b633,3027edbd-d0da-11f0-9ba0-fc3fdb83b633
37f59d66-d0da-11f0-9ba0-fc3fdb83b633,496F,true,Hoja,,,,,,,,1,false,31fe5ccc-d0da-11f0-9ba0-fc3fdb83b633,3027edbd-d0da-11f0-9ba0-fc3fdb83b633
37f61716-d0da-11f0-9ba0-fc3fdb83b633,497A,true,Hoja,,,,,,,,1,false,31fe5f85-d0da-11f0-9ba0-fc3fdb83b633,3027edbd-d0da-11f0-9ba0-fc3fdb83b633
37f65f25-d0da-11f0-9ba0-fc3fdb83b633,497B,true,Hoja,,,,,,,,1,false,31fe5f85-d0da-11f0-9ba0-fc3fdb83b633,3027edbd-d0da-11f0-9ba0-fc3fdb83b633
37f6ee81-d0da-11f0-9ba0-fc3fdb83b633,498A,true,Hoja,,,,,,,,1,false,31fe6240-d0da-11f0-9ba0-fc3fdb83b633,3027edbd-d0da-11f0-9ba0-fc3fdb83b633
37f71d0a-d0da-11f0-9ba0-fc3fdb83b633,498B,true,Hoja,,,,,,,,1,false,31fe6240-d0da-11f0-9ba0-fc3fdb83b633,3027edbd-d0da-11f0-9ba0-fc3fdb83b633
37f75fc1-d0da-11f0-9ba0-fc3fdb83b633,499A,true,Rama,,,,,,,,1,false,31fe64ff-d0da-11f0-9ba0-fc3fdb83b633,3027edbd-d0da-11f0-9ba0-fc3fdb83b633
37f7a6a4-d0da-11f0-9ba0-fc3fdb83b633,499B,true,Hoja,,,,,,,,1,false,31fe64ff-d0da-11f0-9ba0-fc3fdb83b633,3027edbd-d0da-11f0-9ba0-fc3fdb83b633
37f7ec1e-d0da-11f0-9ba0-fc3fdb83b633,499C,true,Rama,,,,,,,,1,false,31fe64ff-d0da-11f0-9ba0-fc3fdb83b633,3027edbd-d0da-11f0-9ba0-fc3fdb83b633
37f82917-d0da-11f0-9ba0-fc3fdb83b633,49A,true,Hoja,,,,,,,,1,false,31fca5f5-d0da-11f0-9ba0-fc3fdb83b633,3027edbd-d0da-11f0-9ba0-fc3fdb83b633
37f8668e-d0da-11f0-9ba0-fc3fdb83b633,4A,true,Hoja,,,,,,,,1,false,31fa1d90-d0da-11f0-9ba0-fc3fdb83b633,3027edbd-d0da-11f0-9ba0-fc3fdb83b633
37f8ab63-d0da-11f0-9ba0-fc3fdb83b633,4B,true,Hoja,,,,,,,,1,false,31fa1d90-d0da-11f0-9ba0-fc3fdb83b633,3027edbd-d0da-11f0-9ba0-fc3fdb83b633
37f8f0b2-d0da-11f0-9ba0-fc3fdb83b633,4C,true,Hoja,,,,,,,,1,false,31fa1d90-d0da-11f0-9ba0-fc3fdb83b633,3027edbd-d0da-11f0-9ba0-fc3fdb83b633
37f934fa-d0da-11f0-9ba0-fc3fdb83b633,4D,true,Hoja,,,,,,,,1,false,31fa1d90-d0da-11f0-9ba0-fc3fdb83b633,3027f4ae-d0da-11f0-9ba0-fc3fdb83b633
37f97933-d0da-11f0-9ba0-fc3fdb83b633,4E,true,Hoja,,,,,,,,1,false,31fa1d90-d0da-11f0-9ba0-fc3fdb83b633,3027edbd-d0da-11f0-9ba0-fc3fdb83b633
37f9bdf5-d0da-11f0-9ba0-fc3fdb83b633,4F,true,Hoja,,,,,,,,1,false,31fa1d90-d0da-11f0-9ba0-fc3fdb83b633,3027edbd-d0da-11f0-9ba0-fc3fdb83b633
37fa2426-d0da-11f0-9ba0-fc3fdb83b633,500A,true,Rama,,,,,,,,1,false,31fe679e-d0da-11f0-9ba0-fc3fdb83b633,3027edbd-d0da-11f0-9ba0-fc3fdb83b633
37fa6c68-d0da-11f0-9ba0-fc3fdb83b633,500B,true,Rama,,,,,,,,1,false,31fe679e-d0da-11f0-9ba0-fc3fdb83b633,3027ffd7-d0da-11f0-9ba0-fc3fdb83b633
37faa3e0-d0da-11f0-9ba0-fc3fdb83b633,500C,true,Hoja,,,,,,,,1,false,31fe679e-d0da-11f0-9ba0-fc3fdb83b633,3027edbd-d0da-11f0-9ba0-fc3fdb83b633
37fac995-d0da-11f0-9ba0-fc3fdb83b633,501A,true,Hoja,,,,,,,,1,false,31fe6ac9-d0da-11f0-9ba0-fc3fdb83b633,3027edbd-d0da-11f0-9ba0-fc3fdb83b633
37faf2aa-d0da-11f0-9ba0-fc3fdb83b633,501B,true,Hoja,,,,,,,,1,false,31fe6ac9-d0da-11f0-9ba0-fc3fdb83b633,3027edbd-d0da-11f0-9ba0-fc3fdb83b633
37fb17d8-d0da-11f0-9ba0-fc3fdb83b633,501C,true,Hoja,,,,,,,,1,false,31fe6ac9-d0da-11f0-9ba0-fc3fdb83b633,3027edbd-d0da-11f0-9ba0-fc3fdb83b633
37fb3cde-d0da-11f0-9ba0-fc3fdb83b633,501D,true,Hoja,,,,,,,,1,false,31fe6ac9-d0da-11f0-9ba0-fc3fdb83b633,3027edbd-d0da-11f0-9ba0-fc3fdb83b633
37fb5fbb-d0da-11f0-9ba0-fc3fdb83b633,50A,true,Hoja,,,,,,,,1,false,31fca794-d0da-11f0-9ba0-fc3fdb83b633,3027edbd-d0da-11f0-9ba0-fc3fdb83b633
37fb849a-d0da-11f0-9ba0-fc3fdb83b633,50B,true,Hoja,,,,,,,,1,false,31fca794-d0da-11f0-9ba0-fc3fdb83b633,3027edbd-d0da-11f0-9ba0-fc3fdb83b633
37fba977-d0da-11f0-9ba0-fc3fdb83b633,50C,true,Hoja,,,,,,,,1,false,31fca794-d0da-11f0-9ba0-fc3fdb83b633,3027edbd-d0da-11f0-9ba0-fc3fdb83b633
37fbd1c3-d0da-11f0-9ba0-fc3fdb83b633,51B,true,Hoja,,,,,,,,1,false,31fca93d-d0da-11f0-9ba0-fc3fdb83b633,3027edbd-d0da-11f0-9ba0-fc3fdb83b633
37fbfc0c-d0da-11f0-9ba0-fc3fdb83b633,51D,true,Hoja,,,,,,,,1,false,31fca93d-d0da-11f0-9ba0-fc3fdb83b633,3027edbd-d0da-11f0-9ba0-fc3fdb83b633
37fc2afe-d0da-11f0-9ba0-fc3fdb83b633,52A,true,Hoja,,,,,,,,1,false,31fcaae2-d0da-11f0-9ba0-fc3fdb83b633,3028025b-d0da-11f0-9ba0-fc3fdb83b633
37fc5858-d0da-11f0-9ba0-fc3fdb83b633,52C,true,Hoja,,,,,,,,1,false,31fcaae2-d0da-11f0-9ba0-fc3fdb83b633,3027edbd-d0da-11f0-9ba0-fc3fdb83b633
37fc9d20-d0da-11f0-9ba0-fc3fdb83b633,53A,true,Hoja,,,,,,,,1,false,31fcac8a-d0da-11f0-9ba0-fc3fdb83b633,302801dd-d0da-11f0-9ba0-fc3fdb83b633
37fd133e-d0da-11f0-9ba0-fc3fdb83b633,53C,true,Hoja,,,,,,,,1,false,32097202-d0da-11f0-9ba0-fc3fdb83b633,3028029a-d0da-11f0-9ba0-fc3fdb83b633
37fd2506-d0da-11f0-9ba0-fc3fdb83b633,54A,true,Hoja,,,,,,,,1,false,31fcae26-d0da-11f0-9ba0-fc3fdb83b633,3027edbd-d0da-11f0-9ba0-fc3fdb83b633
37fd7599-d0da-11f0-9ba0-fc3fdb83b633,54B,true,Hoja,,,,,,,,1,false,31fcae26-d0da-11f0-9ba0-fc3fdb83b633,3027edbd-d0da-11f0-9ba0-fc3fdb83b633
37fdd6d9-d0da-11f0-9ba0-fc3fdb83b633,54C,true,Hoja,,,,,,,,1,false,31fcae26-d0da-11f0-9ba0-fc3fdb83b633,3027fa41-d0da-11f0-9ba0-fc3fdb83b633
37fe3df4-d0da-11f0-9ba0-fc3fdb83b633,554A,true,Hoja,,,,,,,,1,false,31fe6d9c-d0da-11f0-9ba0-fc3fdb83b633,3027edbd-d0da-11f0-9ba0-fc3fdb83b633
37fe8dba-d0da-11f0-9ba0-fc3fdb83b633,554B,true,Hoja,,,,,,,,1,false,31fe6d9c-d0da-11f0-9ba0-fc3fdb83b633,3027edbd-d0da-11f0-9ba0-fc3fdb83b633
37feb82c-d0da-11f0-9ba0-fc3fdb83b633,554C,true,Hoja,,,,,,,,1,false,31fe6d9c-d0da-11f0-9ba0-fc3fdb83b633,3027edbd-d0da-11f0-9ba0-fc3fdb83b633
37fef2a6-d0da-11f0-9ba0-fc3fdb83b633,554D,true,Hoja,,,,,,,,1,false,31fe6d9c-d0da-11f0-9ba0-fc3fdb83b633,3027edbd-d0da-11f0-9ba0-fc3fdb83b633
37ff3afb-d0da-11f0-9ba0-fc3fdb83b633,554E,true,Hoja,,,,,,,,1,false,31fe6d9c-d0da-11f0-9ba0-fc3fdb83b633,3027edbd-d0da-11f0-9ba0-fc3fdb83b633
37ff81e5-d0da-11f0-9ba0-fc3fdb83b633,554F,true,Rama,,,,,,,,1,false,31fe6d9c-d0da-11f0-9ba0-fc3fdb83b633,3027edbd-d0da-11f0-9ba0-fc3fdb83b633
37ffc88f-d0da-11f0-9ba0-fc3fdb83b633,555A,true,Hoja,,,,,,,,1,false,31fe700c-d0da-11f0-9ba0-fc3fdb83b633,3027edbd-d0da-11f0-9ba0-fc3fdb83b633
38000e9f-d0da-11f0-9ba0-fc3fdb83b633,555B,true,Rama,,,,,,,,1,false,31fe700c-d0da-11f0-9ba0-fc3fdb83b633,3027edbd-d0da-11f0-9ba0-fc3fdb83b633
3800546f-d0da-11f0-9ba0-fc3fdb83b633,555C,true,Hoja,,,,,,,,1,false,31fe700c-d0da-11f0-9ba0-fc3fdb83b633,3027edbd-d0da-11f0-9ba0-fc3fdb83b633
38009d15-d0da-11f0-9ba0-fc3fdb83b633,555D,true,Hoja,,,,,,,,1,false,31fe700c-d0da-11f0-9ba0-fc3fdb83b633,3027edbd-d0da-11f0-9ba0-fc3fdb83b633
3800e3e4-d0da-11f0-9ba0-fc3fdb83b633,556A,true,Rama,,,,,,,,1,false,31fe7298-d0da-11f0-9ba0-fc3fdb83b633,3027edbd-d0da-11f0-9ba0-fc3fdb83b633
380129ae-d0da-11f0-9ba0-fc3fdb83b633,556B,true,Pecíolo,,,,,,,,1,false,31fe7298-d0da-11f0-9ba0-fc3fdb83b633,3027edbd-d0da-11f0-9ba0-fc3fdb83b633
38016f6f-d0da-11f0-9ba0-fc3fdb83b633,556C,true,Pecíolo,,,,,,,,1,false,31fe7298-d0da-11f0-9ba0-fc3fdb83b633,3027edbd-d0da-11f0-9ba0-fc3fdb83b633
3801b55f-d0da-11f0-9ba0-fc3fdb83b633,556D,true,Hoja,,,,,,,,1,false,31fe7298-d0da-11f0-9ba0-fc3fdb83b633,3027edbd-d0da-11f0-9ba0-fc3fdb83b633
3801ffaf-d0da-11f0-9ba0-fc3fdb83b633,556E,true,Pecíolo,,,,,,,,1,false,31fe7298-d0da-11f0-9ba0-fc3fdb83b633,3027edbd-d0da-11f0-9ba0-fc3fdb83b633
380248e1-d0da-11f0-9ba0-fc3fdb83b633,556F,true,Pecíolo,,,,,,,,1,false,31fe7298-d0da-11f0-9ba0-fc3fdb83b633,3027edbd-d0da-11f0-9ba0-fc3fdb83b633
38028f79-d0da-11f0-9ba0-fc3fdb83b633,556G,true,Pecíolo,,,,,,,,1,false,31fe7298-d0da-11f0-9ba0-fc3fdb83b633,3027edbd-d0da-11f0-9ba0-fc3fdb83b633
3802d577-d0da-11f0-9ba0-fc3fdb83b633,556H,true,Pecíolo,,,,,,,,1,false,31fe7298-d0da-11f0-9ba0-fc3fdb83b633,3027edbd-d0da-11f0-9ba0-fc3fdb83b633
38031b9f-d0da-11f0-9ba0-fc3fdb83b633,557A,true,Hoja,,,,,,,,1,false,31fe751a-d0da-11f0-9ba0-fc3fdb83b633,3027edbd-d0da-11f0-9ba0-fc3fdb83b633
38036183-d0da-11f0-9ba0-fc3fdb83b633,558A,true,Hoja,,,,,,,,1,false,31fe77b6-d0da-11f0-9ba0-fc3fdb83b633,3027ff97-d0da-11f0-9ba0-fc3fdb83b633
3803a71f-d0da-11f0-9ba0-fc3fdb83b633,558B,true,Rama,,,,,,,,1,false,31fe77b6-d0da-11f0-9ba0-fc3fdb83b633,3027edbd-d0da-11f0-9ba0-fc3fdb83b633
3803edef-d0da-11f0-9ba0-fc3fdb83b633,559A,true,Rama,,,,,,,,1,false,31fe7a54-d0da-11f0-9ba0-fc3fdb83b633,3027edbd-d0da-11f0-9ba0-fc3fdb83b633
38041c14-d0da-11f0-9ba0-fc3fdb83b633,559B,true,Rama,,,,,,,,1,false,31fe7a54-d0da-11f0-9ba0-fc3fdb83b633,3027edbd-d0da-11f0-9ba0-fc3fdb83b633
380445e1-d0da-11f0-9ba0-fc3fdb83b633,559C,true,Hoja,,,,,,,,1,false,31fe7a54-d0da-11f0-9ba0-fc3fdb83b633,
38046e49-d0da-11f0-9ba0-fc3fdb83b633,559D,true,Hoja,,,,,,,,1,false,31fe7a54-d0da-11f0-9ba0-fc3fdb83b633,3027edbd-d0da-11f0-9ba0-fc3fdb83b633
38049713-d0da-11f0-9ba0-fc3fdb83b633,559E,true,Pecíolo,,,,,,,,1,false,31fe7a54-d0da-11f0-9ba0-fc3fdb83b633,3027edbd-d0da-11f0-9ba0-fc3fdb83b633
3804bfca-d0da-11f0-9ba0-fc3fdb83b633,559F,true,Pecíolo,,,,,,,,1,false,31fe7a54-d0da-11f0-9ba0-fc3fdb83b633,3027edbd-d0da-11f0-9ba0-fc3fdb83b633
3804e869-d0da-11f0-9ba0-fc3fdb83b633,559G,true,Hoja,,,,,,,,1,false,31fe7a54-d0da-11f0-9ba0-fc3fdb83b633,
380514ce-d0da-11f0-9ba0-fc3fdb83b633,55A,true,Tronco,,,,,,,,1,false,31fcafd7-d0da-11f0-9ba0-fc3fdb83b633,3027edbd-d0da-11f0-9ba0-fc3fdb83b633
3805601a-d0da-11f0-9ba0-fc3fdb83b633,55B,true,Hoja,,,,,,,,1,false,31fcafd7-d0da-11f0-9ba0-fc3fdb83b633,3027edbd-d0da-11f0-9ba0-fc3fdb83b633
3805a6f2-d0da-11f0-9ba0-fc3fdb83b633,55C,true,Hoja,,,,,,,,1,false,31fcafd7-d0da-11f0-9ba0-fc3fdb83b633,3027edbd-d0da-11f0-9ba0-fc3fdb83b633
3805f45a-d0da-11f0-9ba0-fc3fdb83b633,560A,true,Rama,,,,,,,,1,false,31fe7ce5-d0da-11f0-9ba0-fc3fdb83b633,3027edbd-d0da-11f0-9ba0-fc3fdb83b633
3806359d-d0da-11f0-9ba0-fc3fdb83b633,560B,true,Rama,,,,,,,,1,false,31fe7ce5-d0da-11f0-9ba0-fc3fdb83b633,30280aaa-d0da-11f0-9ba0-fc3fdb83b633
38065de5-d0da-11f0-9ba0-fc3fdb83b633,560C,true,Hoja,,,,,,,,1,false,31fe7ce5-d0da-11f0-9ba0-fc3fdb83b633,3027edbd-d0da-11f0-9ba0-fc3fdb83b633
38068ece-d0da-11f0-9ba0-fc3fdb83b633,561A,true,Hoja,,,,,,,,1,false,31fe7f7d-d0da-11f0-9ba0-fc3fdb83b633,3027edbd-d0da-11f0-9ba0-fc3fdb83b633
3806d4d0-d0da-11f0-9ba0-fc3fdb83b633,561B,true,Pecíolo,,,,,,,,1,false,31fe7f7d-d0da-11f0-9ba0-fc3fdb83b633,3027edbd-d0da-11f0-9ba0-fc3fdb83b633
380719dd-d0da-11f0-9ba0-fc3fdb83b633,561C,true,Hoja,,,,,,,,1,false,31fe7f7d-d0da-11f0-9ba0-fc3fdb83b633,3027edbd-d0da-11f0-9ba0-fc3fdb83b633
38075e8d-d0da-11f0-9ba0-fc3fdb83b633,561D,true,Hoja,,,,,,,,1,false,31fe7f7d-d0da-11f0-9ba0-fc3fdb83b633,3027edbd-d0da-11f0-9ba0-fc3fdb83b633
3807926d-d0da-11f0-9ba0-fc3fdb83b633,561E,true,Hoja,,,,,,,,1,false,31fe7f7d-d0da-11f0-9ba0-fc3fdb83b633,3028011a-d0da-11f0-9ba0-fc3fdb83b633
3807b7eb-d0da-11f0-9ba0-fc3fdb83b633,562A,true,Rama,,,,,,,,1,false,31fe8221-d0da-11f0-9ba0-fc3fdb83b633,3027edbd-d0da-11f0-9ba0-fc3fdb83b633
3807dcfa-d0da-11f0-9ba0-fc3fdb83b633,562B,true,Rama,,,,,,,,1,false,31fe8221-d0da-11f0-9ba0-fc3fdb83b633,3027edbd-d0da-11f0-9ba0-fc3fdb83b633
380801dd-d0da-11f0-9ba0-fc3fdb83b633,562C,true,Hoja,,,,,,,,1,false,31fe8221-d0da-11f0-9ba0-fc3fdb83b633,3027edbd-d0da-11f0-9ba0-fc3fdb83b633
380829ec-d0da-11f0-9ba0-fc3fdb83b633,562D,true,Rama,,,,,,,,1,false,31fe8221-d0da-11f0-9ba0-fc3fdb83b633,3027edbd-d0da-11f0-9ba0-fc3fdb83b633
380856f5-d0da-11f0-9ba0-fc3fdb83b633,562E,true,Rama,,,,,,,,1,false,31fe8221-d0da-11f0-9ba0-fc3fdb83b633,3027edbd-d0da-11f0-9ba0-fc3fdb83b633
38088268-d0da-11f0-9ba0-fc3fdb83b633,562F,true,Pecíolo,,,,,,,,1,false,31fe8221-d0da-11f0-9ba0-fc3fdb83b633,30280aec-d0da-11f0-9ba0-fc3fdb83b633
3808c839-d0da-11f0-9ba0-fc3fdb83b633,563A,true,Hoja,,,,,,,,1,false,31fe84c8-d0da-11f0-9ba0-fc3fdb83b633,3027edbd-d0da-11f0-9ba0-fc3fdb83b633
380910d8-d0da-11f0-9ba0-fc3fdb83b633,564A,true,Pecíolo,,,,,,,,1,false,31fe8750-d0da-11f0-9ba0-fc3fdb83b633,3027edbd-d0da-11f0-9ba0-fc3fdb83b633
38095672-d0da-11f0-9ba0-fc3fdb83b633,564B,true,Pecíolo,,,,,,,,1,false,31fe8750-d0da-11f0-9ba0-fc3fdb83b633,3027edbd-d0da-11f0-9ba0-fc3fdb83b633
38099c23-d0da-11f0-9ba0-fc3fdb83b633,564C,true,Pecíolo,,,,,,,,1,false,31fe8750-d0da-11f0-9ba0-fc3fdb83b633,3027edbd-d0da-11f0-9ba0-fc3fdb83b633
3809e24a-d0da-11f0-9ba0-fc3fdb83b633,564D,true,Hoja,,,,,,,,1,false,31fe8750-d0da-11f0-9ba0-fc3fdb83b633,30280b2c-d0da-11f0-9ba0-fc3fdb83b633
380a266e-d0da-11f0-9ba0-fc3fdb83b633,565A,true,Pecíolo,,,,,,,,1,false,31fe89e2-d0da-11f0-9ba0-fc3fdb83b633,3027edbd-d0da-11f0-9ba0-fc3fdb83b633
380a6ab4-d0da-11f0-9ba0-fc3fdb83b633,565B,true,Rama,,,,,,,,1,false,31fe89e2-d0da-11f0-9ba0-fc3fdb83b633,3027edbd-d0da-11f0-9ba0-fc3fdb83b633
380ab156-d0da-11f0-9ba0-fc3fdb83b633,566A,true,Hoja,,,,,,,,1,false,31fe8c84-d0da-11f0-9ba0-fc3fdb83b633,3027edbd-d0da-11f0-9ba0-fc3fdb83b633
380af80f-d0da-11f0-9ba0-fc3fdb83b633,566B,true,Hoja,,,,,,,,1,false,31fe8c84-d0da-11f0-9ba0-fc3fdb83b633,3027edbd-d0da-11f0-9ba0-fc3fdb83b633
380b4131-d0da-11f0-9ba0-fc3fdb83b633,567A,true,Hoja,,,,,,,,1,false,31fe8f2c-d0da-11f0-9ba0-fc3fdb83b633,3027edbd-d0da-11f0-9ba0-fc3fdb83b633
380b865a-d0da-11f0-9ba0-fc3fdb83b633,567B,true,Hoja,,,,,,,,1,false,31fe8f2c-d0da-11f0-9ba0-fc3fdb83b633,3027edbd-d0da-11f0-9ba0-fc3fdb83b633
380bce46-d0da-11f0-9ba0-fc3fdb83b633,567C,true,Hoja,,,,,,,,1,false,31fe8f2c-d0da-11f0-9ba0-fc3fdb83b633,3027edbd-d0da-11f0-9ba0-fc3fdb83b633
380c16a2-d0da-11f0-9ba0-fc3fdb83b633,568A,true,Rama,,,,,,,,1,false,31fe921b-d0da-11f0-9ba0-fc3fdb83b633,3027edbd-d0da-11f0-9ba0-fc3fdb83b633
380c5f21-d0da-11f0-9ba0-fc3fdb83b633,568B,true,Rama,,,,,,,,1,false,31fe921b-d0da-11f0-9ba0-fc3fdb83b633,3027f4ae-d0da-11f0-9ba0-fc3fdb83b633
380ca465-d0da-11f0-9ba0-fc3fdb83b633,569A,true,Pecíolo,,,,,,,,1,false,31fe94c6-d0da-11f0-9ba0-fc3fdb83b633,3027edbd-d0da-11f0-9ba0-fc3fdb83b633
380ce88d-d0da-11f0-9ba0-fc3fdb83b633,569B,true,Pecíolo,,,,,,,,1,false,31fe94c6-d0da-11f0-9ba0-fc3fdb83b633,3027edbd-d0da-11f0-9ba0-fc3fdb83b633
380d2d96-d0da-11f0-9ba0-fc3fdb83b633,569C,true,Hoja,,,,,,,,1,false,31fe94c6-d0da-11f0-9ba0-fc3fdb83b633,3027edbd-d0da-11f0-9ba0-fc3fdb83b633
380d74d8-d0da-11f0-9ba0-fc3fdb83b633,569D,true,Hoja,,,,,,,,1,false,31fe94c6-d0da-11f0-9ba0-fc3fdb83b633,3027edbd-d0da-11f0-9ba0-fc3fdb83b633
380dbb24-d0da-11f0-9ba0-fc3fdb83b633,569E,true,Pecíolo,,,,,,,,1,false,31fe94c6-d0da-11f0-9ba0-fc3fdb83b633,3027edbd-d0da-11f0-9ba0-fc3fdb83b633
380df92d-d0da-11f0-9ba0-fc3fdb83b633,56A,true,Hoja,,,,,,,,1,false,31fcb196-d0da-11f0-9ba0-fc3fdb83b633,3027edbd-d0da-11f0-9ba0-fc3fdb83b633
380e3581-d0da-11f0-9ba0-fc3fdb83b633,56B,true,Hoja,,,,,,,,1,false,31fcb196-d0da-11f0-9ba0-fc3fdb83b633,3027edbd-d0da-11f0-9ba0-fc3fdb83b633
380e678c-d0da-11f0-9ba0-fc3fdb83b633,570A,true,Pecíolo,,,,,,,,1,false,31fe970f-d0da-11f0-9ba0-fc3fdb83b633,3027edbd-d0da-11f0-9ba0-fc3fdb83b633
380e902b-d0da-11f0-9ba0-fc3fdb83b633,570B,true,Pecíolo,,,,,,,,1,false,31fe970f-d0da-11f0-9ba0-fc3fdb83b633,3027edbd-d0da-11f0-9ba0-fc3fdb83b633
380eb44f-d0da-11f0-9ba0-fc3fdb83b633,571A,true,Hoja,,,,,,,,1,false,31fe9974-d0da-11f0-9ba0-fc3fdb83b633,3027edbd-d0da-11f0-9ba0-fc3fdb83b633
380ed7a7-d0da-11f0-9ba0-fc3fdb83b633,571B,true,Hoja,,,,,,,,1,false,31fe9974-d0da-11f0-9ba0-fc3fdb83b633,3027edbd-d0da-11f0-9ba0-fc3fdb83b633
380efb05-d0da-11f0-9ba0-fc3fdb83b633,571C,true,Hoja,,,,,,,,1,false,31fe9974-d0da-11f0-9ba0-fc3fdb83b633,3027f4ae-d0da-11f0-9ba0-fc3fdb83b633
380f1e7a-d0da-11f0-9ba0-fc3fdb83b633,571D,true,Hoja,,,,,,,,1,false,31fe9974-d0da-11f0-9ba0-fc3fdb83b633,3027edbd-d0da-11f0-9ba0-fc3fdb83b633
380f41ea-d0da-11f0-9ba0-fc3fdb83b633,572A,true,Rama,,,,,,,,1,false,31fe9c08-d0da-11f0-9ba0-fc3fdb83b633,3027edbd-d0da-11f0-9ba0-fc3fdb83b633
380f652c-d0da-11f0-9ba0-fc3fdb83b633,573A,true,Pecíolo,,,,,,,,1,false,31fe9e9d-d0da-11f0-9ba0-fc3fdb83b633,3027edbd-d0da-11f0-9ba0-fc3fdb83b633
380f8b88-d0da-11f0-9ba0-fc3fdb83b633,573B,true,Hoja,,,,,,,,1,false,31fe9e9d-d0da-11f0-9ba0-fc3fdb83b633,30280b6c-d0da-11f0-9ba0-fc3fdb83b633
380fb088-d0da-11f0-9ba0-fc3fdb83b633,573C,true,Rama,,,,,,,,1,false,31fe9e9d-d0da-11f0-9ba0-fc3fdb83b633,3027edbd-d0da-11f0-9ba0-fc3fdb83b633
380fe849-d0da-11f0-9ba0-fc3fdb83b633,573D,true,Rama,,,,,,,,1,false,31fe9e9d-d0da-11f0-9ba0-fc3fdb83b633,3027edbd-d0da-11f0-9ba0-fc3fdb83b633
38100c5a-d0da-11f0-9ba0-fc3fdb83b633,573E,true,Rama,,,,,,,,1,false,31fe9e9d-d0da-11f0-9ba0-fc3fdb83b633,3027edbd-d0da-11f0-9ba0-fc3fdb83b633
3810308a-d0da-11f0-9ba0-fc3fdb83b633,573F,true,Rama,,,,,,,,1,false,31fe9e9d-d0da-11f0-9ba0-fc3fdb83b633,3027edbd-d0da-11f0-9ba0-fc3fdb83b633
38105629-d0da-11f0-9ba0-fc3fdb83b633,573G,true,Hoja,,,,,,,,1,false,31fe9e9d-d0da-11f0-9ba0-fc3fdb83b633,3027edbd-d0da-11f0-9ba0-fc3fdb83b633
381079ad-d0da-11f0-9ba0-fc3fdb83b633,573H,true,Pecíolo,,,,,,,,1,false,31fe9e9d-d0da-11f0-9ba0-fc3fdb83b633,3027edbd-d0da-11f0-9ba0-fc3fdb83b633
38109d3a-d0da-11f0-9ba0-fc3fdb83b633,574A,true,Hoja,,,,,,,,1,false,31fea12f-d0da-11f0-9ba0-fc3fdb83b633,3027edbd-d0da-11f0-9ba0-fc3fdb83b633
3810ca60-d0da-11f0-9ba0-fc3fdb83b633,574B,true,Rama,,,,,,,,1,false,31fea12f-d0da-11f0-9ba0-fc3fdb83b633,3027edbd-d0da-11f0-9ba0-fc3fdb83b633
3810f1f3-d0da-11f0-9ba0-fc3fdb83b633,574C,true,Hoja,,,,,,,,1,false,31fea12f-d0da-11f0-9ba0-fc3fdb83b633,3027edbd-d0da-11f0-9ba0-fc3fdb83b633
38111a60-d0da-11f0-9ba0-fc3fdb83b633,574D,true,Rama,,,,,,,,1,false,31fea12f-d0da-11f0-9ba0-fc3fdb83b633,3027edbd-d0da-11f0-9ba0-fc3fdb83b633
38113e90-d0da-11f0-9ba0-fc3fdb83b633,574E,true,Hoja,,,,,,,,1,false,31fea12f-d0da-11f0-9ba0-fc3fdb83b633,3027edbd-d0da-11f0-9ba0-fc3fdb83b633
3811686a-d0da-11f0-9ba0-fc3fdb83b633,574F,true,Hoja,,,,,,,,1,false,31fea12f-d0da-11f0-9ba0-fc3fdb83b633,3027edbd-d0da-11f0-9ba0-fc3fdb83b633
38118d8c-d0da-11f0-9ba0-fc3fdb83b633,576A,true,Hoja,,,,,,,,1,false,31fea3d6-d0da-11f0-9ba0-fc3fdb83b633,30280b6c-d0da-11f0-9ba0-fc3fdb83b633
3811b162-d0da-11f0-9ba0-fc3fdb83b633,577A,true,Hoja,,,,,,,,1,false,31feba7a-d0da-11f0-9ba0-fc3fdb83b633,3027f9bf-d0da-11f0-9ba0-fc3fdb83b633
3811d48c-d0da-11f0-9ba0-fc3fdb83b633,578A,true,Rama,,,,,,,,1,false,31fec124-d0da-11f0-9ba0-fc3fdb83b633,3027edbd-d0da-11f0-9ba0-fc3fdb83b633
3811f7f1-d0da-11f0-9ba0-fc3fdb83b633,578B,true,Pecíolo,,,,,,,,1,false,31fec124-d0da-11f0-9ba0-fc3fdb83b633,3027edbd-d0da-11f0-9ba0-fc3fdb83b633
38121b6b-d0da-11f0-9ba0-fc3fdb83b633,578C,true,Pecíolo,,,,,,,,1,false,31fec124-d0da-11f0-9ba0-fc3fdb83b633,3027edbd-d0da-11f0-9ba0-fc3fdb83b633
38123ac6-d0da-11f0-9ba0-fc3fdb83b633,57A,true,Tronco,,,,,,,,1,false,31fcb34b-d0da-11f0-9ba0-fc3fdb83b633,3027edbd-d0da-11f0-9ba0-fc3fdb83b633
38125e1d-d0da-11f0-9ba0-fc3fdb83b633,57B,true,Hoja,,,,,,,,1,false,31fcb34b-d0da-11f0-9ba0-fc3fdb83b633,3027edbd-d0da-11f0-9ba0-fc3fdb83b633
38128197-d0da-11f0-9ba0-fc3fdb83b633,58C,true,Hoja,,,,,,,,1,false,31fcb4f2-d0da-11f0-9ba0-fc3fdb83b633,3027edbd-d0da-11f0-9ba0-fc3fdb83b633
3812a4fb-d0da-11f0-9ba0-fc3fdb83b633,59A,true,Hoja,,,,,,,,1,false,31fcb84b-d0da-11f0-9ba0-fc3fdb83b633,3027edbd-d0da-11f0-9ba0-fc3fdb83b633
3812d871-d0da-11f0-9ba0-fc3fdb83b633,59B,true,Hoja,,,,,,,,1,false,31fcb84b-d0da-11f0-9ba0-fc3fdb83b633,3027edbd-d0da-11f0-9ba0-fc3fdb83b633
38131d1b-d0da-11f0-9ba0-fc3fdb83b633,59C,true,Hoja,,,,,,,,1,false,31fcb84b-d0da-11f0-9ba0-fc3fdb83b633,3027edbd-d0da-11f0-9ba0-fc3fdb83b633
3813619b-d0da-11f0-9ba0-fc3fdb83b633,59D,true,Hoja,,,,,,,,1,false,31fcb84b-d0da-11f0-9ba0-fc3fdb83b633,3027edbd-d0da-11f0-9ba0-fc3fdb83b633
38139a8e-d0da-11f0-9ba0-fc3fdb83b633,5C,true,Hoja,,,,,,,,1,false,31fa1fd1-d0da-11f0-9ba0-fc3fdb83b633,3027edbd-d0da-11f0-9ba0-fc3fdb83b633
3813dd35-d0da-11f0-9ba0-fc3fdb83b633,5D,true,Hoja,,,,,,,,1,false,31fa1fd1-d0da-11f0-9ba0-fc3fdb83b633,3027edbd-d0da-11f0-9ba0-fc3fdb83b633
38143112-d0da-11f0-9ba0-fc3fdb83b633,605A,true,Hoja,,,,,,,,1,false,31fec482-d0da-11f0-9ba0-fc3fdb83b633,3027edbd-d0da-11f0-9ba0-fc3fdb83b633
381474dd-d0da-11f0-9ba0-fc3fdb83b633,605B,true,Rama,,,,,,,,1,false,31fec482-d0da-11f0-9ba0-fc3fdb83b633,3027edbd-d0da-11f0-9ba0-fc3fdb83b633
3814b708-d0da-11f0-9ba0-fc3fdb83b633,605C,true,Hoja,,,,,,,,1,false,31fec482-d0da-11f0-9ba0-fc3fdb83b633,3027edbd-d0da-11f0-9ba0-fc3fdb83b633
3814f9dd-d0da-11f0-9ba0-fc3fdb83b633,605D,true,Hoja,,,,,,,,1,false,31fec482-d0da-11f0-9ba0-fc3fdb83b633,3027edbd-d0da-11f0-9ba0-fc3fdb83b633
38153bde-d0da-11f0-9ba0-fc3fdb83b633,605F,true,Hoja,,,,,,,,1,false,31fec482-d0da-11f0-9ba0-fc3fdb83b633,3027edbd-d0da-11f0-9ba0-fc3fdb83b633
38157e1d-d0da-11f0-9ba0-fc3fdb83b633,606A,true,Pecíolo,,,,,,,,1,false,31fec6f4-d0da-11f0-9ba0-fc3fdb83b633,30280bac-d0da-11f0-9ba0-fc3fdb83b633
3815bf68-d0da-11f0-9ba0-fc3fdb83b633,606B,true,Hoja,,,,,,,,1,false,31fec6f4-d0da-11f0-9ba0-fc3fdb83b633,3027edbd-d0da-11f0-9ba0-fc3fdb83b633
38161ea6-d0da-11f0-9ba0-fc3fdb83b633,607A,true,Rama,,,,,,,,1,false,31fecb35-d0da-11f0-9ba0-fc3fdb83b633,3027edbd-d0da-11f0-9ba0-fc3fdb83b633
381664bf-d0da-11f0-9ba0-fc3fdb83b633,608A,true,Pecíolo,,,,,,,,1,false,31fecd9f-d0da-11f0-9ba0-fc3fdb83b633,3027edbd-d0da-11f0-9ba0-fc3fdb83b633
3816a8de-d0da-11f0-9ba0-fc3fdb83b633,609A,true,Pecíolo,,,,,,,,1,false,31fed02f-d0da-11f0-9ba0-fc3fdb83b633,3027edbd-d0da-11f0-9ba0-fc3fdb83b633
3816ed09-d0da-11f0-9ba0-fc3fdb83b633,609B,true,Rama,,,,,,,,1,false,31fed02f-d0da-11f0-9ba0-fc3fdb83b633,30280bac-d0da-11f0-9ba0-fc3fdb83b633
381730a9-d0da-11f0-9ba0-fc3fdb83b633,609C,true,Hoja,,,,,,,,1,false,31fed02f-d0da-11f0-9ba0-fc3fdb83b633,3027edbd-d0da-11f0-9ba0-fc3fdb83b633
38176d00-d0da-11f0-9ba0-fc3fdb83b633,60A,true,Hoja,,,,,,,,1,false,31fcba12-d0da-11f0-9ba0-fc3fdb83b633,3027f585-d0da-11f0-9ba0-fc3fdb83b633
381797b4-d0da-11f0-9ba0-fc3fdb83b633,60B,true,Hoja,,,,,,,,1,false,31fcba12-d0da-11f0-9ba0-fc3fdb83b633,3027edbd-d0da-11f0-9ba0-fc3fdb83b633
3817bb9d-d0da-11f0-9ba0-fc3fdb83b633,60C,true,Hoja,,,,,,,,1,false,31fcba12-d0da-11f0-9ba0-fc3fdb83b633,3027edbd-d0da-11f0-9ba0-fc3fdb83b633
3817df69-d0da-11f0-9ba0-fc3fdb83b633,60D,true,Hoja,,,,,,,,1,false,31fcba12-d0da-11f0-9ba0-fc3fdb83b633,3027edbd-d0da-11f0-9ba0-fc3fdb83b633
38180762-d0da-11f0-9ba0-fc3fdb83b633,610A,true,Rama,,,,,,,,1,false,31fed2b9-d0da-11f0-9ba0-fc3fdb83b633,3027edbd-d0da-11f0-9ba0-fc3fdb83b633
38183d00-d0da-11f0-9ba0-fc3fdb83b633,610B,true,Rama,,,,,,,,1,false,31fed2b9-d0da-11f0-9ba0-fc3fdb83b633,3027edbd-d0da-11f0-9ba0-fc3fdb83b633
38189baf-d0da-11f0-9ba0-fc3fdb83b633,612A,true,Rama,,,,,,,,1,false,31fed63d-d0da-11f0-9ba0-fc3fdb83b633,3027edbd-d0da-11f0-9ba0-fc3fdb83b633
3819013a-d0da-11f0-9ba0-fc3fdb83b633,612B,true,Hoja,,,,,,,,1,false,31fed63d-d0da-11f0-9ba0-fc3fdb83b633,3027edbd-d0da-11f0-9ba0-fc3fdb83b633
381945fc-d0da-11f0-9ba0-fc3fdb83b633,612C,true,Hoja,,,,,,,,1,false,31fed63d-d0da-11f0-9ba0-fc3fdb83b633,3027fdd3-d0da-11f0-9ba0-fc3fdb83b633
381988b5-d0da-11f0-9ba0-fc3fdb83b633,612D,true,Hoja,,,,,,,,1,false,31fed63d-d0da-11f0-9ba0-fc3fdb83b633,3027edbd-d0da-11f0-9ba0-fc3fdb83b633
3819cbb0-d0da-11f0-9ba0-fc3fdb83b633,612E,true,Hoja,,,,,,,,1,false,31fed63d-d0da-11f0-9ba0-fc3fdb83b633,3027f4ae-d0da-11f0-9ba0-fc3fdb83b633
381a0d67-d0da-11f0-9ba0-fc3fdb83b633,613A,true,Pecíolo,,,,,,,,1,false,31fed8e7-d0da-11f0-9ba0-fc3fdb83b633,3027edbd-d0da-11f0-9ba0-fc3fdb83b633
381a4f5c-d0da-11f0-9ba0-fc3fdb83b633,613B,true,Hoja,,,,,,,,1,false,31fed8e7-d0da-11f0-9ba0-fc3fdb83b633,3027edbd-d0da-11f0-9ba0-fc3fdb83b633
381a9a51-d0da-11f0-9ba0-fc3fdb83b633,613C,true,Pecíolo,,,,,,,,1,false,31fed8e7-d0da-11f0-9ba0-fc3fdb83b633,30280bec-d0da-11f0-9ba0-fc3fdb83b633
381afb77-d0da-11f0-9ba0-fc3fdb83b633,613D,true,Hoja,,,,,,,,1,false,31fed8e7-d0da-11f0-9ba0-fc3fdb83b633,3027edbd-d0da-11f0-9ba0-fc3fdb83b633
381b2289-d0da-11f0-9ba0-fc3fdb83b633,613E,true,Hoja,,,,,,,,1,false,31fed8e7-d0da-11f0-9ba0-fc3fdb83b633,3027edbd-d0da-11f0-9ba0-fc3fdb83b633
381b47b6-d0da-11f0-9ba0-fc3fdb83b633,613F,true,Hoja,,,,,,,,1,false,31fed8e7-d0da-11f0-9ba0-fc3fdb83b633,3027edbd-d0da-11f0-9ba0-fc3fdb83b633
381b6bab-d0da-11f0-9ba0-fc3fdb83b633,614A,true,Rama,,,,,,,,1,false,31fedba5-d0da-11f0-9ba0-fc3fdb83b633,3027edbd-d0da-11f0-9ba0-fc3fdb83b633
381b90bf-d0da-11f0-9ba0-fc3fdb83b633,614B,true,Rama,,,,,,,,1,false,31fedba5-d0da-11f0-9ba0-fc3fdb83b633,3027edbd-d0da-11f0-9ba0-fc3fdb83b633
381bb4c9-d0da-11f0-9ba0-fc3fdb83b633,615A,true,Pecíolo,,,,,,,,1,false,31fede69-d0da-11f0-9ba0-fc3fdb83b633,3027edbd-d0da-11f0-9ba0-fc3fdb83b633
381bd88f-d0da-11f0-9ba0-fc3fdb83b633,615B,true,Rama,,,,,,,,1,false,31fede69-d0da-11f0-9ba0-fc3fdb83b633,3027edbd-d0da-11f0-9ba0-fc3fdb83b633
381bfe57-d0da-11f0-9ba0-fc3fdb83b633,615C,true,Rama,,,,,,,,1,false,31fede69-d0da-11f0-9ba0-fc3fdb83b633,3027edbd-d0da-11f0-9ba0-fc3fdb83b633
381c28f9-d0da-11f0-9ba0-fc3fdb83b633,615D,true,Pecíolo,,,,,,,,1,false,31fede69-d0da-11f0-9ba0-fc3fdb83b633,3027edbd-d0da-11f0-9ba0-fc3fdb83b633
381c4d24-d0da-11f0-9ba0-fc3fdb83b633,615E,true,Hoja,,,,,,,,1,false,31fede69-d0da-11f0-9ba0-fc3fdb83b633,3027edbd-d0da-11f0-9ba0-fc3fdb83b633
381c7251-d0da-11f0-9ba0-fc3fdb83b633,615F,true,Rama,,,,,,,,1,false,31fede69-d0da-11f0-9ba0-fc3fdb83b633,3027edbd-d0da-11f0-9ba0-fc3fdb83b633
381c98c4-d0da-11f0-9ba0-fc3fdb83b633,615G,true,Hoja,,,,,,,,1,false,31fede69-d0da-11f0-9ba0-fc3fdb83b633,
381cbc8c-d0da-11f0-9ba0-fc3fdb83b633,615H,true,Rama,,,,,,,,1,false,31fede69-d0da-11f0-9ba0-fc3fdb83b633,3027edbd-d0da-11f0-9ba0-fc3fdb83b633
381ce082-d0da-11f0-9ba0-fc3fdb83b633,615I,true,Hoja,,,,,,,,1,false,31fede69-d0da-11f0-9ba0-fc3fdb83b633,3027edbd-d0da-11f0-9ba0-fc3fdb83b633
381d17f8-d0da-11f0-9ba0-fc3fdb83b633,615J,true,Rama,,,,,,,,1,false,31fede69-d0da-11f0-9ba0-fc3fdb83b633,3027edbd-d0da-11f0-9ba0-fc3fdb83b633
381d806e-d0da-11f0-9ba0-fc3fdb83b633,615K,true,Rama,,,,,,,,1,false,31fede69-d0da-11f0-9ba0-fc3fdb83b633,3027edbd-d0da-11f0-9ba0-fc3fdb83b633
381dcdeb-d0da-11f0-9ba0-fc3fdb83b633,615L,true,Rama,,,,,,,,1,false,31fede69-d0da-11f0-9ba0-fc3fdb83b633,3027edbd-d0da-11f0-9ba0-fc3fdb83b633
381e175c-d0da-11f0-9ba0-fc3fdb83b633,615M,true,Hoja,,,,,,,,1,false,31fede69-d0da-11f0-9ba0-fc3fdb83b633,3027edbd-d0da-11f0-9ba0-fc3fdb83b633
381e5cc8-d0da-11f0-9ba0-fc3fdb83b633,615N,true,Pecíolo,,,,,,,,1,false,31fede69-d0da-11f0-9ba0-fc3fdb83b633,30280c2c-d0da-11f0-9ba0-fc3fdb83b633
381ea0f5-d0da-11f0-9ba0-fc3fdb83b633,615O,true,Hoja,,,,,,,,1,false,31fede69-d0da-11f0-9ba0-fc3fdb83b633,3027edbd-d0da-11f0-9ba0-fc3fdb83b633
381ee5b1-d0da-11f0-9ba0-fc3fdb83b633,616A,true,Rama,,,,,,,,1,false,31fee10d-d0da-11f0-9ba0-fc3fdb83b633,3027edbd-d0da-11f0-9ba0-fc3fdb83b633
381f2bea-d0da-11f0-9ba0-fc3fdb83b633,617A,true,Hoja,,,,,,,,1,false,31fee3c8-d0da-11f0-9ba0-fc3fdb83b633,3027edbd-d0da-11f0-9ba0-fc3fdb83b633
381f6fec-d0da-11f0-9ba0-fc3fdb83b633,617B,true,Hoja,,,,,,,,1,false,31fee3c8-d0da-11f0-9ba0-fc3fdb83b633,3027edbd-d0da-11f0-9ba0-fc3fdb83b633
381fb55c-d0da-11f0-9ba0-fc3fdb83b633,618A,true,Rama,,,,,,,,1,false,31fee66e-d0da-11f0-9ba0-fc3fdb83b633,3027edbd-d0da-11f0-9ba0-fc3fdb83b633
38200385-d0da-11f0-9ba0-fc3fdb83b633,619A,true,Hoja,,,,,,,,1,false,31fee939-d0da-11f0-9ba0-fc3fdb83b633,3027edbd-d0da-11f0-9ba0-fc3fdb83b633
38204022-d0da-11f0-9ba0-fc3fdb83b633,61A,true,Hoja,,,,,,,,1,false,31fcbba8-d0da-11f0-9ba0-fc3fdb83b633,3027edbd-d0da-11f0-9ba0-fc3fdb83b633
38208949-d0da-11f0-9ba0-fc3fdb83b633,61B,true,Hoja,,,,,,,,1,false,31fcbba8-d0da-11f0-9ba0-fc3fdb83b633,3027edbd-d0da-11f0-9ba0-fc3fdb83b633
3820bbd7-d0da-11f0-9ba0-fc3fdb83b633,620A,true,Hoja,,,,,,,,1,false,31feebb9-d0da-11f0-9ba0-fc3fdb83b633,3027edbd-d0da-11f0-9ba0-fc3fdb83b633
3820e100-d0da-11f0-9ba0-fc3fdb83b633,620B,true,Rama,,,,,,,,1,false,31feebb9-d0da-11f0-9ba0-fc3fdb83b633,3027edbd-d0da-11f0-9ba0-fc3fdb83b633
3821065d-d0da-11f0-9ba0-fc3fdb83b633,620C,true,Hoja,,,,,,,,1,false,31feebb9-d0da-11f0-9ba0-fc3fdb83b633,3027edbd-d0da-11f0-9ba0-fc3fdb83b633
38212b1d-d0da-11f0-9ba0-fc3fdb83b633,620D,true,Rama,,,,,,,,1,false,31feebb9-d0da-11f0-9ba0-fc3fdb83b633,3027edbd-d0da-11f0-9ba0-fc3fdb83b633
38214fc7-d0da-11f0-9ba0-fc3fdb83b633,620E,true,Rama,,,,,,,,1,false,31feebb9-d0da-11f0-9ba0-fc3fdb83b633,3027edbd-d0da-11f0-9ba0-fc3fdb83b633
38217481-d0da-11f0-9ba0-fc3fdb83b633,621A,true,Hoja,,,,,,,,1,false,31feee2f-d0da-11f0-9ba0-fc3fdb83b633,3027edbd-d0da-11f0-9ba0-fc3fdb83b633
38219905-d0da-11f0-9ba0-fc3fdb83b633,622A,true,Hoja,,,,,,,,1,false,31fef0af-d0da-11f0-9ba0-fc3fdb83b633,3027edbd-d0da-11f0-9ba0-fc3fdb83b633
3821bf51-d0da-11f0-9ba0-fc3fdb83b633,622B,true,Hoja,,,,,,,,1,false,31fef0af-d0da-11f0-9ba0-fc3fdb83b633,30280c75-d0da-11f0-9ba0-fc3fdb83b633
3821e3c0-d0da-11f0-9ba0-fc3fdb83b633,622C,true,Hoja,,,,,,,,1,false,31fef0af-d0da-11f0-9ba0-fc3fdb83b633,3027edbd-d0da-11f0-9ba0-fc3fdb83b633
382208c5-d0da-11f0-9ba0-fc3fdb83b633,622D,true,Hoja,,,,,,,,1,false,31fef0af-d0da-11f0-9ba0-fc3fdb83b633,3027edbd-d0da-11f0-9ba0-fc3fdb83b633
382234f5-d0da-11f0-9ba0-fc3fdb83b633,623A,true,Rama,,,,,,,,1,false,31fef345-d0da-11f0-9ba0-fc3fdb83b633,3027edbd-d0da-11f0-9ba0-fc3fdb83b633
38225b1b-d0da-11f0-9ba0-fc3fdb83b633,623B,true,Rama,,,,,,,,1,false,31fef345-d0da-11f0-9ba0-fc3fdb83b633,3027edbd-d0da-11f0-9ba0-fc3fdb83b633
38228e8c-d0da-11f0-9ba0-fc3fdb83b633,623C,true,Pecíolo,,,,,,,,1,false,31fef345-d0da-11f0-9ba0-fc3fdb83b633,30280cb6-d0da-11f0-9ba0-fc3fdb83b633
3822b6b4-d0da-11f0-9ba0-fc3fdb83b633,623D,true,Hoja,,,,,,,,1,false,31fef345-d0da-11f0-9ba0-fc3fdb83b633,3027edbd-d0da-11f0-9ba0-fc3fdb83b633
3822db61-d0da-11f0-9ba0-fc3fdb83b633,623E,true,Hoja,,,,,,,,1,false,31fef345-d0da-11f0-9ba0-fc3fdb83b633,3027edbd-d0da-11f0-9ba0-fc3fdb83b633
38230131-d0da-11f0-9ba0-fc3fdb83b633,623F,true,Rama,,,,,,,,1,false,31fef345-d0da-11f0-9ba0-fc3fdb83b633,3027edbd-d0da-11f0-9ba0-fc3fdb83b633
382325d3-d0da-11f0-9ba0-fc3fdb83b633,623G,true,Hoja,,,,,,,,1,false,31fef345-d0da-11f0-9ba0-fc3fdb83b633,3027edbd-d0da-11f0-9ba0-fc3fdb83b633
38234a52-d0da-11f0-9ba0-fc3fdb83b633,624A,true,Rama,,,,,,,,1,false,31fef598-d0da-11f0-9ba0-fc3fdb83b633,
38236f53-d0da-11f0-9ba0-fc3fdb83b633,624B,true,Hoja,,,,,,,,1,false,31fef598-d0da-11f0-9ba0-fc3fdb83b633,
3823a558-d0da-11f0-9ba0-fc3fdb83b633,624C,true,Hoja,,,,,,,,1,false,31fef598-d0da-11f0-9ba0-fc3fdb83b633,3027edbd-d0da-11f0-9ba0-fc3fdb83b633
3823f1dd-d0da-11f0-9ba0-fc3fdb83b633,624D,true,Rama,,,,,,,,1,false,31fef598-d0da-11f0-9ba0-fc3fdb83b633,3027edbd-d0da-11f0-9ba0-fc3fdb83b633
38243c1f-d0da-11f0-9ba0-fc3fdb83b633,625A,true,Rama,,,,,,,,1,false,31fef7dc-d0da-11f0-9ba0-fc3fdb83b633,3027edbd-d0da-11f0-9ba0-fc3fdb83b633
382483b5-d0da-11f0-9ba0-fc3fdb83b633,625B,true,Pecíolo,,,,,,,,1,false,31fef7dc-d0da-11f0-9ba0-fc3fdb83b633,3027edbd-d0da-11f0-9ba0-fc3fdb83b633
3824c9e4-d0da-11f0-9ba0-fc3fdb83b633,626A,true,Hoja,,,,,,,,1,false,31fefa31-d0da-11f0-9ba0-fc3fdb83b633,3027edbd-d0da-11f0-9ba0-fc3fdb83b633
3825167f-d0da-11f0-9ba0-fc3fdb83b633,627A,true,Hoja,,,,,,,,1,false,31fefc9b-d0da-11f0-9ba0-fc3fdb83b633,3027fc09-d0da-11f0-9ba0-fc3fdb83b633
38255ba1-d0da-11f0-9ba0-fc3fdb83b633,627B,true,Hoja,,,,,,,,1,false,31fefc9b-d0da-11f0-9ba0-fc3fdb83b633,3027edbd-d0da-11f0-9ba0-fc3fdb83b633
3825a0c9-d0da-11f0-9ba0-fc3fdb83b633,627C,true,Hoja,,,,,,,,1,false,31fefc9b-d0da-11f0-9ba0-fc3fdb83b633,3027edbd-d0da-11f0-9ba0-fc3fdb83b633
3825e4f1-d0da-11f0-9ba0-fc3fdb83b633,627D,true,Hoja,,,,,,,,1,false,31fefc9b-d0da-11f0-9ba0-fc3fdb83b633,3027edbd-d0da-11f0-9ba0-fc3fdb83b633
38262917-d0da-11f0-9ba0-fc3fdb83b633,627E,true,Hoja,,,,,,,,1,false,31fefc9b-d0da-11f0-9ba0-fc3fdb83b633,3027f4ae-d0da-11f0-9ba0-fc3fdb83b633
38266cef-d0da-11f0-9ba0-fc3fdb83b633,627F,true,Hoja,,,,,,,,1,false,31fefc9b-d0da-11f0-9ba0-fc3fdb83b633,3027edbd-d0da-11f0-9ba0-fc3fdb83b633
3826bc6e-d0da-11f0-9ba0-fc3fdb83b633,627G,true,Hoja,,,,,,,,1,false,31fefc9b-d0da-11f0-9ba0-fc3fdb83b633,3027edbd-d0da-11f0-9ba0-fc3fdb83b633
382703c6-d0da-11f0-9ba0-fc3fdb83b633,628A,true,Hoja,,,,,,,,1,false,31ff01de-d0da-11f0-9ba0-fc3fdb83b633,3027edbd-d0da-11f0-9ba0-fc3fdb83b633
382749c4-d0da-11f0-9ba0-fc3fdb83b633,628B,true,Rama,,,,,,,,1,false,31ff01de-d0da-11f0-9ba0-fc3fdb83b633,3027edbd-d0da-11f0-9ba0-fc3fdb83b633
38278fcd-d0da-11f0-9ba0-fc3fdb83b633,628C,true,Hoja,,,,,,,,1,false,31ff01de-d0da-11f0-9ba0-fc3fdb83b633,3027edbd-d0da-11f0-9ba0-fc3fdb83b633
3827d626-d0da-11f0-9ba0-fc3fdb83b633,628D,true,Rama,,,,,,,,1,false,31ff01de-d0da-11f0-9ba0-fc3fdb83b633,3027edbd-d0da-11f0-9ba0-fc3fdb83b633
38281c53-d0da-11f0-9ba0-fc3fdb83b633,628E,true,Hoja,,,,,,,,1,false,31ff01de-d0da-11f0-9ba0-fc3fdb83b633,3027edbd-d0da-11f0-9ba0-fc3fdb83b633
38286278-d0da-11f0-9ba0-fc3fdb83b633,628F,true,Rama,,,,,,,,1,false,31ff01de-d0da-11f0-9ba0-fc3fdb83b633,3027edbd-d0da-11f0-9ba0-fc3fdb83b633
3828a8ad-d0da-11f0-9ba0-fc3fdb83b633,628G,true,Rama,,,,,,,,1,false,31ff01de-d0da-11f0-9ba0-fc3fdb83b633,3027edbd-d0da-11f0-9ba0-fc3fdb83b633
382905c6-d0da-11f0-9ba0-fc3fdb83b633,628H,true,Hoja,,,,,,,,1,false,31ff01de-d0da-11f0-9ba0-fc3fdb83b633,3027edbd-d0da-11f0-9ba0-fc3fdb83b633
38295887-d0da-11f0-9ba0-fc3fdb83b633,628I,true,Rama,,,,,,,,1,false,31ff01de-d0da-11f0-9ba0-fc3fdb83b633,3027edbd-d0da-11f0-9ba0-fc3fdb83b633
38297ef7-d0da-11f0-9ba0-fc3fdb83b633,628J,true,Pecíolo,,,,,,,,1,false,31ff01de-d0da-11f0-9ba0-fc3fdb83b633,3027edbd-d0da-11f0-9ba0-fc3fdb83b633
3829a42e-d0da-11f0-9ba0-fc3fdb83b633,628K,true,Hoja,,,,,,,,1,false,31ff01de-d0da-11f0-9ba0-fc3fdb83b633,3027edbd-d0da-11f0-9ba0-fc3fdb83b633
3829d7c4-d0da-11f0-9ba0-fc3fdb83b633,629A,true,Hoja,,,,,,,,1,false,31ff0478-d0da-11f0-9ba0-fc3fdb83b633,3027edbd-d0da-11f0-9ba0-fc3fdb83b633
382a20a4-d0da-11f0-9ba0-fc3fdb83b633,629B,true,Hoja,,,,,,,,1,false,31ff0478-d0da-11f0-9ba0-fc3fdb83b633,30280d7a-d0da-11f0-9ba0-fc3fdb83b633
382a66ca-d0da-11f0-9ba0-fc3fdb83b633,629C,true,Hoja,,,,,,,,1,false,31ff0478-d0da-11f0-9ba0-fc3fdb83b633,3027edbd-d0da-11f0-9ba0-fc3fdb83b633
382aacf8-d0da-11f0-9ba0-fc3fdb83b633,629D,true,Hoja,,,,,,,,1,false,31ff0478-d0da-11f0-9ba0-fc3fdb83b633,3027edbd-d0da-11f0-9ba0-fc3fdb83b633
382aea71-d0da-11f0-9ba0-fc3fdb83b633,62A,true,Hoja,,,,,,,,1,false,31fcbe3f-d0da-11f0-9ba0-fc3fdb83b633,302802dc-d0da-11f0-9ba0-fc3fdb83b633
382b304b-d0da-11f0-9ba0-fc3fdb83b633,62C,true,Hoja,,,,,,,,1,false,31fcbe3f-d0da-11f0-9ba0-fc3fdb83b633,3027edbd-d0da-11f0-9ba0-fc3fdb83b633
382b805c-d0da-11f0-9ba0-fc3fdb83b633,630A,true,Pecíolo,,,,,,,,1,false,31ff0709-d0da-11f0-9ba0-fc3fdb83b633,3027edbd-d0da-11f0-9ba0-fc3fdb83b633
382bc6d4-d0da-11f0-9ba0-fc3fdb83b633,630B,true,Rama,,,,,,,,1,false,31ff0709-d0da-11f0-9ba0-fc3fdb83b633,3027edbd-d0da-11f0-9ba0-fc3fdb83b633
382c0de9-d0da-11f0-9ba0-fc3fdb83b633,630C,true,Rama,,,,,,,,1,false,31ff0709-d0da-11f0-9ba0-fc3fdb83b633,3027edbd-d0da-11f0-9ba0-fc3fdb83b633
382c537d-d0da-11f0-9ba0-fc3fdb83b633,630D,true,Rama,,,,,,,,1,false,31ff0709-d0da-11f0-9ba0-fc3fdb83b633,
382c8e9a-d0da-11f0-9ba0-fc3fdb83b633,630E,true,Hoja,,,,,,,,1,false,31ff0709-d0da-11f0-9ba0-fc3fdb83b633,3027edbd-d0da-11f0-9ba0-fc3fdb83b633
382cc637-d0da-11f0-9ba0-fc3fdb83b633,630F,true,Hoja,,,,,,,,1,false,31ff0709-d0da-11f0-9ba0-fc3fdb83b633,3028011a-d0da-11f0-9ba0-fc3fdb83b633
382cf526-d0da-11f0-9ba0-fc3fdb83b633,631A,true,Pecíolo,,,,,,,,1,false,31ff09b1-d0da-11f0-9ba0-fc3fdb83b633,30280dfc-d0da-11f0-9ba0-fc3fdb83b633
382d1c79-d0da-11f0-9ba0-fc3fdb83b633,631B,true,Hoja,,,,,,,,1,false,31ff09b1-d0da-11f0-9ba0-fc3fdb83b633,3027edbd-d0da-11f0-9ba0-fc3fdb83b633
382d414a-d0da-11f0-9ba0-fc3fdb83b633,631C,true,Hoja,,,,,,,,1,false,31ff09b1-d0da-11f0-9ba0-fc3fdb83b633,3027edbd-d0da-11f0-9ba0-fc3fdb83b633
382d668a-d0da-11f0-9ba0-fc3fdb83b633,631D,true,Hoja,,,,,,,,1,false,31ff09b1-d0da-11f0-9ba0-fc3fdb83b633,3027edbd-d0da-11f0-9ba0-fc3fdb83b633
382d8b3f-d0da-11f0-9ba0-fc3fdb83b633,632A,true,Hoja,,,,,,,,1,false,31ff0c8d-d0da-11f0-9ba0-fc3fdb83b633,302800d9-d0da-11f0-9ba0-fc3fdb83b633
382daf7d-d0da-11f0-9ba0-fc3fdb83b633,633A,true,Rama,,,,,,,,1,false,31ff0f9a-d0da-11f0-9ba0-fc3fdb83b633,3027edbd-d0da-11f0-9ba0-fc3fdb83b633
382dd3fe-d0da-11f0-9ba0-fc3fdb83b633,633B,true,Hoja,,,,,,,,1,false,31ff0f9a-d0da-11f0-9ba0-fc3fdb83b633,3027edbd-d0da-11f0-9ba0-fc3fdb83b633
382df89a-d0da-11f0-9ba0-fc3fdb83b633,634A,true,Rama,,,,,,,,1,false,31ff1216-d0da-11f0-9ba0-fc3fdb83b633,3027edbd-d0da-11f0-9ba0-fc3fdb83b633
382e1d1e-d0da-11f0-9ba0-fc3fdb83b633,634B,true,Hoja,,,,,,,,1,false,31ff1216-d0da-11f0-9ba0-fc3fdb83b633,3027edbd-d0da-11f0-9ba0-fc3fdb83b633
382e43de-d0da-11f0-9ba0-fc3fdb83b633,634C,true,Hoja,,,,,,,,1,false,31ff1216-d0da-11f0-9ba0-fc3fdb83b633,3027edbd-d0da-11f0-9ba0-fc3fdb83b633
382e720f-d0da-11f0-9ba0-fc3fdb83b633,634D,true,Rama,,,,,,,,1,false,31ff1216-d0da-11f0-9ba0-fc3fdb83b633,3027edbd-d0da-11f0-9ba0-fc3fdb83b633
382e99e7-d0da-11f0-9ba0-fc3fdb83b633,634E,true,Hoja,,,,,,,,1,false,31ff1216-d0da-11f0-9ba0-fc3fdb83b633,3027ffd7-d0da-11f0-9ba0-fc3fdb83b633
382ebe67-d0da-11f0-9ba0-fc3fdb83b633,637A,true,Hoja,,,,,,,,1,false,31ff1499-d0da-11f0-9ba0-fc3fdb83b633,3027edbd-d0da-11f0-9ba0-fc3fdb83b633
382ef29b-d0da-11f0-9ba0-fc3fdb83b633,637B,true,Hoja,,,,,,,,1,false,31ff1499-d0da-11f0-9ba0-fc3fdb83b633,3027edbd-d0da-11f0-9ba0-fc3fdb83b633
382f3aea-d0da-11f0-9ba0-fc3fdb83b633,637C,true,Hoja,,,,,,,,1,false,31ff1499-d0da-11f0-9ba0-fc3fdb83b633,3027edbd-d0da-11f0-9ba0-fc3fdb83b633
382f7c29-d0da-11f0-9ba0-fc3fdb83b633,637D,true,Pecíolo,,,,,,,,1,false,31ff1499-d0da-11f0-9ba0-fc3fdb83b633,3027ffd7-d0da-11f0-9ba0-fc3fdb83b633
382fbdff-d0da-11f0-9ba0-fc3fdb83b633,639A,true,Pecíolo,,,,,,,,1,false,31ff1731-d0da-11f0-9ba0-fc3fdb83b633,
38300433-d0da-11f0-9ba0-fc3fdb83b633,639B,true,Rama,,,,,,,,1,false,31ff1731-d0da-11f0-9ba0-fc3fdb83b633,
3830496f-d0da-11f0-9ba0-fc3fdb83b633,639C,true,Hoja,,,,,,,,1,false,31ff1731-d0da-11f0-9ba0-fc3fdb83b633,
38308ec6-d0da-11f0-9ba0-fc3fdb83b633,639D,true,Rama,,,,,,,,1,false,31ff1731-d0da-11f0-9ba0-fc3fdb83b633,
3830d3b4-d0da-11f0-9ba0-fc3fdb83b633,639E,true,Hoja,,,,,,,,1,false,31ff1731-d0da-11f0-9ba0-fc3fdb83b633,
3831189e-d0da-11f0-9ba0-fc3fdb83b633,639F,true,Hoja,,,,,,,,1,false,31ff1731-d0da-11f0-9ba0-fc3fdb83b633,
38315672-d0da-11f0-9ba0-fc3fdb83b633,63A,true,Hoja,,,,,,,,1,false,31fcc2cd-d0da-11f0-9ba0-fc3fdb83b633,3027edbd-d0da-11f0-9ba0-fc3fdb83b633
38319bf0-d0da-11f0-9ba0-fc3fdb83b633,63C,true,Hoja,,,,,,,,1,false,31fcc2cd-d0da-11f0-9ba0-fc3fdb83b633,3027edbd-d0da-11f0-9ba0-fc3fdb83b633
3831ed9f-d0da-11f0-9ba0-fc3fdb83b633,640A,true,Hoja,,,,,,,,1,false,31ff19cf-d0da-11f0-9ba0-fc3fdb83b633,
38323325-d0da-11f0-9ba0-fc3fdb83b633,640B,true,Hoja,,,,,,,,1,false,31ff19cf-d0da-11f0-9ba0-fc3fdb83b633,
3832774e-d0da-11f0-9ba0-fc3fdb83b633,640D,true,Rama,,,,,,,,1,false,31ff19cf-d0da-11f0-9ba0-fc3fdb83b633,
3832bac1-d0da-11f0-9ba0-fc3fdb83b633,640E,true,Hoja,,,,,,,,1,false,31ff19cf-d0da-11f0-9ba0-fc3fdb83b633,
383301b4-d0da-11f0-9ba0-fc3fdb83b633,640F,true,Pecíolo,,,,,,,,1,false,31ff19cf-d0da-11f0-9ba0-fc3fdb83b633,
383348ff-d0da-11f0-9ba0-fc3fdb83b633,641A,true,Hoja,,,,,,,,1,false,31ff1c71-d0da-11f0-9ba0-fc3fdb83b633,
38338e65-d0da-11f0-9ba0-fc3fdb83b633,641B,true,Pecíolo,,,,,,,,1,false,31ff1c71-d0da-11f0-9ba0-fc3fdb83b633,3028055e-d0da-11f0-9ba0-fc3fdb83b633
3833d400-d0da-11f0-9ba0-fc3fdb83b633,641C,true,Rama,,,,,,,,1,false,31ff1c71-d0da-11f0-9ba0-fc3fdb83b633,
383418eb-d0da-11f0-9ba0-fc3fdb83b633,641D,true,Hoja,,,,,,,,1,false,31ff1c71-d0da-11f0-9ba0-fc3fdb83b633,
38349435-d0da-11f0-9ba0-fc3fdb83b633,641E,true,Rama,,,,,,,,1,false,31ff1c71-d0da-11f0-9ba0-fc3fdb83b633,
3834e45b-d0da-11f0-9ba0-fc3fdb83b633,641F,true,Rama,,,,,,,,1,false,31ff1c71-d0da-11f0-9ba0-fc3fdb83b633,
38352acc-d0da-11f0-9ba0-fc3fdb83b633,641H,true,Pecíolo,,,,,,,,1,false,31ff1c71-d0da-11f0-9ba0-fc3fdb83b633,
38356fff-d0da-11f0-9ba0-fc3fdb83b633,641I,true,Rama,,,,,,,,1,false,31ff1c71-d0da-11f0-9ba0-fc3fdb83b633,
3835b8a5-d0da-11f0-9ba0-fc3fdb83b633,641J,true,Hoja,,,,,,,,1,false,31ff1c71-d0da-11f0-9ba0-fc3fdb83b633,
3835ff64-d0da-11f0-9ba0-fc3fdb83b633,641K,true,Hoja,,,,,,,,1,false,31ff1c71-d0da-11f0-9ba0-fc3fdb83b633,
38364541-d0da-11f0-9ba0-fc3fdb83b633,641L,true,Hoja,,,,,,,,1,false,31ff1c71-d0da-11f0-9ba0-fc3fdb83b633,
38368b20-d0da-11f0-9ba0-fc3fdb83b633,641M,true,Pecíolo,,,,,,,,1,false,31ff1c71-d0da-11f0-9ba0-fc3fdb83b633,
3836d810-d0da-11f0-9ba0-fc3fdb83b633,641N,true,Rama,,,,,,,,1,false,31ff1c71-d0da-11f0-9ba0-fc3fdb83b633,
38370933-d0da-11f0-9ba0-fc3fdb83b633,641O,true,Rama,,,,,,,,1,false,31ff1c71-d0da-11f0-9ba0-fc3fdb83b633,
383735bf-d0da-11f0-9ba0-fc3fdb83b633,642A,true,Hoja,,,,,,,,1,false,31ff1ec8-d0da-11f0-9ba0-fc3fdb83b633,
38375c94-d0da-11f0-9ba0-fc3fdb83b633,642B,true,Hoja,,,,,,,,1,false,31ff1ec8-d0da-11f0-9ba0-fc3fdb83b633,
38378967-d0da-11f0-9ba0-fc3fdb83b633,642C,true,Hoja,,,,,,,,1,false,31ff1ec8-d0da-11f0-9ba0-fc3fdb83b633,
3837b1b3-d0da-11f0-9ba0-fc3fdb83b633,642D,true,Pecíolo,,,,,,,,1,false,31ff1ec8-d0da-11f0-9ba0-fc3fdb83b633,
3837d64b-d0da-11f0-9ba0-fc3fdb83b633,642E,true,Hoja,,,,,,,,1,false,31ff1ec8-d0da-11f0-9ba0-fc3fdb83b633,
3837fab3-d0da-11f0-9ba0-fc3fdb83b633,642F,true,Pecíolo,,,,,,,,1,false,31ff1ec8-d0da-11f0-9ba0-fc3fdb83b633,
38381f47-d0da-11f0-9ba0-fc3fdb83b633,643A,true,Hoja,,,,,,,,1,false,31ff2127-d0da-11f0-9ba0-fc3fdb83b633,
38384388-d0da-11f0-9ba0-fc3fdb83b633,643B,true,Pecíolo,,,,,,,,1,false,31ff2127-d0da-11f0-9ba0-fc3fdb83b633,
383867d4-d0da-11f0-9ba0-fc3fdb83b633,643C,true,Hoja,,,,,,,,1,false,31ff2127-d0da-11f0-9ba0-fc3fdb83b633,
38388da2-d0da-11f0-9ba0-fc3fdb83b633,643D,true,Hoja,,,,,,,,1,false,31ff2127-d0da-11f0-9ba0-fc3fdb83b633,
3838b1fc-d0da-11f0-9ba0-fc3fdb83b633,643E,true,Hoja,,,,,,,,1,false,31ff2127-d0da-11f0-9ba0-fc3fdb83b633,
3838d61b-d0da-11f0-9ba0-fc3fdb83b633,643F,true,Rama,,,,,,,,1,false,31ff2127-d0da-11f0-9ba0-fc3fdb83b633,
3838fa95-d0da-11f0-9ba0-fc3fdb83b633,644A,true,Hoja,,,,,,,,1,false,31ff2378-d0da-11f0-9ba0-fc3fdb83b633,
38392805-d0da-11f0-9ba0-fc3fdb83b633,644B,true,Pecíolo,,,,,,,,1,false,31ff2378-d0da-11f0-9ba0-fc3fdb83b633,
38394c73-d0da-11f0-9ba0-fc3fdb83b633,644C,true,Hoja,,,,,,,,1,false,31ff2378-d0da-11f0-9ba0-fc3fdb83b633,
38399927-d0da-11f0-9ba0-fc3fdb83b633,644D,true,Rama,,,,,,,,1,false,31ff2378-d0da-11f0-9ba0-fc3fdb83b633,
3839de8e-d0da-11f0-9ba0-fc3fdb83b633,644E,true,Hoja,,,,,,,,1,false,31ff2378-d0da-11f0-9ba0-fc3fdb83b633,
383a2205-d0da-11f0-9ba0-fc3fdb83b633,644G,true,Rama,,,,,,,,1,false,31ff2378-d0da-11f0-9ba0-fc3fdb83b633,
383a6521-d0da-11f0-9ba0-fc3fdb83b633,644H,true,Hoja,,,,,,,,1,false,31ff2378-d0da-11f0-9ba0-fc3fdb83b633,
383aa91e-d0da-11f0-9ba0-fc3fdb83b633,644I,true,Hoja,,,,,,,,1,false,31ff2378-d0da-11f0-9ba0-fc3fdb83b633,
383aed3e-d0da-11f0-9ba0-fc3fdb83b633,644J,true,Hoja,,,,,,,,1,false,31ff2378-d0da-11f0-9ba0-fc3fdb83b633,
383b3179-d0da-11f0-9ba0-fc3fdb83b633,645A,true,Rama,,,,,,,,1,false,31ff25d0-d0da-11f0-9ba0-fc3fdb83b633,
383b742c-d0da-11f0-9ba0-fc3fdb83b633,645B,true,Hoja,,,,,,,,1,false,31ff25d0-d0da-11f0-9ba0-fc3fdb83b633,
383bb72c-d0da-11f0-9ba0-fc3fdb83b633,645D,true,Hoja,,,,,,,,1,false,31ff25d0-d0da-11f0-9ba0-fc3fdb83b633,
383c1b2b-d0da-11f0-9ba0-fc3fdb83b633,645E,true,Rama,,,,,,,,1,false,31ff25d0-d0da-11f0-9ba0-fc3fdb83b633,
383c607f-d0da-11f0-9ba0-fc3fdb83b633,646A,true,Hoja,,,,,,,,1,false,31ff2853-d0da-11f0-9ba0-fc3fdb83b633,3028055e-d0da-11f0-9ba0-fc3fdb83b633
383ca59f-d0da-11f0-9ba0-fc3fdb83b633,646B,true,Hoja,,,,,,,,1,false,31ff2853-d0da-11f0-9ba0-fc3fdb83b633,
383cea3d-d0da-11f0-9ba0-fc3fdb83b633,646C,true,Rama,,,,,,,,1,false,31ff2853-d0da-11f0-9ba0-fc3fdb83b633,
383d31fb-d0da-11f0-9ba0-fc3fdb83b633,646D,true,Hoja,,,,,,,,1,false,31ff2853-d0da-11f0-9ba0-fc3fdb83b633,
383d5f76-d0da-11f0-9ba0-fc3fdb83b633,646E,true,Hoja,,,,,,,,1,false,31ff2853-d0da-11f0-9ba0-fc3fdb83b633,
383d885e-d0da-11f0-9ba0-fc3fdb83b633,646F,true,Hoja,,,,,,,,1,false,31ff2853-d0da-11f0-9ba0-fc3fdb83b633,
383db46a-d0da-11f0-9ba0-fc3fdb83b633,647A,true,Rama,,,,,,,,1,false,31ff2b09-d0da-11f0-9ba0-fc3fdb83b633,
383ddcbb-d0da-11f0-9ba0-fc3fdb83b633,647B,true,Hoja,,,,,,,,1,false,31ff2b09-d0da-11f0-9ba0-fc3fdb83b633,
383e051c-d0da-11f0-9ba0-fc3fdb83b633,647C,true,Hoja,,,,,,,,1,false,31ff2b09-d0da-11f0-9ba0-fc3fdb83b633,
383e2a8c-d0da-11f0-9ba0-fc3fdb83b633,648A,true,Hoja,,,,,,,,1,false,31ff2dac-d0da-11f0-9ba0-fc3fdb83b633,3027edbd-d0da-11f0-9ba0-fc3fdb83b633
383e58fc-d0da-11f0-9ba0-fc3fdb83b633,649A,true,Pecíolo,,,,,,,,1,false,31ff2ff2-d0da-11f0-9ba0-fc3fdb83b633,3027edbd-d0da-11f0-9ba0-fc3fdb83b633
383e99d0-d0da-11f0-9ba0-fc3fdb83b633,649B,true,Rama,,,,,,,,1,false,31ff2ff2-d0da-11f0-9ba0-fc3fdb83b633,3027edbd-d0da-11f0-9ba0-fc3fdb83b633
383ee0d6-d0da-11f0-9ba0-fc3fdb83b633,649C,true,Rama,,,,,,,,1,false,31ff2ff2-d0da-11f0-9ba0-fc3fdb83b633,3027edbd-d0da-11f0-9ba0-fc3fdb83b633
383f1e00-d0da-11f0-9ba0-fc3fdb83b633,64A,true,Tronco,,,,,,,,1,false,31fcc610-d0da-11f0-9ba0-fc3fdb83b633,3027edbd-d0da-11f0-9ba0-fc3fdb83b633
383f63e0-d0da-11f0-9ba0-fc3fdb83b633,64B,true,Hoja,,,,,,,,1,false,31fcc610-d0da-11f0-9ba0-fc3fdb83b633,3027edbd-d0da-11f0-9ba0-fc3fdb83b633
383faa48-d0da-11f0-9ba0-fc3fdb83b633,64C,true,Hoja,,,,,,,,1,false,31fcc610-d0da-11f0-9ba0-fc3fdb83b633,3027edbd-d0da-11f0-9ba0-fc3fdb83b633
383ffb08-d0da-11f0-9ba0-fc3fdb83b633,650A,true,Pecíolo,,,,,,,,1,false,31ff326c-d0da-11f0-9ba0-fc3fdb83b633,3027edbd-d0da-11f0-9ba0-fc3fdb83b633
384041ed-d0da-11f0-9ba0-fc3fdb83b633,650B,true,Rama,,,,,,,,1,false,31ff326c-d0da-11f0-9ba0-fc3fdb83b633,3027f9bf-d0da-11f0-9ba0-fc3fdb83b633
384088b0-d0da-11f0-9ba0-fc3fdb83b633,650C,true,Hoja,,,,,,,,1,false,31ff326c-d0da-11f0-9ba0-fc3fdb83b633,3027edbd-d0da-11f0-9ba0-fc3fdb83b633
3840ceae-d0da-11f0-9ba0-fc3fdb83b633,650D,true,Rama,,,,,,,,1,false,31ff326c-d0da-11f0-9ba0-fc3fdb83b633,3027edbd-d0da-11f0-9ba0-fc3fdb83b633
384116a7-d0da-11f0-9ba0-fc3fdb83b633,652A,true,Pecíolo,,,,,,,,1,false,31ff3517-d0da-11f0-9ba0-fc3fdb83b633,3027edbd-d0da-11f0-9ba0-fc3fdb83b633
38415e30-d0da-11f0-9ba0-fc3fdb83b633,652B,true,Hoja,,,,,,,,1,false,31ff3517-d0da-11f0-9ba0-fc3fdb83b633,3027edbd-d0da-11f0-9ba0-fc3fdb83b633
3841a421-d0da-11f0-9ba0-fc3fdb83b633,652C,true,Pecíolo,,,,,,,,1,false,31ff3517-d0da-11f0-9ba0-fc3fdb83b633,30280966-d0da-11f0-9ba0-fc3fdb83b633
3841e978-d0da-11f0-9ba0-fc3fdb83b633,652D,true,Pecíolo,,,,,,,,1,false,31ff3517-d0da-11f0-9ba0-fc3fdb83b633,3027edbd-d0da-11f0-9ba0-fc3fdb83b633
38422fe6-d0da-11f0-9ba0-fc3fdb83b633,652E,true,Rama,,,,,,,,1,false,31ff3517-d0da-11f0-9ba0-fc3fdb83b633,3027edbd-d0da-11f0-9ba0-fc3fdb83b633
384275d9-d0da-11f0-9ba0-fc3fdb83b633,652F,true,Rama,,,,,,,,1,false,31ff3517-d0da-11f0-9ba0-fc3fdb83b633,3027edbd-d0da-11f0-9ba0-fc3fdb83b633
3842bc39-d0da-11f0-9ba0-fc3fdb83b633,653A,true,Hoja,,,,,,,,1,false,31ff37b2-d0da-11f0-9ba0-fc3fdb83b633,30280ee7-d0da-11f0-9ba0-fc3fdb83b633
384301fb-d0da-11f0-9ba0-fc3fdb83b633,653B,true,Pecíolo,,,,,,,,1,false,31ff37b2-d0da-11f0-9ba0-fc3fdb83b633,3027edbd-d0da-11f0-9ba0-fc3fdb83b633
384347dc-d0da-11f0-9ba0-fc3fdb83b633,653C,true,Hoja,,,,,,,,1,false,31ff37b2-d0da-11f0-9ba0-fc3fdb83b633,3027edbd-d0da-11f0-9ba0-fc3fdb83b633
38438dde-d0da-11f0-9ba0-fc3fdb83b633,654A,true,Hoja,,,,,,,,1,false,31ff3a3b-d0da-11f0-9ba0-fc3fdb83b633,3027edbd-d0da-11f0-9ba0-fc3fdb83b633
3843eed8-d0da-11f0-9ba0-fc3fdb83b633,654B,true,Hoja,,,,,,,,1,false,31ff3a3b-d0da-11f0-9ba0-fc3fdb83b633,3027edbd-d0da-11f0-9ba0-fc3fdb83b633
38445016-d0da-11f0-9ba0-fc3fdb83b633,655A,true,Hoja,,,,,,,,1,false,31ff3ca8-d0da-11f0-9ba0-fc3fdb83b633,3027edbd-d0da-11f0-9ba0-fc3fdb83b633
3844b1b8-d0da-11f0-9ba0-fc3fdb83b633,655B,true,Hoja,,,,,,,,1,false,31ff3ca8-d0da-11f0-9ba0-fc3fdb83b633,3027f9bf-d0da-11f0-9ba0-fc3fdb83b633
3844f99a-d0da-11f0-9ba0-fc3fdb83b633,655C,true,Hoja,,,,,,,,1,false,31ff3ca8-d0da-11f0-9ba0-fc3fdb83b633,3027edbd-d0da-11f0-9ba0-fc3fdb83b633
3845421b-d0da-11f0-9ba0-fc3fdb83b633,655D,true,Pecíolo,,,,,,,,1,false,31ff3ca8-d0da-11f0-9ba0-fc3fdb83b633,3027edbd-d0da-11f0-9ba0-fc3fdb83b633
38458848-d0da-11f0-9ba0-fc3fdb83b633,655E,true,Rama,,,,,,,,1,false,31ff3ca8-d0da-11f0-9ba0-fc3fdb83b633,3027edbd-d0da-11f0-9ba0-fc3fdb83b633
3845cee1-d0da-11f0-9ba0-fc3fdb83b633,655F,true,Rama,,,,,,,,1,false,31ff3ca8-d0da-11f0-9ba0-fc3fdb83b633,3027f7f9-d0da-11f0-9ba0-fc3fdb83b633
3846383d-d0da-11f0-9ba0-fc3fdb83b633,656A,true,Rama,,,,,,,,1,false,31ff3f38-d0da-11f0-9ba0-fc3fdb83b633,3027edbd-d0da-11f0-9ba0-fc3fdb83b633
38467f97-d0da-11f0-9ba0-fc3fdb83b633,656B,true,Rama,,,,,,,,1,false,31ff3f38-d0da-11f0-9ba0-fc3fdb83b633,3027edbd-d0da-11f0-9ba0-fc3fdb83b633
3846c6db-d0da-11f0-9ba0-fc3fdb83b633,657A,true,Hoja,,,,,,,,1,false,31ff41ca-d0da-11f0-9ba0-fc3fdb83b633,3027edbd-d0da-11f0-9ba0-fc3fdb83b633
384712f8-d0da-11f0-9ba0-fc3fdb83b633,658A,true,Hoja,,,,,,,,1,false,31ff4471-d0da-11f0-9ba0-fc3fdb83b633,3027edbd-d0da-11f0-9ba0-fc3fdb83b633
38475cc8-d0da-11f0-9ba0-fc3fdb83b633,658B,true,Hoja,,,,,,,,1,false,31ff4471-d0da-11f0-9ba0-fc3fdb83b633,3027edbd-d0da-11f0-9ba0-fc3fdb83b633
3847a479-d0da-11f0-9ba0-fc3fdb83b633,658C,true,Hoja,,,,,,,,1,false,31ff4471-d0da-11f0-9ba0-fc3fdb83b633,3027edbd-d0da-11f0-9ba0-fc3fdb83b633
3847eb27-d0da-11f0-9ba0-fc3fdb83b633,658D,true,Pecíolo,,,,,,,,1,false,31ff4471-d0da-11f0-9ba0-fc3fdb83b633,3027f4ae-d0da-11f0-9ba0-fc3fdb83b633
384831b3-d0da-11f0-9ba0-fc3fdb83b633,659A,true,Hoja,,,,,,,,1,false,31ff46c5-d0da-11f0-9ba0-fc3fdb83b633,3027edbd-d0da-11f0-9ba0-fc3fdb83b633
38488cab-d0da-11f0-9ba0-fc3fdb83b633,659B,true,Rama,,,,,,,,1,false,31ff46c5-d0da-11f0-9ba0-fc3fdb83b633,3027edbd-d0da-11f0-9ba0-fc3fdb83b633
38494228-d0da-11f0-9ba0-fc3fdb83b633,659C,true,Hoja,,,,,,,,1,false,31ff46c5-d0da-11f0-9ba0-fc3fdb83b633,3028136d-d0da-11f0-9ba0-fc3fdb83b633
38498704-d0da-11f0-9ba0-fc3fdb83b633,659D,true,Rama,,,,,,,,1,false,31ff46c5-d0da-11f0-9ba0-fc3fdb83b633,3027edbd-d0da-11f0-9ba0-fc3fdb83b633
3849cf18-d0da-11f0-9ba0-fc3fdb83b633,659E,true,Hoja,,,,,,,,1,false,31ff46c5-d0da-11f0-9ba0-fc3fdb83b633,3027edbd-d0da-11f0-9ba0-fc3fdb83b633
384a17a7-d0da-11f0-9ba0-fc3fdb83b633,659F,true,Hoja,,,,,,,,1,false,31ff46c5-d0da-11f0-9ba0-fc3fdb83b633,3027edbd-d0da-11f0-9ba0-fc3fdb83b633
384a5f43-d0da-11f0-9ba0-fc3fdb83b633,659G,true,Rama,,,,,,,,1,false,31ff46c5-d0da-11f0-9ba0-fc3fdb83b633,3027edbd-d0da-11f0-9ba0-fc3fdb83b633
384aa708-d0da-11f0-9ba0-fc3fdb83b633,659H,true,Rama,,,,,,,,1,false,31ff46c5-d0da-11f0-9ba0-fc3fdb83b633,3027edbd-d0da-11f0-9ba0-fc3fdb83b633
384ae439-d0da-11f0-9ba0-fc3fdb83b633,65A,true,Hoja,,,,,,,,1,false,31fcc915-d0da-11f0-9ba0-fc3fdb83b633,3027edbd-d0da-11f0-9ba0-fc3fdb83b633
384b3758-d0da-11f0-9ba0-fc3fdb83b633,65C,true,Hoja,,,,,,,,1,false,31fcc915-d0da-11f0-9ba0-fc3fdb83b633,3028031c-d0da-11f0-9ba0-fc3fdb83b633
384ba155-d0da-11f0-9ba0-fc3fdb83b633,660A,true,Pecíolo,,,,,,,,1,false,31ff4925-d0da-11f0-9ba0-fc3fdb83b633,3027edbd-d0da-11f0-9ba0-fc3fdb83b633
384bee5b-d0da-11f0-9ba0-fc3fdb83b633,660B,true,Hoja,,,,,,,,1,false,31ff4925-d0da-11f0-9ba0-fc3fdb83b633,3027edbd-d0da-11f0-9ba0-fc3fdb83b633
384c18fc-d0da-11f0-9ba0-fc3fdb83b633,660C,true,Hoja,,,,,,,,1,false,31ff4925-d0da-11f0-9ba0-fc3fdb83b633,3027edbd-d0da-11f0-9ba0-fc3fdb83b633
384c4237-d0da-11f0-9ba0-fc3fdb83b633,660D,true,Hoja,,,,,,,,1,false,31ff4925-d0da-11f0-9ba0-fc3fdb83b633,3027edbd-d0da-11f0-9ba0-fc3fdb83b633
384c6b54-d0da-11f0-9ba0-fc3fdb83b633,660E,true,Hoja,,,,,,,,1,false,31ff4925-d0da-11f0-9ba0-fc3fdb83b633,3027edbd-d0da-11f0-9ba0-fc3fdb83b633
384c94ef-d0da-11f0-9ba0-fc3fdb83b633,660F,true,Rama,,,,,,,,1,false,31ff4925-d0da-11f0-9ba0-fc3fdb83b633,3027edbd-d0da-11f0-9ba0-fc3fdb83b633
384cc00e-d0da-11f0-9ba0-fc3fdb83b633,661A,true,Hoja,,,,,,,,1,false,31ff4b85-d0da-11f0-9ba0-fc3fdb83b633,3027edbd-d0da-11f0-9ba0-fc3fdb83b633
384cf558-d0da-11f0-9ba0-fc3fdb83b633,662A,true,Hoja,,,,,,,,1,false,31ff4df6-d0da-11f0-9ba0-fc3fdb83b633,3027edbd-d0da-11f0-9ba0-fc3fdb83b633
384d3c31-d0da-11f0-9ba0-fc3fdb83b633,662B,true,Hoja,,,,,,,,1,false,31ff4df6-d0da-11f0-9ba0-fc3fdb83b633,3027edbd-d0da-11f0-9ba0-fc3fdb83b633
384d841c-d0da-11f0-9ba0-fc3fdb83b633,663A,true,Hoja,,,,,,,,1,false,31ff508f-d0da-11f0-9ba0-fc3fdb83b633,3027edbd-d0da-11f0-9ba0-fc3fdb83b633
384dcfc2-d0da-11f0-9ba0-fc3fdb83b633,663B,true,Hoja,,,,,,,,1,false,31ff508f-d0da-11f0-9ba0-fc3fdb83b633,3027edbd-d0da-11f0-9ba0-fc3fdb83b633
384df8a1-d0da-11f0-9ba0-fc3fdb83b633,664A,true,Hoja,,,,,,,,1,false,31ff5324-d0da-11f0-9ba0-fc3fdb83b633,3027edbd-d0da-11f0-9ba0-fc3fdb83b633
384e1df0-d0da-11f0-9ba0-fc3fdb83b633,664B,true,Hoja,,,,,,,,1,false,31ff5324-d0da-11f0-9ba0-fc3fdb83b633,3027edbd-d0da-11f0-9ba0-fc3fdb83b633
384e442e-d0da-11f0-9ba0-fc3fdb83b633,664C,true,Hoja,,,,,,,,1,false,31ff5324-d0da-11f0-9ba0-fc3fdb83b633,3027edbd-d0da-11f0-9ba0-fc3fdb83b633
384e7274-d0da-11f0-9ba0-fc3fdb83b633,665A,true,Hoja,,,,,,,,1,false,31ff55b1-d0da-11f0-9ba0-fc3fdb83b633,3027edbd-d0da-11f0-9ba0-fc3fdb83b633
384eb777-d0da-11f0-9ba0-fc3fdb83b633,665B,true,Rama,,,,,,,,1,false,31ff55b1-d0da-11f0-9ba0-fc3fdb83b633,3027edbd-d0da-11f0-9ba0-fc3fdb83b633
384efc29-d0da-11f0-9ba0-fc3fdb83b633,665C,true,Pecíolo,,,,,,,,1,false,31ff55b1-d0da-11f0-9ba0-fc3fdb83b633,302813dd-d0da-11f0-9ba0-fc3fdb83b633
384f400a-d0da-11f0-9ba0-fc3fdb83b633,665D,true,Hoja,,,,,,,,1,false,31ff55b1-d0da-11f0-9ba0-fc3fdb83b633,3027edbd-d0da-11f0-9ba0-fc3fdb83b633
384f84f3-d0da-11f0-9ba0-fc3fdb83b633,665E,true,Rama,,,,,,,,1,false,31ff55b1-d0da-11f0-9ba0-fc3fdb83b633,3027edbd-d0da-11f0-9ba0-fc3fdb83b633
384fc9b5-d0da-11f0-9ba0-fc3fdb83b633,665F,true,Rama,,,,,,,,1,false,31ff55b1-d0da-11f0-9ba0-fc3fdb83b633,3027edbd-d0da-11f0-9ba0-fc3fdb83b633
38500e6d-d0da-11f0-9ba0-fc3fdb83b633,666A,true,Hoja,,,,,,,,1,false,31ff5869-d0da-11f0-9ba0-fc3fdb83b633,3028011a-d0da-11f0-9ba0-fc3fdb83b633
3850547c-d0da-11f0-9ba0-fc3fdb83b633,666B,true,Rama,,,,,,,,1,false,31ff5869-d0da-11f0-9ba0-fc3fdb83b633,3027edbd-d0da-11f0-9ba0-fc3fdb83b633
385099ec-d0da-11f0-9ba0-fc3fdb83b633,666C,true,Rama,,,,,,,,1,false,31ff5869-d0da-11f0-9ba0-fc3fdb83b633,3027edbd-d0da-11f0-9ba0-fc3fdb83b633
3850df41-d0da-11f0-9ba0-fc3fdb83b633,666D,true,Rama,,,,,,,,1,false,31ff5869-d0da-11f0-9ba0-fc3fdb83b633,3027edbd-d0da-11f0-9ba0-fc3fdb83b633
385123cb-d0da-11f0-9ba0-fc3fdb83b633,666E,true,Rama,,,,,,,,1,false,31ff5869-d0da-11f0-9ba0-fc3fdb83b633,3027edbd-d0da-11f0-9ba0-fc3fdb83b633
385168bc-d0da-11f0-9ba0-fc3fdb83b633,669A,true,Hoja,,,,,,,,1,false,31ff5b31-d0da-11f0-9ba0-fc3fdb83b633,30281433-d0da-11f0-9ba0-fc3fdb83b633
3851a25e-d0da-11f0-9ba0-fc3fdb83b633,66A,true,Hoja,,,,,,,,1,false,31fccc2f-d0da-11f0-9ba0-fc3fdb83b633,3027edbd-d0da-11f0-9ba0-fc3fdb83b633
3851e6af-d0da-11f0-9ba0-fc3fdb83b633,66B,true,Hoja,,,,,,,,1,false,31fccc2f-d0da-11f0-9ba0-fc3fdb83b633,3027edbd-d0da-11f0-9ba0-fc3fdb83b633
38522dbf-d0da-11f0-9ba0-fc3fdb83b633,66C,true,Hoja,,,,,,,,1,false,31fccc2f-d0da-11f0-9ba0-fc3fdb83b633,3028029a-d0da-11f0-9ba0-fc3fdb83b633
38527f19-d0da-11f0-9ba0-fc3fdb83b633,670A,true,Hoja,,,,,,,,1,false,31ff5dfc-d0da-11f0-9ba0-fc3fdb83b633,3027edbd-d0da-11f0-9ba0-fc3fdb83b633
3852d4bc-d0da-11f0-9ba0-fc3fdb83b633,670B,true,Hoja,,,,,,,,1,false,31ff5dfc-d0da-11f0-9ba0-fc3fdb83b633,3027edbd-d0da-11f0-9ba0-fc3fdb83b633
38532f2d-d0da-11f0-9ba0-fc3fdb83b633,670C,true,Hoja,,,,,,,,1,false,31ff5dfc-d0da-11f0-9ba0-fc3fdb83b633,3027edbd-d0da-11f0-9ba0-fc3fdb83b633
38536977-d0da-11f0-9ba0-fc3fdb83b633,670D,true,Hoja,,,,,,,,1,false,31ff5dfc-d0da-11f0-9ba0-fc3fdb83b633,3027edbd-d0da-11f0-9ba0-fc3fdb83b633
38539343-d0da-11f0-9ba0-fc3fdb83b633,670E,true,Hoja,,,,,,,,1,false,31ff5dfc-d0da-11f0-9ba0-fc3fdb83b633,30281491-d0da-11f0-9ba0-fc3fdb83b633
3853be0b-d0da-11f0-9ba0-fc3fdb83b633,671A,true,Hoja,,,,,,,,1,false,31ff6098-d0da-11f0-9ba0-fc3fdb83b633,3027edbd-d0da-11f0-9ba0-fc3fdb83b633
3853e312-d0da-11f0-9ba0-fc3fdb83b633,672A,true,Hoja,,,,,,,,1,false,31ff630d-d0da-11f0-9ba0-fc3fdb83b633,3027f9bf-d0da-11f0-9ba0-fc3fdb83b633
38540839-d0da-11f0-9ba0-fc3fdb83b633,673A,true,Pecíolo,,,,,,,,1,false,31ff6596-d0da-11f0-9ba0-fc3fdb83b633,30280966-d0da-11f0-9ba0-fc3fdb83b633
38542dcf-d0da-11f0-9ba0-fc3fdb83b633,673B,true,Rama,,,,,,,,1,false,31ff6596-d0da-11f0-9ba0-fc3fdb83b633,3027edbd-d0da-11f0-9ba0-fc3fdb83b633
38545314-d0da-11f0-9ba0-fc3fdb83b633,673C,true,Rama,,,,,,,,1,false,31ff6596-d0da-11f0-9ba0-fc3fdb83b633,3027edbd-d0da-11f0-9ba0-fc3fdb83b633
385477ce-d0da-11f0-9ba0-fc3fdb83b633,673D,true,Hoja,,,,,,,,1,false,31ff6596-d0da-11f0-9ba0-fc3fdb83b633,
3854a4e0-d0da-11f0-9ba0-fc3fdb83b633,674A,true,Rama,,,,,,,,1,false,31ff683b-d0da-11f0-9ba0-fc3fdb83b633,3027edbd-d0da-11f0-9ba0-fc3fdb83b633
3854cdc5-d0da-11f0-9ba0-fc3fdb83b633,674B,true,Rama,,,,,,,,1,false,31ff683b-d0da-11f0-9ba0-fc3fdb83b633,3027edbd-d0da-11f0-9ba0-fc3fdb83b633
3854f76f-d0da-11f0-9ba0-fc3fdb83b633,674C,true,Hoja,,,,,,,,1,false,31ff683b-d0da-11f0-9ba0-fc3fdb83b633,30281523-d0da-11f0-9ba0-fc3fdb83b633
38551efd-d0da-11f0-9ba0-fc3fdb83b633,674D,true,Hoja,,,,,,,,1,false,31ff683b-d0da-11f0-9ba0-fc3fdb83b633,3027edbd-d0da-11f0-9ba0-fc3fdb83b633
38556691-d0da-11f0-9ba0-fc3fdb83b633,675A,true,Hoja,,,,,,,,1,false,31ff6ac8-d0da-11f0-9ba0-fc3fdb83b633,3027f4ae-d0da-11f0-9ba0-fc3fdb83b633
3855ae3b-d0da-11f0-9ba0-fc3fdb83b633,675B,true,Hoja,,,,,,,,1,false,31ff6ac8-d0da-11f0-9ba0-fc3fdb83b633,3027edbd-d0da-11f0-9ba0-fc3fdb83b633
3855f4b5-d0da-11f0-9ba0-fc3fdb83b633,675C,true,Hoja,,,,,,,,1,false,31ff6ac8-d0da-11f0-9ba0-fc3fdb83b633,3027edbd-d0da-11f0-9ba0-fc3fdb83b633
38563b3c-d0da-11f0-9ba0-fc3fdb83b633,676A,true,Hoja,,,,,,,,1,false,31ff6d64-d0da-11f0-9ba0-fc3fdb83b633,3027edbd-d0da-11f0-9ba0-fc3fdb83b633
385676d2-d0da-11f0-9ba0-fc3fdb83b633,67B,true,Hoja,,,,,,,,1,false,31fccf36-d0da-11f0-9ba0-fc3fdb83b633,3027edbd-d0da-11f0-9ba0-fc3fdb83b633
3856bd3b-d0da-11f0-9ba0-fc3fdb83b633,67D,true,Hoja,,,,,,,,1,false,31fccf36-d0da-11f0-9ba0-fc3fdb83b633,3028029a-d0da-11f0-9ba0-fc3fdb83b633
385702ab-d0da-11f0-9ba0-fc3fdb83b633,68A,true,Hoja,,,,,,,,1,false,31fcd2a3-d0da-11f0-9ba0-fc3fdb83b633,3027edbd-d0da-11f0-9ba0-fc3fdb83b633
38574a71-d0da-11f0-9ba0-fc3fdb83b633,68B,true,Hoja,,,,,,,,1,false,31fcd2a3-d0da-11f0-9ba0-fc3fdb83b633,3027edbd-d0da-11f0-9ba0-fc3fdb83b633
38578d5c-d0da-11f0-9ba0-fc3fdb83b633,690A,true,Hoja,,,,,,,,1,false,31fbc556-d0da-11f0-9ba0-fc3fdb83b633,3027ff56-d0da-11f0-9ba0-fc3fdb83b633
3857d413-d0da-11f0-9ba0-fc3fdb83b633,690B,true,Hoja,,,,,,,,1,false,31fbc556-d0da-11f0-9ba0-fc3fdb83b633,3027edbd-d0da-11f0-9ba0-fc3fdb83b633
38581ada-d0da-11f0-9ba0-fc3fdb83b633,690C,true,Hoja,,,,,,,,1,false,31fbc556-d0da-11f0-9ba0-fc3fdb83b633,3027edbd-d0da-11f0-9ba0-fc3fdb83b633
385862ba-d0da-11f0-9ba0-fc3fdb83b633,691A,true,Hoja,,,,,,,,1,false,31fbc7a7-d0da-11f0-9ba0-fc3fdb83b633,3027edbd-d0da-11f0-9ba0-fc3fdb83b633
3858a98b-d0da-11f0-9ba0-fc3fdb83b633,691B,true,Pecíolo,,,,,,,,1,false,31fbc7a7-d0da-11f0-9ba0-fc3fdb83b633,3027edbd-d0da-11f0-9ba0-fc3fdb83b633
3858f00b-d0da-11f0-9ba0-fc3fdb83b633,691C,true,Hoja,,,,,,,,1,false,31fbc7a7-d0da-11f0-9ba0-fc3fdb83b633,3027edbd-d0da-11f0-9ba0-fc3fdb83b633
385936de-d0da-11f0-9ba0-fc3fdb83b633,692A,true,Hoja,,,,,,,,1,false,31fbca77-d0da-11f0-9ba0-fc3fdb83b633,3027ff97-d0da-11f0-9ba0-fc3fdb83b633
38597c9c-d0da-11f0-9ba0-fc3fdb83b633,692B,true,Hoja,,,,,,,,1,false,31fbca77-d0da-11f0-9ba0-fc3fdb83b633,3027edbd-d0da-11f0-9ba0-fc3fdb83b633
3859c2ef-d0da-11f0-9ba0-fc3fdb83b633,693A,true,Pecíolo,,,,,,,,1,false,31fbccd8-d0da-11f0-9ba0-fc3fdb83b633,3027edbd-d0da-11f0-9ba0-fc3fdb83b633
385a0a8d-d0da-11f0-9ba0-fc3fdb83b633,693B,true,Pecíolo,,,,,,,,1,false,31fbccd8-d0da-11f0-9ba0-fc3fdb83b633,3027edbd-d0da-11f0-9ba0-fc3fdb83b633
385a577f-d0da-11f0-9ba0-fc3fdb83b633,694A,true,Hoja,,,,,,,,1,false,31fbcf15-d0da-11f0-9ba0-fc3fdb83b633,3027ffd7-d0da-11f0-9ba0-fc3fdb83b633
385aa8e8-d0da-11f0-9ba0-fc3fdb83b633,694B,true,Hoja,,,,,,,,1,false,31fbcf15-d0da-11f0-9ba0-fc3fdb83b633,3027edbd-d0da-11f0-9ba0-fc3fdb83b633
385af918-d0da-11f0-9ba0-fc3fdb83b633,694C,true,Hoja,,,,,,,,1,false,31fbcf15-d0da-11f0-9ba0-fc3fdb83b633,3027edbd-d0da-11f0-9ba0-fc3fdb83b633
385b3e13-d0da-11f0-9ba0-fc3fdb83b633,694D,true,Pecíolo,,,,,,,,1,false,31fbcf15-d0da-11f0-9ba0-fc3fdb83b633,3027edbd-d0da-11f0-9ba0-fc3fdb83b633
385b8269-d0da-11f0-9ba0-fc3fdb83b633,694E,true,Hoja,,,,,,,,1,false,31fbcf15-d0da-11f0-9ba0-fc3fdb83b633,3027edbd-d0da-11f0-9ba0-fc3fdb83b633
385bc68e-d0da-11f0-9ba0-fc3fdb83b633,695A,true,Rama,,,,,,,,1,false,31fbd161-d0da-11f0-9ba0-fc3fdb83b633,3027edbd-d0da-11f0-9ba0-fc3fdb83b633
385c0ac2-d0da-11f0-9ba0-fc3fdb83b633,695B,true,Rama,,,,,,,,1,false,31fbd161-d0da-11f0-9ba0-fc3fdb83b633,3027edbd-d0da-11f0-9ba0-fc3fdb83b633
385c50fa-d0da-11f0-9ba0-fc3fdb83b633,696A,true,Hoja,,,,,,,,1,false,31fbd35a-d0da-11f0-9ba0-fc3fdb83b633,3027edbd-d0da-11f0-9ba0-fc3fdb83b633
385c99dd-d0da-11f0-9ba0-fc3fdb83b633,696B,true,Hoja,,,,,,,,1,false,31fbd35a-d0da-11f0-9ba0-fc3fdb83b633,3027edbd-d0da-11f0-9ba0-fc3fdb83b633
385d48f5-d0da-11f0-9ba0-fc3fdb83b633,696C,true,Hoja,,,,,,,,1,false,31fbd35a-d0da-11f0-9ba0-fc3fdb83b633,30280016-d0da-11f0-9ba0-fc3fdb83b633
385de646-d0da-11f0-9ba0-fc3fdb83b633,696D,true,Rama,,,,,,,,1,false,31fbd35a-d0da-11f0-9ba0-fc3fdb83b633,3027edbd-d0da-11f0-9ba0-fc3fdb83b633
385e7f8f-d0da-11f0-9ba0-fc3fdb83b633,697A,true,Hoja,,,,,,,,1,false,31fbd566-d0da-11f0-9ba0-fc3fdb83b633,3027edbd-d0da-11f0-9ba0-fc3fdb83b633
385fa41b-d0da-11f0-9ba0-fc3fdb83b633,698A,true,Hoja,,,,,,,,1,false,31fbd77a-d0da-11f0-9ba0-fc3fdb83b633,3027edbd-d0da-11f0-9ba0-fc3fdb83b633
38601ac1-d0da-11f0-9ba0-fc3fdb83b633,698B,true,Hoja,,,,,,,,1,false,31fbd77a-d0da-11f0-9ba0-fc3fdb83b633,3027f4ae-d0da-11f0-9ba0-fc3fdb83b633
386095bd-d0da-11f0-9ba0-fc3fdb83b633,698C,true,Hoja,,,,,,,,1,false,31fbd77a-d0da-11f0-9ba0-fc3fdb83b633,3027edbd-d0da-11f0-9ba0-fc3fdb83b633
3860eddd-d0da-11f0-9ba0-fc3fdb83b633,69B,true,Hoja,,,,,,,,1,false,31fcd58e-d0da-11f0-9ba0-fc3fdb83b633,3027edbd-d0da-11f0-9ba0-fc3fdb83b633
38613458-d0da-11f0-9ba0-fc3fdb83b633,69C,true,Hoja,,,,,,,,1,false,31fcd58e-d0da-11f0-9ba0-fc3fdb83b633,3027edbd-d0da-11f0-9ba0-fc3fdb83b633
38618625-d0da-11f0-9ba0-fc3fdb83b633,69D,true,Hoja,,,,,,,,1,false,31fcd58e-d0da-11f0-9ba0-fc3fdb83b633,3027edbd-d0da-11f0-9ba0-fc3fdb83b633
3861d019-d0da-11f0-9ba0-fc3fdb83b633,69E,true,Hoja,,,,,,,,1,false,31fcd58e-d0da-11f0-9ba0-fc3fdb83b633,3027edbd-d0da-11f0-9ba0-fc3fdb83b633
38621743-d0da-11f0-9ba0-fc3fdb83b633,6A,true,Hoja,,,,,,,,1,false,31fa21fe-d0da-11f0-9ba0-fc3fdb83b633,3027edbd-d0da-11f0-9ba0-fc3fdb83b633
3862670c-d0da-11f0-9ba0-fc3fdb83b633,6B,true,Tronco,,,,,,,,1,false,31fa21fe-d0da-11f0-9ba0-fc3fdb83b633,3027edbd-d0da-11f0-9ba0-fc3fdb83b633
3862ab10-d0da-11f0-9ba0-fc3fdb83b633,6E,true,Tronco,,,,,,,,1,false,31fa21fe-d0da-11f0-9ba0-fc3fdb83b633,3027edbd-d0da-11f0-9ba0-fc3fdb83b633
3862fcb8-d0da-11f0-9ba0-fc3fdb83b633,702A,true,Hoja,,,,,,,,1,false,31fbd99d-d0da-11f0-9ba0-fc3fdb83b633,3027edbd-d0da-11f0-9ba0-fc3fdb83b633
38634373-d0da-11f0-9ba0-fc3fdb83b633,702B,true,Hoja,,,,,,,,1,false,31fbd99d-d0da-11f0-9ba0-fc3fdb83b633,3027edbd-d0da-11f0-9ba0-fc3fdb83b633
38638849-d0da-11f0-9ba0-fc3fdb83b633,702C,true,Hoja,,,,,,,,1,false,31fbd99d-d0da-11f0-9ba0-fc3fdb83b633,3027edbd-d0da-11f0-9ba0-fc3fdb83b633
3863f6db-d0da-11f0-9ba0-fc3fdb83b633,703A,true,Rama,,,,,,,,1,false,31fbdbe3-d0da-11f0-9ba0-fc3fdb83b633,3027edbd-d0da-11f0-9ba0-fc3fdb83b633
38644f89-d0da-11f0-9ba0-fc3fdb83b633,704A,true,Rama,,,,,,,,1,false,31fbddf0-d0da-11f0-9ba0-fc3fdb83b633,3027edbd-d0da-11f0-9ba0-fc3fdb83b633
3864c897-d0da-11f0-9ba0-fc3fdb83b633,705A,true,Hoja,,,,,,,,1,false,31fbe02a-d0da-11f0-9ba0-fc3fdb83b633,
38651dfd-d0da-11f0-9ba0-fc3fdb83b633,705B,true,Pecíolo,,,,,,,,1,false,31fbe02a-d0da-11f0-9ba0-fc3fdb83b633,30280057-d0da-11f0-9ba0-fc3fdb83b633
38658692-d0da-11f0-9ba0-fc3fdb83b633,705C,true,Rama,,,,,,,,1,false,31fbe02a-d0da-11f0-9ba0-fc3fdb83b633,3027edbd-d0da-11f0-9ba0-fc3fdb83b633
3865daec-d0da-11f0-9ba0-fc3fdb83b633,706A,true,Rama,,,,,,,,1,false,31fbe257-d0da-11f0-9ba0-fc3fdb83b633,3027edbd-d0da-11f0-9ba0-fc3fdb83b633
38661f4c-d0da-11f0-9ba0-fc3fdb83b633,706B,true,Rama,,,,,,,,1,false,31fbe257-d0da-11f0-9ba0-fc3fdb83b633,3027edbd-d0da-11f0-9ba0-fc3fdb83b633
386743ed-d0da-11f0-9ba0-fc3fdb83b633,707A,true,Hoja,,,,,,,,1,false,31fbe495-d0da-11f0-9ba0-fc3fdb83b633,3027edbd-d0da-11f0-9ba0-fc3fdb83b633
38678ea8-d0da-11f0-9ba0-fc3fdb83b633,707B,true,Hoja,,,,,,,,1,false,31fbe495-d0da-11f0-9ba0-fc3fdb83b633,3027edbd-d0da-11f0-9ba0-fc3fdb83b633
3867d8e0-d0da-11f0-9ba0-fc3fdb83b633,708A,true,Hoja,,,,,,,,1,false,31fbe6e3-d0da-11f0-9ba0-fc3fdb83b633,30280099-d0da-11f0-9ba0-fc3fdb83b633
38682b44-d0da-11f0-9ba0-fc3fdb83b633,708B,true,Hoja,,,,,,,,1,false,31fbe6e3-d0da-11f0-9ba0-fc3fdb83b633,3027edbd-d0da-11f0-9ba0-fc3fdb83b633
38688256-d0da-11f0-9ba0-fc3fdb83b633,708C,true,Hoja,,,,,,,,1,false,31fbe6e3-d0da-11f0-9ba0-fc3fdb83b633,3027edbd-d0da-11f0-9ba0-fc3fdb83b633
3868d8fb-d0da-11f0-9ba0-fc3fdb83b633,708D,true,Hoja,,,,,,,,1,false,31fbe6e3-d0da-11f0-9ba0-fc3fdb83b633,3027edbd-d0da-11f0-9ba0-fc3fdb83b633
38694406-d0da-11f0-9ba0-fc3fdb83b633,710A,true,Pecíolo,,,,,,,,1,false,31ff7031-d0da-11f0-9ba0-fc3fdb83b633,3027edbd-d0da-11f0-9ba0-fc3fdb83b633
3869a456-d0da-11f0-9ba0-fc3fdb83b633,710B,true,Rama,,,,,,,,1,false,31ff7031-d0da-11f0-9ba0-fc3fdb83b633,3027edbd-d0da-11f0-9ba0-fc3fdb83b633
386a0133-d0da-11f0-9ba0-fc3fdb83b633,710C,true,Hoja,,,,,,,,1,false,31ff7031-d0da-11f0-9ba0-fc3fdb83b633,3027edbd-d0da-11f0-9ba0-fc3fdb83b633
386a48f7-d0da-11f0-9ba0-fc3fdb83b633,710D,true,Hoja,,,,,,,,1,false,31ff7031-d0da-11f0-9ba0-fc3fdb83b633,30281568-d0da-11f0-9ba0-fc3fdb83b633
386a8e97-d0da-11f0-9ba0-fc3fdb83b633,710E,true,Hoja,,,,,,,,1,false,31ff7031-d0da-11f0-9ba0-fc3fdb83b633,3027edbd-d0da-11f0-9ba0-fc3fdb83b633
386ad437-d0da-11f0-9ba0-fc3fdb83b633,710F,true,Hoja,,,,,,,,1,false,31ff7031-d0da-11f0-9ba0-fc3fdb83b633,3027edbd-d0da-11f0-9ba0-fc3fdb83b633
386b22f7-d0da-11f0-9ba0-fc3fdb83b633,710G,true,Pecíolo,,,,,,,,1,false,31ff7031-d0da-11f0-9ba0-fc3fdb83b633,3027edbd-d0da-11f0-9ba0-fc3fdb83b633
386b7c1a-d0da-11f0-9ba0-fc3fdb83b633,711A,true,Rama,,,,,,,,1,false,31ff72a3-d0da-11f0-9ba0-fc3fdb83b633,3027edbd-d0da-11f0-9ba0-fc3fdb83b633
386bd87d-d0da-11f0-9ba0-fc3fdb83b633,711B,true,Rama,,,,,,,,1,false,31ff72a3-d0da-11f0-9ba0-fc3fdb83b633,3027edbd-d0da-11f0-9ba0-fc3fdb83b633
386c20a7-d0da-11f0-9ba0-fc3fdb83b633,711C,true,Rama,,,,,,,,1,false,31ff72a3-d0da-11f0-9ba0-fc3fdb83b633,3027edbd-d0da-11f0-9ba0-fc3fdb83b633
386c651d-d0da-11f0-9ba0-fc3fdb83b633,711D,true,Hoja,,,,,,,,1,false,31ff72a3-d0da-11f0-9ba0-fc3fdb83b633,3027f4ae-d0da-11f0-9ba0-fc3fdb83b633
386caa3e-d0da-11f0-9ba0-fc3fdb83b633,711E,true,Hoja,,,,,,,,1,false,31ff72a3-d0da-11f0-9ba0-fc3fdb83b633,3027edbd-d0da-11f0-9ba0-fc3fdb83b633
386cf1ea-d0da-11f0-9ba0-fc3fdb83b633,711F,true,Hoja,,,,,,,,1,false,31ff72a3-d0da-11f0-9ba0-fc3fdb83b633,3027edbd-d0da-11f0-9ba0-fc3fdb83b633
386d3d39-d0da-11f0-9ba0-fc3fdb83b633,712A,true,Rama,,,,,,,,1,false,31ff750a-d0da-11f0-9ba0-fc3fdb83b633,3027edbd-d0da-11f0-9ba0-fc3fdb83b633
386d8b2b-d0da-11f0-9ba0-fc3fdb83b633,712B,true,Rama,,,,,,,,1,false,31ff750a-d0da-11f0-9ba0-fc3fdb83b633,3027edbd-d0da-11f0-9ba0-fc3fdb83b633
386deb98-d0da-11f0-9ba0-fc3fdb83b633,712C,true,Hoja,,,,,,,,1,false,31ff750a-d0da-11f0-9ba0-fc3fdb83b633,3027edbd-d0da-11f0-9ba0-fc3fdb83b633
386e8bfe-d0da-11f0-9ba0-fc3fdb83b633,712D,true,Hoja,,,,,,,,1,false,31ff750a-d0da-11f0-9ba0-fc3fdb83b633,3027edbd-d0da-11f0-9ba0-fc3fdb83b633
386ee0d7-d0da-11f0-9ba0-fc3fdb83b633,712E,true,Hoja,,,,,,,,1,false,31ff750a-d0da-11f0-9ba0-fc3fdb83b633,3027edbd-d0da-11f0-9ba0-fc3fdb83b633
386f2a6c-d0da-11f0-9ba0-fc3fdb83b633,712F,true,Hoja,,,,,,,,1,false,31ff750a-d0da-11f0-9ba0-fc3fdb83b633,3027edbd-d0da-11f0-9ba0-fc3fdb83b633
386f72a0-d0da-11f0-9ba0-fc3fdb83b633,713A,true,Rama,,,,,,,,1,false,31ff779a-d0da-11f0-9ba0-fc3fdb83b633,3027edbd-d0da-11f0-9ba0-fc3fdb83b633
386fbb0c-d0da-11f0-9ba0-fc3fdb83b633,713B,true,Hoja,,,,,,,,1,false,31ff779a-d0da-11f0-9ba0-fc3fdb83b633,3027edbd-d0da-11f0-9ba0-fc3fdb83b633
3870247a-d0da-11f0-9ba0-fc3fdb83b633,713C,true,Hoja,,,,,,,,1,false,31ff779a-d0da-11f0-9ba0-fc3fdb83b633,3027edbd-d0da-11f0-9ba0-fc3fdb83b633
387088cf-d0da-11f0-9ba0-fc3fdb83b633,713D,true,Hoja,,,,,,,,1,false,31ff779a-d0da-11f0-9ba0-fc3fdb83b633,3027edbd-d0da-11f0-9ba0-fc3fdb83b633
3870eaca-d0da-11f0-9ba0-fc3fdb83b633,716A,true,Rama,,,,,,,,1,false,31ff7a14-d0da-11f0-9ba0-fc3fdb83b633,3027edbd-d0da-11f0-9ba0-fc3fdb83b633
38714658-d0da-11f0-9ba0-fc3fdb83b633,717A,true,Hoja,,,,,,,,1,false,31ff7d7f-d0da-11f0-9ba0-fc3fdb83b633,3027edbd-d0da-11f0-9ba0-fc3fdb83b633
3871a983-d0da-11f0-9ba0-fc3fdb83b633,717B,true,Rama,,,,,,,,1,false,31ff7d7f-d0da-11f0-9ba0-fc3fdb83b633,3027edbd-d0da-11f0-9ba0-fc3fdb83b633
3871f8d2-d0da-11f0-9ba0-fc3fdb83b633,717C,true,Hoja,,,,,,,,1,false,31ff7d7f-d0da-11f0-9ba0-fc3fdb83b633,3027edbd-d0da-11f0-9ba0-fc3fdb83b633
38724e35-d0da-11f0-9ba0-fc3fdb83b633,717D,true,Hoja,,,,,,,,1,false,31ff7d7f-d0da-11f0-9ba0-fc3fdb83b633,3027edbd-d0da-11f0-9ba0-fc3fdb83b633
3872a7f2-d0da-11f0-9ba0-fc3fdb83b633,717E,true,Hoja,,,,,,,,1,false,31ff7d7f-d0da-11f0-9ba0-fc3fdb83b633,3027edbd-d0da-11f0-9ba0-fc3fdb83b633
387302fc-d0da-11f0-9ba0-fc3fdb83b633,718A,true,Hoja,,,,,,,,1,false,31ff8005-d0da-11f0-9ba0-fc3fdb83b633,3027edbd-d0da-11f0-9ba0-fc3fdb83b633
38735a46-d0da-11f0-9ba0-fc3fdb83b633,718B,true,Hoja,,,,,,,,1,false,31ff8005-d0da-11f0-9ba0-fc3fdb83b633,3027edbd-d0da-11f0-9ba0-fc3fdb83b633
387392e9-d0da-11f0-9ba0-fc3fdb83b633,718C,true,Hoja,,,,,,,,1,false,31ff8005-d0da-11f0-9ba0-fc3fdb83b633,3027edbd-d0da-11f0-9ba0-fc3fdb83b633
3873b83a-d0da-11f0-9ba0-fc3fdb83b633,718D,true,Hoja,,,,,,,,1,false,31ff8005-d0da-11f0-9ba0-fc3fdb83b633,3027edbd-d0da-11f0-9ba0-fc3fdb83b633
3874047e-d0da-11f0-9ba0-fc3fdb83b633,719A,true,Hoja,,,,,,,,1,false,31ff8295-d0da-11f0-9ba0-fc3fdb83b633,3027edbd-d0da-11f0-9ba0-fc3fdb83b633
3874407b-d0da-11f0-9ba0-fc3fdb83b633,71B,true,Hoja,,,,,,,,1,false,31fcda65-d0da-11f0-9ba0-fc3fdb83b633,3027edbd-d0da-11f0-9ba0-fc3fdb83b633
38748908-d0da-11f0-9ba0-fc3fdb83b633,71C,true,Hoja,,,,,,,,1,false,31fcda65-d0da-11f0-9ba0-fc3fdb83b633,3027edbd-d0da-11f0-9ba0-fc3fdb83b633
3874da50-d0da-11f0-9ba0-fc3fdb83b633,720A,true,Pecíolo,,,,,,,,1,false,31ff85b9-d0da-11f0-9ba0-fc3fdb83b633,3027edbd-d0da-11f0-9ba0-fc3fdb83b633
38751f0e-d0da-11f0-9ba0-fc3fdb83b633,720B,true,Hoja,,,,,,,,1,false,31ff85b9-d0da-11f0-9ba0-fc3fdb83b633,3027edbd-d0da-11f0-9ba0-fc3fdb83b633
387564b6-d0da-11f0-9ba0-fc3fdb83b633,720C,true,Hoja,,,,,,,,1,false,31ff85b9-d0da-11f0-9ba0-fc3fdb83b633,3027edbd-d0da-11f0-9ba0-fc3fdb83b633
3875aa6c-d0da-11f0-9ba0-fc3fdb83b633,720D,true,Hoja,,,,,,,,1,false,31ff85b9-d0da-11f0-9ba0-fc3fdb83b633,30280057-d0da-11f0-9ba0-fc3fdb83b633
3875e25d-d0da-11f0-9ba0-fc3fdb83b633,721A,true,Rama,,,,,,,,1,false,31ff8849-d0da-11f0-9ba0-fc3fdb83b633,3027edbd-d0da-11f0-9ba0-fc3fdb83b633
387607b6-d0da-11f0-9ba0-fc3fdb83b633,722A,true,Hoja,,,,,,,,1,false,31ff8ade-d0da-11f0-9ba0-fc3fdb83b633,3027edbd-d0da-11f0-9ba0-fc3fdb83b633
38763544-d0da-11f0-9ba0-fc3fdb83b633,722B,true,Hoja,,,,,,,,1,false,31ff8ade-d0da-11f0-9ba0-fc3fdb83b633,3027edbd-d0da-11f0-9ba0-fc3fdb83b633
38765a6d-d0da-11f0-9ba0-fc3fdb83b633,722C,true,Hoja,,,,,,,,1,false,31ff8ade-d0da-11f0-9ba0-fc3fdb83b633,3027edbd-d0da-11f0-9ba0-fc3fdb83b633
3876a56a-d0da-11f0-9ba0-fc3fdb83b633,722D,true,Hoja,,,,,,,,1,false,31ff8ade-d0da-11f0-9ba0-fc3fdb83b633,3027edbd-d0da-11f0-9ba0-fc3fdb83b633
3876eacd-d0da-11f0-9ba0-fc3fdb83b633,723A,true,Hoja,,,,,,,,1,false,31ff8d6b-d0da-11f0-9ba0-fc3fdb83b633,3027edbd-d0da-11f0-9ba0-fc3fdb83b633
387734cf-d0da-11f0-9ba0-fc3fdb83b633,723B,true,Pecíolo,,,,,,,,1,false,31ff8d6b-d0da-11f0-9ba0-fc3fdb83b633,3027edbd-d0da-11f0-9ba0-fc3fdb83b633
38777be2-d0da-11f0-9ba0-fc3fdb83b633,723C,true,Hoja,,,,,,,,1,false,31ff8d6b-d0da-11f0-9ba0-fc3fdb83b633,3027f4ae-d0da-11f0-9ba0-fc3fdb83b633
3877d250-d0da-11f0-9ba0-fc3fdb83b633,725A,true,Hoja,,,,,,,,1,false,31ff9004-d0da-11f0-9ba0-fc3fdb83b633,3027edbd-d0da-11f0-9ba0-fc3fdb83b633
38783692-d0da-11f0-9ba0-fc3fdb83b633,725B,true,Pecíolo,,,,,,,,1,false,31ff9004-d0da-11f0-9ba0-fc3fdb83b633,3027edbd-d0da-11f0-9ba0-fc3fdb83b633
3878a2fc-d0da-11f0-9ba0-fc3fdb83b633,726A,true,Hoja,,,,,,,,1,false,31ff92bf-d0da-11f0-9ba0-fc3fdb83b633,3027edbd-d0da-11f0-9ba0-fc3fdb83b633
387906d5-d0da-11f0-9ba0-fc3fdb83b633,726B,true,Hoja,,,,,,,,1,false,31ff92bf-d0da-11f0-9ba0-fc3fdb83b633,3027edbd-d0da-11f0-9ba0-fc3fdb83b633
38796059-d0da-11f0-9ba0-fc3fdb83b633,726C,true,Pecíolo,,,,,,,,1,false,31ff92bf-d0da-11f0-9ba0-fc3fdb83b633,3027edbd-d0da-11f0-9ba0-fc3fdb83b633
3879af13-d0da-11f0-9ba0-fc3fdb83b633,726D,true,Hoja,,,,,,,,1,false,31ff92bf-d0da-11f0-9ba0-fc3fdb83b633,3027edbd-d0da-11f0-9ba0-fc3fdb83b633
3879f705-d0da-11f0-9ba0-fc3fdb83b633,727A,true,Hoja,,,,,,,,1,false,31ff956e-d0da-11f0-9ba0-fc3fdb83b633,3027f4ae-d0da-11f0-9ba0-fc3fdb83b633
387a3d64-d0da-11f0-9ba0-fc3fdb83b633,728A,true,Hoja,,,,,,,,1,false,31ff981c-d0da-11f0-9ba0-fc3fdb83b633,3027edbd-d0da-11f0-9ba0-fc3fdb83b633
387a8372-d0da-11f0-9ba0-fc3fdb83b633,728B,true,Hoja,,,,,,,,1,false,31ff981c-d0da-11f0-9ba0-fc3fdb83b633,3027edbd-d0da-11f0-9ba0-fc3fdb83b633
387ac97d-d0da-11f0-9ba0-fc3fdb83b633,728C,true,Hoja,,,,,,,,1,false,31ff981c-d0da-11f0-9ba0-fc3fdb83b633,3027edbd-d0da-11f0-9ba0-fc3fdb83b633
387b102a-d0da-11f0-9ba0-fc3fdb83b633,728D,true,Hoja,,,,,,,,1,false,31ff981c-d0da-11f0-9ba0-fc3fdb83b633,3027edbd-d0da-11f0-9ba0-fc3fdb83b633
387b5715-d0da-11f0-9ba0-fc3fdb83b633,728E,true,Hoja,,,,,,,,1,false,31ff981c-d0da-11f0-9ba0-fc3fdb83b633,3027edbd-d0da-11f0-9ba0-fc3fdb83b633
387bb3bf-d0da-11f0-9ba0-fc3fdb83b633,728F,true,Hoja,,,,,,,,1,false,31ff981c-d0da-11f0-9ba0-fc3fdb83b633,3028065b-d0da-11f0-9ba0-fc3fdb83b633
387bfb41-d0da-11f0-9ba0-fc3fdb83b633,728G,true,Hoja,,,,,,,,1,false,31ff981c-d0da-11f0-9ba0-fc3fdb83b633,3027edbd-d0da-11f0-9ba0-fc3fdb83b633
387c37c6-d0da-11f0-9ba0-fc3fdb83b633,72A,true,Hoja,,,,,,,,1,false,31fcdd76-d0da-11f0-9ba0-fc3fdb83b633,3027edbd-d0da-11f0-9ba0-fc3fdb83b633
387c89a1-d0da-11f0-9ba0-fc3fdb83b633,732A,true,Hoja,,,,,,,,1,false,31ff9adb-d0da-11f0-9ba0-fc3fdb83b633,3027f4ae-d0da-11f0-9ba0-fc3fdb83b633
387ccf5d-d0da-11f0-9ba0-fc3fdb83b633,732B,true,Hoja,,,,,,,,1,false,31ff9adb-d0da-11f0-9ba0-fc3fdb83b633,3027edbd-d0da-11f0-9ba0-fc3fdb83b633
387d150f-d0da-11f0-9ba0-fc3fdb83b633,733A,true,Hoja,,,,,,,,1,false,31ff9d3e-d0da-11f0-9ba0-fc3fdb83b633,3027edbd-d0da-11f0-9ba0-fc3fdb83b633
387d5b4c-d0da-11f0-9ba0-fc3fdb83b633,735A,true,Rama,,,,,,,,1,false,31ff9fa0-d0da-11f0-9ba0-fc3fdb83b633,3027edbd-d0da-11f0-9ba0-fc3fdb83b633
387da173-d0da-11f0-9ba0-fc3fdb83b633,735B,true,Rama,,,,,,,,1,false,31ff9fa0-d0da-11f0-9ba0-fc3fdb83b633,3027edbd-d0da-11f0-9ba0-fc3fdb83b633
387de7a5-d0da-11f0-9ba0-fc3fdb83b633,735C,true,Rama,,,,,,,,1,false,31ff9fa0-d0da-11f0-9ba0-fc3fdb83b633,3027edbd-d0da-11f0-9ba0-fc3fdb83b633
387e43e2-d0da-11f0-9ba0-fc3fdb83b633,735D,true,Hoja,,,,,,,,1,false,31ff9fa0-d0da-11f0-9ba0-fc3fdb83b633,3027edbd-d0da-11f0-9ba0-fc3fdb83b633
387e8b76-d0da-11f0-9ba0-fc3fdb83b633,735E,true,Hoja,,,,,,,,1,false,31ff9fa0-d0da-11f0-9ba0-fc3fdb83b633,3027edbd-d0da-11f0-9ba0-fc3fdb83b633
387ed2d2-d0da-11f0-9ba0-fc3fdb83b633,735F,true,Hoja,,,,,,,,1,false,31ff9fa0-d0da-11f0-9ba0-fc3fdb83b633,3027edbd-d0da-11f0-9ba0-fc3fdb83b633
387f188c-d0da-11f0-9ba0-fc3fdb83b633,735G,true,Hoja,,,,,,,,1,false,31ff9fa0-d0da-11f0-9ba0-fc3fdb83b633,3027edbd-d0da-11f0-9ba0-fc3fdb83b633
387f5f06-d0da-11f0-9ba0-fc3fdb83b633,736A,true,Rama,,,,,,,,1,false,31ffa211-d0da-11f0-9ba0-fc3fdb83b633,3027edbd-d0da-11f0-9ba0-fc3fdb83b633
387fa540-d0da-11f0-9ba0-fc3fdb83b633,737A,true,Hoja,,,,,,,,1,false,31ffa495-d0da-11f0-9ba0-fc3fdb83b633,3027edbd-d0da-11f0-9ba0-fc3fdb83b633
387feb34-d0da-11f0-9ba0-fc3fdb83b633,738A,true,Hoja,,,,,,,,1,false,31ffa72e-d0da-11f0-9ba0-fc3fdb83b633,302815ad-d0da-11f0-9ba0-fc3fdb83b633
3880303c-d0da-11f0-9ba0-fc3fdb83b633,739A,true,Hoja,,,,,,,,1,false,31ffa9b2-d0da-11f0-9ba0-fc3fdb83b633,3027edbd-d0da-11f0-9ba0-fc3fdb83b633
38807095-d0da-11f0-9ba0-fc3fdb83b633,73A,true,Hoja,,,,,,,,1,false,31fce078-d0da-11f0-9ba0-fc3fdb83b633,3027edbd-d0da-11f0-9ba0-fc3fdb83b633
3880c0f6-d0da-11f0-9ba0-fc3fdb83b633,73B,true,Hoja,,,,,,,,1,false,31fce078-d0da-11f0-9ba0-fc3fdb83b633,3027edbd-d0da-11f0-9ba0-fc3fdb83b633
38810931-d0da-11f0-9ba0-fc3fdb83b633,73C,true,Hoja,,,,,,,,1,false,31fce078-d0da-11f0-9ba0-fc3fdb83b633,3027edbd-d0da-11f0-9ba0-fc3fdb83b633
388150ec-d0da-11f0-9ba0-fc3fdb83b633,74A,true,Hoja,,,,,,,,1,false,31fce351-d0da-11f0-9ba0-fc3fdb83b633,3027edbd-d0da-11f0-9ba0-fc3fdb83b633
388197da-d0da-11f0-9ba0-fc3fdb83b633,74B,true,Hoja,,,,,,,,1,false,31fce351-d0da-11f0-9ba0-fc3fdb83b633,3027edbd-d0da-11f0-9ba0-fc3fdb83b633
3881df57-d0da-11f0-9ba0-fc3fdb83b633,75A,true,Hoja,,,,,,,,1,false,31fce703-d0da-11f0-9ba0-fc3fdb83b633,3027edbd-d0da-11f0-9ba0-fc3fdb83b633
38822657-d0da-11f0-9ba0-fc3fdb83b633,75B,true,Hoja,,,,,,,,1,false,31fce703-d0da-11f0-9ba0-fc3fdb83b633,3027edbd-d0da-11f0-9ba0-fc3fdb83b633
38827296-d0da-11f0-9ba0-fc3fdb83b633,75C,true,Hoja,,,,,,,,1,false,31fce703-d0da-11f0-9ba0-fc3fdb83b633,3027edbd-d0da-11f0-9ba0-fc3fdb83b633
3882bc82-d0da-11f0-9ba0-fc3fdb83b633,75D,true,Hoja,,,,,,,,1,false,31fce703-d0da-11f0-9ba0-fc3fdb83b633,3027edbd-d0da-11f0-9ba0-fc3fdb83b633
38830401-d0da-11f0-9ba0-fc3fdb83b633,76A,true,Hoja,,,,,,,,1,false,31fcea0a-d0da-11f0-9ba0-fc3fdb83b633,3027edbd-d0da-11f0-9ba0-fc3fdb83b633
388353ed-d0da-11f0-9ba0-fc3fdb83b633,76C,true,Hoja,,,,,,,,1,false,31fcea0a-d0da-11f0-9ba0-fc3fdb83b633,3028029a-d0da-11f0-9ba0-fc3fdb83b633
38839d88-d0da-11f0-9ba0-fc3fdb83b633,76D,true,Hoja,,,,,,,,1,false,31fcea0a-d0da-11f0-9ba0-fc3fdb83b633,3027edbd-d0da-11f0-9ba0-fc3fdb83b633
3883e35a-d0da-11f0-9ba0-fc3fdb83b633,76E,true,Tronco,,,,,,,,1,false,31fcea0a-d0da-11f0-9ba0-fc3fdb83b633,3027edbd-d0da-11f0-9ba0-fc3fdb83b633
38842801-d0da-11f0-9ba0-fc3fdb83b633,77B,true,Hoja,,,,,,,,1,false,31fcedc4-d0da-11f0-9ba0-fc3fdb83b633,3027edbd-d0da-11f0-9ba0-fc3fdb83b633
38846beb-d0da-11f0-9ba0-fc3fdb83b633,77C,true,Hoja,,,,,,,,1,false,31fcedc4-d0da-11f0-9ba0-fc3fdb83b633,3027edbd-d0da-11f0-9ba0-fc3fdb83b633
3884afe5-d0da-11f0-9ba0-fc3fdb83b633,78A,true,Hoja,,,,,,,,1,false,31fcf16e-d0da-11f0-9ba0-fc3fdb83b633,3027edbd-d0da-11f0-9ba0-fc3fdb83b633
3884f3c9-d0da-11f0-9ba0-fc3fdb83b633,78C,true,Hoja,,,,,,,,1,false,31fcf16e-d0da-11f0-9ba0-fc3fdb83b633,3027fa41-d0da-11f0-9ba0-fc3fdb83b633
38854cfc-d0da-11f0-9ba0-fc3fdb83b633,79C,true,Hoja,,,,,,,,1,false,31fcf47f-d0da-11f0-9ba0-fc3fdb83b633,3027edbd-d0da-11f0-9ba0-fc3fdb83b633
38859583-d0da-11f0-9ba0-fc3fdb83b633,7A,true,Hoja,,,,,,,,1,false,31fa243c-d0da-11f0-9ba0-fc3fdb83b633,3027edbd-d0da-11f0-9ba0-fc3fdb83b633
3885e5c1-d0da-11f0-9ba0-fc3fdb83b633,7B,true,Hoja,,,,,,,,1,false,31fa243c-d0da-11f0-9ba0-fc3fdb83b633,3027edbd-d0da-11f0-9ba0-fc3fdb83b633
38862c97-d0da-11f0-9ba0-fc3fdb83b633,7C,true,Hoja,,,,,,,,1,false,31fa243c-d0da-11f0-9ba0-fc3fdb83b633,3027f585-d0da-11f0-9ba0-fc3fdb83b633
38867eba-d0da-11f0-9ba0-fc3fdb83b633,80B,true,Hoja,,,,,,,,1,false,31fcf791-d0da-11f0-9ba0-fc3fdb83b633,3027edbd-d0da-11f0-9ba0-fc3fdb83b633
3886c5c6-d0da-11f0-9ba0-fc3fdb83b633,80C,true,Hoja,,,,,,,,1,false,31fcf791-d0da-11f0-9ba0-fc3fdb83b633,3027edbd-d0da-11f0-9ba0-fc3fdb83b633
38870c12-d0da-11f0-9ba0-fc3fdb83b633,80D,true,Hoja,,,,,,,,1,false,31fcf791-d0da-11f0-9ba0-fc3fdb83b633,3027edbd-d0da-11f0-9ba0-fc3fdb83b633
388751c1-d0da-11f0-9ba0-fc3fdb83b633,80E,true,Hoja,,,,,,,,1,false,31fcf791-d0da-11f0-9ba0-fc3fdb83b633,3027edbd-d0da-11f0-9ba0-fc3fdb83b633
3887934b-d0da-11f0-9ba0-fc3fdb83b633,814A,true,Hoja,,,,,,,,1,false,31fc0204-d0da-11f0-9ba0-fc3fdb83b633,3027edbd-d0da-11f0-9ba0-fc3fdb83b633
3887d8fd-d0da-11f0-9ba0-fc3fdb83b633,816A,true,Rama,,,,,,,,1,false,31fc0448-d0da-11f0-9ba0-fc3fdb83b633,3027edbd-d0da-11f0-9ba0-fc3fdb83b633
38881ed5-d0da-11f0-9ba0-fc3fdb83b633,816B,true,Hoja,,,,,,,,1,false,31fc0448-d0da-11f0-9ba0-fc3fdb83b633,3027edbd-d0da-11f0-9ba0-fc3fdb83b633
388873db-d0da-11f0-9ba0-fc3fdb83b633,816C,true,Hoja,,,,,,,,1,false,31fc0448-d0da-11f0-9ba0-fc3fdb83b633,3027edbd-d0da-11f0-9ba0-fc3fdb83b633
38889b98-d0da-11f0-9ba0-fc3fdb83b633,816D,true,Hoja,,,,,,,,1,false,31fc0448-d0da-11f0-9ba0-fc3fdb83b633,3027edbd-d0da-11f0-9ba0-fc3fdb83b633
3888c1cd-d0da-11f0-9ba0-fc3fdb83b633,816E,true,Pecíolo,,,,,,,,1,false,31fc0448-d0da-11f0-9ba0-fc3fdb83b633,3027edbd-d0da-11f0-9ba0-fc3fdb83b633
3888e68d-d0da-11f0-9ba0-fc3fdb83b633,816F,true,Pecíolo,,,,,,,,1,false,31fc0448-d0da-11f0-9ba0-fc3fdb83b633,3027edbd-d0da-11f0-9ba0-fc3fdb83b633
38890b29-d0da-11f0-9ba0-fc3fdb83b633,818A,true,Hoja,,,,,,,,1,false,31fc069b-d0da-11f0-9ba0-fc3fdb83b633,3027edbd-d0da-11f0-9ba0-fc3fdb83b633
38892f97-d0da-11f0-9ba0-fc3fdb83b633,818B,true,Pecíolo,,,,,,,,1,false,31fc069b-d0da-11f0-9ba0-fc3fdb83b633,3027edbd-d0da-11f0-9ba0-fc3fdb83b633
3889541d-d0da-11f0-9ba0-fc3fdb83b633,818C,true,Rama,,,,,,,,1,false,31fc069b-d0da-11f0-9ba0-fc3fdb83b633,3027edbd-d0da-11f0-9ba0-fc3fdb83b633
388978b1-d0da-11f0-9ba0-fc3fdb83b633,818D,true,Hoja,,,,,,,,1,false,31fc069b-d0da-11f0-9ba0-fc3fdb83b633,3027edbd-d0da-11f0-9ba0-fc3fdb83b633
38899d35-d0da-11f0-9ba0-fc3fdb83b633,818E,true,Hoja,,,,,,,,1,false,31fc069b-d0da-11f0-9ba0-fc3fdb83b633,3027edbd-d0da-11f0-9ba0-fc3fdb83b633
3889c511-d0da-11f0-9ba0-fc3fdb83b633,818F,true,Rama,,,,,,,,1,false,31fc069b-d0da-11f0-9ba0-fc3fdb83b633,3027edbd-d0da-11f0-9ba0-fc3fdb83b633
3889efa1-d0da-11f0-9ba0-fc3fdb83b633,818G,true,Hoja,,,,,,,,1,false,31fc069b-d0da-11f0-9ba0-fc3fdb83b633,302800d9-d0da-11f0-9ba0-fc3fdb83b633
388a1547-d0da-11f0-9ba0-fc3fdb83b633,819A,true,Hoja,,,,,,,,1,false,31fc08fc-d0da-11f0-9ba0-fc3fdb83b633,3028011a-d0da-11f0-9ba0-fc3fdb83b633
388a3e55-d0da-11f0-9ba0-fc3fdb83b633,81B,true,Hoja,,,,,,,,1,false,31fcfa97-d0da-11f0-9ba0-fc3fdb83b633,3027edbd-d0da-11f0-9ba0-fc3fdb83b633
388a630b-d0da-11f0-9ba0-fc3fdb83b633,81C,true,Hoja,,,,,,,,1,false,31fcfa97-d0da-11f0-9ba0-fc3fdb83b633,3027edbd-d0da-11f0-9ba0-fc3fdb83b633
388a8796-d0da-11f0-9ba0-fc3fdb83b633,81D,true,Hoja,,,,,,,,1,false,31fcfa97-d0da-11f0-9ba0-fc3fdb83b633,3027edbd-d0da-11f0-9ba0-fc3fdb83b633
388aaa0e-d0da-11f0-9ba0-fc3fdb83b633,820A,true,Hoja,,,,,,,,1,false,31fc0b38-d0da-11f0-9ba0-fc3fdb83b633,3027edbd-d0da-11f0-9ba0-fc3fdb83b633
388ade47-d0da-11f0-9ba0-fc3fdb83b633,820B,true,Pecíolo,,,,,,,,1,false,31fc0b38-d0da-11f0-9ba0-fc3fdb83b633,3027f4ae-d0da-11f0-9ba0-fc3fdb83b633
388b06e0-d0da-11f0-9ba0-fc3fdb83b633,820C,true,Pecíolo,,,,,,,,1,false,31fc0b38-d0da-11f0-9ba0-fc3fdb83b633,3027edbd-d0da-11f0-9ba0-fc3fdb83b633
388b2e53-d0da-11f0-9ba0-fc3fdb83b633,821A,true,Hoja,,,,,,,,1,false,31fc0d89-d0da-11f0-9ba0-fc3fdb83b633,3027edbd-d0da-11f0-9ba0-fc3fdb83b633
388b7245-d0da-11f0-9ba0-fc3fdb83b633,821B,true,Hoja,,,,,,,,1,false,31fc0d89-d0da-11f0-9ba0-fc3fdb83b633,3027edbd-d0da-11f0-9ba0-fc3fdb83b633
388bb7ff-d0da-11f0-9ba0-fc3fdb83b633,822A,true,Hoja,,,,,,,,1,false,31fc0fd8-d0da-11f0-9ba0-fc3fdb83b633,3027edbd-d0da-11f0-9ba0-fc3fdb83b633
388bfc45-d0da-11f0-9ba0-fc3fdb83b633,822B,true,Pecíolo,,,,,,,,1,false,31fc0fd8-d0da-11f0-9ba0-fc3fdb83b633,3027edbd-d0da-11f0-9ba0-fc3fdb83b633
388c4077-d0da-11f0-9ba0-fc3fdb83b633,822C,true,Rama,,,,,,,,1,false,31fc0fd8-d0da-11f0-9ba0-fc3fdb83b633,3027edbd-d0da-11f0-9ba0-fc3fdb83b633
388c8473-d0da-11f0-9ba0-fc3fdb83b633,822D,true,Rama,,,,,,,,1,false,31fc0fd8-d0da-11f0-9ba0-fc3fdb83b633,3027edbd-d0da-11f0-9ba0-fc3fdb83b633
388ccb43-d0da-11f0-9ba0-fc3fdb83b633,822E,true,Pecíolo,,,,,,,,1,false,31fc0fd8-d0da-11f0-9ba0-fc3fdb83b633,3027edbd-d0da-11f0-9ba0-fc3fdb83b633
388d11cb-d0da-11f0-9ba0-fc3fdb83b633,823A,true,Rama,,,,,,,,1,false,31fc121f-d0da-11f0-9ba0-fc3fdb83b633,3027edbd-d0da-11f0-9ba0-fc3fdb83b633
388d5508-d0da-11f0-9ba0-fc3fdb83b633,823B,true,Hoja,,,,,,,,1,false,31fc121f-d0da-11f0-9ba0-fc3fdb83b633,3027edbd-d0da-11f0-9ba0-fc3fdb83b633
388d7e73-d0da-11f0-9ba0-fc3fdb83b633,823C,true,Hoja,,,,,,,,1,false,31fc121f-d0da-11f0-9ba0-fc3fdb83b633,3027edbd-d0da-11f0-9ba0-fc3fdb83b633
388da6de-d0da-11f0-9ba0-fc3fdb83b633,823D,true,Hoja,,,,,,,,1,false,31fc121f-d0da-11f0-9ba0-fc3fdb83b633,3027edbd-d0da-11f0-9ba0-fc3fdb83b633
388dcf42-d0da-11f0-9ba0-fc3fdb83b633,823E,true,Hoja,,,,,,,,1,false,31fc121f-d0da-11f0-9ba0-fc3fdb83b633,3027edbd-d0da-11f0-9ba0-fc3fdb83b633
388df7a5-d0da-11f0-9ba0-fc3fdb83b633,823F,true,Hoja,,,,,,,,1,false,31fc121f-d0da-11f0-9ba0-fc3fdb83b633,3027edbd-d0da-11f0-9ba0-fc3fdb83b633
388e2250-d0da-11f0-9ba0-fc3fdb83b633,82A,true,Hoja,,,,,,,,1,false,31fcfd86-d0da-11f0-9ba0-fc3fdb83b633,3027edbd-d0da-11f0-9ba0-fc3fdb83b633
388e4ad5-d0da-11f0-9ba0-fc3fdb83b633,82B,true,Hoja,,,,,,,,1,false,31fcfd86-d0da-11f0-9ba0-fc3fdb83b633,3027edbd-d0da-11f0-9ba0-fc3fdb83b633
388ebc47-d0da-11f0-9ba0-fc3fdb83b633,82C,true,Hoja,,,,,,,,1,false,31fcfd86-d0da-11f0-9ba0-fc3fdb83b633,3027edbd-d0da-11f0-9ba0-fc3fdb83b633
388f10e5-d0da-11f0-9ba0-fc3fdb83b633,82D,true,Hoja,,,,,,,,1,false,31fcfd86-d0da-11f0-9ba0-fc3fdb83b633,3027edbd-d0da-11f0-9ba0-fc3fdb83b633
388f727b-d0da-11f0-9ba0-fc3fdb83b633,83A,true,Hoja,,,,,,,,1,false,31fd000f-d0da-11f0-9ba0-fc3fdb83b633,3027edbd-d0da-11f0-9ba0-fc3fdb83b633
388fbc6b-d0da-11f0-9ba0-fc3fdb83b633,83B,true,Hoja,,,,,,,,1,false,31fd000f-d0da-11f0-9ba0-fc3fdb83b633,3027edbd-d0da-11f0-9ba0-fc3fdb83b633
388ff682-d0da-11f0-9ba0-fc3fdb83b633,83C,true,Hoja,,,,,,,,1,false,31fd000f-d0da-11f0-9ba0-fc3fdb83b633,3027edbd-d0da-11f0-9ba0-fc3fdb83b633
389023cd-d0da-11f0-9ba0-fc3fdb83b633,83D,true,Hoja,,,,,,,,1,false,31fd000f-d0da-11f0-9ba0-fc3fdb83b633,3027edbd-d0da-11f0-9ba0-fc3fdb83b633
38904d87-d0da-11f0-9ba0-fc3fdb83b633,84A,true,Hoja,,,,,,,,1,false,31fd02c7-d0da-11f0-9ba0-fc3fdb83b633,3027edbd-d0da-11f0-9ba0-fc3fdb83b633
38907608-d0da-11f0-9ba0-fc3fdb83b633,84B,true,Hoja,,,,,,,,1,false,31fd02c7-d0da-11f0-9ba0-fc3fdb83b633,3027edbd-d0da-11f0-9ba0-fc3fdb83b633
38909e7a-d0da-11f0-9ba0-fc3fdb83b633,84C,true,Hoja,,,,,,,,1,false,31fd02c7-d0da-11f0-9ba0-fc3fdb83b633,3027f4ae-d0da-11f0-9ba0-fc3fdb83b633
3890c6ce-d0da-11f0-9ba0-fc3fdb83b633,84D,true,Hoja,,,,,,,,1,false,31fd02c7-d0da-11f0-9ba0-fc3fdb83b633,3027edbd-d0da-11f0-9ba0-fc3fdb83b633
3890ef49-d0da-11f0-9ba0-fc3fdb83b633,85A,true,Hoja,,,,,,,,1,false,31fd058f-d0da-11f0-9ba0-fc3fdb83b633,3028035b-d0da-11f0-9ba0-fc3fdb83b633
38911754-d0da-11f0-9ba0-fc3fdb83b633,86A,true,Hoja,,,,,,,,1,false,31fd0865-d0da-11f0-9ba0-fc3fdb83b633,3027edbd-d0da-11f0-9ba0-fc3fdb83b633
38913fa2-d0da-11f0-9ba0-fc3fdb83b633,86B,true,Hoja,,,,,,,,1,false,31fd0865-d0da-11f0-9ba0-fc3fdb83b633,3027edbd-d0da-11f0-9ba0-fc3fdb83b633
38916fd4-d0da-11f0-9ba0-fc3fdb83b633,86C,true,Hoja,,,,,,,,1,false,31fd0865-d0da-11f0-9ba0-fc3fdb83b633,3027edbd-d0da-11f0-9ba0-fc3fdb83b633
38919f9c-d0da-11f0-9ba0-fc3fdb83b633,86D,true,Hoja,,,,,,,,1,false,31fd0865-d0da-11f0-9ba0-fc3fdb83b633,3027edbd-d0da-11f0-9ba0-fc3fdb83b633
3891c553-d0da-11f0-9ba0-fc3fdb83b633,86E,true,Hoja,,,,,,,,1,false,31fd0865-d0da-11f0-9ba0-fc3fdb83b633,3027edbd-d0da-11f0-9ba0-fc3fdb83b633
3891e467-d0da-11f0-9ba0-fc3fdb83b633,87A,true,Hoja,,,,,,,,1,false,31fa4842-d0da-11f0-9ba0-fc3fdb83b633,3027edbd-d0da-11f0-9ba0-fc3fdb83b633
38920927-d0da-11f0-9ba0-fc3fdb83b633,87B,true,Hoja,,,,,,,,1,false,31fa4842-d0da-11f0-9ba0-fc3fdb83b633,3027edbd-d0da-11f0-9ba0-fc3fdb83b633
38922e0d-d0da-11f0-9ba0-fc3fdb83b633,87C,true,Hoja,,,,,,,,1,false,31fa4842-d0da-11f0-9ba0-fc3fdb83b633,3027edbd-d0da-11f0-9ba0-fc3fdb83b633
3892591b-d0da-11f0-9ba0-fc3fdb83b633,87D,true,Hoja,,,,,,,,1,false,31fa4842-d0da-11f0-9ba0-fc3fdb83b633,3027edbd-d0da-11f0-9ba0-fc3fdb83b633
38928e32-d0da-11f0-9ba0-fc3fdb83b633,87E,true,Hoja,,,,,,,,1,false,31fa4842-d0da-11f0-9ba0-fc3fdb83b633,3027edbd-d0da-11f0-9ba0-fc3fdb83b633
3892b5cf-d0da-11f0-9ba0-fc3fdb83b633,87F,true,Hoja,,,,,,,,1,false,31fa4842-d0da-11f0-9ba0-fc3fdb83b633,3027edbd-d0da-11f0-9ba0-fc3fdb83b633
3892ddb6-d0da-11f0-9ba0-fc3fdb83b633,87G,true,Hoja,,,,,,,,1,false,31fa4842-d0da-11f0-9ba0-fc3fdb83b633,3027edbd-d0da-11f0-9ba0-fc3fdb83b633
38930573-d0da-11f0-9ba0-fc3fdb83b633,87H,true,Hoja,,,,,,,,1,false,31fa4842-d0da-11f0-9ba0-fc3fdb83b633,3027edbd-d0da-11f0-9ba0-fc3fdb83b633
38933175-d0da-11f0-9ba0-fc3fdb83b633,87I,true,Hoja,,,,,,,,1,false,31fa4842-d0da-11f0-9ba0-fc3fdb83b633,3027edbd-d0da-11f0-9ba0-fc3fdb83b633
389356c4-d0da-11f0-9ba0-fc3fdb83b633,88A,true,Hoja,,,,,,,,1,false,31fa4b52-d0da-11f0-9ba0-fc3fdb83b633,3027edbd-d0da-11f0-9ba0-fc3fdb83b633
38937b89-d0da-11f0-9ba0-fc3fdb83b633,88B,true,Hoja,,,,,,,,1,false,31fa4b52-d0da-11f0-9ba0-fc3fdb83b633,3027edbd-d0da-11f0-9ba0-fc3fdb83b633
3893a093-d0da-11f0-9ba0-fc3fdb83b633,88C,true,Hoja,,,,,,,,1,false,31fa4b52-d0da-11f0-9ba0-fc3fdb83b633,3027edbd-d0da-11f0-9ba0-fc3fdb83b633
3893dc99-d0da-11f0-9ba0-fc3fdb83b633,88D,true,Hoja,,,,,,,,1,false,31fa4b52-d0da-11f0-9ba0-fc3fdb83b633,3027edbd-d0da-11f0-9ba0-fc3fdb83b633
3894238a-d0da-11f0-9ba0-fc3fdb83b633,88E,true,Hoja,,,,,,,,1,false,31fa4b52-d0da-11f0-9ba0-fc3fdb83b633,3027edbd-d0da-11f0-9ba0-fc3fdb83b633
38946a11-d0da-11f0-9ba0-fc3fdb83b633,89A,true,Hoja,,,,,,,,1,false,31fa4e0b-d0da-11f0-9ba0-fc3fdb83b633,3027f6e8-d0da-11f0-9ba0-fc3fdb83b633
3894ba0b-d0da-11f0-9ba0-fc3fdb83b633,89B,true,Hoja,,,,,,,,1,false,31fa4e0b-d0da-11f0-9ba0-fc3fdb83b633,3027edbd-d0da-11f0-9ba0-fc3fdb83b633
38950d8e-d0da-11f0-9ba0-fc3fdb83b633,89C,true,Hoja,,,,,,,,1,false,31fa4e0b-d0da-11f0-9ba0-fc3fdb83b633,3027edbd-d0da-11f0-9ba0-fc3fdb83b633
389554b4-d0da-11f0-9ba0-fc3fdb83b633,89D,true,Hoja,,,,,,,,1,false,31fa4e0b-d0da-11f0-9ba0-fc3fdb83b633,3027edbd-d0da-11f0-9ba0-fc3fdb83b633
38959ae8-d0da-11f0-9ba0-fc3fdb83b633,89E,true,Hoja,,,,,,,,1,false,31fa4e0b-d0da-11f0-9ba0-fc3fdb83b633,3027edbd-d0da-11f0-9ba0-fc3fdb83b633
3895dfd5-d0da-11f0-9ba0-fc3fdb83b633,8C,true,Hoja,,,,,,,,1,false,31fa2669-d0da-11f0-9ba0-fc3fdb83b633,3027edbd-d0da-11f0-9ba0-fc3fdb83b633
389631f6-d0da-11f0-9ba0-fc3fdb83b633,8D,true,Hoja,,,,,,,,1,false,31fa2669-d0da-11f0-9ba0-fc3fdb83b633,3027edbd-d0da-11f0-9ba0-fc3fdb83b633
38967990-d0da-11f0-9ba0-fc3fdb83b633,8E,true,Hoja,,,,,,,,1,false,31fa2669-d0da-11f0-9ba0-fc3fdb83b633,3027edbd-d0da-11f0-9ba0-fc3fdb83b633
38969f71-d0da-11f0-9ba0-fc3fdb83b633,8F,true,Hoja,,,,,,,,1,false,31fa2669-d0da-11f0-9ba0-fc3fdb83b633,3027edbd-d0da-11f0-9ba0-fc3fdb83b633
3896c42f-d0da-11f0-9ba0-fc3fdb83b633,8G,true,Hoja,,,,,,,,1,false,31fa2669-d0da-11f0-9ba0-fc3fdb83b633,3027edbd-d0da-11f0-9ba0-fc3fdb83b633
3896e8ed-d0da-11f0-9ba0-fc3fdb83b633,8I,true,Tronco,,,,,,,,1,false,31fa2669-d0da-11f0-9ba0-fc3fdb83b633,3027edbd-d0da-11f0-9ba0-fc3fdb83b633
38970def-d0da-11f0-9ba0-fc3fdb83b633,90A,true,Hoja,,,,,,,,1,false,31fa508e-d0da-11f0-9ba0-fc3fdb83b633,3027edbd-d0da-11f0-9ba0-fc3fdb83b633
38973272-d0da-11f0-9ba0-fc3fdb83b633,90B,true,Hoja,,,,,,,,1,false,31fa508e-d0da-11f0-9ba0-fc3fdb83b633,3027edbd-d0da-11f0-9ba0-fc3fdb83b633
389756f4-d0da-11f0-9ba0-fc3fdb83b633,90C,true,Hoja,,,,,,,,1,false,31fa508e-d0da-11f0-9ba0-fc3fdb83b633,3027edbd-d0da-11f0-9ba0-fc3fdb83b633
38979391-d0da-11f0-9ba0-fc3fdb83b633,90D,true,Hoja,,,,,,,,1,false,31fa508e-d0da-11f0-9ba0-fc3fdb83b633,3027edbd-d0da-11f0-9ba0-fc3fdb83b633
3897e0ba-d0da-11f0-9ba0-fc3fdb83b633,90E,true,Hoja,,,,,,,,1,false,31fa508e-d0da-11f0-9ba0-fc3fdb83b633,3027edbd-d0da-11f0-9ba0-fc3fdb83b633
38982854-d0da-11f0-9ba0-fc3fdb83b633,90F,true,Hoja,,,,,,,,1,false,31fa508e-d0da-11f0-9ba0-fc3fdb83b633,3027f72c-d0da-11f0-9ba0-fc3fdb83b633
38986e57-d0da-11f0-9ba0-fc3fdb83b633,90G,true,Hoja,,,,,,,,1,false,31fa508e-d0da-11f0-9ba0-fc3fdb83b633,3027edbd-d0da-11f0-9ba0-fc3fdb83b633
3898bbc7-d0da-11f0-9ba0-fc3fdb83b633,90H,true,Hoja,,,,,,,,1,false,31fa508e-d0da-11f0-9ba0-fc3fdb83b633,3027edbd-d0da-11f0-9ba0-fc3fdb83b633
3899034a-d0da-11f0-9ba0-fc3fdb83b633,90I,true,Hoja,,,,,,,,1,false,31fa508e-d0da-11f0-9ba0-fc3fdb83b633,3027edbd-d0da-11f0-9ba0-fc3fdb83b633
38993e5a-d0da-11f0-9ba0-fc3fdb83b633,90J,true,Hoja,,,,,,,,1,false,31fa508e-d0da-11f0-9ba0-fc3fdb83b633,3027edbd-d0da-11f0-9ba0-fc3fdb83b633
389963a6-d0da-11f0-9ba0-fc3fdb83b633,91A,true,Hoja,,,,,,,,1,false,31fa52e0-d0da-11f0-9ba0-fc3fdb83b633,3027edbd-d0da-11f0-9ba0-fc3fdb83b633
389988a3-d0da-11f0-9ba0-fc3fdb83b633,91B,true,Hoja,,,,,,,,1,false,31fa52e0-d0da-11f0-9ba0-fc3fdb83b633,3027edbd-d0da-11f0-9ba0-fc3fdb83b633
3899ad8c-d0da-11f0-9ba0-fc3fdb83b633,91C,true,Hoja,,,,,,,,1,false,31fa52e0-d0da-11f0-9ba0-fc3fdb83b633,
3899d1a7-d0da-11f0-9ba0-fc3fdb83b633,91D,true,Hoja,,,,,,,,1,false,31fa52e0-d0da-11f0-9ba0-fc3fdb83b633,3027f7b2-d0da-11f0-9ba0-fc3fdb83b633
3899f64c-d0da-11f0-9ba0-fc3fdb83b633,91E,true,Hoja,,,,,,,,1,false,31fa52e0-d0da-11f0-9ba0-fc3fdb83b633,3027edbd-d0da-11f0-9ba0-fc3fdb83b633
389a49da-d0da-11f0-9ba0-fc3fdb83b633,91F,true,Hoja,,,,,,,,1,false,31fa52e0-d0da-11f0-9ba0-fc3fdb83b633,3027edbd-d0da-11f0-9ba0-fc3fdb83b633
389a921f-d0da-11f0-9ba0-fc3fdb83b633,92A,true,Hoja,,,,,,,,1,false,31fa553e-d0da-11f0-9ba0-fc3fdb83b633,3027edbd-d0da-11f0-9ba0-fc3fdb83b633
389aca5d-d0da-11f0-9ba0-fc3fdb83b633,92B,true,Hoja,,,,,,,,1,false,31fa553e-d0da-11f0-9ba0-fc3fdb83b633,3027edbd-d0da-11f0-9ba0-fc3fdb83b633
389af2bb-d0da-11f0-9ba0-fc3fdb83b633,92C,true,Hoja,,,,,,,,1,false,31fa553e-d0da-11f0-9ba0-fc3fdb83b633,3027edbd-d0da-11f0-9ba0-fc3fdb83b633
389b180d-d0da-11f0-9ba0-fc3fdb83b633,92D,true,Hoja,,,,,,,,1,false,31fa553e-d0da-11f0-9ba0-fc3fdb83b633,3027edbd-d0da-11f0-9ba0-fc3fdb83b633
389b3cf5-d0da-11f0-9ba0-fc3fdb83b633,92E,true,Hoja,,,,,,,,1,false,31fa553e-d0da-11f0-9ba0-fc3fdb83b633,3027edbd-d0da-11f0-9ba0-fc3fdb83b633
389b64ad-d0da-11f0-9ba0-fc3fdb83b633,93A,true,Hoja,,,,,,,,1,false,31fa577d-d0da-11f0-9ba0-fc3fdb83b633,3027f7b2-d0da-11f0-9ba0-fc3fdb83b633
389b8934-d0da-11f0-9ba0-fc3fdb83b633,93B,true,Hoja,,,,,,,,1,false,31fa577d-d0da-11f0-9ba0-fc3fdb83b633,3027edbd-d0da-11f0-9ba0-fc3fdb83b633
389badd9-d0da-11f0-9ba0-fc3fdb83b633,93C,true,Hoja,,,,,,,,1,false,31fa577d-d0da-11f0-9ba0-fc3fdb83b633,3027edbd-d0da-11f0-9ba0-fc3fdb83b633
389bd2b4-d0da-11f0-9ba0-fc3fdb83b633,93D,true,Hoja,,,,,,,,1,false,31fa577d-d0da-11f0-9ba0-fc3fdb83b633,3027edbd-d0da-11f0-9ba0-fc3fdb83b633
389bf797-d0da-11f0-9ba0-fc3fdb83b633,93E,true,Hoja,,,,,,,,1,false,31fa577d-d0da-11f0-9ba0-fc3fdb83b633,3027edbd-d0da-11f0-9ba0-fc3fdb83b633
389c203c-d0da-11f0-9ba0-fc3fdb83b633,93F,true,Hoja,,,,,,,,1,false,31fa577d-d0da-11f0-9ba0-fc3fdb83b633,3027edbd-d0da-11f0-9ba0-fc3fdb83b633
389c4db9-d0da-11f0-9ba0-fc3fdb83b633,94A,true,Hoja,,,,,,,,1,false,31fa5ae2-d0da-11f0-9ba0-fc3fdb83b633,3027edbd-d0da-11f0-9ba0-fc3fdb83b633
389c7cf3-d0da-11f0-9ba0-fc3fdb83b633,94B,true,Hoja,,,,,,,,1,false,31fa5ae2-d0da-11f0-9ba0-fc3fdb83b633,3027edbd-d0da-11f0-9ba0-fc3fdb83b633
389cc945-d0da-11f0-9ba0-fc3fdb83b633,94C,true,Hoja,,,,,,,,1,false,31fa5ae2-d0da-11f0-9ba0-fc3fdb83b633,3027edbd-d0da-11f0-9ba0-fc3fdb83b633
389d0e71-d0da-11f0-9ba0-fc3fdb83b633,94D,true,Hoja,,,,,,,,1,false,31fa5ae2-d0da-11f0-9ba0-fc3fdb83b633,3027edbd-d0da-11f0-9ba0-fc3fdb83b633
389d530c-d0da-11f0-9ba0-fc3fdb83b633,94E,true,Hoja,,,,,,,,1,false,31fa5ae2-d0da-11f0-9ba0-fc3fdb83b633,3027edbd-d0da-11f0-9ba0-fc3fdb83b633
389d9755-d0da-11f0-9ba0-fc3fdb83b633,94F,true,Hoja,,,,,,,,1,false,31fa5ae2-d0da-11f0-9ba0-fc3fdb83b633,3027edbd-d0da-11f0-9ba0-fc3fdb83b633
389ddec0-d0da-11f0-9ba0-fc3fdb83b633,94G,true,Hoja,,,,,,,,1,false,31fa5ae2-d0da-11f0-9ba0-fc3fdb83b633,3027edbd-d0da-11f0-9ba0-fc3fdb83b633
389e25d7-d0da-11f0-9ba0-fc3fdb83b633,94H,true,Hoja,,,,,,,,1,false,31fa5ae2-d0da-11f0-9ba0-fc3fdb83b633,3027edbd-d0da-11f0-9ba0-fc3fdb83b633
389e6c1b-d0da-11f0-9ba0-fc3fdb83b633,95A,true,Hoja,,,,,,,,1,false,31fa5d44-d0da-11f0-9ba0-fc3fdb83b633,3027edbd-d0da-11f0-9ba0-fc3fdb83b633
389eb1c9-d0da-11f0-9ba0-fc3fdb83b633,95B,true,Hoja,,,,,,,,1,false,31fa5d44-d0da-11f0-9ba0-fc3fdb83b633,3027edbd-d0da-11f0-9ba0-fc3fdb83b633
389ef7d8-d0da-11f0-9ba0-fc3fdb83b633,95C,true,Hoja,,,,,,,,1,false,31fa5d44-d0da-11f0-9ba0-fc3fdb83b633,3027edbd-d0da-11f0-9ba0-fc3fdb83b633
389f3ba7-d0da-11f0-9ba0-fc3fdb83b633,95D,true,Hoja,,,,,,,,1,false,31fa5d44-d0da-11f0-9ba0-fc3fdb83b633,3027edbd-d0da-11f0-9ba0-fc3fdb83b633
389f6a7f-d0da-11f0-9ba0-fc3fdb83b633,96A,true,Hoja,,,,,,,,1,false,31fa5fa5-d0da-11f0-9ba0-fc3fdb83b633,3027edbd-d0da-11f0-9ba0-fc3fdb83b633
389f9136-d0da-11f0-9ba0-fc3fdb83b633,96B,true,Hoja,,,,,,,,1,false,31fa5fa5-d0da-11f0-9ba0-fc3fdb83b633,3027edbd-d0da-11f0-9ba0-fc3fdb83b633
389fb697-d0da-11f0-9ba0-fc3fdb83b633,96C,true,Hoja,,,,,,,,1,false,31fa5fa5-d0da-11f0-9ba0-fc3fdb83b633,3027edbd-d0da-11f0-9ba0-fc3fdb83b633
389fdb34-d0da-11f0-9ba0-fc3fdb83b633,96D,true,Hoja,,,,,,,,1,false,31fa5fa5-d0da-11f0-9ba0-fc3fdb83b633,3027edbd-d0da-11f0-9ba0-fc3fdb83b633
389fffc9-d0da-11f0-9ba0-fc3fdb83b633,96E,true,Hoja,,,,,,,,1,false,31fa5fa5-d0da-11f0-9ba0-fc3fdb83b633,3027edbd-d0da-11f0-9ba0-fc3fdb83b633
38a02451-d0da-11f0-9ba0-fc3fdb83b633,96F,true,Hoja,,,,,,,,1,false,31fa5fa5-d0da-11f0-9ba0-fc3fdb83b633,3027edbd-d0da-11f0-9ba0-fc3fdb83b633
38a048d9-d0da-11f0-9ba0-fc3fdb83b633,96G,true,Hoja,,,,,,,,1,false,31fa5fa5-d0da-11f0-9ba0-fc3fdb83b633,3027f7f9-d0da-11f0-9ba0-fc3fdb83b633
38a06d29-d0da-11f0-9ba0-fc3fdb83b633,96H,true,Hoja,,,,,,,,1,false,31fa5fa5-d0da-11f0-9ba0-fc3fdb83b633,3027edbd-d0da-11f0-9ba0-fc3fdb83b633
38a091b1-d0da-11f0-9ba0-fc3fdb83b633,96I,true,Hoja,,,,,,,,1,false,31fa5fa5-d0da-11f0-9ba0-fc3fdb83b633,3027edbd-d0da-11f0-9ba0-fc3fdb83b633
38a0ba51-d0da-11f0-9ba0-fc3fdb83b633,97A,true,Hoja,,,,,,,,1,false,31fa6254-d0da-11f0-9ba0-fc3fdb83b633,3027edbd-d0da-11f0-9ba0-fc3fdb83b633
38a0fdc8-d0da-11f0-9ba0-fc3fdb83b633,97B,true,Hoja,,,,,,,,1,false,31fa6254-d0da-11f0-9ba0-fc3fdb83b633,3027edbd-d0da-11f0-9ba0-fc3fdb83b633
38a1453e-d0da-11f0-9ba0-fc3fdb83b633,97C,true,Hoja,,,,,,,,1,false,31fa6254-d0da-11f0-9ba0-fc3fdb83b633,3027edbd-d0da-11f0-9ba0-fc3fdb83b633
38a18baf-d0da-11f0-9ba0-fc3fdb83b633,97D,true,Hoja,,,,,,,,1,false,31fa6254-d0da-11f0-9ba0-fc3fdb83b633,3027edbd-d0da-11f0-9ba0-fc3fdb83b633
38a1d4a4-d0da-11f0-9ba0-fc3fdb83b633,97E,true,Hoja,,,,,,,,1,false,31fa6254-d0da-11f0-9ba0-fc3fdb83b633,3027edbd-d0da-11f0-9ba0-fc3fdb83b633
38a21b09-d0da-11f0-9ba0-fc3fdb83b633,97F,true,Hoja,,,,,,,,1,false,31fa6254-d0da-11f0-9ba0-fc3fdb83b633,3027edbd-d0da-11f0-9ba0-fc3fdb83b633
38a26fac-d0da-11f0-9ba0-fc3fdb83b633,98A,true,Hoja,,,,,,,,1,false,31fa69ab-d0da-11f0-9ba0-fc3fdb83b633,3027edbd-d0da-11f0-9ba0-fc3fdb83b633
38a2d21e-d0da-11f0-9ba0-fc3fdb83b633,98B,true,Hoja,,,,,,,,1,false,31fa69ab-d0da-11f0-9ba0-fc3fdb83b633,3027edbd-d0da-11f0-9ba0-fc3fdb83b633
38a31703-d0da-11f0-9ba0-fc3fdb83b633,98C,true,Hoja,,,,,,,,1,false,31fa69ab-d0da-11f0-9ba0-fc3fdb83b633,3027edbd-d0da-11f0-9ba0-fc3fdb83b633
38a35bb7-d0da-11f0-9ba0-fc3fdb83b633,98D,true,Hoja,,,,,,,,1,false,31fa69ab-d0da-11f0-9ba0-fc3fdb83b633,3027edbd-d0da-11f0-9ba0-fc3fdb83b633
38a3a1d0-d0da-11f0-9ba0-fc3fdb83b633,98E,true,Hoja,,,,,,,,1,false,31fa69ab-d0da-11f0-9ba0-fc3fdb83b633,3027edbd-d0da-11f0-9ba0-fc3fdb83b633
38a3e776-d0da-11f0-9ba0-fc3fdb83b633,98F,true,Hoja,,,,,,,,1,false,31fa69ab-d0da-11f0-9ba0-fc3fdb83b633,3027edbd-d0da-11f0-9ba0-fc3fdb83b633
38a42fff-d0da-11f0-9ba0-fc3fdb83b633,99A,true,Hoja,,,,,,,,1,false,31fa6d72-d0da-11f0-9ba0-fc3fdb83b633,3027edbd-d0da-11f0-9ba0-fc3fdb83b633
38a47823-d0da-11f0-9ba0-fc3fdb83b633,99B,true,Hoja,,,,,,,,1,false,31fa6d72-d0da-11f0-9ba0-fc3fdb83b633,3027edbd-d0da-11f0-9ba0-fc3fdb83b633
38a4bf00-d0da-11f0-9ba0-fc3fdb83b633,99C,true,Hoja,,,,,,,,1,false,31fa6d72-d0da-11f0-9ba0-fc3fdb83b633,3027f83b-d0da-11f0-9ba0-fc3fdb83b633
38a505c1-d0da-11f0-9ba0-fc3fdb83b633,99D,true,Hoja,,,,,,,,1,false,31fa6d72-d0da-11f0-9ba0-fc3fdb83b633,3027edbd-d0da-11f0-9ba0-fc3fdb83b633
38a555b3-d0da-11f0-9ba0-fc3fdb83b633,9A,true,Hoja,,,,,,,,1,false,31fc7812-d0da-11f0-9ba0-fc3fdb83b633,3027edbd-d0da-11f0-9ba0-fc3fdb83b633
38a59ae5-d0da-11f0-9ba0-fc3fdb83b633,9B,true,Hoja,,,,,,,,1,false,31fc7812-d0da-11f0-9ba0-fc3fdb83b633,3027edbd-d0da-11f0-9ba0-fc3fdb83b633
38a5fc34-d0da-11f0-9ba0-fc3fdb83b633,Control,false,,,,,,,,,1,false,,