id,idHeredado,Colector,Fecha,Temperatura,Humedad,pH,idSitio,TieneCoordenadas,idCoordenadas,ContieneHospedero,idHospedero
31f91368-d0da-11f0-9ba0-fc3fdb83b633,JLCh-2493,,,,,,3190bf06-d0da-11f0-9ba0-fc3fdb83b633,false,,true,302e55da-d0da-11f0-9ba0-fc3fdb83b633
31f92855-d0da-11f0-9ba0-fc3fdb83b633,JLCh-2569,,,,,,3190bf06-d0da-11f0-9ba0-fc3fdb83b633,false,,true,302e57fb-d0da-11f0-9ba0-fc3fdb83b633
31f92ab7-d0da-11f0-9ba0-fc3fdb83b633,LA-10985,,2009-04-16,,,,3190ce49-d0da-11f0-9ba0-fc3fdb83b633,false,,true,302e5855-d0da-11f0-9ba0-fc3fdb83b633
31f9463a-d0da-11f0-9ba0-fc3fdb83b633,LA-10986,,2009-04-16,,,,3190ce49-d0da-11f0-9ba0-fc3fdb83b633,false,,true,302e58a0-d0da-11f0-9ba0-fc3fdb83b633
31f9483a-d0da-11f0-9ba0-fc3fdb83b633,LA-10987,,2009-04-16,,,,3190ce49-d0da-11f0-9ba0-fc3fdb83b633,false,,true,302e58e4-d0da-11f0-9ba0-fc3fdb83b633
31f94a0a-d0da-11f0-9ba0-fc3fdb83b633,LA-10989,,2009-04-16,,,,3190ce49-d0da-11f0-9ba0-fc3fdb83b633,false,,true,302e592f-d0da-11f0-9ba0-fc3fdb83b633
31f94bd5-d0da-11f0-9ba0-fc3fdb83b633,LA-10990,,2009-04-16,,,,3190ce49-d0da-11f0-9ba0-fc3fdb83b633,false,,true,302e5978-d0da-11f0-9ba0-fc3fdb83b633
31f94d97-d0da-11f0-9ba0-fc3fdb83b633,LA-10991,,2009-04-16,,,,3190ce49-d0da-11f0-9ba0-fc3fdb83b633,false,,true,302e59c4-d0da-11f0-9ba0-fc3fdb83b633
31f94f6c-d0da-11f0-9ba0-fc3fdb83b633,LA-10992,,2009-04-16,,,,3190ce49-d0da-11f0-9ba0-fc3fdb83b633,false,,true,302e5a0f-d0da-11f0-9ba0-fc3fdb83b633
31f95130-d0da-11f0-9ba0-fc3fdb83b633,LA-10993,,2009-04-16,,,,3190ce49-d0da-11f0-9ba0-fc3fdb83b633,false,,true,302e5a51-d0da-11f0-9ba0-fc3fdb83b633
31f952f7-d0da-11f0-9ba0-fc3fdb83b633,LA-10994,,2009-04-16,,,,3190ce49-d0da-11f0-9ba0-fc3fdb83b633,false,,true,302e5a93-d0da-11f0-9ba0-fc3fdb83b633
31f954c2-d0da-11f0-9ba0-fc3fdb83b633,LA-10995,,2009-04-16,,,,3190ce49-d0da-11f0-9ba0-fc3fdb83b633,false,,true,302e5ade-d0da-11f0-9ba0-fc3fdb83b633
31f956a3-d0da-11f0-9ba0-fc3fdb83b633,LA-10996,,2009-04-16,,,,3190ce49-d0da-11f0-9ba0-fc3fdb83b633,false,,true,302e5b21-d0da-11f0-9ba0-fc3fdb83b633
31f958d7-d0da-11f0-9ba0-fc3fdb83b633,LA-10997,,2009-04-16,,,,3190ce49-d0da-11f0-9ba0-fc3fdb83b633,false,,true,302e5b64-d0da-11f0-9ba0-fc3fdb83b633
31f95b01-d0da-11f0-9ba0-fc3fdb83b633,LA-10998,,2009-04-16,,,,3190ce49-d0da-11f0-9ba0-fc3fdb83b633,false,,true,302e5ba5-d0da-11f0-9ba0-fc3fdb83b633
31f95ced-d0da-11f0-9ba0-fc3fdb83b633,LA-10999,,2009-04-16,,,,3190ce49-d0da-11f0-9ba0-fc3fdb83b633,false,,true,302e5be7-d0da-11f0-9ba0-fc3fdb83b633
31f95f4d-d0da-11f0-9ba0-fc3fdb83b633,LA-11000,,2009-04-16,,,,3190ce49-d0da-11f0-9ba0-fc3fdb83b633,false,,true,302e5c27-d0da-11f0-9ba0-fc3fdb83b633
31f9614c-d0da-11f0-9ba0-fc3fdb83b633,LA-11168,,2009-05-07,,,,3190ce86-d0da-11f0-9ba0-fc3fdb83b633,false,,true,302e5c68-d0da-11f0-9ba0-fc3fdb83b633
31f96339-d0da-11f0-9ba0-fc3fdb83b633,LA-11171,,2009-05-07,,,,3190ce86-d0da-11f0-9ba0-fc3fdb83b633,false,,true,302e5ca7-d0da-11f0-9ba0-fc3fdb83b633
31f96547-d0da-11f0-9ba0-fc3fdb83b633,LA-11172,,2009-05-07,,,,3190ce86-d0da-11f0-9ba0-fc3fdb83b633,false,,true,302e5ce9-d0da-11f0-9ba0-fc3fdb83b633
31f96738-d0da-11f0-9ba0-fc3fdb83b633,LA-11173,,2009-05-07,,,,3190ce86-d0da-11f0-9ba0-fc3fdb83b633,false,,true,302e5d2c-d0da-11f0-9ba0-fc3fdb83b633
31f96964-d0da-11f0-9ba0-fc3fdb83b633,LA-11174,,2009-05-07,,,,3190cec4-d0da-11f0-9ba0-fc3fdb83b633,false,,true,302e5d6d-d0da-11f0-9ba0-fc3fdb83b633
31f96b4f-d0da-11f0-9ba0-fc3fdb83b633,LA-11176,,2009-05-07,,,,3190cec4-d0da-11f0-9ba0-fc3fdb83b633,false,,true,302e5dac-d0da-11f0-9ba0-fc3fdb83b633
31f96d27-d0da-11f0-9ba0-fc3fdb83b633,LA-11177,,2009-05-07,,,,3190cec4-d0da-11f0-9ba0-fc3fdb83b633,false,,true,302e5ded-d0da-11f0-9ba0-fc3fdb83b633
31f96efb-d0da-11f0-9ba0-fc3fdb83b633,LA-11179,,2009-05-07,,,,3190cf01-d0da-11f0-9ba0-fc3fdb83b633,false,,true,302e5e2e-d0da-11f0-9ba0-fc3fdb83b633
31f970c7-d0da-11f0-9ba0-fc3fdb83b633,LA-11180,,2009-05-07,,,,3190cf01-d0da-11f0-9ba0-fc3fdb83b633,false,,true,302e5e77-d0da-11f0-9ba0-fc3fdb83b633
31f972a1-d0da-11f0-9ba0-fc3fdb83b633,LA-11182,,2009-05-07,,,,3190cf01-d0da-11f0-9ba0-fc3fdb83b633,false,,true,302e5eb9-d0da-11f0-9ba0-fc3fdb83b633
31f97479-d0da-11f0-9ba0-fc3fdb83b633,LA-11183,,2009-05-07,,,,3190cf01-d0da-11f0-9ba0-fc3fdb83b633,false,,true,302e5efa-d0da-11f0-9ba0-fc3fdb83b633
31f9769a-d0da-11f0-9ba0-fc3fdb83b633,LA-11207,,2009-05-21,,,,3190e946-d0da-11f0-9ba0-fc3fdb83b633,false,,true,302e5f3c-d0da-11f0-9ba0-fc3fdb83b633
31f978b1-d0da-11f0-9ba0-fc3fdb83b633,LA-11208,,2009-05-21,,,,3190e946-d0da-11f0-9ba0-fc3fdb83b633,false,,true,302e5be7-d0da-11f0-9ba0-fc3fdb83b633
31f97a25-d0da-11f0-9ba0-fc3fdb83b633,LA-11209,,2009-05-21,,,,3190e946-d0da-11f0-9ba0-fc3fdb83b633,false,,true,302e5f7b-d0da-11f0-9ba0-fc3fdb83b633
31f97b58-d0da-11f0-9ba0-fc3fdb83b633,LA-11210,,2009-05-21,,,,3190e946-d0da-11f0-9ba0-fc3fdb83b633,false,,true,302e5fbc-d0da-11f0-9ba0-fc3fdb83b633
31f97c86-d0da-11f0-9ba0-fc3fdb83b633,LA-11211,,2009-05-21,,,,3190e946-d0da-11f0-9ba0-fc3fdb83b633,false,,true,302e5fbc-d0da-11f0-9ba0-fc3fdb83b633
31f97db6-d0da-11f0-9ba0-fc3fdb83b633,LA-11212,,2009-05-21,,,,3190e946-d0da-11f0-9ba0-fc3fdb83b633,false,,true,302e5fbc-d0da-11f0-9ba0-fc3fdb83b633
31f97eea-d0da-11f0-9ba0-fc3fdb83b633,LA-11213,,2009-05-21,,,,3190e946-d0da-11f0-9ba0-fc3fdb83b633,false,,true,302e5ffe-d0da-11f0-9ba0-fc3fdb83b633
31f98000-d0da-11f0-9ba0-fc3fdb83b633,LA-11214,,2009-05-21,,,,3190e946-d0da-11f0-9ba0-fc3fdb83b633,false,,true,302e603f-d0da-11f0-9ba0-fc3fdb83b633
31f98119-d0da-11f0-9ba0-fc3fdb83b633,LA-11215,,2009-05-21,,,,3190e946-d0da-11f0-9ba0-fc3fdb83b633,false,,true,302e607f-d0da-11f0-9ba0-fc3fdb83b633
31f98235-d0da-11f0-9ba0-fc3fdb83b633,LA-11216,,2009-05-21,,,,3190e946-d0da-11f0-9ba0-fc3fdb83b633,false,,true,302e60c0-d0da-11f0-9ba0-fc3fdb83b633
31f98352-d0da-11f0-9ba0-fc3fdb83b633,LA-11217,,2009-05-21,,,,3190e946-d0da-11f0-9ba0-fc3fdb83b633,false,,true,302e6102-d0da-11f0-9ba0-fc3fdb83b633
31f98467-d0da-11f0-9ba0-fc3fdb83b633,LA-11218,,2009-05-21,,,,3190e946-d0da-11f0-9ba0-fc3fdb83b633,false,,true,302e6145-d0da-11f0-9ba0-fc3fdb83b633
31f98581-d0da-11f0-9ba0-fc3fdb83b633,LA-11219,,2009-05-21,,,,3190e946-d0da-11f0-9ba0-fc3fdb83b633,false,,true,302e6186-d0da-11f0-9ba0-fc3fdb83b633
31f9869b-d0da-11f0-9ba0-fc3fdb83b633,LA-11220,,2009-05-21,,,,3190e946-d0da-11f0-9ba0-fc3fdb83b633,false,,true,302e603f-d0da-11f0-9ba0-fc3fdb83b633
31f987c2-d0da-11f0-9ba0-fc3fdb83b633,LA-11221,,2009-05-21,,,,3190e946-d0da-11f0-9ba0-fc3fdb83b633,false,,true,302e61c6-d0da-11f0-9ba0-fc3fdb83b633
31f988e4-d0da-11f0-9ba0-fc3fdb83b633,LA-11222,,2009-05-21,,,,3190e946-d0da-11f0-9ba0-fc3fdb83b633,false,,true,302e620c-d0da-11f0-9ba0-fc3fdb83b633
31f98a09-d0da-11f0-9ba0-fc3fdb83b633,LA-11376,,2009-06-11,,,,3190cc9e-d0da-11f0-9ba0-fc3fdb83b633,false,,true,302e6186-d0da-11f0-9ba0-fc3fdb83b633
31f98b31-d0da-11f0-9ba0-fc3fdb83b633,LA-11377,,2009-06-11,,,,3190cc9e-d0da-11f0-9ba0-fc3fdb83b633,false,,true,302e624c-d0da-11f0-9ba0-fc3fdb83b633
31f98c60-d0da-11f0-9ba0-fc3fdb83b633,LA-11378,,2009-06-11,,,,3190cc9e-d0da-11f0-9ba0-fc3fdb83b633,false,,true,302e58a0-d0da-11f0-9ba0-fc3fdb83b633
31f98d9d-d0da-11f0-9ba0-fc3fdb83b633,LA-11379,,2009-06-11,,,,3190cc9e-d0da-11f0-9ba0-fc3fdb83b633,false,,true,302e628c-d0da-11f0-9ba0-fc3fdb83b633
31f98ef1-d0da-11f0-9ba0-fc3fdb83b633,LA-11380,,2009-06-11,,,,3190cc9e-d0da-11f0-9ba0-fc3fdb83b633,false,,true,302e643f-d0da-11f0-9ba0-fc3fdb83b633
31f9932c-d0da-11f0-9ba0-fc3fdb83b633,LA-11382,,2009-06-11,,,,3190cc9e-d0da-11f0-9ba0-fc3fdb83b633,false,,true,302e648b-d0da-11f0-9ba0-fc3fdb83b633
31f99738-d0da-11f0-9ba0-fc3fdb83b633,LA-11383,,2009-06-11,,,,3190cc9e-d0da-11f0-9ba0-fc3fdb83b633,false,,true,302e64d3-d0da-11f0-9ba0-fc3fdb83b633
31f99947-d0da-11f0-9ba0-fc3fdb83b633,LA-11384,,2009-06-11,,,,3190cc9e-d0da-11f0-9ba0-fc3fdb83b633,false,,true,302e651c-d0da-11f0-9ba0-fc3fdb83b633
31f99b17-d0da-11f0-9ba0-fc3fdb83b633,LA-11385,,2009-06-11,,,,3190cc9e-d0da-11f0-9ba0-fc3fdb83b633,false,,true,302e655e-d0da-11f0-9ba0-fc3fdb83b633
31f99cf2-d0da-11f0-9ba0-fc3fdb83b633,LA-11386,,2009-06-11,,,,3190cc9e-d0da-11f0-9ba0-fc3fdb83b633,false,,true,302e65a2-d0da-11f0-9ba0-fc3fdb83b633
31f99ecd-d0da-11f0-9ba0-fc3fdb83b633,LA-11387,,2009-06-11,,,,3190cc9e-d0da-11f0-9ba0-fc3fdb83b633,false,,true,302e65e6-d0da-11f0-9ba0-fc3fdb83b633
31f9a0cc-d0da-11f0-9ba0-fc3fdb83b633,LA-11388,,2009-06-11,,,,3190cc9e-d0da-11f0-9ba0-fc3fdb83b633,false,,true,302e662a-d0da-11f0-9ba0-fc3fdb83b633
31f9a2a2-d0da-11f0-9ba0-fc3fdb83b633,LA-11389,,2009-06-11,,,,3190cc9e-d0da-11f0-9ba0-fc3fdb83b633,false,,true,302e666c-d0da-11f0-9ba0-fc3fdb83b633
31f9a47f-d0da-11f0-9ba0-fc3fdb83b633,LA-11390,,2009-06-11,,,,3190cc9e-d0da-11f0-9ba0-fc3fdb83b633,false,,true,302e5ba5-d0da-11f0-9ba0-fc3fdb83b633
31f9a69c-d0da-11f0-9ba0-fc3fdb83b633,LA-11921,,2009-07-24,,,,3190cdca-d0da-11f0-9ba0-fc3fdb83b633,false,,true,302e66af-d0da-11f0-9ba0-fc3fdb83b633
31f9a891-d0da-11f0-9ba0-fc3fdb83b633,LA-11922,,2009-07-24,,,,3190cdca-d0da-11f0-9ba0-fc3fdb83b633,false,,true,302e66f1-d0da-11f0-9ba0-fc3fdb83b633
31f9aa88-d0da-11f0-9ba0-fc3fdb83b633,LA-11924,,2009-07-24,,,,3190cdca-d0da-11f0-9ba0-fc3fdb83b633,false,,true,302e6736-d0da-11f0-9ba0-fc3fdb83b633
31f9ac9a-d0da-11f0-9ba0-fc3fdb83b633,LA-11925,,2009-07-24,,,,3190cdca-d0da-11f0-9ba0-fc3fdb83b633,false,,true,302e677a-d0da-11f0-9ba0-fc3fdb83b633
31f9ae89-d0da-11f0-9ba0-fc3fdb83b633,LA-11926,,2009-07-24,,,,3190cdca-d0da-11f0-9ba0-fc3fdb83b633,false,,true,302e67bd-d0da-11f0-9ba0-fc3fdb83b633
31f9b065-d0da-11f0-9ba0-fc3fdb83b633,LA-11927,,2009-07-24,,,,3190cdca-d0da-11f0-9ba0-fc3fdb83b633,false,,true,302e5ca7-d0da-11f0-9ba0-fc3fdb83b633
31f9b281-d0da-11f0-9ba0-fc3fdb83b633,LA-11928,,2009-07-24,,,,3190cdca-d0da-11f0-9ba0-fc3fdb83b633,false,,true,302e6801-d0da-11f0-9ba0-fc3fdb83b633
31f9b506-d0da-11f0-9ba0-fc3fdb83b633,LA-11929,,2009-07-24,,,,3190cdca-d0da-11f0-9ba0-fc3fdb83b633,false,,true,302e6845-d0da-11f0-9ba0-fc3fdb83b633
31f9b6ed-d0da-11f0-9ba0-fc3fdb83b633,LA-11930,,2009-07-24,,,,3190cdca-d0da-11f0-9ba0-fc3fdb83b633,false,,true,302e6887-d0da-11f0-9ba0-fc3fdb83b633
31f9b8c5-d0da-11f0-9ba0-fc3fdb83b633,LA-11931,,2009-07-24,,,,3190cdca-d0da-11f0-9ba0-fc3fdb83b633,false,,true,302e68c8-d0da-11f0-9ba0-fc3fdb83b633
31f9bacc-d0da-11f0-9ba0-fc3fdb83b633,LA-11932,,2009-07-24,,,,3190cdca-d0da-11f0-9ba0-fc3fdb83b633,false,,true,302e690c-d0da-11f0-9ba0-fc3fdb83b633
31f9bd32-d0da-11f0-9ba0-fc3fdb83b633,LA-11933,,2009-07-24,,,,3190cdca-d0da-11f0-9ba0-fc3fdb83b633,false,,true,302e6951-d0da-11f0-9ba0-fc3fdb83b633
31f9c009-d0da-11f0-9ba0-fc3fdb83b633,LA-11934,,2009-07-24,,,,3190cdca-d0da-11f0-9ba0-fc3fdb83b633,false,,true,302e6994-d0da-11f0-9ba0-fc3fdb83b633
31f9c1d6-d0da-11f0-9ba0-fc3fdb83b633,LA-11935,,2009-07-24,,,,3190cdca-d0da-11f0-9ba0-fc3fdb83b633,false,,true,302e6102-d0da-11f0-9ba0-fc3fdb83b633
31f9c407-d0da-11f0-9ba0-fc3fdb83b633,LA-11936,,2009-08-13,,,,3190d420-d0da-11f0-9ba0-fc3fdb83b633,false,,true,302e69d6-d0da-11f0-9ba0-fc3fdb83b633
31f9c5f7-d0da-11f0-9ba0-fc3fdb83b633,LA-11937,,2009-08-13,,,,3190d420-d0da-11f0-9ba0-fc3fdb83b633,false,,true,302e6736-d0da-11f0-9ba0-fc3fdb83b633
31f9ca7f-d0da-11f0-9ba0-fc3fdb83b633,LA-11938,,2009-08-13,,,,3190d420-d0da-11f0-9ba0-fc3fdb83b633,false,,true,302e6a18-d0da-11f0-9ba0-fc3fdb83b633
31f9ccc8-d0da-11f0-9ba0-fc3fdb83b633,LA-11939,,2009-08-13,,,,3190d420-d0da-11f0-9ba0-fc3fdb83b633,false,,true,302e6a5a-d0da-11f0-9ba0-fc3fdb83b633
31f9cef7-d0da-11f0-9ba0-fc3fdb83b633,LA-11940,,2009-08-13,,,,3190d420-d0da-11f0-9ba0-fc3fdb83b633,false,,true,302e6a9d-d0da-11f0-9ba0-fc3fdb83b633
31f9d444-d0da-11f0-9ba0-fc3fdb83b633,LA-11941,,2009-08-13,,,,3190d420-d0da-11f0-9ba0-fc3fdb83b633,false,,true,302e6adf-d0da-11f0-9ba0-fc3fdb83b633
31f9d70b-d0da-11f0-9ba0-fc3fdb83b633,LA-11942,,2009-08-13,,,,3190d420-d0da-11f0-9ba0-fc3fdb83b633,false,,true,302e5c27-d0da-11f0-9ba0-fc3fdb83b633
31f9d923-d0da-11f0-9ba0-fc3fdb83b633,LA-11943,,2009-08-13,,,,3190d420-d0da-11f0-9ba0-fc3fdb83b633,false,,true,302e6b21-d0da-11f0-9ba0-fc3fdb83b633
31f9db34-d0da-11f0-9ba0-fc3fdb83b633,LA-11944,,2009-08-13,,,,3190d420-d0da-11f0-9ba0-fc3fdb83b633,false,,true,302e6b64-d0da-11f0-9ba0-fc3fdb83b633
31f9dd7f-d0da-11f0-9ba0-fc3fdb83b633,LA-11945,,2009-08-13,,,,3190d420-d0da-11f0-9ba0-fc3fdb83b633,false,,true,302e6ba5-d0da-11f0-9ba0-fc3fdb83b633
31f9df7f-d0da-11f0-9ba0-fc3fdb83b633,LA-11946,,2009-08-13,,,,3190d420-d0da-11f0-9ba0-fc3fdb83b633,false,,true,302e5c27-d0da-11f0-9ba0-fc3fdb83b633
31f9e197-d0da-11f0-9ba0-fc3fdb83b633,LA-11947,,2009-08-13,,,,3190d420-d0da-11f0-9ba0-fc3fdb83b633,false,,true,302e5fbc-d0da-11f0-9ba0-fc3fdb83b633
31f9e413-d0da-11f0-9ba0-fc3fdb83b633,LA-11948,,2009-08-13,,,,3190d420-d0da-11f0-9ba0-fc3fdb83b633,false,,true,302e6186-d0da-11f0-9ba0-fc3fdb83b633
31f9e6f8-d0da-11f0-9ba0-fc3fdb83b633,LA-11949,,2009-08-13,,,,3190d420-d0da-11f0-9ba0-fc3fdb83b633,false,,true,302e6be7-d0da-11f0-9ba0-fc3fdb83b633
31f9e92f-d0da-11f0-9ba0-fc3fdb83b633,LA-11950,,2009-08-13,,,,3190d420-d0da-11f0-9ba0-fc3fdb83b633,false,,true,302e662a-d0da-11f0-9ba0-fc3fdb83b633
31f9eb16-d0da-11f0-9ba0-fc3fdb83b633,LA-11952,,2009-09-03,,,,3190dc74-d0da-11f0-9ba0-fc3fdb83b633,false,,true,302e6c29-d0da-11f0-9ba0-fc3fdb83b633
31f9ed7a-d0da-11f0-9ba0-fc3fdb83b633,LA-11953,,2009-09-03,,,,3190dc74-d0da-11f0-9ba0-fc3fdb83b633,false,,true,302e6c6a-d0da-11f0-9ba0-fc3fdb83b633
31f9ef8c-d0da-11f0-9ba0-fc3fdb83b633,LA-11954,,2009-09-03,,,,3190dc74-d0da-11f0-9ba0-fc3fdb83b633,false,,true,302e6cab-d0da-11f0-9ba0-fc3fdb83b633
31f9f17d-d0da-11f0-9ba0-fc3fdb83b633,LA-11955,,2009-09-03,,,,3190dc74-d0da-11f0-9ba0-fc3fdb83b633,false,,true,302e6cef-d0da-11f0-9ba0-fc3fdb83b633
31f9f378-d0da-11f0-9ba0-fc3fdb83b633,LA-11956,,2009-09-03,,,,3190dc74-d0da-11f0-9ba0-fc3fdb83b633,false,,true,302e5c27-d0da-11f0-9ba0-fc3fdb83b633
31f9f595-d0da-11f0-9ba0-fc3fdb83b633,LA-11957,,2009-09-03,,,,3190dc74-d0da-11f0-9ba0-fc3fdb83b633,false,,true,302e6d31-d0da-11f0-9ba0-fc3fdb83b633
31f9f792-d0da-11f0-9ba0-fc3fdb83b633,LA-11958,,2009-09-03,,,,3190dc74-d0da-11f0-9ba0-fc3fdb83b633,false,,true,302e6d73-d0da-11f0-9ba0-fc3fdb83b633
31f9f981-d0da-11f0-9ba0-fc3fdb83b633,LA-11960,,2009-09-03,,,,3190dc74-d0da-11f0-9ba0-fc3fdb83b633,false,,true,302e6db4-d0da-11f0-9ba0-fc3fdb83b633
31f9fb7c-d0da-11f0-9ba0-fc3fdb83b633,LA-11961,,2009-09-03,,,,3190dc74-d0da-11f0-9ba0-fc3fdb83b633,false,,true,302e6df7-d0da-11f0-9ba0-fc3fdb83b633
31f9fd7e-d0da-11f0-9ba0-fc3fdb83b633,LA-11962,,2009-09-03,,,,3190dc74-d0da-11f0-9ba0-fc3fdb83b633,false,,true,302e6e3a-d0da-11f0-9ba0-fc3fdb83b633
31f9ff5c-d0da-11f0-9ba0-fc3fdb83b633,LA-11963,,2009-09-03,,,,3190dc74-d0da-11f0-9ba0-fc3fdb83b633,false,,true,302e6e7d-d0da-11f0-9ba0-fc3fdb83b633
31fa0138-d0da-11f0-9ba0-fc3fdb83b633,LA-11964,,2009-09-03,,,,3190dc74-d0da-11f0-9ba0-fc3fdb83b633,false,,true,302e6ebf-d0da-11f0-9ba0-fc3fdb83b633
31fa0319-d0da-11f0-9ba0-fc3fdb83b633,LA-11965,,2009-09-03,,,,3190dc74-d0da-11f0-9ba0-fc3fdb83b633,false,,true,302e6f02-d0da-11f0-9ba0-fc3fdb83b633
31fa0508-d0da-11f0-9ba0-fc3fdb83b633,LA-11966,,2009-09-03,,,,3190dc74-d0da-11f0-9ba0-fc3fdb83b633,false,,true,302e5fbc-d0da-11f0-9ba0-fc3fdb83b633
31fa0718-d0da-11f0-9ba0-fc3fdb83b633,LA-11968,,2009-10-08,,,,3190ce0b-d0da-11f0-9ba0-fc3fdb83b633,false,,true,302e6736-d0da-11f0-9ba0-fc3fdb83b633
31fa0926-d0da-11f0-9ba0-fc3fdb83b633,LA-11969,,2009-10-08,,,,3190ce0b-d0da-11f0-9ba0-fc3fdb83b633,false,,true,302e6736-d0da-11f0-9ba0-fc3fdb83b633
31fa0b86-d0da-11f0-9ba0-fc3fdb83b633,LA-11970,,2009-10-08,,,,3190ce0b-d0da-11f0-9ba0-fc3fdb83b633,false,,true,302e6f42-d0da-11f0-9ba0-fc3fdb83b633
31fa11b9-d0da-11f0-9ba0-fc3fdb83b633,LA-11971,,2009-10-08,,,,3190ce0b-d0da-11f0-9ba0-fc3fdb83b633,false,,true,302e6f86-d0da-11f0-9ba0-fc3fdb83b633
31fa13ef-d0da-11f0-9ba0-fc3fdb83b633,LA-11972,,2009-10-08,,,,3190ce0b-d0da-11f0-9ba0-fc3fdb83b633,false,,true,302e6fc8-d0da-11f0-9ba0-fc3fdb83b633
31fa1607-d0da-11f0-9ba0-fc3fdb83b633,LA-3236,LG.ACOSTA,2003-09-09,25,,,3190e8c6-d0da-11f0-9ba0-fc3fdb83b633,true,31d1bd6a-d0da-11f0-9ba0-fc3fdb83b633,true,302e701b-d0da-11f0-9ba0-fc3fdb83b633
31fa18ed-d0da-11f0-9ba0-fc3fdb83b633,LA-3237,LG.ACOSTA,2003-09-09,25,,,3190e8c6-d0da-11f0-9ba0-fc3fdb83b633,true,31d1bd6a-d0da-11f0-9ba0-fc3fdb83b633,true,302e706a-d0da-11f0-9ba0-fc3fdb83b633
31fa1b40-d0da-11f0-9ba0-fc3fdb83b633,LA-3238,LG.ACOSTA,2003-09-09,25,,,3190e8c6-d0da-11f0-9ba0-fc3fdb83b633,true,31d1bd6a-d0da-11f0-9ba0-fc3fdb83b633,true,302e70b7-d0da-11f0-9ba0-fc3fdb83b633
31fa1d90-d0da-11f0-9ba0-fc3fdb83b633,LA-3239,LG.ACOSTA,2003-09-09,25,,,3190e8c6-d0da-11f0-9ba0-fc3fdb83b633,true,31d1bfc7-d0da-11f0-9ba0-fc3fdb83b633,true,302e7100-d0da-11f0-9ba0-fc3fdb83b633
31fa1fd1-d0da-11f0-9ba0-fc3fdb83b633,LA-3240,LG.ACOSTA,2003-09-09,24,,,3190e8c6-d0da-11f0-9ba0-fc3fdb83b633,true,31d1c0b9-d0da-11f0-9ba0-fc3fdb83b633,true,302e7147-d0da-11f0-9ba0-fc3fdb83b633
31fa21fe-d0da-11f0-9ba0-fc3fdb83b633,LA-3241,LG.ACOSTA,2003-09-09,24,,,3190e8c6-d0da-11f0-9ba0-fc3fdb83b633,true,31d1c0b9-d0da-11f0-9ba0-fc3fdb83b633,true,302e718f-d0da-11f0-9ba0-fc3fdb83b633
31fa243c-d0da-11f0-9ba0-fc3fdb83b633,LA-3242,LG.ACOSTA,2003-09-09,24,,,3190e8c6-d0da-11f0-9ba0-fc3fdb83b633,true,31d1c11b-d0da-11f0-9ba0-fc3fdb83b633,true,302e71d7-d0da-11f0-9ba0-fc3fdb83b633
31fa2669-d0da-11f0-9ba0-fc3fdb83b633,LA-3243,LG.ACOSTA,2003-09-09,24,,,3190e8c6-d0da-11f0-9ba0-fc3fdb83b633,true,31d1c0b9-d0da-11f0-9ba0-fc3fdb83b633,true,302e721d-d0da-11f0-9ba0-fc3fdb83b633
31fa28b2-d0da-11f0-9ba0-fc3fdb83b633,LA-3244,LG.ACOSTA,2003-10-13,28,,,3190d205-d0da-11f0-9ba0-fc3fdb83b633,true,31d1c175-d0da-11f0-9ba0-fc3fdb83b633,true,302e7264-d0da-11f0-9ba0-fc3fdb83b633
31fa2ae8-d0da-11f0-9ba0-fc3fdb83b633,LA-3245,LG.ACOSTA,2003-10-13,28,,,3190d205-d0da-11f0-9ba0-fc3fdb83b633,true,31d1c1cd-d0da-11f0-9ba0-fc3fdb83b633,true,302e72ab-d0da-11f0-9ba0-fc3fdb83b633
31fa2d2e-d0da-11f0-9ba0-fc3fdb83b633,LA-3246,LG.ACOSTA,2003-10-13,28,,,3190d205-d0da-11f0-9ba0-fc3fdb83b633,true,31d1c175-d0da-11f0-9ba0-fc3fdb83b633,true,302e7355-d0da-11f0-9ba0-fc3fdb83b633
31fa2f7b-d0da-11f0-9ba0-fc3fdb83b633,LA-3247,LG.ACOSTA,2003-10-13,28,,,3190d205-d0da-11f0-9ba0-fc3fdb83b633,true,31d1c175-d0da-11f0-9ba0-fc3fdb83b633,true,302e73e9-d0da-11f0-9ba0-fc3fdb83b633
31fa324a-d0da-11f0-9ba0-fc3fdb83b633,LA-3248,LG.ACOSTA,2003-10-13,28,,,3190d205-d0da-11f0-9ba0-fc3fdb83b633,true,31d1c1cd-d0da-11f0-9ba0-fc3fdb83b633,true,302e743c-d0da-11f0-9ba0-fc3fdb83b633
31fa34cc-d0da-11f0-9ba0-fc3fdb83b633,LA-3249,LG.ACOSTA,2003-10-13,28,,,3190d205-d0da-11f0-9ba0-fc3fdb83b633,true,31d1c175-d0da-11f0-9ba0-fc3fdb83b633,true,302e7484-d0da-11f0-9ba0-fc3fdb83b633
31fa3739-d0da-11f0-9ba0-fc3fdb83b633,LA-3250,LG.ACOSTA,2003-10-13,28,,,3190d205-d0da-11f0-9ba0-fc3fdb83b633,true,31d1c1cd-d0da-11f0-9ba0-fc3fdb83b633,true,302e74cb-d0da-11f0-9ba0-fc3fdb83b633
31fa3999-d0da-11f0-9ba0-fc3fdb83b633,LA-3251,LG.ACOSTA,2003-10-13,28,,,3190d205-d0da-11f0-9ba0-fc3fdb83b633,true,31d1c175-d0da-11f0-9ba0-fc3fdb83b633,true,302e7513-d0da-11f0-9ba0-fc3fdb83b633
31fa3bda-d0da-11f0-9ba0-fc3fdb83b633,LA-3252,LG.ACOSTA,2003-10-13,26,,,3190e5e0-d0da-11f0-9ba0-fc3fdb83b633,true,31d1c226-d0da-11f0-9ba0-fc3fdb83b633,true,302e755a-d0da-11f0-9ba0-fc3fdb83b633
31fa3e07-d0da-11f0-9ba0-fc3fdb83b633,LA-3253,LG.ACOSTA,2003-10-13,26,,,3190e5e0-d0da-11f0-9ba0-fc3fdb83b633,true,31d1c226-d0da-11f0-9ba0-fc3fdb83b633,true,302e75a7-d0da-11f0-9ba0-fc3fdb83b633
31fa4060-d0da-11f0-9ba0-fc3fdb83b633,LA-3254,LG.ACOSTA,2003-10-13,26,,,3190e5e0-d0da-11f0-9ba0-fc3fdb83b633,true,31d1c277-d0da-11f0-9ba0-fc3fdb83b633,true,302e75f2-d0da-11f0-9ba0-fc3fdb83b633
31fa42c4-d0da-11f0-9ba0-fc3fdb83b633,LA-3255,LG.ACOSTA,2003-10-13,26,,,3190e5e0-d0da-11f0-9ba0-fc3fdb83b633,true,31d1c277-d0da-11f0-9ba0-fc3fdb83b633,true,302e763a-d0da-11f0-9ba0-fc3fdb83b633
31fa4842-d0da-11f0-9ba0-fc3fdb83b633,LA-3288,LG.ACOSTA,2004-01-12,38,,,3190d368-d0da-11f0-9ba0-fc3fdb83b633,true,31d1c2cc-d0da-11f0-9ba0-fc3fdb83b633,true,302e7683-d0da-11f0-9ba0-fc3fdb83b633
31fa4b52-d0da-11f0-9ba0-fc3fdb83b633,LA-3289,LG.ACOSTA,2004-01-12,38,,,3190e805-d0da-11f0-9ba0-fc3fdb83b633,true,31d1c2cc-d0da-11f0-9ba0-fc3fdb83b633,true,302e76ca-d0da-11f0-9ba0-fc3fdb83b633
31fa4e0b-d0da-11f0-9ba0-fc3fdb83b633,LA-3290,LG.ACOSTA,2004-01-12,32,,,3190e884-d0da-11f0-9ba0-fc3fdb83b633,true,31d1c321-d0da-11f0-9ba0-fc3fdb83b633,true,302e7716-d0da-11f0-9ba0-fc3fdb83b633
31fa508e-d0da-11f0-9ba0-fc3fdb83b633,LA-3291,LG.ACOSTA,2004-01-12,32,,,3190e884-d0da-11f0-9ba0-fc3fdb83b633,true,31d1c321-d0da-11f0-9ba0-fc3fdb83b633,true,302e7767-d0da-11f0-9ba0-fc3fdb83b633
31fa52e0-d0da-11f0-9ba0-fc3fdb83b633,LA-3292,LG.ACOSTA,2004-01-12,34,,,3190e884-d0da-11f0-9ba0-fc3fdb83b633,true,31d1c376-d0da-11f0-9ba0-fc3fdb83b633,true,302e77b0-d0da-11f0-9ba0-fc3fdb83b633
31fa553e-d0da-11f0-9ba0-fc3fdb83b633,LA-3293,LG.ACOSTA,2004-01-12,34,,,3190e845-d0da-11f0-9ba0-fc3fdb83b633,true,31d1c3c8-d0da-11f0-9ba0-fc3fdb83b633,true,302e77f8-d0da-11f0-9ba0-fc3fdb83b633
31fa577d-d0da-11f0-9ba0-fc3fdb83b633,LA-3294,LG.ACOSTA,2004-01-12,34,,,3190e884-d0da-11f0-9ba0-fc3fdb83b633,true,31d1c41e-d0da-11f0-9ba0-fc3fdb83b633,true,302e7841-d0da-11f0-9ba0-fc3fdb83b633
31fa5ae2-d0da-11f0-9ba0-fc3fdb83b633,LA-3295,LG.ACOSTA,2004-01-12,34,,,3190e845-d0da-11f0-9ba0-fc3fdb83b633,true,31d1c46f-d0da-11f0-9ba0-fc3fdb83b633,true,302e7889-d0da-11f0-9ba0-fc3fdb83b633
31fa5d44-d0da-11f0-9ba0-fc3fdb83b633,LA-3296,LG.ACOSTA,2004-01-12,34,,,3190e845-d0da-11f0-9ba0-fc3fdb83b633,true,31d1c3c8-d0da-11f0-9ba0-fc3fdb83b633,true,302e78d1-d0da-11f0-9ba0-fc3fdb83b633
31fa5fa5-d0da-11f0-9ba0-fc3fdb83b633,LA-3297,LG.ACOSTA,2004-01-12,34,,,3190e884-d0da-11f0-9ba0-fc3fdb83b633,true,31d1c41e-d0da-11f0-9ba0-fc3fdb83b633,true,302e7918-d0da-11f0-9ba0-fc3fdb83b633
31fa6254-d0da-11f0-9ba0-fc3fdb83b633,LA-3298,LG.ACOSTA,2004-01-12,34,,,3190e845-d0da-11f0-9ba0-fc3fdb83b633,true,31d1c46f-d0da-11f0-9ba0-fc3fdb83b633,true,302e7961-d0da-11f0-9ba0-fc3fdb83b633
31fa69ab-d0da-11f0-9ba0-fc3fdb83b633,LA-3299,LG.ACOSTA,2004-01-12,34,,,3190e845-d0da-11f0-9ba0-fc3fdb83b633,true,31d1c3c8-d0da-11f0-9ba0-fc3fdb83b633,true,302e79aa-d0da-11f0-9ba0-fc3fdb83b633
31fa6d72-d0da-11f0-9ba0-fc3fdb83b633,LA-3300,LG.ACOSTA,2004-01-12,34,,,3190e884-d0da-11f0-9ba0-fc3fdb83b633,true,31d1c376-d0da-11f0-9ba0-fc3fdb83b633,true,302e79f2-d0da-11f0-9ba0-fc3fdb83b633
31fa731b-d0da-11f0-9ba0-fc3fdb83b633,LA-3301,LG.ACOSTA,2004-01-12,34,,,3190e884-d0da-11f0-9ba0-fc3fdb83b633,true,31d1c4c7-d0da-11f0-9ba0-fc3fdb83b633,true,302e7147-d0da-11f0-9ba0-fc3fdb83b633
31fa76a8-d0da-11f0-9ba0-fc3fdb83b633,LA-3302,LG.ACOSTA,2004-01-12,33,,,3190e845-d0da-11f0-9ba0-fc3fdb83b633,true,31d1c519-d0da-11f0-9ba0-fc3fdb83b633,true,302e7a3a-d0da-11f0-9ba0-fc3fdb83b633
31fa7d4b-d0da-11f0-9ba0-fc3fdb83b633,LA-3303,LG.ACOSTA,2004-01-12,33,,,3190e884-d0da-11f0-9ba0-fc3fdb83b633,true,31d1c56e-d0da-11f0-9ba0-fc3fdb83b633,true,302e7a84-d0da-11f0-9ba0-fc3fdb83b633
31fa80d2-d0da-11f0-9ba0-fc3fdb83b633,LA-3304,LG.ACOSTA,2004-01-12,34,,,3190e845-d0da-11f0-9ba0-fc3fdb83b633,true,31d1c5c1-d0da-11f0-9ba0-fc3fdb83b633,true,302e7acb-d0da-11f0-9ba0-fc3fdb83b633
31fa8578-d0da-11f0-9ba0-fc3fdb83b633,LA-3305,LG.ACOSTA,2004-01-12,35,,,3190e884-d0da-11f0-9ba0-fc3fdb83b633,true,31d1c616-d0da-11f0-9ba0-fc3fdb83b633,true,302e7b12-d0da-11f0-9ba0-fc3fdb83b633
31fa8903-d0da-11f0-9ba0-fc3fdb83b633,LA-3306,LG.ACOSTA,2004-01-12,35,,,3190e845-d0da-11f0-9ba0-fc3fdb83b633,true,31d1c667-d0da-11f0-9ba0-fc3fdb83b633,true,302e7b59-d0da-11f0-9ba0-fc3fdb83b633
31fa8c7c-d0da-11f0-9ba0-fc3fdb83b633,LA-3307,LG.ACOSTA,2004-01-12,35,,,3190e845-d0da-11f0-9ba0-fc3fdb83b633,true,31d1c667-d0da-11f0-9ba0-fc3fdb83b633,true,302e7ba2-d0da-11f0-9ba0-fc3fdb83b633
31fa9c40-d0da-11f0-9ba0-fc3fdb83b633,LA-3310,LG.ACOSTA,2004-01-19,35,,,3190e906-d0da-11f0-9ba0-fc3fdb83b633,true,31d1c6b1-d0da-11f0-9ba0-fc3fdb83b633,true,302e7be9-d0da-11f0-9ba0-fc3fdb83b633
31fa9fa5-d0da-11f0-9ba0-fc3fdb83b633,LA-3311,LG.ACOSTA,2004-01-19,35,,,3190e906-d0da-11f0-9ba0-fc3fdb83b633,true,31d1c6b1-d0da-11f0-9ba0-fc3fdb83b633,true,302e7c31-d0da-11f0-9ba0-fc3fdb83b633
31faa8a0-d0da-11f0-9ba0-fc3fdb83b633,LA-3312,LG.ACOSTA,2004-01-19,35,,,3190e906-d0da-11f0-9ba0-fc3fdb83b633,true,31d1c6b1-d0da-11f0-9ba0-fc3fdb83b633,true,302e7c78-d0da-11f0-9ba0-fc3fdb83b633
31fab6d5-d0da-11f0-9ba0-fc3fdb83b633,LA-3313,LG.ACOSTA,2004-01-19,35,,,3190e906-d0da-11f0-9ba0-fc3fdb83b633,true,31d1c705-d0da-11f0-9ba0-fc3fdb83b633,true,302e7cc0-d0da-11f0-9ba0-fc3fdb83b633
31facc11-d0da-11f0-9ba0-fc3fdb83b633,LA-3314,LG.ACOSTA,2004-01-19,35,,,3190e906-d0da-11f0-9ba0-fc3fdb83b633,true,31d1c705-d0da-11f0-9ba0-fc3fdb83b633,true,302e7d0a-d0da-11f0-9ba0-fc3fdb83b633
31facf92-d0da-11f0-9ba0-fc3fdb83b633,LA-3315,LG.ACOSTA,2004-01-19,35,,,3190e906-d0da-11f0-9ba0-fc3fdb83b633,true,31d1c705-d0da-11f0-9ba0-fc3fdb83b633,true,302e7d51-d0da-11f0-9ba0-fc3fdb83b633
31fad222-d0da-11f0-9ba0-fc3fdb83b633,LA-3316,LG.ACOSTA,2004-01-19,32,,,3190e906-d0da-11f0-9ba0-fc3fdb83b633,true,31d1c757-d0da-11f0-9ba0-fc3fdb83b633,true,302e7d9a-d0da-11f0-9ba0-fc3fdb83b633
31fad486-d0da-11f0-9ba0-fc3fdb83b633,LA-3317,LG.ACOSTA,2004-01-19,32,,,3190e906-d0da-11f0-9ba0-fc3fdb83b633,true,31d1c7a5-d0da-11f0-9ba0-fc3fdb83b633,true,302e7de5-d0da-11f0-9ba0-fc3fdb83b633
31fad75d-d0da-11f0-9ba0-fc3fdb83b633,LA-3318,LG.ACOSTA,2004-01-19,32,,,3190e906-d0da-11f0-9ba0-fc3fdb83b633,true,31d1c7ed-d0da-11f0-9ba0-fc3fdb83b633,true,302e7e2d-d0da-11f0-9ba0-fc3fdb83b633
31fad9ce-d0da-11f0-9ba0-fc3fdb83b633,LA-3319,LG.ACOSTA,2004-01-19,32,,,3190e906-d0da-11f0-9ba0-fc3fdb83b633,true,31d1c7ed-d0da-11f0-9ba0-fc3fdb83b633,true,302e7e74-d0da-11f0-9ba0-fc3fdb83b633
31fadc27-d0da-11f0-9ba0-fc3fdb83b633,LA-3320,LG.ACOSTA,2004-01-19,32,,,3190e906-d0da-11f0-9ba0-fc3fdb83b633,true,31d1c7ed-d0da-11f0-9ba0-fc3fdb83b633,true,302e7ebc-d0da-11f0-9ba0-fc3fdb83b633
31fade7d-d0da-11f0-9ba0-fc3fdb83b633,LA-3321,LG.ACOSTA,2004-01-19,32,,,3190e906-d0da-11f0-9ba0-fc3fdb83b633,true,31d1c837-d0da-11f0-9ba0-fc3fdb83b633,true,302e7f05-d0da-11f0-9ba0-fc3fdb83b633
31fae0d6-d0da-11f0-9ba0-fc3fdb83b633,LA-3322,LG.ACOSTA,2004-01-19,32,,,3190e906-d0da-11f0-9ba0-fc3fdb83b633,true,31d1c7ed-d0da-11f0-9ba0-fc3fdb83b633,true,302e7f4c-d0da-11f0-9ba0-fc3fdb83b633
31fae359-d0da-11f0-9ba0-fc3fdb83b633,LA-3323,LG.ACOSTA,2004-01-19,32,,,3190e906-d0da-11f0-9ba0-fc3fdb83b633,true,31d1c885-d0da-11f0-9ba0-fc3fdb83b633,true,302e7f94-d0da-11f0-9ba0-fc3fdb83b633
31fae5c7-d0da-11f0-9ba0-fc3fdb83b633,LA-3324,LG.ACOSTA,2004-01-19,32,,,3190e906-d0da-11f0-9ba0-fc3fdb83b633,true,31d1c885-d0da-11f0-9ba0-fc3fdb83b633,true,302e7fdb-d0da-11f0-9ba0-fc3fdb83b633
31fae83c-d0da-11f0-9ba0-fc3fdb83b633,LA-3325,LG.ACOSTA,2004-01-19,32,,,3190e906-d0da-11f0-9ba0-fc3fdb83b633,true,31d1c8d6-d0da-11f0-9ba0-fc3fdb83b633,true,302e8023-d0da-11f0-9ba0-fc3fdb83b633
31faea96-d0da-11f0-9ba0-fc3fdb83b633,LA-3326,LG.ACOSTA,2004-01-19,33,,,3190e906-d0da-11f0-9ba0-fc3fdb83b633,true,31d1c927-d0da-11f0-9ba0-fc3fdb83b633,true,302e806a-d0da-11f0-9ba0-fc3fdb83b633
31faeccd-d0da-11f0-9ba0-fc3fdb83b633,LA-3327,,,,,,,false,,true,302e80b1-d0da-11f0-9ba0-fc3fdb83b633
31faeea5-d0da-11f0-9ba0-fc3fdb83b633,LA-3328,LG.ACOSTA,2004-01-19,32,,,3190e906-d0da-11f0-9ba0-fc3fdb83b633,true,31d1c978-d0da-11f0-9ba0-fc3fdb83b633,true,302e80f8-d0da-11f0-9ba0-fc3fdb83b633
31faf138-d0da-11f0-9ba0-fc3fdb83b633,LA-3329,LG.ACOSTA,2004-01-19,32,,,3190e906-d0da-11f0-9ba0-fc3fdb83b633,true,31d1c978-d0da-11f0-9ba0-fc3fdb83b633,true,302e7d51-d0da-11f0-9ba0-fc3fdb83b633
31faf3fc-d0da-11f0-9ba0-fc3fdb83b633,LA-3330,LG.ACOSTA,2004-01-26,33,,,3190e906-d0da-11f0-9ba0-fc3fdb83b633,true,31d1c757-d0da-11f0-9ba0-fc3fdb83b633,true,302e8141-d0da-11f0-9ba0-fc3fdb83b633
31faf6b1-d0da-11f0-9ba0-fc3fdb83b633,LA-3331,LG.ACOSTA,2004-01-26,33,,,3190e906-d0da-11f0-9ba0-fc3fdb83b633,true,31d1c757-d0da-11f0-9ba0-fc3fdb83b633,true,302e8189-d0da-11f0-9ba0-fc3fdb83b633
31faf954-d0da-11f0-9ba0-fc3fdb83b633,LA-3332,LG.ACOSTA,2004-01-26,33,,,3190e906-d0da-11f0-9ba0-fc3fdb83b633,true,31d1c837-d0da-11f0-9ba0-fc3fdb83b633,true,302e81d5-d0da-11f0-9ba0-fc3fdb83b633
31fafbd2-d0da-11f0-9ba0-fc3fdb83b633,LA-3333,LG.ACOSTA,2004-01-26,33,,,3190e906-d0da-11f0-9ba0-fc3fdb83b633,true,31d1c837-d0da-11f0-9ba0-fc3fdb83b633,true,302e821e-d0da-11f0-9ba0-fc3fdb83b633
31fafe57-d0da-11f0-9ba0-fc3fdb83b633,LA-3334,LG.ACOSTA,2004-01-26,32,,,3190e906-d0da-11f0-9ba0-fc3fdb83b633,true,31d1c885-d0da-11f0-9ba0-fc3fdb83b633,true,302e8265-d0da-11f0-9ba0-fc3fdb83b633
31fb00af-d0da-11f0-9ba0-fc3fdb83b633,LA-3335,LG.ACOSTA,2004-01-26,32,,,3190e906-d0da-11f0-9ba0-fc3fdb83b633,true,31d1c8d6-d0da-11f0-9ba0-fc3fdb83b633,true,302e82a9-d0da-11f0-9ba0-fc3fdb83b633
31fb0312-d0da-11f0-9ba0-fc3fdb83b633,LA-3336,LG.ACOSTA,2004-01-26,32,,,3190e906-d0da-11f0-9ba0-fc3fdb83b633,true,31d1c927-d0da-11f0-9ba0-fc3fdb83b633,true,302e82f2-d0da-11f0-9ba0-fc3fdb83b633
31fb0579-d0da-11f0-9ba0-fc3fdb83b633,LA-3337,LG.ACOSTA,2004-01-26,32,,,3190e906-d0da-11f0-9ba0-fc3fdb83b633,true,31d1c9cd-d0da-11f0-9ba0-fc3fdb83b633,true,302e833a-d0da-11f0-9ba0-fc3fdb83b633
31fb07e3-d0da-11f0-9ba0-fc3fdb83b633,LA-3338,LG.ACOSTA,2004-01-26,32,,,3190e906-d0da-11f0-9ba0-fc3fdb83b633,true,31d1c9cd-d0da-11f0-9ba0-fc3fdb83b633,true,302e8383-d0da-11f0-9ba0-fc3fdb83b633
31fb0a48-d0da-11f0-9ba0-fc3fdb83b633,LA-3339,LG.ACOSTA,2004-01-26,32,,,3190e906-d0da-11f0-9ba0-fc3fdb83b633,true,31d1c9cd-d0da-11f0-9ba0-fc3fdb83b633,true,302e83ca-d0da-11f0-9ba0-fc3fdb83b633
31fb0cc3-d0da-11f0-9ba0-fc3fdb83b633,LA-3340,LG.ACOSTA,2004-01-26,32,,,3190e906-d0da-11f0-9ba0-fc3fdb83b633,true,31d1c927-d0da-11f0-9ba0-fc3fdb83b633,true,302e8410-d0da-11f0-9ba0-fc3fdb83b633
31fb0f31-d0da-11f0-9ba0-fc3fdb83b633,LA-3341,LG.ACOSTA,2004-01-26,32,,,3190e906-d0da-11f0-9ba0-fc3fdb83b633,true,31d1c9cd-d0da-11f0-9ba0-fc3fdb83b633,true,302e8457-d0da-11f0-9ba0-fc3fdb83b633
31fb11b5-d0da-11f0-9ba0-fc3fdb83b633,LA-3342,LG.ACOSTA,2004-01-26,31,,,3190d3e2-d0da-11f0-9ba0-fc3fdb83b633,true,31d1c978-d0da-11f0-9ba0-fc3fdb83b633,true,302e849f-d0da-11f0-9ba0-fc3fdb83b633
31fb1411-d0da-11f0-9ba0-fc3fdb83b633,LA-3343,LG.ACOSTA,2004-01-26,31,,,3190d3e2-d0da-11f0-9ba0-fc3fdb83b633,true,31d1c978-d0da-11f0-9ba0-fc3fdb83b633,true,302e84e6-d0da-11f0-9ba0-fc3fdb83b633
31fb1686-d0da-11f0-9ba0-fc3fdb83b633,LA-3344,LG.ACOSTA,2004-01-26,31,,,3190d3e2-d0da-11f0-9ba0-fc3fdb83b633,true,31d1ca20-d0da-11f0-9ba0-fc3fdb83b633,true,302e852e-d0da-11f0-9ba0-fc3fdb83b633
31fb1901-d0da-11f0-9ba0-fc3fdb83b633,LA-3345,LG.ACOSTA,2004-02-23,29,,,3190d32d-d0da-11f0-9ba0-fc3fdb83b633,true,31d1ca75-d0da-11f0-9ba0-fc3fdb83b633,true,302e8575-d0da-11f0-9ba0-fc3fdb83b633
31fb1b59-d0da-11f0-9ba0-fc3fdb83b633,LA-3346,LG.ACOSTA,2004-02-23,29,,,3190d32d-d0da-11f0-9ba0-fc3fdb83b633,true,31d1ca75-d0da-11f0-9ba0-fc3fdb83b633,true,302e85bb-d0da-11f0-9ba0-fc3fdb83b633
31fb1dba-d0da-11f0-9ba0-fc3fdb83b633,LA-3347,LG.ACOSTA,2004-02-23,29,,,3190d32d-d0da-11f0-9ba0-fc3fdb83b633,true,31d1cac8-d0da-11f0-9ba0-fc3fdb83b633,true,302e8602-d0da-11f0-9ba0-fc3fdb83b633
31fb2026-d0da-11f0-9ba0-fc3fdb83b633,LA-3348,LG.ACOSTA,2004-02-23,29,,,3190d32d-d0da-11f0-9ba0-fc3fdb83b633,true,31d1cac8-d0da-11f0-9ba0-fc3fdb83b633,true,302e864a-d0da-11f0-9ba0-fc3fdb83b633
31fb229a-d0da-11f0-9ba0-fc3fdb83b633,LA-3349,LG.ACOSTA,2004-02-23,29,,,3190d32d-d0da-11f0-9ba0-fc3fdb83b633,true,31d1ca75-d0da-11f0-9ba0-fc3fdb83b633,true,302e8692-d0da-11f0-9ba0-fc3fdb83b633
31fb2506-d0da-11f0-9ba0-fc3fdb83b633,LA-3350,LG.ACOSTA,2004-02-23,34,,,3190d32d-d0da-11f0-9ba0-fc3fdb83b633,true,31d1cb1d-d0da-11f0-9ba0-fc3fdb83b633,true,302e86dc-d0da-11f0-9ba0-fc3fdb83b633
31fb2757-d0da-11f0-9ba0-fc3fdb83b633,LA-3351,LG.ACOSTA,2004-02-23,34,,,3190d32d-d0da-11f0-9ba0-fc3fdb83b633,true,31d1cb1d-d0da-11f0-9ba0-fc3fdb83b633,true,302e8723-d0da-11f0-9ba0-fc3fdb83b633
31fb29b5-d0da-11f0-9ba0-fc3fdb83b633,LA-3352,LG.ACOSTA,2004-02-23,35,,,3190d32d-d0da-11f0-9ba0-fc3fdb83b633,true,31d1cb73-d0da-11f0-9ba0-fc3fdb83b633,true,302e876a-d0da-11f0-9ba0-fc3fdb83b633
31fb2c27-d0da-11f0-9ba0-fc3fdb83b633,LA-3353,LG.ACOSTA,2004-02-23,35,,,3190d32d-d0da-11f0-9ba0-fc3fdb83b633,true,31d1cbc6-d0da-11f0-9ba0-fc3fdb83b633,true,302e87b0-d0da-11f0-9ba0-fc3fdb83b633
31fb2e84-d0da-11f0-9ba0-fc3fdb83b633,LA-3354,LG.ACOSTA,2004-02-23,35,,,3190d32d-d0da-11f0-9ba0-fc3fdb83b633,true,31d1cbc6-d0da-11f0-9ba0-fc3fdb83b633,true,302e87f9-d0da-11f0-9ba0-fc3fdb83b633
31fb30d4-d0da-11f0-9ba0-fc3fdb83b633,LA-3355,LG.ACOSTA,2004-02-23,34,,,3190d32d-d0da-11f0-9ba0-fc3fdb83b633,true,31d1cc1b-d0da-11f0-9ba0-fc3fdb83b633,true,302e8840-d0da-11f0-9ba0-fc3fdb83b633
31fb3331-d0da-11f0-9ba0-fc3fdb83b633,LA-3356,LG.ACOSTA,2004-02-23,33,,,3190d32d-d0da-11f0-9ba0-fc3fdb83b633,true,31d1cc6d-d0da-11f0-9ba0-fc3fdb83b633,true,302e8936-d0da-11f0-9ba0-fc3fdb83b633
31fb3574-d0da-11f0-9ba0-fc3fdb83b633,LA-3357,LG.ACOSTA,2004-02-23,38,,,3190d32d-d0da-11f0-9ba0-fc3fdb83b633,true,31d1ccc0-d0da-11f0-9ba0-fc3fdb83b633,true,302e8988-d0da-11f0-9ba0-fc3fdb83b633
31fb37b6-d0da-11f0-9ba0-fc3fdb83b633,LA-3358,LG.ACOSTA,2004-02-23,38,,,3190d32d-d0da-11f0-9ba0-fc3fdb83b633,true,31d1ccc0-d0da-11f0-9ba0-fc3fdb83b633,true,302e89d7-d0da-11f0-9ba0-fc3fdb83b633
31fb3a08-d0da-11f0-9ba0-fc3fdb83b633,LA-3359,LG.ACOSTA,2004-02-23,38,,,3190d32d-d0da-11f0-9ba0-fc3fdb83b633,true,31d1ccc0-d0da-11f0-9ba0-fc3fdb83b633,true,302e8a26-d0da-11f0-9ba0-fc3fdb83b633
31fb3c53-d0da-11f0-9ba0-fc3fdb83b633,LA-3364,LG.ACOSTA,2004-03-01,29,,,3190e6b8-d0da-11f0-9ba0-fc3fdb83b633,true,31d1cd12-d0da-11f0-9ba0-fc3fdb83b633,true,302e8a6f-d0da-11f0-9ba0-fc3fdb83b633
31fb3e94-d0da-11f0-9ba0-fc3fdb83b633,LA-3365,LG.ACOSTA,2004-03-01,29,,,3190e6b8-d0da-11f0-9ba0-fc3fdb83b633,true,31d1cd64-d0da-11f0-9ba0-fc3fdb83b633,true,302e8ab9-d0da-11f0-9ba0-fc3fdb83b633
31fb4141-d0da-11f0-9ba0-fc3fdb83b633,LA-3366,LG.ACOSTA,2004-03-01,29,,,3190e6b8-d0da-11f0-9ba0-fc3fdb83b633,true,31d1cd12-d0da-11f0-9ba0-fc3fdb83b633,true,302e8b03-d0da-11f0-9ba0-fc3fdb83b633
31fb4492-d0da-11f0-9ba0-fc3fdb83b633,LA-3367,LG.ACOSTA,2004-03-01,32,,,3190e6b8-d0da-11f0-9ba0-fc3fdb83b633,true,31d1cdb8-d0da-11f0-9ba0-fc3fdb83b633,true,302e8b4f-d0da-11f0-9ba0-fc3fdb83b633
31fb4730-d0da-11f0-9ba0-fc3fdb83b633,LA-3368,LG.ACOSTA,2004-03-01,32,,,3190e6b8-d0da-11f0-9ba0-fc3fdb83b633,true,31d1cdb8-d0da-11f0-9ba0-fc3fdb83b633,true,302e8b99-d0da-11f0-9ba0-fc3fdb83b633
31fb4961-d0da-11f0-9ba0-fc3fdb83b633,LA-3369,,,,,,,false,,true,302e8be3-d0da-11f0-9ba0-fc3fdb83b633
31fb5035-d0da-11f0-9ba0-fc3fdb83b633,LA-3370,LG.ACOSTA,2004-03-01,32,,,3190e6b8-d0da-11f0-9ba0-fc3fdb83b633,true,31d1cdb8-d0da-11f0-9ba0-fc3fdb83b633,true,302e8c2e-d0da-11f0-9ba0-fc3fdb83b633
31fb57c0-d0da-11f0-9ba0-fc3fdb83b633,LA-3371,LG.ACOSTA,2004-03-01,30,,,3190e6b8-d0da-11f0-9ba0-fc3fdb83b633,true,31d1ce09-d0da-11f0-9ba0-fc3fdb83b633,true,302e7ebc-d0da-11f0-9ba0-fc3fdb83b633
31fb5a4b-d0da-11f0-9ba0-fc3fdb83b633,LA-3372,,,,,,,false,,true,302e8c79-d0da-11f0-9ba0-fc3fdb83b633
31fb5c00-d0da-11f0-9ba0-fc3fdb83b633,LA-3373,,,,,,,false,,true,302e8cc4-d0da-11f0-9ba0-fc3fdb83b633
31fb5dd0-d0da-11f0-9ba0-fc3fdb83b633,LA-3374,LG.ACOSTA,2004-03-01,32,,,3190e6b8-d0da-11f0-9ba0-fc3fdb83b633,true,31d1ce5a-d0da-11f0-9ba0-fc3fdb83b633,true,302e8d0f-d0da-11f0-9ba0-fc3fdb83b633
31fb6079-d0da-11f0-9ba0-fc3fdb83b633,LA-3375,LG.ACOSTA,2004-03-01,32,,,3190e6b8-d0da-11f0-9ba0-fc3fdb83b633,true,31d1ce5a-d0da-11f0-9ba0-fc3fdb83b633,true,302e8d58-d0da-11f0-9ba0-fc3fdb83b633
31fb6336-d0da-11f0-9ba0-fc3fdb83b633,LA-3376,LG.ACOSTA,2004-03-01,32,,,3190e6b8-d0da-11f0-9ba0-fc3fdb83b633,true,31d1ce5a-d0da-11f0-9ba0-fc3fdb83b633,true,302e8da3-d0da-11f0-9ba0-fc3fdb83b633
31fb6604-d0da-11f0-9ba0-fc3fdb83b633,LA-3377,LG.ACOSTA,2004-03-01,32,,,3190e6b8-d0da-11f0-9ba0-fc3fdb83b633,true,31d1cdb8-d0da-11f0-9ba0-fc3fdb83b633,true,302e8dee-d0da-11f0-9ba0-fc3fdb83b633
31fb687f-d0da-11f0-9ba0-fc3fdb83b633,LA-3378,,,,,,,false,,true,302e8e36-d0da-11f0-9ba0-fc3fdb83b633
31fb6a52-d0da-11f0-9ba0-fc3fdb83b633,LA-3398,LG.ACOSTA,2004-03-15,30,,,3190e6b8-d0da-11f0-9ba0-fc3fdb83b633,true,31d1ce5a-d0da-11f0-9ba0-fc3fdb83b633,true,302e8be3-d0da-11f0-9ba0-fc3fdb83b633
31fb6e2f-d0da-11f0-9ba0-fc3fdb83b633,LA-3399,,,,,,,false,,true,302e8c79-d0da-11f0-9ba0-fc3fdb83b633
31fb7022-d0da-11f0-9ba0-fc3fdb83b633,LA-3400,LG.ACOSTA,2004-03-15,30,,,3190e6b8-d0da-11f0-9ba0-fc3fdb83b633,true,31d1ce5a-d0da-11f0-9ba0-fc3fdb83b633,true,302e8cc4-d0da-11f0-9ba0-fc3fdb83b633
31fb7398-d0da-11f0-9ba0-fc3fdb83b633,LA-3401,LG.ACOSTA,2004-03-15,30,,,3190e6b8-d0da-11f0-9ba0-fc3fdb83b633,true,31d1ce5a-d0da-11f0-9ba0-fc3fdb83b633,true,302e8e36-d0da-11f0-9ba0-fc3fdb83b633
31fb76e5-d0da-11f0-9ba0-fc3fdb83b633,LA-3402,LG.ACOSTA,2004-03-15,29,,,3190e742-d0da-11f0-9ba0-fc3fdb83b633,true,31d1cd12-d0da-11f0-9ba0-fc3fdb83b633,true,302e8e7f-d0da-11f0-9ba0-fc3fdb83b633
31fb7972-d0da-11f0-9ba0-fc3fdb83b633,LA-3403,LG.ACOSTA,2004-03-15,30,,,3190e742-d0da-11f0-9ba0-fc3fdb83b633,true,31d1ceab-d0da-11f0-9ba0-fc3fdb83b633,true,302e8ecc-d0da-11f0-9ba0-fc3fdb83b633
31fb7c1b-d0da-11f0-9ba0-fc3fdb83b633,LA-3404,LG.ACOSTA,2004-03-15,30,,,3190e742-d0da-11f0-9ba0-fc3fdb83b633,true,31d1cf2c-d0da-11f0-9ba0-fc3fdb83b633,true,302e8f16-d0da-11f0-9ba0-fc3fdb83b633
31fb7ecf-d0da-11f0-9ba0-fc3fdb83b633,LA-3405,LG.ACOSTA,2004-03-15,30,,,3190e742-d0da-11f0-9ba0-fc3fdb83b633,true,31d1cf2c-d0da-11f0-9ba0-fc3fdb83b633,true,302e8f61-d0da-11f0-9ba0-fc3fdb83b633
31fb8185-d0da-11f0-9ba0-fc3fdb83b633,LA-3406,LG.ACOSTA,2004-03-15,30,,,3190e6ff-d0da-11f0-9ba0-fc3fdb83b633,true,31d1cf2c-d0da-11f0-9ba0-fc3fdb83b633,true,302e8fa9-d0da-11f0-9ba0-fc3fdb83b633
31fb83fb-d0da-11f0-9ba0-fc3fdb83b633,LA-3407,LG.ACOSTA,2004-03-15,29,,,3190e6b8-d0da-11f0-9ba0-fc3fdb83b633,true,31d1cf83-d0da-11f0-9ba0-fc3fdb83b633,true,302e8ff5-d0da-11f0-9ba0-fc3fdb83b633
31fb865e-d0da-11f0-9ba0-fc3fdb83b633,LA-3408,LG.ACOSTA,2004-03-15,29,,,3190e6b8-d0da-11f0-9ba0-fc3fdb83b633,true,31d1cf83-d0da-11f0-9ba0-fc3fdb83b633,true,302e903e-d0da-11f0-9ba0-fc3fdb83b633
31fb88d1-d0da-11f0-9ba0-fc3fdb83b633,LA-3409,LG.ACOSTA,2004-03-15,31,,,3190e6b8-d0da-11f0-9ba0-fc3fdb83b633,true,31d1cfda-d0da-11f0-9ba0-fc3fdb83b633,true,302e9089-d0da-11f0-9ba0-fc3fdb83b633
31fb8b43-d0da-11f0-9ba0-fc3fdb83b633,LA-3410,LG.ACOSTA,2004-03-15,32,,,3190e785-d0da-11f0-9ba0-fc3fdb83b633,true,31d1d02d-d0da-11f0-9ba0-fc3fdb83b633,true,302e90d4-d0da-11f0-9ba0-fc3fdb83b633
31fb8e52-d0da-11f0-9ba0-fc3fdb83b633,LA-3411,LG.ACOSTA,2004-03-15,32,,,3190e785-d0da-11f0-9ba0-fc3fdb83b633,true,31d1d02d-d0da-11f0-9ba0-fc3fdb83b633,true,302e80b1-d0da-11f0-9ba0-fc3fdb83b633
31fb90ba-d0da-11f0-9ba0-fc3fdb83b633,LA-3412,,,,,,,false,,true,302e911e-d0da-11f0-9ba0-fc3fdb83b633
31fb929a-d0da-11f0-9ba0-fc3fdb83b633,LA-3796,,2005-11-10,,,,3190ca3e-d0da-11f0-9ba0-fc3fdb83b633,false,,true,302e9165-d0da-11f0-9ba0-fc3fdb83b633
31fb94e5-d0da-11f0-9ba0-fc3fdb83b633,LA-3797,,2005-11-10,,,,3190ca3e-d0da-11f0-9ba0-fc3fdb83b633,false,,true,302e91ad-d0da-11f0-9ba0-fc3fdb83b633
31fb9714-d0da-11f0-9ba0-fc3fdb83b633,LA-3798,,2005-11-10,,,,3190ca3e-d0da-11f0-9ba0-fc3fdb83b633,false,,true,302e91f5-d0da-11f0-9ba0-fc3fdb83b633
31fb994c-d0da-11f0-9ba0-fc3fdb83b633,LA-3799,,2005-11-10,,,,3190ca3e-d0da-11f0-9ba0-fc3fdb83b633,false,,true,302e923d-d0da-11f0-9ba0-fc3fdb83b633
31fb9b65-d0da-11f0-9ba0-fc3fdb83b633,LA-3800,,2005-11-10,,,,3190ca3e-d0da-11f0-9ba0-fc3fdb83b633,false,,true,302e9285-d0da-11f0-9ba0-fc3fdb83b633
31fb9db0-d0da-11f0-9ba0-fc3fdb83b633,LA-3801,,2005-11-10,,,,3190ca3e-d0da-11f0-9ba0-fc3fdb83b633,false,,true,302e92cc-d0da-11f0-9ba0-fc3fdb83b633
31fb9fd1-d0da-11f0-9ba0-fc3fdb83b633,LA-3802,,2005-11-10,,,,3190ca3e-d0da-11f0-9ba0-fc3fdb83b633,false,,true,302e9314-d0da-11f0-9ba0-fc3fdb83b633
31fba20a-d0da-11f0-9ba0-fc3fdb83b633,LA-3954,,2006-01-26,,,,3190ca02-d0da-11f0-9ba0-fc3fdb83b633,false,,true,302e935c-d0da-11f0-9ba0-fc3fdb83b633
31fba3fc-d0da-11f0-9ba0-fc3fdb83b633,LA-3955,,2006-01-26,,,,3190ca02-d0da-11f0-9ba0-fc3fdb83b633,false,,true,302e93a2-d0da-11f0-9ba0-fc3fdb83b633
31fba5eb-d0da-11f0-9ba0-fc3fdb83b633,LA-3956,,2006-01-26,,,,3190ca02-d0da-11f0-9ba0-fc3fdb83b633,false,,true,302e93ef-d0da-11f0-9ba0-fc3fdb83b633
31fba7fb-d0da-11f0-9ba0-fc3fdb83b633,LA-3957,,2006-01-26,,,,3190ca02-d0da-11f0-9ba0-fc3fdb83b633,false,,true,302e9436-d0da-11f0-9ba0-fc3fdb83b633
31fbaa16-d0da-11f0-9ba0-fc3fdb83b633,LA-3958,,2006-01-26,,,,3190ca02-d0da-11f0-9ba0-fc3fdb83b633,false,,true,302e947d-d0da-11f0-9ba0-fc3fdb83b633
31fbac80-d0da-11f0-9ba0-fc3fdb83b633,LA-3959,,2006-01-26,,,,3190ca02-d0da-11f0-9ba0-fc3fdb83b633,false,,true,302e94c2-d0da-11f0-9ba0-fc3fdb83b633
31fbae75-d0da-11f0-9ba0-fc3fdb83b633,LA-3960,,2006-01-26,,,,3190cabb-d0da-11f0-9ba0-fc3fdb83b633,false,,true,302e9508-d0da-11f0-9ba0-fc3fdb83b633
31fbafc5-d0da-11f0-9ba0-fc3fdb83b633,LA-3961,,2006-01-26,,,,3190cabb-d0da-11f0-9ba0-fc3fdb83b633,false,,true,302e954e-d0da-11f0-9ba0-fc3fdb83b633
31fbb105-d0da-11f0-9ba0-fc3fdb83b633,LA-3962,,2006-01-26,,,,3190cabb-d0da-11f0-9ba0-fc3fdb83b633,false,,true,302e9598-d0da-11f0-9ba0-fc3fdb83b633
31fbb23b-d0da-11f0-9ba0-fc3fdb83b633,LA-3963,,2006-01-26,,,,3190cabb-d0da-11f0-9ba0-fc3fdb83b633,false,,true,302e95de-d0da-11f0-9ba0-fc3fdb83b633
31fbb37c-d0da-11f0-9ba0-fc3fdb83b633,LA-3964,,2006-01-26,,,,3190cabb-d0da-11f0-9ba0-fc3fdb83b633,false,,true,302e9625-d0da-11f0-9ba0-fc3fdb83b633
31fbb4d1-d0da-11f0-9ba0-fc3fdb83b633,LA-3965,,2006-01-26,,,,3190cabb-d0da-11f0-9ba0-fc3fdb83b633,false,,true,302e966a-d0da-11f0-9ba0-fc3fdb83b633
31fbb62c-d0da-11f0-9ba0-fc3fdb83b633,LA-3966,,2006-01-26,,,,3190cabb-d0da-11f0-9ba0-fc3fdb83b633,false,,true,302e96b0-d0da-11f0-9ba0-fc3fdb83b633
31fbb77e-d0da-11f0-9ba0-fc3fdb83b633,LA-3967,,2006-01-26,,,,3190cabb-d0da-11f0-9ba0-fc3fdb83b633,false,,true,302e96fa-d0da-11f0-9ba0-fc3fdb83b633
31fbb8d1-d0da-11f0-9ba0-fc3fdb83b633,LA-4585,,,,,,3190bf06-d0da-11f0-9ba0-fc3fdb83b633,false,,true,302e9740-d0da-11f0-9ba0-fc3fdb83b633
31fbba00-d0da-11f0-9ba0-fc3fdb83b633,LA-4588,,,,,,3190bf06-d0da-11f0-9ba0-fc3fdb83b633,false,,true,302e9788-d0da-11f0-9ba0-fc3fdb83b633
31fbbb30-d0da-11f0-9ba0-fc3fdb83b633,LA-4589,,,,,,3190bf06-d0da-11f0-9ba0-fc3fdb83b633,false,,true,302e97d0-d0da-11f0-9ba0-fc3fdb83b633
31fbbc5b-d0da-11f0-9ba0-fc3fdb83b633,LA-4592,,,,,,3190bf06-d0da-11f0-9ba0-fc3fdb83b633,false,,true,302e9816-d0da-11f0-9ba0-fc3fdb83b633
31fbbd97-d0da-11f0-9ba0-fc3fdb83b633,LA-4604,,,,,,3190bf06-d0da-11f0-9ba0-fc3fdb83b633,false,,true,302e985b-d0da-11f0-9ba0-fc3fdb83b633
31fbbeef-d0da-11f0-9ba0-fc3fdb83b633,LA-4607,,,,,,3190bf06-d0da-11f0-9ba0-fc3fdb83b633,false,,true,302e98a0-d0da-11f0-9ba0-fc3fdb83b633
31fbc038-d0da-11f0-9ba0-fc3fdb83b633,LA-4616,,,,,,3190bf06-d0da-11f0-9ba0-fc3fdb83b633,false,,true,302e985b-d0da-11f0-9ba0-fc3fdb83b633
31fbc191-d0da-11f0-9ba0-fc3fdb83b633,LA-4622,,,,,,3190bf06-d0da-11f0-9ba0-fc3fdb83b633,false,,true,302e98e5-d0da-11f0-9ba0-fc3fdb83b633
31fbc30e-d0da-11f0-9ba0-fc3fdb83b633,LA-4623,,,,,,3190bf06-d0da-11f0-9ba0-fc3fdb83b633,false,,true,302e985b-d0da-11f0-9ba0-fc3fdb83b633
31fbc556-d0da-11f0-9ba0-fc3fdb83b633,LA-4644,,2006-07-12,,,,3190d672-d0da-11f0-9ba0-fc3fdb83b633,false,,true,302e9942-d0da-11f0-9ba0-fc3fdb83b633
31fbc7a7-d0da-11f0-9ba0-fc3fdb83b633,LA-4645,,2006-07-12,,,,3190d672-d0da-11f0-9ba0-fc3fdb83b633,false,,true,302e99ba-d0da-11f0-9ba0-fc3fdb83b633
31fbca77-d0da-11f0-9ba0-fc3fdb83b633,LA-4646,,2006-07-12,,,,3190d672-d0da-11f0-9ba0-fc3fdb83b633,false,,true,302e9a79-d0da-11f0-9ba0-fc3fdb83b633
31fbccd8-d0da-11f0-9ba0-fc3fdb83b633,LA-4647,,2006-07-12,,,,3190d672-d0da-11f0-9ba0-fc3fdb83b633,false,,true,302e9b00-d0da-11f0-9ba0-fc3fdb83b633
31fbcf15-d0da-11f0-9ba0-fc3fdb83b633,LA-4648,,2006-07-12,,,,3190d672-d0da-11f0-9ba0-fc3fdb83b633,false,,true,302e9b88-d0da-11f0-9ba0-fc3fdb83b633
31fbd161-d0da-11f0-9ba0-fc3fdb83b633,LA-4649,,2006-07-13,,,,3190d639-d0da-11f0-9ba0-fc3fdb83b633,false,,true,302e9bfa-d0da-11f0-9ba0-fc3fdb83b633
31fbd35a-d0da-11f0-9ba0-fc3fdb83b633,LA-4650,,2006-07-13,,,,3190d639-d0da-11f0-9ba0-fc3fdb83b633,false,,true,302e9c6f-d0da-11f0-9ba0-fc3fdb83b633
31fbd566-d0da-11f0-9ba0-fc3fdb83b633,LA-4651,,2006-07-13,,,,3190d639-d0da-11f0-9ba0-fc3fdb83b633,false,,true,302e9ced-d0da-11f0-9ba0-fc3fdb83b633
31fbd77a-d0da-11f0-9ba0-fc3fdb83b633,LA-4652,,2006-07-13,,,,3190d639-d0da-11f0-9ba0-fc3fdb83b633,false,,true,302e9d38-d0da-11f0-9ba0-fc3fdb83b633
31fbd99d-d0da-11f0-9ba0-fc3fdb83b633,LA-4656,,2006-07-13,,,,3190d639-d0da-11f0-9ba0-fc3fdb83b633,false,,true,302e9d7d-d0da-11f0-9ba0-fc3fdb83b633
31fbdbe3-d0da-11f0-9ba0-fc3fdb83b633,LA-4657,,2006-07-13,,,,3190d6ac-d0da-11f0-9ba0-fc3fdb83b633,false,,true,302e9dc6-d0da-11f0-9ba0-fc3fdb83b633
31fbddf0-d0da-11f0-9ba0-fc3fdb83b633,LA-4658,,2006-07-13,,,,3190d6ac-d0da-11f0-9ba0-fc3fdb83b633,false,,true,302e763a-d0da-11f0-9ba0-fc3fdb83b633
31fbe02a-d0da-11f0-9ba0-fc3fdb83b633,LA-4659,,2006-07-13,,,,3190d6ac-d0da-11f0-9ba0-fc3fdb83b633,false,,true,302e9e0c-d0da-11f0-9ba0-fc3fdb83b633
31fbe257-d0da-11f0-9ba0-fc3fdb83b633,LA-4660,,2006-07-13,,,,3190d6ac-d0da-11f0-9ba0-fc3fdb83b633,false,,true,302e9e51-d0da-11f0-9ba0-fc3fdb83b633
31fbe495-d0da-11f0-9ba0-fc3fdb83b633,LA-4661,,2006-07-13,,,,3190d6ac-d0da-11f0-9ba0-fc3fdb83b633,false,,true,302e9e96-d0da-11f0-9ba0-fc3fdb83b633
31fbe6e3-d0da-11f0-9ba0-fc3fdb83b633,LA-4662,,2006-07-13,,,,3190d6ac-d0da-11f0-9ba0-fc3fdb83b633,false,,true,302e9edb-d0da-11f0-9ba0-fc3fdb83b633
31fbe93f-d0da-11f0-9ba0-fc3fdb83b633,LA-4666,,,,,,3190bf06-d0da-11f0-9ba0-fc3fdb83b633,false,,true,302e9f1e-d0da-11f0-9ba0-fc3fdb83b633
31fbeb5f-d0da-11f0-9ba0-fc3fdb83b633,LA-4668,,,,,,3190bf06-d0da-11f0-9ba0-fc3fdb83b633,false,,true,302e985b-d0da-11f0-9ba0-fc3fdb83b633
31fbedbf-d0da-11f0-9ba0-fc3fdb83b633,LA-4669,,,,,,3190bf06-d0da-11f0-9ba0-fc3fdb83b633,false,,true,302e9f60-d0da-11f0-9ba0-fc3fdb83b633
31fbf010-d0da-11f0-9ba0-fc3fdb83b633,LA-4672,,,,,,3190bf06-d0da-11f0-9ba0-fc3fdb83b633,false,,true,302e9fa3-d0da-11f0-9ba0-fc3fdb83b633
31fbf302-d0da-11f0-9ba0-fc3fdb83b633,LA-4676,,,,,,3190bf06-d0da-11f0-9ba0-fc3fdb83b633,false,,true,302e985b-d0da-11f0-9ba0-fc3fdb83b633
31fbf6a3-d0da-11f0-9ba0-fc3fdb83b633,LA-4684,,,,,,3190bf06-d0da-11f0-9ba0-fc3fdb83b633,false,,true,302e9fe5-d0da-11f0-9ba0-fc3fdb83b633
31fbff89-d0da-11f0-9ba0-fc3fdb83b633,LA-4713,,,,,,3190bf06-d0da-11f0-9ba0-fc3fdb83b633,false,,true,302ea02d-d0da-11f0-9ba0-fc3fdb83b633
31fc0204-d0da-11f0-9ba0-fc3fdb83b633,LA-5161,,2006-08-09,,,,3190d725-d0da-11f0-9ba0-fc3fdb83b633,false,,true,302e8c79-d0da-11f0-9ba0-fc3fdb83b633
31fc0448-d0da-11f0-9ba0-fc3fdb83b633,LA-5163,,2006-08-09,,,,3190d725-d0da-11f0-9ba0-fc3fdb83b633,false,,true,302ea073-d0da-11f0-9ba0-fc3fdb83b633
31fc069b-d0da-11f0-9ba0-fc3fdb83b633,LA-5165,,2006-08-09,,,,3190d725-d0da-11f0-9ba0-fc3fdb83b633,false,,true,302ea0bb-d0da-11f0-9ba0-fc3fdb83b633
31fc08fc-d0da-11f0-9ba0-fc3fdb83b633,LA-5166,,2006-08-09,,,,3190d760-d0da-11f0-9ba0-fc3fdb83b633,false,,true,302ea118-d0da-11f0-9ba0-fc3fdb83b633
31fc0b38-d0da-11f0-9ba0-fc3fdb83b633,LA-5167,,2006-08-09,,,,3190d760-d0da-11f0-9ba0-fc3fdb83b633,false,,true,302ea174-d0da-11f0-9ba0-fc3fdb83b633
31fc0d89-d0da-11f0-9ba0-fc3fdb83b633,LA-5168,,2006-08-09,,,,3190d760-d0da-11f0-9ba0-fc3fdb83b633,false,,true,302ea20d-d0da-11f0-9ba0-fc3fdb83b633
31fc0fd8-d0da-11f0-9ba0-fc3fdb83b633,LA-5169,,2006-08-09,,,,3190d760-d0da-11f0-9ba0-fc3fdb83b633,false,,true,302ea265-d0da-11f0-9ba0-fc3fdb83b633
31fc121f-d0da-11f0-9ba0-fc3fdb83b633,LA-5170,,2006-08-09,,,,3190d760-d0da-11f0-9ba0-fc3fdb83b633,false,,true,302ea2b2-d0da-11f0-9ba0-fc3fdb83b633
31fc146f-d0da-11f0-9ba0-fc3fdb83b633,LA-5172,,,,,,3190bf06-d0da-11f0-9ba0-fc3fdb83b633,false,,true,302ea2fe-d0da-11f0-9ba0-fc3fdb83b633
31fc16d3-d0da-11f0-9ba0-fc3fdb83b633,LA-5174,,,,,,3190bf06-d0da-11f0-9ba0-fc3fdb83b633,false,,true,302ea2fe-d0da-11f0-9ba0-fc3fdb83b633
31fc1952-d0da-11f0-9ba0-fc3fdb83b633,LA-5175,,,,,,3190bf06-d0da-11f0-9ba0-fc3fdb83b633,false,,true,302e985b-d0da-11f0-9ba0-fc3fdb83b633
31fc509c-d0da-11f0-9ba0-fc3fdb83b633,LA-5177,,,,,,3190bf06-d0da-11f0-9ba0-fc3fdb83b633,false,,true,302e97d0-d0da-11f0-9ba0-fc3fdb83b633
31fc52ef-d0da-11f0-9ba0-fc3fdb83b633,LA-5179,,,,,,3190bf06-d0da-11f0-9ba0-fc3fdb83b633,false,,true,302ea344-d0da-11f0-9ba0-fc3fdb83b633
31fc5488-d0da-11f0-9ba0-fc3fdb83b633,LA-5196,,,,,,3190bf06-d0da-11f0-9ba0-fc3fdb83b633,false,,true,302ea389-d0da-11f0-9ba0-fc3fdb83b633
31fc5607-d0da-11f0-9ba0-fc3fdb83b633,LA-6206,,2007-04-25,,,,3190ca3e-d0da-11f0-9ba0-fc3fdb83b633,false,,true,302ea3d2-d0da-11f0-9ba0-fc3fdb83b633
31fc5789-d0da-11f0-9ba0-fc3fdb83b633,LA-6208,,2007-04-25,,,,3190ca3e-d0da-11f0-9ba0-fc3fdb83b633,false,,true,302ea41a-d0da-11f0-9ba0-fc3fdb83b633
31fc58f9-d0da-11f0-9ba0-fc3fdb83b633,LA-6209,,2007-04-25,,,,3190ca3e-d0da-11f0-9ba0-fc3fdb83b633,false,,true,302ea463-d0da-11f0-9ba0-fc3fdb83b633
31fc5a5a-d0da-11f0-9ba0-fc3fdb83b633,LA-6633,,2007-07-12,,,,3190c6bd-d0da-11f0-9ba0-fc3fdb83b633,false,,true,302ea4a9-d0da-11f0-9ba0-fc3fdb83b633
31fc5ba1-d0da-11f0-9ba0-fc3fdb83b633,LA-6634,,2007-07-12,,,,3190c6bd-d0da-11f0-9ba0-fc3fdb83b633,false,,true,302e6ebf-d0da-11f0-9ba0-fc3fdb83b633
31fc5d0b-d0da-11f0-9ba0-fc3fdb83b633,LA-6635,,2007-07-12,,,,3190c6bd-d0da-11f0-9ba0-fc3fdb83b633,false,,true,302ea4ed-d0da-11f0-9ba0-fc3fdb83b633
31fc5e6b-d0da-11f0-9ba0-fc3fdb83b633,LA-6637,,2007-07-12,,,,3190c6bd-d0da-11f0-9ba0-fc3fdb83b633,false,,true,302ea537-d0da-11f0-9ba0-fc3fdb83b633
31fc5fc0-d0da-11f0-9ba0-fc3fdb83b633,LA-6639,,2007-07-12,,,,3190c6bd-d0da-11f0-9ba0-fc3fdb83b633,false,,true,302ea57b-d0da-11f0-9ba0-fc3fdb83b633
31fc612b-d0da-11f0-9ba0-fc3fdb83b633,LA-6640,,2007-07-12,,,,3190c6fa-d0da-11f0-9ba0-fc3fdb83b633,false,,true,302ea5be-d0da-11f0-9ba0-fc3fdb83b633
31fc6371-d0da-11f0-9ba0-fc3fdb83b633,LA-6641,,2007-07-12,,,,3190c6bd-d0da-11f0-9ba0-fc3fdb83b633,false,,true,302ea601-d0da-11f0-9ba0-fc3fdb83b633
31fc64dd-d0da-11f0-9ba0-fc3fdb83b633,LA-6642,,2007-07-12,,,,3190c6bd-d0da-11f0-9ba0-fc3fdb83b633,false,,true,302ea645-d0da-11f0-9ba0-fc3fdb83b633
31fc6626-d0da-11f0-9ba0-fc3fdb83b633,LA-6643,,2007-07-12,,,,3190debc-d0da-11f0-9ba0-fc3fdb83b633,false,,true,302ea689-d0da-11f0-9ba0-fc3fdb83b633
31fc677f-d0da-11f0-9ba0-fc3fdb83b633,LA-6644,,2007-07-12,,,,3190debc-d0da-11f0-9ba0-fc3fdb83b633,false,,true,302ea6ce-d0da-11f0-9ba0-fc3fdb83b633
31fc68d2-d0da-11f0-9ba0-fc3fdb83b633,LA-6645,,2007-07-12,,,,3190debc-d0da-11f0-9ba0-fc3fdb83b633,false,,true,302e5a51-d0da-11f0-9ba0-fc3fdb83b633
31fc6a3f-d0da-11f0-9ba0-fc3fdb83b633,LA-6646,,2007-07-12,,,,3190debc-d0da-11f0-9ba0-fc3fdb83b633,false,,true,302ea717-d0da-11f0-9ba0-fc3fdb83b633
31fc6b9a-d0da-11f0-9ba0-fc3fdb83b633,LA-6648,,2007-07-12,,,,3190debc-d0da-11f0-9ba0-fc3fdb83b633,false,,true,302ea75c-d0da-11f0-9ba0-fc3fdb83b633
31fc6d08-d0da-11f0-9ba0-fc3fdb83b633,LA-6649,,2007-07-12,,,,3190debc-d0da-11f0-9ba0-fc3fdb83b633,false,,true,302e5be7-d0da-11f0-9ba0-fc3fdb83b633
31fc6ea6-d0da-11f0-9ba0-fc3fdb83b633,LA-6651,,2007-07-12,,,,3190de81-d0da-11f0-9ba0-fc3fdb83b633,false,,true,302e5ba5-d0da-11f0-9ba0-fc3fdb83b633
31fc705f-d0da-11f0-9ba0-fc3fdb83b633,LA-6652,,2007-07-12,,,,3190de81-d0da-11f0-9ba0-fc3fdb83b633,false,,true,302ea7a0-d0da-11f0-9ba0-fc3fdb83b633
31fc71aa-d0da-11f0-9ba0-fc3fdb83b633,LA-6959,,2007-07-29,,,,3190cbf0-d0da-11f0-9ba0-fc3fdb83b633,false,,true,302ea7e8-d0da-11f0-9ba0-fc3fdb83b633
31fc72f1-d0da-11f0-9ba0-fc3fdb83b633,LA-6960,,2007-07-29,,,,3190cbf0-d0da-11f0-9ba0-fc3fdb83b633,false,,true,302ea832-d0da-11f0-9ba0-fc3fdb83b633
31fc7812-d0da-11f0-9ba0-fc3fdb83b633,LDV-0626,LD.VARGAS,2003-10-06,26,,,3190d18b-d0da-11f0-9ba0-fc3fdb83b633,true,31d1d07e-d0da-11f0-9ba0-fc3fdb83b633,true,302ea881-d0da-11f0-9ba0-fc3fdb83b633
31fc79db-d0da-11f0-9ba0-fc3fdb83b633,LDV-0627,LD.VARGAS,2003-10-06,27,,,3190d3a6-d0da-11f0-9ba0-fc3fdb83b633,true,31d1d0d3-d0da-11f0-9ba0-fc3fdb83b633,true,302ea8c9-d0da-11f0-9ba0-fc3fdb83b633
31fc7b58-d0da-11f0-9ba0-fc3fdb83b633,LDV-0628,LD.VARGAS,2003-10-06,26,,,3190d18b-d0da-11f0-9ba0-fc3fdb83b633,true,31d1d129-d0da-11f0-9ba0-fc3fdb83b633,true,302e755a-d0da-11f0-9ba0-fc3fdb83b633
31fc7e3f-d0da-11f0-9ba0-fc3fdb83b633,LDV-0629,LD.VARGAS,2003-10-06,23,,,3190d18b-d0da-11f0-9ba0-fc3fdb83b633,true,31d1d179-d0da-11f0-9ba0-fc3fdb83b633,true,302e821e-d0da-11f0-9ba0-fc3fdb83b633
31fc7fd8-d0da-11f0-9ba0-fc3fdb83b633,LDV-0630,LD.VARGAS,2003-10-06,23,,,3190d18b-d0da-11f0-9ba0-fc3fdb83b633,true,31d1d179-d0da-11f0-9ba0-fc3fdb83b633,true,302ea914-d0da-11f0-9ba0-fc3fdb83b633
31fc814e-d0da-11f0-9ba0-fc3fdb83b633,LDV-0631,LD.VARGAS,2003-10-06,23,,,3190d18b-d0da-11f0-9ba0-fc3fdb83b633,true,31d1d179-d0da-11f0-9ba0-fc3fdb83b633,true,302ea95d-d0da-11f0-9ba0-fc3fdb83b633
31fc82c8-d0da-11f0-9ba0-fc3fdb83b633,LDV-0632,LD.VARGAS,2003-10-06,23,,,3190d18b-d0da-11f0-9ba0-fc3fdb83b633,true,31d1d179-d0da-11f0-9ba0-fc3fdb83b633,true,302ea9a4-d0da-11f0-9ba0-fc3fdb83b633
31fc8450-d0da-11f0-9ba0-fc3fdb83b633,LDV-0633,LD.VARGAS,2003-10-06,23,,,3190d18b-d0da-11f0-9ba0-fc3fdb83b633,true,31d1d179-d0da-11f0-9ba0-fc3fdb83b633,true,302ea9ed-d0da-11f0-9ba0-fc3fdb83b633
31fc85df-d0da-11f0-9ba0-fc3fdb83b633,LDV-0634,LD.VARGAS,2003-10-06,23,,,3190d18b-d0da-11f0-9ba0-fc3fdb83b633,true,31d1d1cd-d0da-11f0-9ba0-fc3fdb83b633,true,302eaa33-d0da-11f0-9ba0-fc3fdb83b633
31fc876f-d0da-11f0-9ba0-fc3fdb83b633,LDV-0635,LD.VARGAS,2003-10-06,24,,,3190d18b-d0da-11f0-9ba0-fc3fdb83b633,true,31d1d21d-d0da-11f0-9ba0-fc3fdb83b633,true,302e7d9a-d0da-11f0-9ba0-fc3fdb83b633
31fc891a-d0da-11f0-9ba0-fc3fdb83b633,LDV-0636,LD.VARGAS,2003-10-06,24,,,3190d18b-d0da-11f0-9ba0-fc3fdb83b633,true,31d1d21d-d0da-11f0-9ba0-fc3fdb83b633,true,302e7513-d0da-11f0-9ba0-fc3fdb83b633
31fc8b84-d0da-11f0-9ba0-fc3fdb83b633,LDV-0637,LD.VARGAS,2003-10-06,24,,,3190d18b-d0da-11f0-9ba0-fc3fdb83b633,true,31d1d21d-d0da-11f0-9ba0-fc3fdb83b633,true,302eaa7e-d0da-11f0-9ba0-fc3fdb83b633
31fc8d20-d0da-11f0-9ba0-fc3fdb83b633,LDV-0638,LD.VARGAS,2003-10-06,26,,,3190d18b-d0da-11f0-9ba0-fc3fdb83b633,true,31d1d129-d0da-11f0-9ba0-fc3fdb83b633,true,302eaac6-d0da-11f0-9ba0-fc3fdb83b633
31fc8ec0-d0da-11f0-9ba0-fc3fdb83b633,LDV-0646,LD.VARGAS,2003-10-20,24,,,3190d2ba-d0da-11f0-9ba0-fc3fdb83b633,true,31d1d272-d0da-11f0-9ba0-fc3fdb83b633,true,302eab0f-d0da-11f0-9ba0-fc3fdb83b633
31fc9032-d0da-11f0-9ba0-fc3fdb83b633,LDV-0647,LD.VARGAS,2003-10-20,24,,,3190d2ba-d0da-11f0-9ba0-fc3fdb83b633,true,31d1d272-d0da-11f0-9ba0-fc3fdb83b633,true,302eab58-d0da-11f0-9ba0-fc3fdb83b633
31fc91aa-d0da-11f0-9ba0-fc3fdb83b633,LDV-0648,LD.VARGAS,2003-10-20,24,,,3190d2ba-d0da-11f0-9ba0-fc3fdb83b633,true,31d1d2c2-d0da-11f0-9ba0-fc3fdb83b633,true,302eab9f-d0da-11f0-9ba0-fc3fdb83b633
31fc9325-d0da-11f0-9ba0-fc3fdb83b633,LDV-0649,LD.VARGAS,2003-10-20,25,,,3190d2ba-d0da-11f0-9ba0-fc3fdb83b633,true,31d1d313-d0da-11f0-9ba0-fc3fdb83b633,true,302eabe7-d0da-11f0-9ba0-fc3fdb83b633
31fc94a0-d0da-11f0-9ba0-fc3fdb83b633,LDV-0650,LD.VARGAS,2003-10-20,25,,,3190d2ba-d0da-11f0-9ba0-fc3fdb83b633,true,31d1d313-d0da-11f0-9ba0-fc3fdb83b633,true,302eac2e-d0da-11f0-9ba0-fc3fdb83b633
31fc968a-d0da-11f0-9ba0-fc3fdb83b633,LDV-0651,LD.VARGAS,2003-10-20,25,,,3190d23e-d0da-11f0-9ba0-fc3fdb83b633,true,31d1d365-d0da-11f0-9ba0-fc3fdb83b633,true,302eac75-d0da-11f0-9ba0-fc3fdb83b633
31fc97fa-d0da-11f0-9ba0-fc3fdb83b633,LDV-0652,LD.VARGAS,2003-10-20,25,,,3190d23e-d0da-11f0-9ba0-fc3fdb83b633,true,31d1d365-d0da-11f0-9ba0-fc3fdb83b633,true,302eacbc-d0da-11f0-9ba0-fc3fdb83b633
31fc9968-d0da-11f0-9ba0-fc3fdb83b633,LDV-0653,LD.VARGAS,2003-10-20,25,,,3190d23e-d0da-11f0-9ba0-fc3fdb83b633,true,31d1d3bb-d0da-11f0-9ba0-fc3fdb83b633,true,302e9e51-d0da-11f0-9ba0-fc3fdb83b633
31fc9ae2-d0da-11f0-9ba0-fc3fdb83b633,LDV-0654,LD.VARGAS,2003-10-20,25,,,3190d23e-d0da-11f0-9ba0-fc3fdb83b633,true,31d1d3bb-d0da-11f0-9ba0-fc3fdb83b633,true,302ead03-d0da-11f0-9ba0-fc3fdb83b633
31fc9c58-d0da-11f0-9ba0-fc3fdb83b633,LDV-0655,LD.VARGAS,2003-10-20,25,,,3190d23e-d0da-11f0-9ba0-fc3fdb83b633,true,31d1d40b-d0da-11f0-9ba0-fc3fdb83b633,true,302e8fa9-d0da-11f0-9ba0-fc3fdb83b633
31fc9df5-d0da-11f0-9ba0-fc3fdb83b633,LDV-0656,LD.VARGAS,2003-10-20,24,,,3190d23e-d0da-11f0-9ba0-fc3fdb83b633,true,31d1d45b-d0da-11f0-9ba0-fc3fdb83b633,true,302ead4d-d0da-11f0-9ba0-fc3fdb83b633
31fc9f7e-d0da-11f0-9ba0-fc3fdb83b633,LDV-0657,LD.VARGAS,2003-10-20,24,,,3190d23e-d0da-11f0-9ba0-fc3fdb83b633,true,31d1d4ac-d0da-11f0-9ba0-fc3fdb83b633,true,302ead94-d0da-11f0-9ba0-fc3fdb83b633
31fca10e-d0da-11f0-9ba0-fc3fdb83b633,LDV-0658,LD.VARGAS,2003-10-27,24,,,3190d23e-d0da-11f0-9ba0-fc3fdb83b633,true,31d1d4ac-d0da-11f0-9ba0-fc3fdb83b633,true,302ea914-d0da-11f0-9ba0-fc3fdb83b633
31fca2b7-d0da-11f0-9ba0-fc3fdb83b633,LDV-0659,LD.VARGAS,2003-10-27,24,,,3190d23e-d0da-11f0-9ba0-fc3fdb83b633,true,31d1d4fd-d0da-11f0-9ba0-fc3fdb83b633,true,302eaddb-d0da-11f0-9ba0-fc3fdb83b633
31fca45d-d0da-11f0-9ba0-fc3fdb83b633,LDV-0660,LD.VARGAS,2003-10-27,24,,,3190d23e-d0da-11f0-9ba0-fc3fdb83b633,true,31d1d4fd-d0da-11f0-9ba0-fc3fdb83b633,true,302eae23-d0da-11f0-9ba0-fc3fdb83b633
31fca5f5-d0da-11f0-9ba0-fc3fdb83b633,LDV-0661,LD.VARGAS,2003-10-27,24,,,3190d23e-d0da-11f0-9ba0-fc3fdb83b633,true,31d1d4fd-d0da-11f0-9ba0-fc3fdb83b633,true,302eae76-d0da-11f0-9ba0-fc3fdb83b633
31fca794-d0da-11f0-9ba0-fc3fdb83b633,LDV-0662,LD.VARGAS,2003-10-27,24,,,3190d23e-d0da-11f0-9ba0-fc3fdb83b633,true,31d1d4fd-d0da-11f0-9ba0-fc3fdb83b633,true,302eaeb8-d0da-11f0-9ba0-fc3fdb83b633
31fca93d-d0da-11f0-9ba0-fc3fdb83b633,LDV-0663,LD.VARGAS,2003-10-27,24,,,3190d23e-d0da-11f0-9ba0-fc3fdb83b633,true,31d1d54d-d0da-11f0-9ba0-fc3fdb83b633,true,302eaf00-d0da-11f0-9ba0-fc3fdb83b633
31fcaae2-d0da-11f0-9ba0-fc3fdb83b633,LDV-0664,LD.VARGAS,2003-10-27,24,,,3190d23e-d0da-11f0-9ba0-fc3fdb83b633,true,31d1d5a1-d0da-11f0-9ba0-fc3fdb83b633,true,302e7b12-d0da-11f0-9ba0-fc3fdb83b633
31fcac8a-d0da-11f0-9ba0-fc3fdb83b633,LDV-0665,LD.VARGAS,2003-10-27,24,,,3190d23e-d0da-11f0-9ba0-fc3fdb83b633,true,31d1d5f7-d0da-11f0-9ba0-fc3fdb83b633,true,302eaf49-d0da-11f0-9ba0-fc3fdb83b633
31fcae26-d0da-11f0-9ba0-fc3fdb83b633,LDV-0666,LD.VARGAS,2003-10-27,24,,,3190d23e-d0da-11f0-9ba0-fc3fdb83b633,true,31d1d5f7-d0da-11f0-9ba0-fc3fdb83b633,true,302eaf90-d0da-11f0-9ba0-fc3fdb83b633
31fcafd7-d0da-11f0-9ba0-fc3fdb83b633,LDV-0667,LD.VARGAS,2003-10-27,24,,,3190d23e-d0da-11f0-9ba0-fc3fdb83b633,true,31d1d4fd-d0da-11f0-9ba0-fc3fdb83b633,true,302eb08b-d0da-11f0-9ba0-fc3fdb83b633
31fcb196-d0da-11f0-9ba0-fc3fdb83b633,LDV-0668,LD.VARGAS,2003-10-27,24,,,3190d23e-d0da-11f0-9ba0-fc3fdb83b633,true,31d1d4fd-d0da-11f0-9ba0-fc3fdb83b633,true,302e8023-d0da-11f0-9ba0-fc3fdb83b633
31fcb34b-d0da-11f0-9ba0-fc3fdb83b633,LDV-0669,LD.VARGAS,2003-10-27,24,,,3190d23e-d0da-11f0-9ba0-fc3fdb83b633,true,31d1d54d-d0da-11f0-9ba0-fc3fdb83b633,true,302eb0da-d0da-11f0-9ba0-fc3fdb83b633
31fcb4f2-d0da-11f0-9ba0-fc3fdb83b633,LDV-0670,LD.VARGAS,2003-11-03,23,,,3190d23e-d0da-11f0-9ba0-fc3fdb83b633,true,31d1d64a-d0da-11f0-9ba0-fc3fdb83b633,true,302eb12b-d0da-11f0-9ba0-fc3fdb83b633
31fcb84b-d0da-11f0-9ba0-fc3fdb83b633,LDV-0671,LD.VARGAS,2003-11-03,23,,,3190d23e-d0da-11f0-9ba0-fc3fdb83b633,true,31d1d64a-d0da-11f0-9ba0-fc3fdb83b633,true,302e7c31-d0da-11f0-9ba0-fc3fdb83b633
31fcba12-d0da-11f0-9ba0-fc3fdb83b633,LDV-0672,LD.VARGAS,2003-11-03,23,,,3190d23e-d0da-11f0-9ba0-fc3fdb83b633,true,31d1d69c-d0da-11f0-9ba0-fc3fdb83b633,true,302eb178-d0da-11f0-9ba0-fc3fdb83b633
31fcbba8-d0da-11f0-9ba0-fc3fdb83b633,LDV-0673,LD.VARGAS,2003-11-03,23,,,3190d23e-d0da-11f0-9ba0-fc3fdb83b633,true,31d1d64a-d0da-11f0-9ba0-fc3fdb83b633,true,302eb1c2-d0da-11f0-9ba0-fc3fdb83b633
31fcbe3f-d0da-11f0-9ba0-fc3fdb83b633,LDV-0674,LD.VARGAS,2003-11-03,24,,,3190d23e-d0da-11f0-9ba0-fc3fdb83b633,true,31d1d6f1-d0da-11f0-9ba0-fc3fdb83b633,true,302eb20b-d0da-11f0-9ba0-fc3fdb83b633
31fcc2cd-d0da-11f0-9ba0-fc3fdb83b633,LDV-0675,LD.VARGAS,2003-11-03,24,,,3190d23e-d0da-11f0-9ba0-fc3fdb83b633,true,31d1d743-d0da-11f0-9ba0-fc3fdb83b633,true,302eb254-d0da-11f0-9ba0-fc3fdb83b633
31fcc610-d0da-11f0-9ba0-fc3fdb83b633,LDV-0676,LD.VARGAS,2003-11-03,24,,,3190d23e-d0da-11f0-9ba0-fc3fdb83b633,true,31d1d743-d0da-11f0-9ba0-fc3fdb83b633,true,302eb29f-d0da-11f0-9ba0-fc3fdb83b633
31fcc915-d0da-11f0-9ba0-fc3fdb83b633,LDV-0677,LD.VARGAS,2003-11-03,24,,,3190d23e-d0da-11f0-9ba0-fc3fdb83b633,true,31d1d797-d0da-11f0-9ba0-fc3fdb83b633,true,302e7be9-d0da-11f0-9ba0-fc3fdb83b633
31fccc2f-d0da-11f0-9ba0-fc3fdb83b633,LDV-0678,LD.VARGAS,2003-11-03,24,,,3190d23e-d0da-11f0-9ba0-fc3fdb83b633,true,31d1d7ed-d0da-11f0-9ba0-fc3fdb83b633,true,302e8b4f-d0da-11f0-9ba0-fc3fdb83b633
31fccf36-d0da-11f0-9ba0-fc3fdb83b633,LDV-0679,LD.VARGAS,2003-11-03,24,,,3190d23e-d0da-11f0-9ba0-fc3fdb83b633,true,31d1d7ed-d0da-11f0-9ba0-fc3fdb83b633,true,302eb2e8-d0da-11f0-9ba0-fc3fdb83b633
31fcd2a3-d0da-11f0-9ba0-fc3fdb83b633,LDV-0680,LD.VARGAS,2003-11-03,24,,,3190d23e-d0da-11f0-9ba0-fc3fdb83b633,true,31d1d83d-d0da-11f0-9ba0-fc3fdb83b633,true,302eb332-d0da-11f0-9ba0-fc3fdb83b633
31fcd58e-d0da-11f0-9ba0-fc3fdb83b633,LDV-0681,LD.VARGAS,2003-11-03,24,,,3190d23e-d0da-11f0-9ba0-fc3fdb83b633,true,31d1d83d-d0da-11f0-9ba0-fc3fdb83b633,true,302eb37a-d0da-11f0-9ba0-fc3fdb83b633
31fcd85c-d0da-11f0-9ba0-fc3fdb83b633,LDV-0682,,,,,,,false,,true,302eb3c4-d0da-11f0-9ba0-fc3fdb83b633
31fcda65-d0da-11f0-9ba0-fc3fdb83b633,LDV-0683,LD.VARGAS,2003-11-10,24,,,3190d23e-d0da-11f0-9ba0-fc3fdb83b633,true,31d1d83d-d0da-11f0-9ba0-fc3fdb83b633,true,302eb40d-d0da-11f0-9ba0-fc3fdb83b633
31fcdd76-d0da-11f0-9ba0-fc3fdb83b633,LDV-0684,LD.VARGAS,2003-11-10,25,,,3190d23e-d0da-11f0-9ba0-fc3fdb83b633,true,31d1d88f-d0da-11f0-9ba0-fc3fdb83b633,true,302eb457-d0da-11f0-9ba0-fc3fdb83b633
31fce078-d0da-11f0-9ba0-fc3fdb83b633,LDV-0685,LD.VARGAS,2003-11-10,25,,,3190d23e-d0da-11f0-9ba0-fc3fdb83b633,true,31d1d88f-d0da-11f0-9ba0-fc3fdb83b633,true,302eb4a1-d0da-11f0-9ba0-fc3fdb83b633
31fce351-d0da-11f0-9ba0-fc3fdb83b633,LDV-0686,LD.VARGAS,2003-11-10,25,,,3190d23e-d0da-11f0-9ba0-fc3fdb83b633,true,31d1d88f-d0da-11f0-9ba0-fc3fdb83b633,true,302eb4eb-d0da-11f0-9ba0-fc3fdb83b633
31fce703-d0da-11f0-9ba0-fc3fdb83b633,LDV-0687,LD.VARGAS,2003-11-10,25,,,3190d23e-d0da-11f0-9ba0-fc3fdb83b633,true,31d1d88f-d0da-11f0-9ba0-fc3fdb83b633,true,302eb532-d0da-11f0-9ba0-fc3fdb83b633
31fcea0a-d0da-11f0-9ba0-fc3fdb83b633,LDV-0688,LD.VARGAS,2003-11-10,25,,,3190d23e-d0da-11f0-9ba0-fc3fdb83b633,true,31d1d8e5-d0da-11f0-9ba0-fc3fdb83b633,true,302e82f2-d0da-11f0-9ba0-fc3fdb83b633
31fcedc4-d0da-11f0-9ba0-fc3fdb83b633,LDV-0689,LD.VARGAS,2003-11-10,25,,,3190d23e-d0da-11f0-9ba0-fc3fdb83b633,true,31d1d88f-d0da-11f0-9ba0-fc3fdb83b633,true,302e7ba2-d0da-11f0-9ba0-fc3fdb83b633
31fcf16e-d0da-11f0-9ba0-fc3fdb83b633,LDV-0690,LD.VARGAS,2003-11-10,25,,,3190d23e-d0da-11f0-9ba0-fc3fdb83b633,true,31d1d8e5-d0da-11f0-9ba0-fc3fdb83b633,true,302e70b7-d0da-11f0-9ba0-fc3fdb83b633
31fcf47f-d0da-11f0-9ba0-fc3fdb83b633,LDV-0691,LD.VARGAS,2003-11-10,25,,,3190d23e-d0da-11f0-9ba0-fc3fdb83b633,true,31d1d88f-d0da-11f0-9ba0-fc3fdb83b633,true,302eb57c-d0da-11f0-9ba0-fc3fdb83b633
31fcf791-d0da-11f0-9ba0-fc3fdb83b633,LDV-0692,LD.VARGAS,2003-11-10,25,,,3190d23e-d0da-11f0-9ba0-fc3fdb83b633,true,31d1d93b-d0da-11f0-9ba0-fc3fdb83b633,true,302eb5c9-d0da-11f0-9ba0-fc3fdb83b633
31fcfa97-d0da-11f0-9ba0-fc3fdb83b633,LDV-0693,LD.VARGAS,2003-11-10,25,,,3190d23e-d0da-11f0-9ba0-fc3fdb83b633,true,31d1d93b-d0da-11f0-9ba0-fc3fdb83b633,true,302eb618-d0da-11f0-9ba0-fc3fdb83b633
31fcfd86-d0da-11f0-9ba0-fc3fdb83b633,LDV-0731,LD.VARGAS,2003-12-01,25,,,3190d27e-d0da-11f0-9ba0-fc3fdb83b633,true,31d1d98c-d0da-11f0-9ba0-fc3fdb83b633,true,302eb661-d0da-11f0-9ba0-fc3fdb83b633
31fd000f-d0da-11f0-9ba0-fc3fdb83b633,LDV-0732,LD.VARGAS,2003-12-01,25,,,3190d27e-d0da-11f0-9ba0-fc3fdb83b633,true,31d1d98c-d0da-11f0-9ba0-fc3fdb83b633,true,302eb6a9-d0da-11f0-9ba0-fc3fdb83b633
31fd02c7-d0da-11f0-9ba0-fc3fdb83b633,LDV-0733,LD.VARGAS,2003-12-01,25,,,3190d27e-d0da-11f0-9ba0-fc3fdb83b633,true,31d1d9df-d0da-11f0-9ba0-fc3fdb83b633,true,302e8383-d0da-11f0-9ba0-fc3fdb83b633
31fd058f-d0da-11f0-9ba0-fc3fdb83b633,LDV-0734,LD.VARGAS,2003-12-01,25,,,3190d27e-d0da-11f0-9ba0-fc3fdb83b633,true,31d1da34-d0da-11f0-9ba0-fc3fdb83b633,true,302e7d51-d0da-11f0-9ba0-fc3fdb83b633
31fd0865-d0da-11f0-9ba0-fc3fdb83b633,LDV-0735,LD.VARGAS,2003-12-01,25,,,3190d27e-d0da-11f0-9ba0-fc3fdb83b633,true,31d1da84-d0da-11f0-9ba0-fc3fdb83b633,true,302e8723-d0da-11f0-9ba0-fc3fdb83b633
31fd0b98-d0da-11f0-9ba0-fc3fdb83b633,LDV-0748,LD.VARGAS,2004-02-02,32,,,3190e62e-d0da-11f0-9ba0-fc3fdb83b633,true,31d1dad5-d0da-11f0-9ba0-fc3fdb83b633,true,302e7d9a-d0da-11f0-9ba0-fc3fdb83b633
31fd0e4c-d0da-11f0-9ba0-fc3fdb83b633,LDV-0749,LD.VARGAS,2004-02-02,32,,,3190e62e-d0da-11f0-9ba0-fc3fdb83b633,true,31d1db28-d0da-11f0-9ba0-fc3fdb83b633,true,302e8023-d0da-11f0-9ba0-fc3fdb83b633
31fd10dd-d0da-11f0-9ba0-fc3fdb83b633,LDV-0750,LD.VARGAS,2004-02-02,32,,,3190e62e-d0da-11f0-9ba0-fc3fdb83b633,true,31d1db28-d0da-11f0-9ba0-fc3fdb83b633,true,302eb6f2-d0da-11f0-9ba0-fc3fdb83b633
31fd1364-d0da-11f0-9ba0-fc3fdb83b633,LDV-0751,LD.VARGAS,2004-02-02,33,,,3190e62e-d0da-11f0-9ba0-fc3fdb83b633,true,31d1db78-d0da-11f0-9ba0-fc3fdb83b633,true,302eb73e-d0da-11f0-9ba0-fc3fdb83b633
31fd15e6-d0da-11f0-9ba0-fc3fdb83b633,LDV-0752,LD.VARGAS,2004-02-02,33,,,3190e62e-d0da-11f0-9ba0-fc3fdb83b633,true,31d1dbcb-d0da-11f0-9ba0-fc3fdb83b633,true,302e86dc-d0da-11f0-9ba0-fc3fdb83b633
31fd18a3-d0da-11f0-9ba0-fc3fdb83b633,LDV-0753,LD.VARGAS,2004-02-02,33,,,3190e62e-d0da-11f0-9ba0-fc3fdb83b633,true,31d1dbcb-d0da-11f0-9ba0-fc3fdb83b633,true,302eb788-d0da-11f0-9ba0-fc3fdb83b633
31fd1b4d-d0da-11f0-9ba0-fc3fdb83b633,LDV-0754,LD.VARGAS,2004-02-02,31,,,3190e62e-d0da-11f0-9ba0-fc3fdb83b633,true,31d1dc20-d0da-11f0-9ba0-fc3fdb83b633,true,302eb7d2-d0da-11f0-9ba0-fc3fdb83b633
31fd1dec-d0da-11f0-9ba0-fc3fdb83b633,LDV-0755,LD.VARGAS,2004-02-02,31,,,3190e62e-d0da-11f0-9ba0-fc3fdb83b633,true,31d1dc72-d0da-11f0-9ba0-fc3fdb83b633,true,302e78d1-d0da-11f0-9ba0-fc3fdb83b633
31fd20c6-d0da-11f0-9ba0-fc3fdb83b633,LDV-0756,LD.VARGAS,2004-02-02,33,,,3190e62e-d0da-11f0-9ba0-fc3fdb83b633,true,31d1dcc8-d0da-11f0-9ba0-fc3fdb83b633,true,302eb81b-d0da-11f0-9ba0-fc3fdb83b633
31fd2386-d0da-11f0-9ba0-fc3fdb83b633,LDV-0757,LD.VARGAS,2004-02-02,33,,,3190e62e-d0da-11f0-9ba0-fc3fdb83b633,true,31d1dcc8-d0da-11f0-9ba0-fc3fdb83b633,true,302eb864-d0da-11f0-9ba0-fc3fdb83b633
31fd262b-d0da-11f0-9ba0-fc3fdb83b633,LDV-0758,LD.VARGAS,2004-02-02,33,,,3190e62e-d0da-11f0-9ba0-fc3fdb83b633,true,31d1db78-d0da-11f0-9ba0-fc3fdb83b633,true,302eb8ae-d0da-11f0-9ba0-fc3fdb83b633
31fd28f9-d0da-11f0-9ba0-fc3fdb83b633,LDV-0759,LD.VARGAS,2004-02-02,31,,,3190e62e-d0da-11f0-9ba0-fc3fdb83b633,true,31d1dd19-d0da-11f0-9ba0-fc3fdb83b633,true,302eb8f6-d0da-11f0-9ba0-fc3fdb83b633
31fd2bc8-d0da-11f0-9ba0-fc3fdb83b633,LDV-0760,LD.VARGAS,2004-02-02,32,,,3190e62e-d0da-11f0-9ba0-fc3fdb83b633,true,31d1dd6c-d0da-11f0-9ba0-fc3fdb83b633,true,302e7889-d0da-11f0-9ba0-fc3fdb83b633
31fd2eb7-d0da-11f0-9ba0-fc3fdb83b633,LDV-0761,LD.VARGAS,2004-02-02,32,,,3190e62e-d0da-11f0-9ba0-fc3fdb83b633,true,31d1ddbd-d0da-11f0-9ba0-fc3fdb83b633,true,302eb93e-d0da-11f0-9ba0-fc3fdb83b633
31fd3171-d0da-11f0-9ba0-fc3fdb83b633,LDV-0762,LD.VARGAS,2004-02-02,32,,,3190e62e-d0da-11f0-9ba0-fc3fdb83b633,true,31d1dd6c-d0da-11f0-9ba0-fc3fdb83b633,true,302eb08b-d0da-11f0-9ba0-fc3fdb83b633
31fd34b1-d0da-11f0-9ba0-fc3fdb83b633,LDV-0763,LD.VARGAS,2004-02-02,31,,,3190e62e-d0da-11f0-9ba0-fc3fdb83b633,true,31d1de0f-d0da-11f0-9ba0-fc3fdb83b633,true,302eb989-d0da-11f0-9ba0-fc3fdb83b633
31fd379a-d0da-11f0-9ba0-fc3fdb83b633,LDV-0764,LD.VARGAS,2004-02-02,31,,,3190e62e-d0da-11f0-9ba0-fc3fdb83b633,true,31d1de63-d0da-11f0-9ba0-fc3fdb83b633,true,302eb9d2-d0da-11f0-9ba0-fc3fdb83b633
31fd3a7c-d0da-11f0-9ba0-fc3fdb83b633,LDV-0765,LD.VARGAS,2004-02-02,33,,,3190e62e-d0da-11f0-9ba0-fc3fdb83b633,true,31d1deb6-d0da-11f0-9ba0-fc3fdb83b633,true,302ea95d-d0da-11f0-9ba0-fc3fdb83b633
31fd3d5f-d0da-11f0-9ba0-fc3fdb83b633,LDV-0766,LD.VARGAS,2004-02-02,33,,,3190e62e-d0da-11f0-9ba0-fc3fdb83b633,true,31d1df09-d0da-11f0-9ba0-fc3fdb83b633,true,302eba1b-d0da-11f0-9ba0-fc3fdb83b633
31fd403e-d0da-11f0-9ba0-fc3fdb83b633,LDV-0767,LD.VARGAS,2004-02-02,33,,,3190e62e-d0da-11f0-9ba0-fc3fdb83b633,true,31d1df09-d0da-11f0-9ba0-fc3fdb83b633,true,302eba64-d0da-11f0-9ba0-fc3fdb83b633
31fd4327-d0da-11f0-9ba0-fc3fdb83b633,LDV-0783,LD.VARGAS,2004-08-26,25,,,3190d2f4-d0da-11f0-9ba0-fc3fdb83b633,true,31d1df5e-d0da-11f0-9ba0-fc3fdb83b633,true,302eb57c-d0da-11f0-9ba0-fc3fdb83b633
31fd4599-d0da-11f0-9ba0-fc3fdb83b633,LDV-0784,LD.VARGAS,2004-08-26,25,,,3190d2f4-d0da-11f0-9ba0-fc3fdb83b633,true,31d1dfaf-d0da-11f0-9ba0-fc3fdb83b633,true,302ebaad-d0da-11f0-9ba0-fc3fdb83b633
31fd4805-d0da-11f0-9ba0-fc3fdb83b633,LDV-0785,LD.VARGAS,2004-08-26,27,,,3190d2f4-d0da-11f0-9ba0-fc3fdb83b633,true,31d1dffe-d0da-11f0-9ba0-fc3fdb83b633,true,302ebaf6-d0da-11f0-9ba0-fc3fdb83b633
31fd4b3b-d0da-11f0-9ba0-fc3fdb83b633,LDV-0786,LD.VARGAS,2004-08-26,27,,,3190d2f4-d0da-11f0-9ba0-fc3fdb83b633,true,31d1dffe-d0da-11f0-9ba0-fc3fdb83b633,true,302ebb5a-d0da-11f0-9ba0-fc3fdb83b633
31fd4dea-d0da-11f0-9ba0-fc3fdb83b633,LDV-0787,LD.VARGAS,2004-08-26,27,,,3190d2f4-d0da-11f0-9ba0-fc3fdb83b633,true,31d1dffe-d0da-11f0-9ba0-fc3fdb83b633,true,302e8cc4-d0da-11f0-9ba0-fc3fdb83b633
31fd50c0-d0da-11f0-9ba0-fc3fdb83b633,LDV-0788,LD.VARGAS,2004-08-26,26,,,3190d2f4-d0da-11f0-9ba0-fc3fdb83b633,true,31d1e04f-d0da-11f0-9ba0-fc3fdb83b633,true,302ebbce-d0da-11f0-9ba0-fc3fdb83b633
31fd5364-d0da-11f0-9ba0-fc3fdb83b633,LDV-0789,LD.VARGAS,2004-08-26,27,,,3190d2f4-d0da-11f0-9ba0-fc3fdb83b633,true,31d1e097-d0da-11f0-9ba0-fc3fdb83b633,true,302ebc48-d0da-11f0-9ba0-fc3fdb83b633
31fd55ee-d0da-11f0-9ba0-fc3fdb83b633,LDV-0790,LD.VARGAS,2004-08-26,26,,,3190d2f4-d0da-11f0-9ba0-fc3fdb83b633,true,31d1e0e2-d0da-11f0-9ba0-fc3fdb83b633,true,302ebcb5-d0da-11f0-9ba0-fc3fdb83b633
31fd5887-d0da-11f0-9ba0-fc3fdb83b633,LDV-0791,LD.VARGAS,2004-08-26,27,,,3190d2f4-d0da-11f0-9ba0-fc3fdb83b633,true,31d1e12e-d0da-11f0-9ba0-fc3fdb83b633,true,302ebd2f-d0da-11f0-9ba0-fc3fdb83b633
31fd5b97-d0da-11f0-9ba0-fc3fdb83b633,LDV-0793,LD.VARGAS,2004-09-27,28,,,3190e673-d0da-11f0-9ba0-fc3fdb83b633,true,31d1e17d-d0da-11f0-9ba0-fc3fdb83b633,true,302ebd7a-d0da-11f0-9ba0-fc3fdb83b633
31fd5e2a-d0da-11f0-9ba0-fc3fdb83b633,LDV-0794,LD.VARGAS,2004-09-27,28,,,3190e673-d0da-11f0-9ba0-fc3fdb83b633,true,31d1e17d-d0da-11f0-9ba0-fc3fdb83b633,true,302ebdc7-d0da-11f0-9ba0-fc3fdb83b633
31fd60c8-d0da-11f0-9ba0-fc3fdb83b633,LDV-0795,LD.VARGAS,2004-09-27,28,,,3190e673-d0da-11f0-9ba0-fc3fdb83b633,true,31d1ce5a-d0da-11f0-9ba0-fc3fdb83b633,true,302ebe11-d0da-11f0-9ba0-fc3fdb83b633
31fd666c-d0da-11f0-9ba0-fc3fdb83b633,LDV-0796,LD.VARGAS,2004-09-27,28,,,3190e673-d0da-11f0-9ba0-fc3fdb83b633,true,31d1ce5a-d0da-11f0-9ba0-fc3fdb83b633,true,302ebe5a-d0da-11f0-9ba0-fc3fdb83b633
31fd6954-d0da-11f0-9ba0-fc3fdb83b633,LDV-0797,LD.VARGAS,2004-09-27,27,,,3190e673-d0da-11f0-9ba0-fc3fdb83b633,true,31d1ceab-d0da-11f0-9ba0-fc3fdb83b633,true,302ebea8-d0da-11f0-9ba0-fc3fdb83b633
31fd6c29-d0da-11f0-9ba0-fc3fdb83b633,LDV-0803,LD.VARGAS,2004-11-15,29,,,3190d1ca-d0da-11f0-9ba0-fc3fdb83b633,true,31d1e1ce-d0da-11f0-9ba0-fc3fdb83b633,true,302ebef4-d0da-11f0-9ba0-fc3fdb83b633
31fd6ea6-d0da-11f0-9ba0-fc3fdb83b633,LDV-0804,LD.VARGAS,2004-11-15,28,,,3190d1ca-d0da-11f0-9ba0-fc3fdb83b633,true,31d1e21d-d0da-11f0-9ba0-fc3fdb83b633,true,302ebf3e-d0da-11f0-9ba0-fc3fdb83b633
31fd7126-d0da-11f0-9ba0-fc3fdb83b633,LDV-0805,LD.VARGAS,2004-11-15,28,,,3190d1ca-d0da-11f0-9ba0-fc3fdb83b633,true,31d1e21d-d0da-11f0-9ba0-fc3fdb83b633,true,302e7513-d0da-11f0-9ba0-fc3fdb83b633
31fd73f2-d0da-11f0-9ba0-fc3fdb83b633,LDV-0806,LD.VARGAS,2004-11-15,28,,,3190d1ca-d0da-11f0-9ba0-fc3fdb83b633,true,31d1e26d-d0da-11f0-9ba0-fc3fdb83b633,true,302e7264-d0da-11f0-9ba0-fc3fdb83b633
31fd76a0-d0da-11f0-9ba0-fc3fdb83b633,LDV-0807,LD.VARGAS,2004-11-15,28,,,3190d1ca-d0da-11f0-9ba0-fc3fdb83b633,true,31d1e26d-d0da-11f0-9ba0-fc3fdb83b633,true,302ea881-d0da-11f0-9ba0-fc3fdb83b633
31fd796c-d0da-11f0-9ba0-fc3fdb83b633,LDV-1086,,2005-11-24,,,,3190ca3e-d0da-11f0-9ba0-fc3fdb83b633,false,,true,302ebf84-d0da-11f0-9ba0-fc3fdb83b633
31fd7c01-d0da-11f0-9ba0-fc3fdb83b633,LDV-1087,,2005-11-24,,,,3190ca3e-d0da-11f0-9ba0-fc3fdb83b633,false,,true,302ebfcd-d0da-11f0-9ba0-fc3fdb83b633
31fd7e96-d0da-11f0-9ba0-fc3fdb83b633,LDV-1089,,2005-11-24,,,,3190ca3e-d0da-11f0-9ba0-fc3fdb83b633,false,,true,302ec015-d0da-11f0-9ba0-fc3fdb83b633
31fd84a3-d0da-11f0-9ba0-fc3fdb83b633,LDV-1090,,2005-11-24,,,,3190ca3e-d0da-11f0-9ba0-fc3fdb83b633,false,,true,302ec05b-d0da-11f0-9ba0-fc3fdb83b633
31fd8722-d0da-11f0-9ba0-fc3fdb83b633,LDV-1091,,2005-11-24,,,,3190ca3e-d0da-11f0-9ba0-fc3fdb83b633,false,,true,302ec0a1-d0da-11f0-9ba0-fc3fdb83b633
31fd899a-d0da-11f0-9ba0-fc3fdb83b633,LDV-1093,,2005-11-24,,,,3190ca3e-d0da-11f0-9ba0-fc3fdb83b633,false,,true,302ec11d-d0da-11f0-9ba0-fc3fdb83b633
31fd8c19-d0da-11f0-9ba0-fc3fdb83b633,LDV-1094,,2005-11-24,,,,3190ca3e-d0da-11f0-9ba0-fc3fdb83b633,false,,true,302ec168-d0da-11f0-9ba0-fc3fdb83b633
31fd8e93-d0da-11f0-9ba0-fc3fdb83b633,LDV-1132,,2006-01-12,,,,3190cafb-d0da-11f0-9ba0-fc3fdb83b633,false,,true,302ec1ae-d0da-11f0-9ba0-fc3fdb83b633
31fd90c4-d0da-11f0-9ba0-fc3fdb83b633,LDV-1133,,2006-01-12,,,,3190cafb-d0da-11f0-9ba0-fc3fdb83b633,false,,true,302ec1f5-d0da-11f0-9ba0-fc3fdb83b633
31fd92f9-d0da-11f0-9ba0-fc3fdb83b633,LDV-1134,,2006-01-12,,,,3190cafb-d0da-11f0-9ba0-fc3fdb83b633,false,,true,302ec23d-d0da-11f0-9ba0-fc3fdb83b633
31fd9537-d0da-11f0-9ba0-fc3fdb83b633,LDV-1135,,2006-01-12,,,,3190cafb-d0da-11f0-9ba0-fc3fdb83b633,false,,true,302ec283-d0da-11f0-9ba0-fc3fdb83b633
31fd9776-d0da-11f0-9ba0-fc3fdb83b633,LDV-1136,,2006-01-12,,,,3190cafb-d0da-11f0-9ba0-fc3fdb83b633,false,,true,302ec2ce-d0da-11f0-9ba0-fc3fdb83b633
31fd99e8-d0da-11f0-9ba0-fc3fdb83b633,LDV-1137,,2006-01-12,,,,3190cafb-d0da-11f0-9ba0-fc3fdb83b633,false,,true,302ec366-d0da-11f0-9ba0-fc3fdb83b633
31fd9c5f-d0da-11f0-9ba0-fc3fdb83b633,LDV-1138,,2006-01-12,,,,3190cafb-d0da-11f0-9ba0-fc3fdb83b633,false,,true,302ec3b1-d0da-11f0-9ba0-fc3fdb83b633
31fd9edf-d0da-11f0-9ba0-fc3fdb83b633,LDV-1139,,2006-01-12,,,,3190cafb-d0da-11f0-9ba0-fc3fdb83b633,false,,true,302ec3fa-d0da-11f0-9ba0-fc3fdb83b633
31fda16a-d0da-11f0-9ba0-fc3fdb83b633,LDV-1140,,2006-01-12,,,,3190cafb-d0da-11f0-9ba0-fc3fdb83b633,false,,true,302ec442-d0da-11f0-9ba0-fc3fdb83b633
31fda403-d0da-11f0-9ba0-fc3fdb83b633,LDV-1141,,2006-01-12,,,,3190cafb-d0da-11f0-9ba0-fc3fdb83b633,false,,true,302ec488-d0da-11f0-9ba0-fc3fdb83b633
31fda686-d0da-11f0-9ba0-fc3fdb83b633,LDV-1142,,2006-01-12,,,,3190cafb-d0da-11f0-9ba0-fc3fdb83b633,false,,true,302ec4cf-d0da-11f0-9ba0-fc3fdb83b633
31fda97a-d0da-11f0-9ba0-fc3fdb83b633,LDV-1143,,2006-01-12,,,,3190cafb-d0da-11f0-9ba0-fc3fdb83b633,false,,true,302ec517-d0da-11f0-9ba0-fc3fdb83b633
31fdac16-d0da-11f0-9ba0-fc3fdb83b633,LDV-1144,,2006-01-12,,,,3190cafb-d0da-11f0-9ba0-fc3fdb83b633,false,,true,302ec55e-d0da-11f0-9ba0-fc3fdb83b633
31fdaeb3-d0da-11f0-9ba0-fc3fdb83b633,LDV-1145,,2006-01-12,,,,3190cafb-d0da-11f0-9ba0-fc3fdb83b633,false,,true,302ec5a6-d0da-11f0-9ba0-fc3fdb83b633
31fdb130-d0da-11f0-9ba0-fc3fdb83b633,LDV-1146,,2006-01-12,,,,3190cafb-d0da-11f0-9ba0-fc3fdb83b633,false,,true,302ec5ef-d0da-11f0-9ba0-fc3fdb83b633
31fdb3ad-d0da-11f0-9ba0-fc3fdb83b633,LDV-1147,,2006-02-23,,,,3190cabb-d0da-11f0-9ba0-fc3fdb83b633,false,,true,302ec63a-d0da-11f0-9ba0-fc3fdb83b633
31fdb5ff-d0da-11f0-9ba0-fc3fdb83b633,LDV-1148,,2006-02-23,,,,3190cabb-d0da-11f0-9ba0-fc3fdb83b633,false,,true,302ec681-d0da-11f0-9ba0-fc3fdb83b633
31fdb865-d0da-11f0-9ba0-fc3fdb83b633,LDV-1149,,2006-02-23,,,,3190cabb-d0da-11f0-9ba0-fc3fdb83b633,false,,true,302ec6c9-d0da-11f0-9ba0-fc3fdb83b633
31fdbadd-d0da-11f0-9ba0-fc3fdb83b633,LDV-1150,,2006-02-23,,,,3190cabb-d0da-11f0-9ba0-fc3fdb83b633,false,,true,302ec70f-d0da-11f0-9ba0-fc3fdb83b633
31fdbd64-d0da-11f0-9ba0-fc3fdb83b633,LDV-1151,,2006-02-23,,,,3190cabb-d0da-11f0-9ba0-fc3fdb83b633,false,,true,302ec756-d0da-11f0-9ba0-fc3fdb83b633
31fdc00c-d0da-11f0-9ba0-fc3fdb83b633,LDV-1152,,2006-02-23,,,,3190cabb-d0da-11f0-9ba0-fc3fdb83b633,false,,true,302ec79f-d0da-11f0-9ba0-fc3fdb83b633
31fdc287-d0da-11f0-9ba0-fc3fdb83b633,LDV-1153,,2006-02-23,,,,3190cabb-d0da-11f0-9ba0-fc3fdb83b633,false,,true,302ec7e6-d0da-11f0-9ba0-fc3fdb83b633
31fdc51c-d0da-11f0-9ba0-fc3fdb83b633,LDV-1154,,2006-02-23,,,,3190cabb-d0da-11f0-9ba0-fc3fdb83b633,false,,true,302ec82b-d0da-11f0-9ba0-fc3fdb83b633
31fdc7b6-d0da-11f0-9ba0-fc3fdb83b633,LDV-1155,,2006-02-23,,,,3190cabb-d0da-11f0-9ba0-fc3fdb83b633,false,,true,302ec872-d0da-11f0-9ba0-fc3fdb83b633
31fdca64-d0da-11f0-9ba0-fc3fdb83b633,LDV-1156,,2006-02-23,,,,3190cabb-d0da-11f0-9ba0-fc3fdb83b633,false,,true,302ec8b7-d0da-11f0-9ba0-fc3fdb83b633
31fdccf3-d0da-11f0-9ba0-fc3fdb83b633,LDV-1157,,2006-02-23,,,,3190cabb-d0da-11f0-9ba0-fc3fdb83b633,false,,true,302ec8fe-d0da-11f0-9ba0-fc3fdb83b633
31fdd013-d0da-11f0-9ba0-fc3fdb83b633,LDV-1158,,2006-02-23,,,,3190cabb-d0da-11f0-9ba0-fc3fdb83b633,false,,true,302ec946-d0da-11f0-9ba0-fc3fdb83b633
31fdd2b5-d0da-11f0-9ba0-fc3fdb83b633,LDV-1159,,2006-02-23,,,,3190cabb-d0da-11f0-9ba0-fc3fdb83b633,false,,true,302ec98c-d0da-11f0-9ba0-fc3fdb83b633
31fdd56c-d0da-11f0-9ba0-fc3fdb83b633,LDV-1160,,2006-02-23,,,,3190cabb-d0da-11f0-9ba0-fc3fdb83b633,false,,true,302ec9d3-d0da-11f0-9ba0-fc3fdb83b633
31fdd7fe-d0da-11f0-9ba0-fc3fdb83b633,LDV-1161,,2006-02-23,,,,3190cabb-d0da-11f0-9ba0-fc3fdb83b633,false,,true,302eca19-d0da-11f0-9ba0-fc3fdb83b633
31fddaa7-d0da-11f0-9ba0-fc3fdb83b633,LDV-1175,,2006-03-09,,,,3190de42-d0da-11f0-9ba0-fc3fdb83b633,false,,true,302e8b4f-d0da-11f0-9ba0-fc3fdb83b633
31fddd03-d0da-11f0-9ba0-fc3fdb83b633,LDV-1176,,2006-03-09,,,,3190de42-d0da-11f0-9ba0-fc3fdb83b633,false,,true,302eca62-d0da-11f0-9ba0-fc3fdb83b633
31fddf4e-d0da-11f0-9ba0-fc3fdb83b633,LDV-1178,,2006-03-09,,,,3190de42-d0da-11f0-9ba0-fc3fdb83b633,false,,true,302eb457-d0da-11f0-9ba0-fc3fdb83b633
31fde1b8-d0da-11f0-9ba0-fc3fdb83b633,LDV-1179,,2006-03-09,,,,3190de42-d0da-11f0-9ba0-fc3fdb83b633,false,,true,302ecaae-d0da-11f0-9ba0-fc3fdb83b633
31fde413-d0da-11f0-9ba0-fc3fdb83b633,LDV-1180,,2006-03-09,,,,3190de42-d0da-11f0-9ba0-fc3fdb83b633,false,,true,302ecafa-d0da-11f0-9ba0-fc3fdb83b633
31fde68c-d0da-11f0-9ba0-fc3fdb83b633,LDV-1181,,2006-03-09,,,,3190de42-d0da-11f0-9ba0-fc3fdb83b633,false,,true,302ecb46-d0da-11f0-9ba0-fc3fdb83b633
31fde91a-d0da-11f0-9ba0-fc3fdb83b633,LDV-1182,,2006-03-09,,,,3190de42-d0da-11f0-9ba0-fc3fdb83b633,false,,true,302ecb90-d0da-11f0-9ba0-fc3fdb83b633
31fdebb8-d0da-11f0-9ba0-fc3fdb83b633,LDV-1183,,2006-03-09,,,,3190de42-d0da-11f0-9ba0-fc3fdb83b633,false,,true,302eaac6-d0da-11f0-9ba0-fc3fdb83b633
31fdee3d-d0da-11f0-9ba0-fc3fdb83b633,LDV-1184,,2006-03-09,,,,3190de42-d0da-11f0-9ba0-fc3fdb83b633,false,,true,302ea9ed-d0da-11f0-9ba0-fc3fdb83b633
31fdf0c2-d0da-11f0-9ba0-fc3fdb83b633,LDV-1185,,2006-03-09,,,,3190de42-d0da-11f0-9ba0-fc3fdb83b633,false,,true,302ecbd9-d0da-11f0-9ba0-fc3fdb83b633
31fdf35f-d0da-11f0-9ba0-fc3fdb83b633,LDV-1186,,2006-03-09,,,,3190de42-d0da-11f0-9ba0-fc3fdb83b633,false,,true,302ecc23-d0da-11f0-9ba0-fc3fdb83b633
31fdf655-d0da-11f0-9ba0-fc3fdb83b633,LDV-1187,,2006-03-09,,,,3190de42-d0da-11f0-9ba0-fc3fdb83b633,false,,true,302e9e51-d0da-11f0-9ba0-fc3fdb83b633
31fdf8dc-d0da-11f0-9ba0-fc3fdb83b633,LDV-1189,,2006-03-09,,,,3190de42-d0da-11f0-9ba0-fc3fdb83b633,false,,true,302ecc6c-d0da-11f0-9ba0-fc3fdb83b633
31fdfbf5-d0da-11f0-9ba0-fc3fdb83b633,LDV-1190,,2006-03-09,,,,3190de42-d0da-11f0-9ba0-fc3fdb83b633,false,,true,302eccb4-d0da-11f0-9ba0-fc3fdb83b633
31fdfea0-d0da-11f0-9ba0-fc3fdb83b633,LDV-1191,,2006-03-09,,,,3190de42-d0da-11f0-9ba0-fc3fdb83b633,false,,true,302eccfd-d0da-11f0-9ba0-fc3fdb83b633
31fe0133-d0da-11f0-9ba0-fc3fdb83b633,LDV-1192,,2006-03-09,,,,3190de42-d0da-11f0-9ba0-fc3fdb83b633,false,,true,302ecd47-d0da-11f0-9ba0-fc3fdb83b633
31fe039c-d0da-11f0-9ba0-fc3fdb83b633,LDV-1195,,2006-03-23,,,,3190d498-d0da-11f0-9ba0-fc3fdb83b633,false,,true,302ecd91-d0da-11f0-9ba0-fc3fdb83b633
31fe05ca-d0da-11f0-9ba0-fc3fdb83b633,LDV-1196,,2006-03-23,,,,3190d498-d0da-11f0-9ba0-fc3fdb83b633,false,,true,302ecddb-d0da-11f0-9ba0-fc3fdb83b633
31fe0805-d0da-11f0-9ba0-fc3fdb83b633,LDV-1197,,2006-03-23,,,,3190d498-d0da-11f0-9ba0-fc3fdb83b633,false,,true,302ece25-d0da-11f0-9ba0-fc3fdb83b633
31fe0a42-d0da-11f0-9ba0-fc3fdb83b633,LDV-1198,,2006-03-23,,,,3190d498-d0da-11f0-9ba0-fc3fdb83b633,false,,true,302ece6c-d0da-11f0-9ba0-fc3fdb83b633
31fe0c8b-d0da-11f0-9ba0-fc3fdb83b633,LDV-1199,,2006-03-23,,,,3190d498-d0da-11f0-9ba0-fc3fdb83b633,false,,true,302eceb5-d0da-11f0-9ba0-fc3fdb83b633
31fe0efe-d0da-11f0-9ba0-fc3fdb83b633,LDV-1200,,2006-03-23,,,,3190d498-d0da-11f0-9ba0-fc3fdb83b633,false,,true,302ecf00-d0da-11f0-9ba0-fc3fdb83b633
31fe1156-d0da-11f0-9ba0-fc3fdb83b633,LDV-1201,,2006-03-23,,,,3190d498-d0da-11f0-9ba0-fc3fdb83b633,false,,true,302ecf49-d0da-11f0-9ba0-fc3fdb83b633
31fe13b5-d0da-11f0-9ba0-fc3fdb83b633,LDV-1202,,2006-03-23,,,,3190d498-d0da-11f0-9ba0-fc3fdb83b633,false,,true,302ecf93-d0da-11f0-9ba0-fc3fdb83b633
31fe162b-d0da-11f0-9ba0-fc3fdb83b633,LDV-1203,,2006-03-23,,,,3190d498-d0da-11f0-9ba0-fc3fdb83b633,false,,true,302ecfdd-d0da-11f0-9ba0-fc3fdb83b633
31fe1d27-d0da-11f0-9ba0-fc3fdb83b633,LDV-1204,,2006-03-23,,,,3190d498-d0da-11f0-9ba0-fc3fdb83b633,false,,true,302ed027-d0da-11f0-9ba0-fc3fdb83b633
31fe1faf-d0da-11f0-9ba0-fc3fdb83b633,LDV-1234,,2006-04-20,,,,3190d902-d0da-11f0-9ba0-fc3fdb83b633,false,,true,302ed070-d0da-11f0-9ba0-fc3fdb83b633
31fe21e0-d0da-11f0-9ba0-fc3fdb83b633,LDV-1235,,2006-04-20,,,,3190d902-d0da-11f0-9ba0-fc3fdb83b633,false,,true,302e7ebc-d0da-11f0-9ba0-fc3fdb83b633
31fe2451-d0da-11f0-9ba0-fc3fdb83b633,LDV-1236,,2006-04-20,,,,3190d902-d0da-11f0-9ba0-fc3fdb83b633,false,,true,302ed0b9-d0da-11f0-9ba0-fc3fdb83b633
31fe2699-d0da-11f0-9ba0-fc3fdb83b633,LDV-1237,,2006-04-20,,,,3190d902-d0da-11f0-9ba0-fc3fdb83b633,false,,true,302ed103-d0da-11f0-9ba0-fc3fdb83b633
31fe290d-d0da-11f0-9ba0-fc3fdb83b633,LDV-1238,,2006-04-20,,,,3190d902-d0da-11f0-9ba0-fc3fdb83b633,false,,true,302ed14c-d0da-11f0-9ba0-fc3fdb83b633
31fe2b7f-d0da-11f0-9ba0-fc3fdb83b633,LDV-1239,,2006-04-20,,,,3190d902-d0da-11f0-9ba0-fc3fdb83b633,false,,true,302ed199-d0da-11f0-9ba0-fc3fdb83b633
31fe2e02-d0da-11f0-9ba0-fc3fdb83b633,LDV-1240,,2006-04-20,,,,3190d902-d0da-11f0-9ba0-fc3fdb83b633,false,,true,302ed1e2-d0da-11f0-9ba0-fc3fdb83b633
31fe3092-d0da-11f0-9ba0-fc3fdb83b633,LDV-1241,,2006-04-20,,,,3190d902-d0da-11f0-9ba0-fc3fdb83b633,false,,true,302ed22b-d0da-11f0-9ba0-fc3fdb83b633
31fe332e-d0da-11f0-9ba0-fc3fdb83b633,LDV-1242,,2006-04-20,,,,3190d902-d0da-11f0-9ba0-fc3fdb83b633,false,,true,302ed273-d0da-11f0-9ba0-fc3fdb83b633
31fe35d8-d0da-11f0-9ba0-fc3fdb83b633,LDV-1243,,2006-04-20,,,,3190d902-d0da-11f0-9ba0-fc3fdb83b633,false,,true,302ed2bd-d0da-11f0-9ba0-fc3fdb83b633
31fe3865-d0da-11f0-9ba0-fc3fdb83b633,LDV-1244,,2006-04-20,,,,3190d902-d0da-11f0-9ba0-fc3fdb83b633,false,,true,302ed306-d0da-11f0-9ba0-fc3fdb83b633
31fe3aff-d0da-11f0-9ba0-fc3fdb83b633,LDV-1245,,2006-04-20,,,,3190d902-d0da-11f0-9ba0-fc3fdb83b633,false,,true,302ed34f-d0da-11f0-9ba0-fc3fdb83b633
31fe3da9-d0da-11f0-9ba0-fc3fdb83b633,LDV-1247,,2006-04-20,,,,3190d902-d0da-11f0-9ba0-fc3fdb83b633,false,,true,302ed39e-d0da-11f0-9ba0-fc3fdb83b633
31fe405a-d0da-11f0-9ba0-fc3fdb83b633,LDV-1248,,2006-04-20,,,,3190d902-d0da-11f0-9ba0-fc3fdb83b633,false,,true,302ed3e9-d0da-11f0-9ba0-fc3fdb83b633
31fe47b2-d0da-11f0-9ba0-fc3fdb83b633,LDV-1250,,2006-04-20,,,,3190d902-d0da-11f0-9ba0-fc3fdb83b633,false,,true,302ed433-d0da-11f0-9ba0-fc3fdb83b633
31fe4a48-d0da-11f0-9ba0-fc3fdb83b633,LDV-1251,,2006-04-20,,,,3190d93c-d0da-11f0-9ba0-fc3fdb83b633,false,,true,302ece6c-d0da-11f0-9ba0-fc3fdb83b633
31fe4ca7-d0da-11f0-9ba0-fc3fdb83b633,LDV-1252,,2006-04-20,,,,3190d93c-d0da-11f0-9ba0-fc3fdb83b633,false,,true,302ed47b-d0da-11f0-9ba0-fc3fdb83b633
31fe4f06-d0da-11f0-9ba0-fc3fdb83b633,LDV-1253,,2006-04-20,,,,3190d93c-d0da-11f0-9ba0-fc3fdb83b633,false,,true,302e9b88-d0da-11f0-9ba0-fc3fdb83b633
31fe518c-d0da-11f0-9ba0-fc3fdb83b633,LDV-1254,,2006-04-20,,,,3190d93c-d0da-11f0-9ba0-fc3fdb83b633,false,,true,302ed4c5-d0da-11f0-9ba0-fc3fdb83b633
31fe54c1-d0da-11f0-9ba0-fc3fdb83b633,LDV-1255,,2006-04-20,,,,3190d93c-d0da-11f0-9ba0-fc3fdb83b633,false,,true,302ed512-d0da-11f0-9ba0-fc3fdb83b633
31fe5770-d0da-11f0-9ba0-fc3fdb83b633,LDV-1256,,2006-04-20,,,,3190d93c-d0da-11f0-9ba0-fc3fdb83b633,false,,true,302ed55c-d0da-11f0-9ba0-fc3fdb83b633
31fe5a37-d0da-11f0-9ba0-fc3fdb83b633,LDV-1257,,2006-04-20,,,,3190d93c-d0da-11f0-9ba0-fc3fdb83b633,false,,true,302ed641-d0da-11f0-9ba0-fc3fdb83b633
31fe5ccc-d0da-11f0-9ba0-fc3fdb83b633,LDV-1258,,2006-04-20,,,,3190d93c-d0da-11f0-9ba0-fc3fdb83b633,false,,true,302ecddb-d0da-11f0-9ba0-fc3fdb83b633
31fe5f85-d0da-11f0-9ba0-fc3fdb83b633,LDV-1259,,2006-04-20,,,,3190d93c-d0da-11f0-9ba0-fc3fdb83b633,false,,true,302ed691-d0da-11f0-9ba0-fc3fdb83b633
31fe6240-d0da-11f0-9ba0-fc3fdb83b633,LDV-1260,,2006-04-20,,,,3190d93c-d0da-11f0-9ba0-fc3fdb83b633,false,,true,302ed6e0-d0da-11f0-9ba0-fc3fdb83b633
31fe64ff-d0da-11f0-9ba0-fc3fdb83b633,LDV-1261,,2006-04-20,,,,3190d93c-d0da-11f0-9ba0-fc3fdb83b633,false,,true,302ed72e-d0da-11f0-9ba0-fc3fdb83b633
31fe679e-d0da-11f0-9ba0-fc3fdb83b633,LDV-1262,,2006-04-20,,,,3190d93c-d0da-11f0-9ba0-fc3fdb83b633,false,,true,302eb532-d0da-11f0-9ba0-fc3fdb83b633
31fe6ac9-d0da-11f0-9ba0-fc3fdb83b633,LDV-1263,,2006-04-20,,,,3190d93c-d0da-11f0-9ba0-fc3fdb83b633,false,,true,302ed779-d0da-11f0-9ba0-fc3fdb83b633
31fe6d9c-d0da-11f0-9ba0-fc3fdb83b633,LDV-1291,,2006-05-11,,,,3190d9b1-d0da-11f0-9ba0-fc3fdb83b633,false,,true,302ed7c5-d0da-11f0-9ba0-fc3fdb83b633
31fe700c-d0da-11f0-9ba0-fc3fdb83b633,LDV-1292,,2006-05-11,,,,3190d9b1-d0da-11f0-9ba0-fc3fdb83b633,false,,true,302ed810-d0da-11f0-9ba0-fc3fdb83b633
31fe7298-d0da-11f0-9ba0-fc3fdb83b633,LDV-1293,,2006-05-11,,,,3190d9b1-d0da-11f0-9ba0-fc3fdb83b633,false,,true,302ed85d-d0da-11f0-9ba0-fc3fdb83b633
31fe751a-d0da-11f0-9ba0-fc3fdb83b633,LDV-1294,,2006-05-11,,,,3190d9b1-d0da-11f0-9ba0-fc3fdb83b633,false,,true,302e7355-d0da-11f0-9ba0-fc3fdb83b633
31fe77b6-d0da-11f0-9ba0-fc3fdb83b633,LDV-1295,,2006-05-11,,,,3190d9b1-d0da-11f0-9ba0-fc3fdb83b633,false,,true,302e9d38-d0da-11f0-9ba0-fc3fdb83b633
31fe7a54-d0da-11f0-9ba0-fc3fdb83b633,LDV-1296,,2006-05-11,,,,3190d9b1-d0da-11f0-9ba0-fc3fdb83b633,false,,true,302ed8a9-d0da-11f0-9ba0-fc3fdb83b633
31fe7ce5-d0da-11f0-9ba0-fc3fdb83b633,LDV-1297,,2006-05-11,,,,3190d9b1-d0da-11f0-9ba0-fc3fdb83b633,false,,true,302ed8f5-d0da-11f0-9ba0-fc3fdb83b633
31fe7f7d-d0da-11f0-9ba0-fc3fdb83b633,LDV-1298,,2006-05-11,,,,3190d9b1-d0da-11f0-9ba0-fc3fdb83b633,false,,true,302ed942-d0da-11f0-9ba0-fc3fdb83b633
31fe8221-d0da-11f0-9ba0-fc3fdb83b633,LDV-1299,,2006-05-11,,,,3190d9b1-d0da-11f0-9ba0-fc3fdb83b633,false,,true,302ed98e-d0da-11f0-9ba0-fc3fdb83b633
31fe84c8-d0da-11f0-9ba0-fc3fdb83b633,LDV-1300,,2006-05-11,,,,3190d9b1-d0da-11f0-9ba0-fc3fdb83b633,false,,true,302ed9d9-d0da-11f0-9ba0-fc3fdb83b633
31fe8750-d0da-11f0-9ba0-fc3fdb83b633,LDV-1301,,2006-05-11,,,,3190d9b1-d0da-11f0-9ba0-fc3fdb83b633,false,,true,302eda24-d0da-11f0-9ba0-fc3fdb83b633
31fe89e2-d0da-11f0-9ba0-fc3fdb83b633,LDV-1302,,2006-05-11,,,,3190d9b1-d0da-11f0-9ba0-fc3fdb83b633,false,,true,302eda6d-d0da-11f0-9ba0-fc3fdb83b633
31fe8c84-d0da-11f0-9ba0-fc3fdb83b633,LDV-1303,,2006-05-11,,,,3190d9b1-d0da-11f0-9ba0-fc3fdb83b633,false,,true,302edabb-d0da-11f0-9ba0-fc3fdb83b633
31fe8f2c-d0da-11f0-9ba0-fc3fdb83b633,LDV-1304,,2006-05-11,,,,3190d9b1-d0da-11f0-9ba0-fc3fdb83b633,false,,true,302edb07-d0da-11f0-9ba0-fc3fdb83b633
31fe921b-d0da-11f0-9ba0-fc3fdb83b633,LDV-1305,,2006-05-11,,,,3190d9b1-d0da-11f0-9ba0-fc3fdb83b633,false,,true,302edb52-d0da-11f0-9ba0-fc3fdb83b633
31fe94c6-d0da-11f0-9ba0-fc3fdb83b633,LDV-1306,,2006-05-11,,,,3190d9eb-d0da-11f0-9ba0-fc3fdb83b633,false,,true,302edb9d-d0da-11f0-9ba0-fc3fdb83b633
31fe970f-d0da-11f0-9ba0-fc3fdb83b633,LDV-1307,,2006-05-11,,,,3190d9eb-d0da-11f0-9ba0-fc3fdb83b633,false,,true,302edbea-d0da-11f0-9ba0-fc3fdb83b633
31fe9974-d0da-11f0-9ba0-fc3fdb83b633,LDV-1308,,2006-05-11,,,,3190d9eb-d0da-11f0-9ba0-fc3fdb83b633,false,,true,302e9b88-d0da-11f0-9ba0-fc3fdb83b633
31fe9c08-d0da-11f0-9ba0-fc3fdb83b633,LDV-1309,,2006-05-11,,,,3190d9eb-d0da-11f0-9ba0-fc3fdb83b633,false,,true,302eb7d2-d0da-11f0-9ba0-fc3fdb83b633
31fe9e9d-d0da-11f0-9ba0-fc3fdb83b633,LDV-1310,,2006-05-11,,,,3190d9eb-d0da-11f0-9ba0-fc3fdb83b633,false,,true,302edc35-d0da-11f0-9ba0-fc3fdb83b633
31fea12f-d0da-11f0-9ba0-fc3fdb83b633,LDV-1311,,2006-05-11,,,,3190d9eb-d0da-11f0-9ba0-fc3fdb83b633,false,,true,302edc7f-d0da-11f0-9ba0-fc3fdb83b633
31fea3d6-d0da-11f0-9ba0-fc3fdb83b633,LDV-1313,,2006-05-11,,,,3190d976-d0da-11f0-9ba0-fc3fdb83b633,false,,true,302e9ced-d0da-11f0-9ba0-fc3fdb83b633
31feba7a-d0da-11f0-9ba0-fc3fdb83b633,LDV-1314,,2006-05-11,,,,3190d976-d0da-11f0-9ba0-fc3fdb83b633,false,,true,302edccb-d0da-11f0-9ba0-fc3fdb83b633
31fec124-d0da-11f0-9ba0-fc3fdb83b633,LDV-1315,,2006-05-11,,,,3190d976-d0da-11f0-9ba0-fc3fdb83b633,false,,true,302edd18-d0da-11f0-9ba0-fc3fdb83b633
31fec482-d0da-11f0-9ba0-fc3fdb83b633,LDV-1355,,2006-06-01,,,,3190d88a-d0da-11f0-9ba0-fc3fdb83b633,false,,true,302edd63-d0da-11f0-9ba0-fc3fdb83b633
31fec6f4-d0da-11f0-9ba0-fc3fdb83b633,LDV-1356,,2006-06-01,,,,3190d88a-d0da-11f0-9ba0-fc3fdb83b633,false,,true,302eddae-d0da-11f0-9ba0-fc3fdb83b633
31fecb35-d0da-11f0-9ba0-fc3fdb83b633,LDV-1357,,2006-06-01,,,,3190d88a-d0da-11f0-9ba0-fc3fdb83b633,false,,true,302eddf8-d0da-11f0-9ba0-fc3fdb83b633
31fecd9f-d0da-11f0-9ba0-fc3fdb83b633,LDV-1358,,2006-06-01,,,,3190d88a-d0da-11f0-9ba0-fc3fdb83b633,false,,true,302e8fa9-d0da-11f0-9ba0-fc3fdb83b633
31fed02f-d0da-11f0-9ba0-fc3fdb83b633,LDV-1359,,2006-06-01,,,,3190d88a-d0da-11f0-9ba0-fc3fdb83b633,false,,true,302ede44-d0da-11f0-9ba0-fc3fdb83b633
31fed2b9-d0da-11f0-9ba0-fc3fdb83b633,LDV-1360,,2006-06-01,,,,3190d88a-d0da-11f0-9ba0-fc3fdb83b633,false,,true,302ede8d-d0da-11f0-9ba0-fc3fdb83b633
31fed63d-d0da-11f0-9ba0-fc3fdb83b633,LDV-1362,,2006-06-01,,,,3190d88a-d0da-11f0-9ba0-fc3fdb83b633,false,,true,302eded7-d0da-11f0-9ba0-fc3fdb83b633
31fed8e7-d0da-11f0-9ba0-fc3fdb83b633,LDV-1363,,2006-06-01,,,,3190d88a-d0da-11f0-9ba0-fc3fdb83b633,false,,true,302e90d4-d0da-11f0-9ba0-fc3fdb83b633
31fedba5-d0da-11f0-9ba0-fc3fdb83b633,LDV-1364,,2006-06-01,,,,3190d88a-d0da-11f0-9ba0-fc3fdb83b633,false,,true,302edf22-d0da-11f0-9ba0-fc3fdb83b633
31fede69-d0da-11f0-9ba0-fc3fdb83b633,LDV-1365,,2006-06-01,,,,3190d88a-d0da-11f0-9ba0-fc3fdb83b633,false,,true,302edf6d-d0da-11f0-9ba0-fc3fdb83b633
31fee10d-d0da-11f0-9ba0-fc3fdb83b633,LDV-1366,,2006-06-01,,,,3190d88a-d0da-11f0-9ba0-fc3fdb83b633,false,,true,302e7f05-d0da-11f0-9ba0-fc3fdb83b633
31fee3c8-d0da-11f0-9ba0-fc3fdb83b633,LDV-1367,,2006-06-01,,,,3190d88a-d0da-11f0-9ba0-fc3fdb83b633,false,,true,302edfb8-d0da-11f0-9ba0-fc3fdb83b633
31fee66e-d0da-11f0-9ba0-fc3fdb83b633,LDV-1368,,2006-06-01,,,,3190d8c6-d0da-11f0-9ba0-fc3fdb83b633,false,,true,302ee004-d0da-11f0-9ba0-fc3fdb83b633
31fee939-d0da-11f0-9ba0-fc3fdb83b633,LDV-1369,,2006-06-01,,,,3190d8c6-d0da-11f0-9ba0-fc3fdb83b633,false,,true,302ee04e-d0da-11f0-9ba0-fc3fdb83b633
31feebb9-d0da-11f0-9ba0-fc3fdb83b633,LDV-1370,,2006-06-01,,,,3190d8c6-d0da-11f0-9ba0-fc3fdb83b633,false,,true,302ee09b-d0da-11f0-9ba0-fc3fdb83b633
31feee2f-d0da-11f0-9ba0-fc3fdb83b633,LDV-1371,,2006-06-01,,,,3190d8c6-d0da-11f0-9ba0-fc3fdb83b633,false,,true,302ee0e5-d0da-11f0-9ba0-fc3fdb83b633
31fef0af-d0da-11f0-9ba0-fc3fdb83b633,LDV-1372,,2006-06-01,,,,3190d8c6-d0da-11f0-9ba0-fc3fdb83b633,false,,true,302ee131-d0da-11f0-9ba0-fc3fdb83b633
31fef345-d0da-11f0-9ba0-fc3fdb83b633,LDV-1373,,2006-06-01,,,,3190d84d-d0da-11f0-9ba0-fc3fdb83b633,false,,true,302ee17e-d0da-11f0-9ba0-fc3fdb83b633
31fef598-d0da-11f0-9ba0-fc3fdb83b633,LDV-1374,,2006-06-01,,,,3190d84d-d0da-11f0-9ba0-fc3fdb83b633,false,,true,302ee1cc-d0da-11f0-9ba0-fc3fdb83b633
31fef7dc-d0da-11f0-9ba0-fc3fdb83b633,LDV-1375,,2006-06-01,,,,3190d84d-d0da-11f0-9ba0-fc3fdb83b633,false,,true,302ee214-d0da-11f0-9ba0-fc3fdb83b633
31fefa31-d0da-11f0-9ba0-fc3fdb83b633,LDV-1376,,2006-06-01,,,,3190d84d-d0da-11f0-9ba0-fc3fdb83b633,false,,true,302ee260-d0da-11f0-9ba0-fc3fdb83b633
31fefc9b-d0da-11f0-9ba0-fc3fdb83b633,LDV-1377,,2006-06-01,,,,3190d84d-d0da-11f0-9ba0-fc3fdb83b633,false,,true,302eaf49-d0da-11f0-9ba0-fc3fdb83b633
31ff01de-d0da-11f0-9ba0-fc3fdb83b633,LDV-1378,,2006-06-01,,,,3190d84d-d0da-11f0-9ba0-fc3fdb83b633,false,,true,302ee2aa-d0da-11f0-9ba0-fc3fdb83b633
31ff0478-d0da-11f0-9ba0-fc3fdb83b633,LDV-1379,,2006-06-01,,,,3190d84d-d0da-11f0-9ba0-fc3fdb83b633,false,,true,302ee2f5-d0da-11f0-9ba0-fc3fdb83b633
31ff0709-d0da-11f0-9ba0-fc3fdb83b633,LDV-1380,,2006-06-01,,,,3190d84d-d0da-11f0-9ba0-fc3fdb83b633,false,,true,302ee340-d0da-11f0-9ba0-fc3fdb83b633
31ff09b1-d0da-11f0-9ba0-fc3fdb83b633,LDV-1381,,2006-06-01,,,,3190d84d-d0da-11f0-9ba0-fc3fdb83b633,false,,true,302ebf3e-d0da-11f0-9ba0-fc3fdb83b633
31ff0c8d-d0da-11f0-9ba0-fc3fdb83b633,LDV-1382,,2006-06-01,,,,3190d8c6-d0da-11f0-9ba0-fc3fdb83b633,false,,true,302ee38b-d0da-11f0-9ba0-fc3fdb83b633
31ff0f9a-d0da-11f0-9ba0-fc3fdb83b633,LDV-1383,,2006-06-01,,,,3190d88a-d0da-11f0-9ba0-fc3fdb83b633,false,,true,302ee3d5-d0da-11f0-9ba0-fc3fdb83b633
31ff1216-d0da-11f0-9ba0-fc3fdb83b633,LDV-1384,,2006-06-01,,,,3190d88a-d0da-11f0-9ba0-fc3fdb83b633,false,,true,302ee41f-d0da-11f0-9ba0-fc3fdb83b633
31ff1499-d0da-11f0-9ba0-fc3fdb83b633,LDV-1387,,2006-06-01,,,,3190d88a-d0da-11f0-9ba0-fc3fdb83b633,false,,true,302ee46a-d0da-11f0-9ba0-fc3fdb83b633
31ff1731-d0da-11f0-9ba0-fc3fdb83b633,LDV-1389,,2006-06-15,,,,3190ca3e-d0da-11f0-9ba0-fc3fdb83b633,false,,true,302ee4b3-d0da-11f0-9ba0-fc3fdb83b633
31ff19cf-d0da-11f0-9ba0-fc3fdb83b633,LDV-1390,,2006-06-15,,,,3190ca3e-d0da-11f0-9ba0-fc3fdb83b633,false,,true,302ee4fc-d0da-11f0-9ba0-fc3fdb83b633
31ff1c71-d0da-11f0-9ba0-fc3fdb83b633,LDV-1391,,2006-06-15,,,,3190cb3d-d0da-11f0-9ba0-fc3fdb83b633,false,,true,302ee544-d0da-11f0-9ba0-fc3fdb83b633
31ff1ec8-d0da-11f0-9ba0-fc3fdb83b633,LDV-1392,,2006-06-15,,,,3190cb3d-d0da-11f0-9ba0-fc3fdb83b633,false,,true,302ee58c-d0da-11f0-9ba0-fc3fdb83b633
31ff2127-d0da-11f0-9ba0-fc3fdb83b633,LDV-1393,,2006-06-15,,,,3190cb3d-d0da-11f0-9ba0-fc3fdb83b633,false,,true,302ee5d7-d0da-11f0-9ba0-fc3fdb83b633
31ff2378-d0da-11f0-9ba0-fc3fdb83b633,LDV-1394,,2006-06-15,,,,3190cb3d-d0da-11f0-9ba0-fc3fdb83b633,false,,true,302ee61f-d0da-11f0-9ba0-fc3fdb83b633
31ff25d0-d0da-11f0-9ba0-fc3fdb83b633,LDV-1395,,2006-06-15,,,,3190cb3d-d0da-11f0-9ba0-fc3fdb83b633,false,,true,302ee669-d0da-11f0-9ba0-fc3fdb83b633
31ff2853-d0da-11f0-9ba0-fc3fdb83b633,LDV-1396,,2006-06-15,,,,3190cb3d-d0da-11f0-9ba0-fc3fdb83b633,false,,true,302e9598-d0da-11f0-9ba0-fc3fdb83b633
31ff2b09-d0da-11f0-9ba0-fc3fdb83b633,LDV-1397,,2006-06-15,,,,3190cabb-d0da-11f0-9ba0-fc3fdb83b633,false,,true,302ee6b0-d0da-11f0-9ba0-fc3fdb83b633
31ff2dac-d0da-11f0-9ba0-fc3fdb83b633,LDV-1433,,2006-06-29,,,,3190d14d-d0da-11f0-9ba0-fc3fdb83b633,false,,true,302ee6fa-d0da-11f0-9ba0-fc3fdb83b633
31ff2ff2-d0da-11f0-9ba0-fc3fdb83b633,LDV-1434,,2006-06-29,,,,3190d14d-d0da-11f0-9ba0-fc3fdb83b633,false,,true,302eab9f-d0da-11f0-9ba0-fc3fdb83b633
31ff326c-d0da-11f0-9ba0-fc3fdb83b633,LDV-1435,,2006-06-29,,,,3190d14d-d0da-11f0-9ba0-fc3fdb83b633,false,,true,302ee745-d0da-11f0-9ba0-fc3fdb83b633
31ff3517-d0da-11f0-9ba0-fc3fdb83b633,LDV-1437,,2006-06-29,,,,3190d14d-d0da-11f0-9ba0-fc3fdb83b633,false,,true,302e8fa9-d0da-11f0-9ba0-fc3fdb83b633
31ff37b2-d0da-11f0-9ba0-fc3fdb83b633,LDV-1438,,2006-06-29,,,,3190d14d-d0da-11f0-9ba0-fc3fdb83b633,false,,true,302ee791-d0da-11f0-9ba0-fc3fdb83b633
31ff3a3b-d0da-11f0-9ba0-fc3fdb83b633,LDV-1439,,2006-06-29,,,,3190d14d-d0da-11f0-9ba0-fc3fdb83b633,false,,true,302ee7dd-d0da-11f0-9ba0-fc3fdb83b633
31ff3ca8-d0da-11f0-9ba0-fc3fdb83b633,LDV-1440,,2006-06-29,,,,3190d14d-d0da-11f0-9ba0-fc3fdb83b633,false,,true,302ee865-d0da-11f0-9ba0-fc3fdb83b633
31ff3f38-d0da-11f0-9ba0-fc3fdb83b633,LDV-1441,,2006-06-29,,,,3190d14d-d0da-11f0-9ba0-fc3fdb83b633,false,,true,302ee8b3-d0da-11f0-9ba0-fc3fdb83b633
31ff41ca-d0da-11f0-9ba0-fc3fdb83b633,LDV-1442,,2006-06-29,,,,3190d14d-d0da-11f0-9ba0-fc3fdb83b633,false,,true,302ecf49-d0da-11f0-9ba0-fc3fdb83b633
31ff4471-d0da-11f0-9ba0-fc3fdb83b633,LDV-1443,,2006-06-29,,,,3190dd5a-d0da-11f0-9ba0-fc3fdb83b633,false,,true,302ee901-d0da-11f0-9ba0-fc3fdb83b633
31ff46c5-d0da-11f0-9ba0-fc3fdb83b633,LDV-1444,,2006-06-29,,,,3190dd5a-d0da-11f0-9ba0-fc3fdb83b633,false,,true,302ee94c-d0da-11f0-9ba0-fc3fdb83b633
31ff4925-d0da-11f0-9ba0-fc3fdb83b633,LDV-1445,,2006-06-29,,,,3190dd5a-d0da-11f0-9ba0-fc3fdb83b633,false,,true,302ee997-d0da-11f0-9ba0-fc3fdb83b633
31ff4b85-d0da-11f0-9ba0-fc3fdb83b633,LDV-1446,,2006-06-29,,,,3190dd5a-d0da-11f0-9ba0-fc3fdb83b633,false,,true,302ee9e6-d0da-11f0-9ba0-fc3fdb83b633
31ff4df6-d0da-11f0-9ba0-fc3fdb83b633,LDV-1447,,2006-06-29,,,,3190dd5a-d0da-11f0-9ba0-fc3fdb83b633,false,,true,302eea31-d0da-11f0-9ba0-fc3fdb83b633
31ff508f-d0da-11f0-9ba0-fc3fdb83b633,LDV-1448,,2006-06-29,,,,3190dd5a-d0da-11f0-9ba0-fc3fdb83b633,false,,true,302eea7c-d0da-11f0-9ba0-fc3fdb83b633
31ff5324-d0da-11f0-9ba0-fc3fdb83b633,LDV-1449,,2006-06-29,,,,3190dd5a-d0da-11f0-9ba0-fc3fdb83b633,false,,true,302eeac5-d0da-11f0-9ba0-fc3fdb83b633
31ff55b1-d0da-11f0-9ba0-fc3fdb83b633,LDV-1450,,2006-06-29,,,,3190dd5a-d0da-11f0-9ba0-fc3fdb83b633,false,,true,302ebef4-d0da-11f0-9ba0-fc3fdb83b633
31ff5869-d0da-11f0-9ba0-fc3fdb83b633,LDV-1451,,2006-06-29,,,,3190dd5a-d0da-11f0-9ba0-fc3fdb83b633,false,,true,302e9089-d0da-11f0-9ba0-fc3fdb83b633
31ff5b31-d0da-11f0-9ba0-fc3fdb83b633,LDV-1454,,2006-06-29,,,,3190de0a-d0da-11f0-9ba0-fc3fdb83b633,false,,true,302eeb0f-d0da-11f0-9ba0-fc3fdb83b633
31ff5dfc-d0da-11f0-9ba0-fc3fdb83b633,LDV-1455,,2006-06-29,,,,3190de0a-d0da-11f0-9ba0-fc3fdb83b633,false,,true,302ea914-d0da-11f0-9ba0-fc3fdb83b633
31ff6098-d0da-11f0-9ba0-fc3fdb83b633,LDV-1456,,2006-06-29,,,,3190de0a-d0da-11f0-9ba0-fc3fdb83b633,false,,true,302eeb5a-d0da-11f0-9ba0-fc3fdb83b633
31ff630d-d0da-11f0-9ba0-fc3fdb83b633,LDV-1457,,2006-06-29,,,,3190de0a-d0da-11f0-9ba0-fc3fdb83b633,false,,true,302eeba3-d0da-11f0-9ba0-fc3fdb83b633
31ff6596-d0da-11f0-9ba0-fc3fdb83b633,LDV-1458,,2006-06-29,,,,3190de0a-d0da-11f0-9ba0-fc3fdb83b633,false,,true,302ebcb5-d0da-11f0-9ba0-fc3fdb83b633
31ff683b-d0da-11f0-9ba0-fc3fdb83b633,LDV-1459,,2006-06-29,,,,3190de0a-d0da-11f0-9ba0-fc3fdb83b633,false,,true,302eebed-d0da-11f0-9ba0-fc3fdb83b633
31ff6ac8-d0da-11f0-9ba0-fc3fdb83b633,LDV-1460,,2006-06-29,,,,3190de0a-d0da-11f0-9ba0-fc3fdb83b633,false,,true,302eec36-d0da-11f0-9ba0-fc3fdb83b633
31ff6d64-d0da-11f0-9ba0-fc3fdb83b633,LDV-1461,,2006-06-29,,,,3190de0a-d0da-11f0-9ba0-fc3fdb83b633,false,,true,302eb37a-d0da-11f0-9ba0-fc3fdb83b633
31ff7031-d0da-11f0-9ba0-fc3fdb83b633,LDV-1504,,2006-07-20,,,,3190d589-d0da-11f0-9ba0-fc3fdb83b633,false,,true,302eec81-d0da-11f0-9ba0-fc3fdb83b633
31ff72a3-d0da-11f0-9ba0-fc3fdb83b633,LDV-1505,,2006-07-20,,,,3190d589-d0da-11f0-9ba0-fc3fdb83b633,false,,true,302ea881-d0da-11f0-9ba0-fc3fdb83b633
31ff750a-d0da-11f0-9ba0-fc3fdb83b633,LDV-1506,,2006-07-20,,,,3190d589-d0da-11f0-9ba0-fc3fdb83b633,false,,true,302e70b7-d0da-11f0-9ba0-fc3fdb83b633
31ff779a-d0da-11f0-9ba0-fc3fdb83b633,LDV-1507,,2006-07-20,,,,3190d589-d0da-11f0-9ba0-fc3fdb83b633,false,,true,302eeccc-d0da-11f0-9ba0-fc3fdb83b633
31ff7a14-d0da-11f0-9ba0-fc3fdb83b633,LDV-1510,,2006-07-20,,,,3190d589-d0da-11f0-9ba0-fc3fdb83b633,false,,true,302e80b1-d0da-11f0-9ba0-fc3fdb83b633
31ff7d7f-d0da-11f0-9ba0-fc3fdb83b633,LDV-1511,,2006-07-20,,,,3190d589-d0da-11f0-9ba0-fc3fdb83b633,false,,true,302eed18-d0da-11f0-9ba0-fc3fdb83b633
31ff8005-d0da-11f0-9ba0-fc3fdb83b633,LDV-1512,,2006-07-20,,,,3190d589-d0da-11f0-9ba0-fc3fdb83b633,false,,true,302eed62-d0da-11f0-9ba0-fc3fdb83b633
31ff8295-d0da-11f0-9ba0-fc3fdb83b633,LDV-1513,,2006-07-20,,,,3190d589-d0da-11f0-9ba0-fc3fdb83b633,false,,true,302eeba3-d0da-11f0-9ba0-fc3fdb83b633
31ff85b9-d0da-11f0-9ba0-fc3fdb83b633,LDV-1514,,2006-07-20,,,,3190d5fc-d0da-11f0-9ba0-fc3fdb83b633,false,,true,302eb457-d0da-11f0-9ba0-fc3fdb83b633
31ff8849-d0da-11f0-9ba0-fc3fdb83b633,LDV-1515,,2006-07-20,,,,3190d5fc-d0da-11f0-9ba0-fc3fdb83b633,false,,true,302eb57c-d0da-11f0-9ba0-fc3fdb83b633
31ff8ade-d0da-11f0-9ba0-fc3fdb83b633,LDV-1516,,2006-07-20,,,,3190d5fc-d0da-11f0-9ba0-fc3fdb83b633,false,,true,302e7918-d0da-11f0-9ba0-fc3fdb83b633
31ff8d6b-d0da-11f0-9ba0-fc3fdb83b633,LDV-1517,,2006-07-20,,,,3190d5fc-d0da-11f0-9ba0-fc3fdb83b633,false,,true,302ebc48-d0da-11f0-9ba0-fc3fdb83b633
31ff9004-d0da-11f0-9ba0-fc3fdb83b633,LDV-1519,,2006-07-20,,,,3190d5fc-d0da-11f0-9ba0-fc3fdb83b633,false,,true,302eaf90-d0da-11f0-9ba0-fc3fdb83b633
31ff92bf-d0da-11f0-9ba0-fc3fdb83b633,LDV-1520,,2006-07-20,,,,3190d5fc-d0da-11f0-9ba0-fc3fdb83b633,false,,true,302eaf49-d0da-11f0-9ba0-fc3fdb83b633
31ff956e-d0da-11f0-9ba0-fc3fdb83b633,LDV-1521,,2006-07-20,,,,3190d5fc-d0da-11f0-9ba0-fc3fdb83b633,false,,true,302eb0da-d0da-11f0-9ba0-fc3fdb83b633
31ff981c-d0da-11f0-9ba0-fc3fdb83b633,LDV-1522,,2006-07-20,,,,3190d5fc-d0da-11f0-9ba0-fc3fdb83b633,false,,true,302eb12b-d0da-11f0-9ba0-fc3fdb83b633
31ff9adb-d0da-11f0-9ba0-fc3fdb83b633,LDV-1526,,2006-07-20,,,,3190d5c2-d0da-11f0-9ba0-fc3fdb83b633,false,,true,302eedb1-d0da-11f0-9ba0-fc3fdb83b633
31ff9d3e-d0da-11f0-9ba0-fc3fdb83b633,LDV-1527,,2006-07-20,,,,3190d5c2-d0da-11f0-9ba0-fc3fdb83b633,false,,true,302eedfd-d0da-11f0-9ba0-fc3fdb83b633
31ff9fa0-d0da-11f0-9ba0-fc3fdb83b633,LDV-1529,,2006-07-20,,,,3190d5c2-d0da-11f0-9ba0-fc3fdb83b633,false,,true,302eee49-d0da-11f0-9ba0-fc3fdb83b633
31ffa211-d0da-11f0-9ba0-fc3fdb83b633,LDV-1530,,2006-07-20,,,,3190d5c2-d0da-11f0-9ba0-fc3fdb83b633,false,,true,302eee94-d0da-11f0-9ba0-fc3fdb83b633
31ffa495-d0da-11f0-9ba0-fc3fdb83b633,LDV-1531,,2006-07-20,,,,3190d5c2-d0da-11f0-9ba0-fc3fdb83b633,false,,true,302eeee4-d0da-11f0-9ba0-fc3fdb83b633
31ffa72e-d0da-11f0-9ba0-fc3fdb83b633,LDV-1532,,2006-07-20,,,,3190d5c2-d0da-11f0-9ba0-fc3fdb83b633,false,,true,302eef2f-d0da-11f0-9ba0-fc3fdb83b633
31ffa9b2-d0da-11f0-9ba0-fc3fdb83b633,LDV-1533,,2006-07-20,,,,3190d5c2-d0da-11f0-9ba0-fc3fdb83b633,false,,true,302e72ab-d0da-11f0-9ba0-fc3fdb83b633
31ffacb6-d0da-11f0-9ba0-fc3fdb83b633,LDV-1592,,2006-08-23,,,,3190d79a-d0da-11f0-9ba0-fc3fdb83b633,false,,true,302eef7a-d0da-11f0-9ba0-fc3fdb83b633
31ffaf0a-d0da-11f0-9ba0-fc3fdb83b633,LDV-1594,,2006-08-23,,,,3190d79a-d0da-11f0-9ba0-fc3fdb83b633,false,,true,302eefc5-d0da-11f0-9ba0-fc3fdb83b633
31ffb16f-d0da-11f0-9ba0-fc3fdb83b633,LDV-1595,,2006-08-23,,,,3190d79a-d0da-11f0-9ba0-fc3fdb83b633,false,,true,302ef010-d0da-11f0-9ba0-fc3fdb83b633
31ffb3c5-d0da-11f0-9ba0-fc3fdb83b633,LDV-1596,,2006-08-23,,,,3190d79a-d0da-11f0-9ba0-fc3fdb83b633,false,,true,302ef05e-d0da-11f0-9ba0-fc3fdb83b633
31ffb62b-d0da-11f0-9ba0-fc3fdb83b633,LDV-1597,,2006-08-23,,,,3190d79a-d0da-11f0-9ba0-fc3fdb83b633,false,,true,302ef0ab-d0da-11f0-9ba0-fc3fdb83b633
31ffb8c9-d0da-11f0-9ba0-fc3fdb83b633,LDV-1599,,2006-08-23,,,,3190d79a-d0da-11f0-9ba0-fc3fdb83b633,false,,true,302ef0f6-d0da-11f0-9ba0-fc3fdb83b633
31ffbb6b-d0da-11f0-9ba0-fc3fdb83b633,LDV-1600,,2006-08-23,,,,3190d79a-d0da-11f0-9ba0-fc3fdb83b633,false,,true,302ef143-d0da-11f0-9ba0-fc3fdb83b633
31ffbe07-d0da-11f0-9ba0-fc3fdb83b633,LDV-1601,,2006-08-23,,,,3190d79a-d0da-11f0-9ba0-fc3fdb83b633,false,,true,302eab58-d0da-11f0-9ba0-fc3fdb83b633
31ffc0cb-d0da-11f0-9ba0-fc3fdb83b633,LDV-1602,,2006-08-23,,,,3190d79a-d0da-11f0-9ba0-fc3fdb83b633,false,,true,302ef191-d0da-11f0-9ba0-fc3fdb83b633
31ffc38e-d0da-11f0-9ba0-fc3fdb83b633,LDV-1603,,2006-08-23,,,,3190d79a-d0da-11f0-9ba0-fc3fdb83b633,false,,true,302ef1da-d0da-11f0-9ba0-fc3fdb83b633
31ffc63e-d0da-11f0-9ba0-fc3fdb83b633,LDV-1604,,2006-08-23,,,,3190d79a-d0da-11f0-9ba0-fc3fdb83b633,false,,true,302ef224-d0da-11f0-9ba0-fc3fdb83b633
31ffc8f0-d0da-11f0-9ba0-fc3fdb83b633,LDV-1605,,2006-08-23,,,,3190d79a-d0da-11f0-9ba0-fc3fdb83b633,false,,true,302ef26c-d0da-11f0-9ba0-fc3fdb83b633
31ffcbac-d0da-11f0-9ba0-fc3fdb83b633,LDV-1606,,2006-08-23,,,,3190d79a-d0da-11f0-9ba0-fc3fdb83b633,false,,true,302ef2c0-d0da-11f0-9ba0-fc3fdb83b633
31ffd06d-d0da-11f0-9ba0-fc3fdb83b633,LDV-1607,,2006-08-23,,,,3190d79a-d0da-11f0-9ba0-fc3fdb83b633,false,,true,302ef30e-d0da-11f0-9ba0-fc3fdb83b633
31ffd39d-d0da-11f0-9ba0-fc3fdb83b633,LDV-1608,,2006-08-23,,,,3190d79a-d0da-11f0-9ba0-fc3fdb83b633,false,,true,302ef359-d0da-11f0-9ba0-fc3fdb83b633
31ffd662-d0da-11f0-9ba0-fc3fdb83b633,LDV-1609,,2006-08-23,,,,3190d79a-d0da-11f0-9ba0-fc3fdb83b633,false,,true,302ef3a5-d0da-11f0-9ba0-fc3fdb83b633
31ffd921-d0da-11f0-9ba0-fc3fdb83b633,LDV-1610,,2006-08-23,,,,3190d79a-d0da-11f0-9ba0-fc3fdb83b633,false,,true,302ef3ee-d0da-11f0-9ba0-fc3fdb83b633
31ffdbf5-d0da-11f0-9ba0-fc3fdb83b633,LDV-1614,,2006-08-24,,,,3190d7d5-d0da-11f0-9ba0-fc3fdb83b633,false,,true,302ee09b-d0da-11f0-9ba0-fc3fdb83b633
31ffde6d-d0da-11f0-9ba0-fc3fdb83b633,LDV-1615,,2006-08-24,,,,3190d7d5-d0da-11f0-9ba0-fc3fdb83b633,false,,true,302ef439-d0da-11f0-9ba0-fc3fdb83b633
31ffe107-d0da-11f0-9ba0-fc3fdb83b633,LDV-1620,,2006-08-24,,,,3190d810-d0da-11f0-9ba0-fc3fdb83b633,false,,true,302ef485-d0da-11f0-9ba0-fc3fdb83b633
31ffe385-d0da-11f0-9ba0-fc3fdb83b633,LDV-1621,,2006-08-24,,,,3190d810-d0da-11f0-9ba0-fc3fdb83b633,false,,true,302ef4d2-d0da-11f0-9ba0-fc3fdb83b633
31ffe611-d0da-11f0-9ba0-fc3fdb83b633,LDV-1622,,2006-08-24,,,,3190d810-d0da-11f0-9ba0-fc3fdb83b633,false,,true,302ef51b-d0da-11f0-9ba0-fc3fdb83b633
31ffe8ab-d0da-11f0-9ba0-fc3fdb83b633,LDV-1623,,2006-08-24,,,,3190d810-d0da-11f0-9ba0-fc3fdb83b633,false,,true,302ef568-d0da-11f0-9ba0-fc3fdb83b633
31ffeb38-d0da-11f0-9ba0-fc3fdb83b633,LDV-1624,,2006-08-24,,,,3190d810-d0da-11f0-9ba0-fc3fdb83b633,false,,true,302ef5b2-d0da-11f0-9ba0-fc3fdb83b633
31ffede1-d0da-11f0-9ba0-fc3fdb83b633,LDV-1625,,2006-08-24,,,,3190d810-d0da-11f0-9ba0-fc3fdb83b633,false,,true,302ef5ff-d0da-11f0-9ba0-fc3fdb83b633
31fff087-d0da-11f0-9ba0-fc3fdb83b633,LDV-1627,,2006-08-24,,,,3190d810-d0da-11f0-9ba0-fc3fdb83b633,false,,true,302ef64b-d0da-11f0-9ba0-fc3fdb83b633
31fff32c-d0da-11f0-9ba0-fc3fdb83b633,LDV-1631,,2006-09-07,,,,3190ca79-d0da-11f0-9ba0-fc3fdb83b633,false,,true,302ef693-d0da-11f0-9ba0-fc3fdb83b633
31fff593-d0da-11f0-9ba0-fc3fdb83b633,LDV-1632,,2006-09-07,,,,3190ca79-d0da-11f0-9ba0-fc3fdb83b633,false,,true,302ef6db-d0da-11f0-9ba0-fc3fdb83b633
31fff84f-d0da-11f0-9ba0-fc3fdb83b633,LDV-1633,,2006-09-07,,,,3190ca79-d0da-11f0-9ba0-fc3fdb83b633,false,,true,302ef725-d0da-11f0-9ba0-fc3fdb83b633
31fffae1-d0da-11f0-9ba0-fc3fdb83b633,LDV-1634,,2006-09-07,,,,3190ca79-d0da-11f0-9ba0-fc3fdb83b633,false,,true,302ef76d-d0da-11f0-9ba0-fc3fdb83b633
31fffd74-d0da-11f0-9ba0-fc3fdb83b633,LDV-1635,,2006-09-07,,,,3190ca79-d0da-11f0-9ba0-fc3fdb83b633,false,,true,302ef7b4-d0da-11f0-9ba0-fc3fdb83b633
32000018-d0da-11f0-9ba0-fc3fdb83b633,LDV-1636,,2006-09-07,,,,3190ca79-d0da-11f0-9ba0-fc3fdb83b633,false,,true,302ec517-d0da-11f0-9ba0-fc3fdb83b633
320002be-d0da-11f0-9ba0-fc3fdb83b633,LDV-1637,,2006-09-07,,,,3190ca79-d0da-11f0-9ba0-fc3fdb83b633,false,,true,302ef7fe-d0da-11f0-9ba0-fc3fdb83b633
32000561-d0da-11f0-9ba0-fc3fdb83b633,LDV-1638,,2006-09-07,,,,3190ca79-d0da-11f0-9ba0-fc3fdb83b633,false,,true,302ef846-d0da-11f0-9ba0-fc3fdb83b633
32000811-d0da-11f0-9ba0-fc3fdb83b633,LDV-1639,,2006-09-07,,,,3190ca79-d0da-11f0-9ba0-fc3fdb83b633,false,,true,302ec2ce-d0da-11f0-9ba0-fc3fdb83b633
32000ae3-d0da-11f0-9ba0-fc3fdb83b633,LDV-1640,,2006-09-07,,,,3190ca79-d0da-11f0-9ba0-fc3fdb83b633,false,,true,302ef88d-d0da-11f0-9ba0-fc3fdb83b633
32000d88-d0da-11f0-9ba0-fc3fdb83b633,LDV-1641,,2006-09-07,,,,3190ca79-d0da-11f0-9ba0-fc3fdb83b633,false,,true,302ef8d4-d0da-11f0-9ba0-fc3fdb83b633
32001048-d0da-11f0-9ba0-fc3fdb83b633,LDV-1642,,2006-09-07,,,,3190ca79-d0da-11f0-9ba0-fc3fdb83b633,false,,true,302e643f-d0da-11f0-9ba0-fc3fdb83b633
3200131c-d0da-11f0-9ba0-fc3fdb83b633,LDV-1643,,2006-09-07,,,,3190ca79-d0da-11f0-9ba0-fc3fdb83b633,false,,true,302ef9bc-d0da-11f0-9ba0-fc3fdb83b633
320015e3-d0da-11f0-9ba0-fc3fdb83b633,LDV-1644,,2006-09-07,,,,3190ca79-d0da-11f0-9ba0-fc3fdb83b633,false,,true,302ec015-d0da-11f0-9ba0-fc3fdb83b633
3200188e-d0da-11f0-9ba0-fc3fdb83b633,LDV-1645,,2006-09-07,,,,3190ca79-d0da-11f0-9ba0-fc3fdb83b633,false,,true,302efa0d-d0da-11f0-9ba0-fc3fdb83b633
32001b31-d0da-11f0-9ba0-fc3fdb83b633,LDV-1646,,2006-09-07,,,,3190ca79-d0da-11f0-9ba0-fc3fdb83b633,false,,true,302e6186-d0da-11f0-9ba0-fc3fdb83b633
32001e05-d0da-11f0-9ba0-fc3fdb83b633,LDV-1647,,2006-09-07,,,,3190ca79-d0da-11f0-9ba0-fc3fdb83b633,false,,true,302efa5b-d0da-11f0-9ba0-fc3fdb83b633
32002120-d0da-11f0-9ba0-fc3fdb83b633,LDV-1648,,2006-09-07,,,,3190ca79-d0da-11f0-9ba0-fc3fdb83b633,false,,true,302efaaa-d0da-11f0-9ba0-fc3fdb83b633
320023c3-d0da-11f0-9ba0-fc3fdb83b633,LDV-1649,,2006-09-07,,,,3190ca79-d0da-11f0-9ba0-fc3fdb83b633,false,,true,302efaf3-d0da-11f0-9ba0-fc3fdb83b633
32002676-d0da-11f0-9ba0-fc3fdb83b633,LDV-1650,,2006-09-07,,,,3190ca79-d0da-11f0-9ba0-fc3fdb83b633,false,,true,302efb3e-d0da-11f0-9ba0-fc3fdb83b633
3200293a-d0da-11f0-9ba0-fc3fdb83b633,LDV-1665,,2006-09-21,,,,3190d4d4-d0da-11f0-9ba0-fc3fdb83b633,false,,true,302efb8b-d0da-11f0-9ba0-fc3fdb83b633
32002b8d-d0da-11f0-9ba0-fc3fdb83b633,LDV-1666,,2006-09-21,,,,3190d4d4-d0da-11f0-9ba0-fc3fdb83b633,false,,true,302efbdc-d0da-11f0-9ba0-fc3fdb83b633
32002de0-d0da-11f0-9ba0-fc3fdb83b633,LDV-1667,,2006-09-21,,,,3190d4d4-d0da-11f0-9ba0-fc3fdb83b633,false,,true,302efc2c-d0da-11f0-9ba0-fc3fdb83b633
3200303d-d0da-11f0-9ba0-fc3fdb83b633,LDV-1668,,2006-09-21,,,,3190d4d4-d0da-11f0-9ba0-fc3fdb83b633,false,,true,302efc79-d0da-11f0-9ba0-fc3fdb83b633
320032ae-d0da-11f0-9ba0-fc3fdb83b633,LDV-1669,,2006-09-21,,,,3190d4d4-d0da-11f0-9ba0-fc3fdb83b633,false,,true,302efcc6-d0da-11f0-9ba0-fc3fdb83b633
32003545-d0da-11f0-9ba0-fc3fdb83b633,LDV-1670,,2006-09-21,,,,3190d4d4-d0da-11f0-9ba0-fc3fdb83b633,false,,true,302efd14-d0da-11f0-9ba0-fc3fdb83b633
320037cc-d0da-11f0-9ba0-fc3fdb83b633,LDV-1671,,2006-09-21,,,,3190d4d4-d0da-11f0-9ba0-fc3fdb83b633,false,,true,302efd61-d0da-11f0-9ba0-fc3fdb83b633
32003a6a-d0da-11f0-9ba0-fc3fdb83b633,LDV-1672,,2006-09-21,,,,3190d4d4-d0da-11f0-9ba0-fc3fdb83b633,false,,true,302efdb0-d0da-11f0-9ba0-fc3fdb83b633
32003d14-d0da-11f0-9ba0-fc3fdb83b633,LDV-1673,,2006-09-21,,,,3190d4d4-d0da-11f0-9ba0-fc3fdb83b633,false,,true,302e8b03-d0da-11f0-9ba0-fc3fdb83b633
32003ff1-d0da-11f0-9ba0-fc3fdb83b633,LDV-1674,,2006-09-21,,,,3190d4d4-d0da-11f0-9ba0-fc3fdb83b633,false,,true,302efdfe-d0da-11f0-9ba0-fc3fdb83b633
32004283-d0da-11f0-9ba0-fc3fdb83b633,LDV-1675,,2006-09-21,,,,3190d4d4-d0da-11f0-9ba0-fc3fdb83b633,false,,true,302efe57-d0da-11f0-9ba0-fc3fdb83b633
3200451a-d0da-11f0-9ba0-fc3fdb83b633,LDV-1676,,2006-09-21,,,,3190d4d4-d0da-11f0-9ba0-fc3fdb83b633,false,,true,302efea5-d0da-11f0-9ba0-fc3fdb83b633
32004814-d0da-11f0-9ba0-fc3fdb83b633,LDV-1677,,2006-09-21,,,,3190d4d4-d0da-11f0-9ba0-fc3fdb83b633,false,,true,302efef1-d0da-11f0-9ba0-fc3fdb83b633
32004acf-d0da-11f0-9ba0-fc3fdb83b633,LDV-1678,,2006-09-21,,,,3190d4d4-d0da-11f0-9ba0-fc3fdb83b633,false,,true,302eff42-d0da-11f0-9ba0-fc3fdb83b633
32004d66-d0da-11f0-9ba0-fc3fdb83b633,LDV-1679,,2006-09-21,,,,3190d4d4-d0da-11f0-9ba0-fc3fdb83b633,false,,true,302eff91-d0da-11f0-9ba0-fc3fdb83b633
32005002-d0da-11f0-9ba0-fc3fdb83b633,LDV-1680,,2006-09-21,,,,3190d4d4-d0da-11f0-9ba0-fc3fdb83b633,false,,true,302effe0-d0da-11f0-9ba0-fc3fdb83b633
320052b1-d0da-11f0-9ba0-fc3fdb83b633,LDV-1681,,2006-09-21,,,,3190d4d4-d0da-11f0-9ba0-fc3fdb83b633,false,,true,302f0030-d0da-11f0-9ba0-fc3fdb83b633
320057dc-d0da-11f0-9ba0-fc3fdb83b633,LDV-1682,,2006-09-21,,,,3190d4d4-d0da-11f0-9ba0-fc3fdb83b633,false,,true,302f007e-d0da-11f0-9ba0-fc3fdb83b633
32005a78-d0da-11f0-9ba0-fc3fdb83b633,LDV-1683,,2006-09-21,,,,3190d4d4-d0da-11f0-9ba0-fc3fdb83b633,false,,true,302f00cd-d0da-11f0-9ba0-fc3fdb83b633
32005d14-d0da-11f0-9ba0-fc3fdb83b633,LDV-1684,,2006-09-21,,,,3190d4d4-d0da-11f0-9ba0-fc3fdb83b633,false,,true,302f011a-d0da-11f0-9ba0-fc3fdb83b633
32005fc3-d0da-11f0-9ba0-fc3fdb83b633,LDV-1685,,2006-09-21,,,,3190d4d4-d0da-11f0-9ba0-fc3fdb83b633,false,,true,302f0167-d0da-11f0-9ba0-fc3fdb83b633
3200627d-d0da-11f0-9ba0-fc3fdb83b633,LDV-1686,,2006-09-21,,,,3190d4d4-d0da-11f0-9ba0-fc3fdb83b633,false,,true,302e85bb-d0da-11f0-9ba0-fc3fdb83b633
32006532-d0da-11f0-9ba0-fc3fdb83b633,LDV-1687,,2006-09-21,,,,3190d4d4-d0da-11f0-9ba0-fc3fdb83b633,false,,true,302f01b3-d0da-11f0-9ba0-fc3fdb83b633
320067e1-d0da-11f0-9ba0-fc3fdb83b633,LDV-1688,,2006-09-21,,,,3190d4d4-d0da-11f0-9ba0-fc3fdb83b633,false,,true,302f0208-d0da-11f0-9ba0-fc3fdb83b633
32006aa0-d0da-11f0-9ba0-fc3fdb83b633,LDV-1689,,2006-09-21,,,,3190d4d4-d0da-11f0-9ba0-fc3fdb83b633,false,,true,302f0253-d0da-11f0-9ba0-fc3fdb83b633
32006daf-d0da-11f0-9ba0-fc3fdb83b633,LDV-1690,,2006-09-21,,,,3190d4d4-d0da-11f0-9ba0-fc3fdb83b633,false,,true,302f029d-d0da-11f0-9ba0-fc3fdb83b633
32007063-d0da-11f0-9ba0-fc3fdb83b633,LDV-1691,,2006-09-21,,,,3190d4d4-d0da-11f0-9ba0-fc3fdb83b633,false,,true,302ed3e9-d0da-11f0-9ba0-fc3fdb83b633
3200732c-d0da-11f0-9ba0-fc3fdb83b633,LDV-1692,,2006-09-21,,,,3190d4d4-d0da-11f0-9ba0-fc3fdb83b633,false,,true,302f02e8-d0da-11f0-9ba0-fc3fdb83b633
320075e9-d0da-11f0-9ba0-fc3fdb83b633,LDV-1693,,2006-09-21,,,,3190d4d4-d0da-11f0-9ba0-fc3fdb83b633,false,,true,302f0334-d0da-11f0-9ba0-fc3fdb83b633
320078ac-d0da-11f0-9ba0-fc3fdb83b633,LDV-1694,,2006-09-21,,,,3190d4d4-d0da-11f0-9ba0-fc3fdb83b633,false,,true,302f0381-d0da-11f0-9ba0-fc3fdb83b633
32007b4f-d0da-11f0-9ba0-fc3fdb83b633,LDV-1695,,2006-09-21,,,,3190d4d4-d0da-11f0-9ba0-fc3fdb83b633,false,,true,302f03cc-d0da-11f0-9ba0-fc3fdb83b633
32007dff-d0da-11f0-9ba0-fc3fdb83b633,LDV-1696,,2006-09-21,,,,3190d4d4-d0da-11f0-9ba0-fc3fdb83b633,false,,true,302f0417-d0da-11f0-9ba0-fc3fdb83b633
320080bb-d0da-11f0-9ba0-fc3fdb83b633,LDV-1726,,2006-10-05,,,,3190d54e-d0da-11f0-9ba0-fc3fdb83b633,false,,true,302f0462-d0da-11f0-9ba0-fc3fdb83b633
3200830b-d0da-11f0-9ba0-fc3fdb83b633,LDV-1727,,2006-10-05,,,,3190d54e-d0da-11f0-9ba0-fc3fdb83b633,false,,true,302f04ad-d0da-11f0-9ba0-fc3fdb83b633
32008575-d0da-11f0-9ba0-fc3fdb83b633,LDV-1728,,2006-10-05,,,,3190d54e-d0da-11f0-9ba0-fc3fdb83b633,false,,true,302e5be7-d0da-11f0-9ba0-fc3fdb83b633
32008817-d0da-11f0-9ba0-fc3fdb83b633,LDV-1729,,2006-10-05,,,,3190d54e-d0da-11f0-9ba0-fc3fdb83b633,false,,true,302f04f5-d0da-11f0-9ba0-fc3fdb83b633
32008a9c-d0da-11f0-9ba0-fc3fdb83b633,LDV-1730,,2006-10-05,,,,3190d54e-d0da-11f0-9ba0-fc3fdb83b633,false,,true,302f053d-d0da-11f0-9ba0-fc3fdb83b633
32008d2e-d0da-11f0-9ba0-fc3fdb83b633,LDV-1731,,2006-10-05,,,,3190d54e-d0da-11f0-9ba0-fc3fdb83b633,false,,true,302ec23d-d0da-11f0-9ba0-fc3fdb83b633
32008fd4-d0da-11f0-9ba0-fc3fdb83b633,LDV-1732,,2006-10-05,,,,3190d54e-d0da-11f0-9ba0-fc3fdb83b633,false,,true,302f0585-d0da-11f0-9ba0-fc3fdb83b633
3200930b-d0da-11f0-9ba0-fc3fdb83b633,LDV-1733,,2006-10-05,,,,3190d54e-d0da-11f0-9ba0-fc3fdb83b633,false,,true,302f05cd-d0da-11f0-9ba0-fc3fdb83b633
32009636-d0da-11f0-9ba0-fc3fdb83b633,LDV-1734,,2006-10-05,,,,3190d54e-d0da-11f0-9ba0-fc3fdb83b633,false,,true,302f0615-d0da-11f0-9ba0-fc3fdb83b633
320098f2-d0da-11f0-9ba0-fc3fdb83b633,LDV-1735,,2006-10-05,,,,3190d54e-d0da-11f0-9ba0-fc3fdb83b633,false,,true,302f065c-d0da-11f0-9ba0-fc3fdb83b633
32009b73-d0da-11f0-9ba0-fc3fdb83b633,LDV-1737,,2006-10-19,,,,,false,,true,302f06a8-d0da-11f0-9ba0-fc3fdb83b633
32009d5c-d0da-11f0-9ba0-fc3fdb83b633,LDV-1738,,2006-10-19,,,,,false,,true,302f06f5-d0da-11f0-9ba0-fc3fdb83b633
32009f39-d0da-11f0-9ba0-fc3fdb83b633,LDV-1739,,2006-10-19,,,,,false,,true,302f0742-d0da-11f0-9ba0-fc3fdb83b633
3200a118-d0da-11f0-9ba0-fc3fdb83b633,LDV-1740,,2006-10-19,,,,,false,,true,302f078d-d0da-11f0-9ba0-fc3fdb83b633
3200a2ef-d0da-11f0-9ba0-fc3fdb83b633,LDV-1741,,2006-10-19,,,,,false,,true,302f07db-d0da-11f0-9ba0-fc3fdb83b633
3200a4bf-d0da-11f0-9ba0-fc3fdb83b633,LDV-1742,,2006-10-19,,,,,false,,true,302f0826-d0da-11f0-9ba0-fc3fdb83b633
3200a698-d0da-11f0-9ba0-fc3fdb83b633,LDV-1743,,2006-10-19,,,,,false,,true,302f0871-d0da-11f0-9ba0-fc3fdb83b633
3200a87d-d0da-11f0-9ba0-fc3fdb83b633,LDV-1744,,2006-10-19,,,,,false,,true,302f08bb-d0da-11f0-9ba0-fc3fdb83b633
3200aa5d-d0da-11f0-9ba0-fc3fdb83b633,LDV-1745,,2006-10-19,,,,,false,,true,302f0908-d0da-11f0-9ba0-fc3fdb83b633
3200ac34-d0da-11f0-9ba0-fc3fdb83b633,LDV-1746,,2006-10-19,,,,,false,,true,302f0951-d0da-11f0-9ba0-fc3fdb83b633
3200ae26-d0da-11f0-9ba0-fc3fdb83b633,LDV-1747,,2006-10-19,,,,3190c872-d0da-11f0-9ba0-fc3fdb83b633,false,,true,302f099e-d0da-11f0-9ba0-fc3fdb83b633
3200b077-d0da-11f0-9ba0-fc3fdb83b633,LDV-1748,,2006-10-19,,,,3190c872-d0da-11f0-9ba0-fc3fdb83b633,false,,true,302f09e9-d0da-11f0-9ba0-fc3fdb83b633
3200b2b8-d0da-11f0-9ba0-fc3fdb83b633,LDV-1749,,2006-10-19,,,,,false,,true,302f0a36-d0da-11f0-9ba0-fc3fdb83b633
3200b4ed-d0da-11f0-9ba0-fc3fdb83b633,LDV-1750,,2006-10-19,,,,,false,,true,302f0a82-d0da-11f0-9ba0-fc3fdb83b633
3200b6e5-d0da-11f0-9ba0-fc3fdb83b633,LDV-1751,,2006-10-19,,,,3190c872-d0da-11f0-9ba0-fc3fdb83b633,false,,true,302f0acf-d0da-11f0-9ba0-fc3fdb83b633
3200b935-d0da-11f0-9ba0-fc3fdb83b633,LDV-1752,,2006-10-19,,,,,false,,true,302f0b1c-d0da-11f0-9ba0-fc3fdb83b633
3200bb14-d0da-11f0-9ba0-fc3fdb83b633,LDV-1753,,2006-10-19,,,,,false,,true,302f0b69-d0da-11f0-9ba0-fc3fdb83b633
3200be09-d0da-11f0-9ba0-fc3fdb83b633,LDV-1754,,2006-10-19,,,,,false,,true,302f0bb7-d0da-11f0-9ba0-fc3fdb83b633
3200bfe2-d0da-11f0-9ba0-fc3fdb83b633,LDV-1755,,2006-10-19,,,,,false,,true,302f0c06-d0da-11f0-9ba0-fc3fdb83b633
3200c1c1-d0da-11f0-9ba0-fc3fdb83b633,LDV-1756,,2006-10-19,,,,3190c872-d0da-11f0-9ba0-fc3fdb83b633,false,,true,302f0c56-d0da-11f0-9ba0-fc3fdb83b633
3200c405-d0da-11f0-9ba0-fc3fdb83b633,LDV-2024,,2007-01-11,,,,3190da26-d0da-11f0-9ba0-fc3fdb83b633,false,,true,302f0ca0-d0da-11f0-9ba0-fc3fdb83b633
3200c650-d0da-11f0-9ba0-fc3fdb83b633,LDV-2025,,2007-01-11,,,,3190da26-d0da-11f0-9ba0-fc3fdb83b633,false,,true,302f0cf6-d0da-11f0-9ba0-fc3fdb83b633
3200c89f-d0da-11f0-9ba0-fc3fdb83b633,LDV-2026,,2007-01-11,,,,3190da26-d0da-11f0-9ba0-fc3fdb83b633,false,,true,302f0d39-d0da-11f0-9ba0-fc3fdb83b633
3200cafc-d0da-11f0-9ba0-fc3fdb83b633,LDV-2027,,2007-01-11,,,,3190da26-d0da-11f0-9ba0-fc3fdb83b633,false,,true,302f0d7d-d0da-11f0-9ba0-fc3fdb83b633
3200cd61-d0da-11f0-9ba0-fc3fdb83b633,LDV-2028,,2007-01-11,,,,3190da26-d0da-11f0-9ba0-fc3fdb83b633,false,,true,302f0dc1-d0da-11f0-9ba0-fc3fdb83b633
3200cfe4-d0da-11f0-9ba0-fc3fdb83b633,LDV-2029,,2007-01-11,,,,3190da26-d0da-11f0-9ba0-fc3fdb83b633,false,,true,302f0dfe-d0da-11f0-9ba0-fc3fdb83b633
3200d27d-d0da-11f0-9ba0-fc3fdb83b633,LDV-2030,,2007-01-11,,,,3190da26-d0da-11f0-9ba0-fc3fdb83b633,false,,true,302f0e45-d0da-11f0-9ba0-fc3fdb83b633
3200d51e-d0da-11f0-9ba0-fc3fdb83b633,LDV-2031,,2007-01-11,,,,3190da26-d0da-11f0-9ba0-fc3fdb83b633,false,,true,302f0e8d-d0da-11f0-9ba0-fc3fdb83b633
3200d7d5-d0da-11f0-9ba0-fc3fdb83b633,LDV-2032,,2007-01-11,,,,3190da26-d0da-11f0-9ba0-fc3fdb83b633,false,,true,302f0ed3-d0da-11f0-9ba0-fc3fdb83b633
3200da6c-d0da-11f0-9ba0-fc3fdb83b633,LDV-2033,,2007-01-11,,,,3190da26-d0da-11f0-9ba0-fc3fdb83b633,false,,true,302f0fa6-d0da-11f0-9ba0-fc3fdb83b633
3200dd1a-d0da-11f0-9ba0-fc3fdb83b633,LDV-2034,,2007-01-11,,,,3190da26-d0da-11f0-9ba0-fc3fdb83b633,false,,true,302f04ad-d0da-11f0-9ba0-fc3fdb83b633
3200dfeb-d0da-11f0-9ba0-fc3fdb83b633,LDV-2035,,2007-01-11,,,,3190da26-d0da-11f0-9ba0-fc3fdb83b633,false,,true,302f0ff3-d0da-11f0-9ba0-fc3fdb83b633
3200e32c-d0da-11f0-9ba0-fc3fdb83b633,LDV-2036,,2007-01-11,,,,3190da26-d0da-11f0-9ba0-fc3fdb83b633,false,,true,302f1031-d0da-11f0-9ba0-fc3fdb83b633
3200e5ee-d0da-11f0-9ba0-fc3fdb83b633,LDV-2037,,2007-01-11,,,,3190da26-d0da-11f0-9ba0-fc3fdb83b633,false,,true,302f107b-d0da-11f0-9ba0-fc3fdb83b633
3200e8b5-d0da-11f0-9ba0-fc3fdb83b633,LDV-2038,,2007-01-11,,,,3190da26-d0da-11f0-9ba0-fc3fdb83b633,false,,true,302f10bd-d0da-11f0-9ba0-fc3fdb83b633
3200eb90-d0da-11f0-9ba0-fc3fdb83b633,LDV-2039,,2007-01-11,,,,3190da26-d0da-11f0-9ba0-fc3fdb83b633,false,,true,302f10fe-d0da-11f0-9ba0-fc3fdb83b633
3200ee53-d0da-11f0-9ba0-fc3fdb83b633,LDV-2040,,2007-01-11,,,,3190da26-d0da-11f0-9ba0-fc3fdb83b633,false,,true,302f1146-d0da-11f0-9ba0-fc3fdb83b633
3200f0f4-d0da-11f0-9ba0-fc3fdb83b633,LDV-2041,,2007-01-11,,,,3190da26-d0da-11f0-9ba0-fc3fdb83b633,false,,true,302f118c-d0da-11f0-9ba0-fc3fdb83b633
3200f3a0-d0da-11f0-9ba0-fc3fdb83b633,LDV-2042,,2007-01-11,,,,3190da26-d0da-11f0-9ba0-fc3fdb83b633,false,,true,302f11d1-d0da-11f0-9ba0-fc3fdb83b633
3200f65a-d0da-11f0-9ba0-fc3fdb83b633,LDV-2043,,2007-01-11,,,,3190da26-d0da-11f0-9ba0-fc3fdb83b633,false,,true,302f1211-d0da-11f0-9ba0-fc3fdb83b633
3200f91f-d0da-11f0-9ba0-fc3fdb83b633,LDV-2046,,2007-01-25,,,,3190cfb0-d0da-11f0-9ba0-fc3fdb83b633,false,,true,302ef26c-d0da-11f0-9ba0-fc3fdb83b633
3200fb89-d0da-11f0-9ba0-fc3fdb83b633,LDV-2047,,2007-01-25,,,,3190cfb0-d0da-11f0-9ba0-fc3fdb83b633,false,,true,302ef359-d0da-11f0-9ba0-fc3fdb83b633
3200fdf1-d0da-11f0-9ba0-fc3fdb83b633,LDV-2048,,2007-01-25,,,,3190cfb0-d0da-11f0-9ba0-fc3fdb83b633,false,,true,302f1290-d0da-11f0-9ba0-fc3fdb83b633
3201006a-d0da-11f0-9ba0-fc3fdb83b633,LDV-2049,,2007-01-25,,,,3190cfb0-d0da-11f0-9ba0-fc3fdb83b633,false,,true,302f1339-d0da-11f0-9ba0-fc3fdb83b633
320102d5-d0da-11f0-9ba0-fc3fdb83b633,LDV-2050,,2007-01-25,,,,3190cfb0-d0da-11f0-9ba0-fc3fdb83b633,false,,true,302f13ba-d0da-11f0-9ba0-fc3fdb83b633
32010577-d0da-11f0-9ba0-fc3fdb83b633,LDV-2051,,2007-01-25,,,,3190cfb0-d0da-11f0-9ba0-fc3fdb83b633,false,,true,302f145f-d0da-11f0-9ba0-fc3fdb83b633
32010801-d0da-11f0-9ba0-fc3fdb83b633,LDV-2052,,2007-01-25,,,,3190cfb0-d0da-11f0-9ba0-fc3fdb83b633,false,,true,302f14b3-d0da-11f0-9ba0-fc3fdb83b633
32010ae1-d0da-11f0-9ba0-fc3fdb83b633,LDV-2053,,2007-01-25,,,,3190cfb0-d0da-11f0-9ba0-fc3fdb83b633,false,,true,302f14fd-d0da-11f0-9ba0-fc3fdb83b633
32010d5b-d0da-11f0-9ba0-fc3fdb83b633,LDV-2054,,2007-01-25,,,,3190cfb0-d0da-11f0-9ba0-fc3fdb83b633,false,,true,302f1544-d0da-11f0-9ba0-fc3fdb83b633
32010fee-d0da-11f0-9ba0-fc3fdb83b633,LDV-2055,,2007-01-25,,,,3190cfb0-d0da-11f0-9ba0-fc3fdb83b633,false,,true,302ee46a-d0da-11f0-9ba0-fc3fdb83b633
32011289-d0da-11f0-9ba0-fc3fdb83b633,LDV-2056,,2007-01-25,,,,3190cfb0-d0da-11f0-9ba0-fc3fdb83b633,false,,true,302f158c-d0da-11f0-9ba0-fc3fdb83b633
32011535-d0da-11f0-9ba0-fc3fdb83b633,LDV-2057,,2007-01-25,,,,3190cfb0-d0da-11f0-9ba0-fc3fdb83b633,false,,true,302f1613-d0da-11f0-9ba0-fc3fdb83b633
320117e4-d0da-11f0-9ba0-fc3fdb83b633,LDV-2058,,2007-01-25,,,,3190cfb0-d0da-11f0-9ba0-fc3fdb83b633,false,,true,302f1683-d0da-11f0-9ba0-fc3fdb83b633
32011a9a-d0da-11f0-9ba0-fc3fdb83b633,LDV-2059,,2007-01-25,,,,3190cfeb-d0da-11f0-9ba0-fc3fdb83b633,false,,true,302ef2c0-d0da-11f0-9ba0-fc3fdb83b633
32011d05-d0da-11f0-9ba0-fc3fdb83b633,LDV-2060,,2007-01-25,,,,3190cfeb-d0da-11f0-9ba0-fc3fdb83b633,false,,true,302eaac6-d0da-11f0-9ba0-fc3fdb83b633
320121d4-d0da-11f0-9ba0-fc3fdb83b633,LDV-2062,,2007-01-25,,,,3190cfeb-d0da-11f0-9ba0-fc3fdb83b633,false,,true,302f16ce-d0da-11f0-9ba0-fc3fdb83b633
3201244d-d0da-11f0-9ba0-fc3fdb83b633,LDV-2063,,2007-01-25,,,,3190c773-d0da-11f0-9ba0-fc3fdb83b633,false,,true,302f1745-d0da-11f0-9ba0-fc3fdb83b633
320126ac-d0da-11f0-9ba0-fc3fdb83b633,LDV-2065,,2007-01-25,,,,3190c773-d0da-11f0-9ba0-fc3fdb83b633,false,,true,302f17aa-d0da-11f0-9ba0-fc3fdb83b633
3201291b-d0da-11f0-9ba0-fc3fdb83b633,LDV-2066,,2007-01-25,,,,3190c773-d0da-11f0-9ba0-fc3fdb83b633,false,,true,302f17de-d0da-11f0-9ba0-fc3fdb83b633
32012b92-d0da-11f0-9ba0-fc3fdb83b633,LDV-2067,,2007-01-25,,,,3190c773-d0da-11f0-9ba0-fc3fdb83b633,false,,true,302f180d-d0da-11f0-9ba0-fc3fdb83b633
32012df7-d0da-11f0-9ba0-fc3fdb83b633,LDV-2068,,2007-01-25,,,,3190c773-d0da-11f0-9ba0-fc3fdb83b633,false,,true,302eca62-d0da-11f0-9ba0-fc3fdb83b633
3201450d-d0da-11f0-9ba0-fc3fdb83b633,LDV-2069,,2007-01-25,,,,3190c773-d0da-11f0-9ba0-fc3fdb83b633,false,,true,302e7f05-d0da-11f0-9ba0-fc3fdb83b633
320149df-d0da-11f0-9ba0-fc3fdb83b633,LDV-2070,,2007-01-25,,,,3190c773-d0da-11f0-9ba0-fc3fdb83b633,false,,true,302f183c-d0da-11f0-9ba0-fc3fdb83b633
32014dc2-d0da-11f0-9ba0-fc3fdb83b633,LDV-2071,,2007-01-25,,,,3190c773-d0da-11f0-9ba0-fc3fdb83b633,false,,true,302f186a-d0da-11f0-9ba0-fc3fdb83b633
32015165-d0da-11f0-9ba0-fc3fdb83b633,LDV-2072,,2007-01-25,,,,3190c773-d0da-11f0-9ba0-fc3fdb83b633,false,,true,302ee214-d0da-11f0-9ba0-fc3fdb83b633
32015558-d0da-11f0-9ba0-fc3fdb83b633,LDV-2073,,2007-01-25,,,,3190c7af-d0da-11f0-9ba0-fc3fdb83b633,false,,true,302f1899-d0da-11f0-9ba0-fc3fdb83b633
320159ca-d0da-11f0-9ba0-fc3fdb83b633,LDV-2081,,2007-01-25,,,,3190cf74-d0da-11f0-9ba0-fc3fdb83b633,false,,true,302f18c7-d0da-11f0-9ba0-fc3fdb83b633
32015da0-d0da-11f0-9ba0-fc3fdb83b633,LDV-2136,,2007-02-08,,,,3190da60-d0da-11f0-9ba0-fc3fdb83b633,false,,true,302f18f5-d0da-11f0-9ba0-fc3fdb83b633
3201621e-d0da-11f0-9ba0-fc3fdb83b633,LDV-2137,,2007-02-08,,,,3190da60-d0da-11f0-9ba0-fc3fdb83b633,false,,true,302f1921-d0da-11f0-9ba0-fc3fdb83b633
320165a6-d0da-11f0-9ba0-fc3fdb83b633,LDV-2138,,2007-02-08,,,,3190da60-d0da-11f0-9ba0-fc3fdb83b633,false,,true,302f194c-d0da-11f0-9ba0-fc3fdb83b633
32016a4a-d0da-11f0-9ba0-fc3fdb83b633,LDV-2139,,2007-02-08,,,,3190da60-d0da-11f0-9ba0-fc3fdb83b633,false,,true,302f194c-d0da-11f0-9ba0-fc3fdb83b633
32016de6-d0da-11f0-9ba0-fc3fdb83b633,LDV-2140,,2007-02-08,,,,3190da60-d0da-11f0-9ba0-fc3fdb83b633,false,,true,302f1979-d0da-11f0-9ba0-fc3fdb83b633
32017187-d0da-11f0-9ba0-fc3fdb83b633,LDV-2141,,2007-02-08,,,,3190da60-d0da-11f0-9ba0-fc3fdb83b633,false,,true,302f19a5-d0da-11f0-9ba0-fc3fdb83b633
32017536-d0da-11f0-9ba0-fc3fdb83b633,LDV-2142,,2007-02-08,,,,3190da60-d0da-11f0-9ba0-fc3fdb83b633,false,,true,302f19d1-d0da-11f0-9ba0-fc3fdb83b633
320178eb-d0da-11f0-9ba0-fc3fdb83b633,LDV-2143,,2007-02-08,,,,3190da60-d0da-11f0-9ba0-fc3fdb83b633,false,,true,302f19ff-d0da-11f0-9ba0-fc3fdb83b633
32017cae-d0da-11f0-9ba0-fc3fdb83b633,LDV-2144,,2007-02-08,,,,3190da60-d0da-11f0-9ba0-fc3fdb83b633,false,,true,302ea4ed-d0da-11f0-9ba0-fc3fdb83b633
320180d9-d0da-11f0-9ba0-fc3fdb83b633,LDV-2145,,2007-02-08,,,,3190da60-d0da-11f0-9ba0-fc3fdb83b633,false,,true,302f1a2b-d0da-11f0-9ba0-fc3fdb83b633
3201849c-d0da-11f0-9ba0-fc3fdb83b633,LDV-2146,,2007-02-08,,,,3190da60-d0da-11f0-9ba0-fc3fdb83b633,false,,true,302f1a57-d0da-11f0-9ba0-fc3fdb83b633
320190e7-d0da-11f0-9ba0-fc3fdb83b633,LDV-2147,,2007-02-08,,,,3190da60-d0da-11f0-9ba0-fc3fdb83b633,false,,true,302f1a83-d0da-11f0-9ba0-fc3fdb83b633
32019434-d0da-11f0-9ba0-fc3fdb83b633,LDV-2148,,2007-02-08,,,,3190da60-d0da-11f0-9ba0-fc3fdb83b633,false,,true,302f1aaf-d0da-11f0-9ba0-fc3fdb83b633
32019717-d0da-11f0-9ba0-fc3fdb83b633,LDV-2149,,2007-02-08,,,,3190da60-d0da-11f0-9ba0-fc3fdb83b633,false,,true,302f1adb-d0da-11f0-9ba0-fc3fdb83b633
32019a03-d0da-11f0-9ba0-fc3fdb83b633,LDV-2150,,2007-02-08,,,,3190da60-d0da-11f0-9ba0-fc3fdb83b633,false,,true,302ef88d-d0da-11f0-9ba0-fc3fdb83b633
3201a03e-d0da-11f0-9ba0-fc3fdb83b633,LDV-2151,,2007-02-08,,,,3190da60-d0da-11f0-9ba0-fc3fdb83b633,false,,true,302f1b09-d0da-11f0-9ba0-fc3fdb83b633
3201a35a-d0da-11f0-9ba0-fc3fdb83b633,LDV-2152,,2007-02-08,,,,3190da60-d0da-11f0-9ba0-fc3fdb83b633,false,,true,302ef88d-d0da-11f0-9ba0-fc3fdb83b633
3201a660-d0da-11f0-9ba0-fc3fdb83b633,LDV-2153,,2007-02-08,,,,3190da60-d0da-11f0-9ba0-fc3fdb83b633,false,,true,302f1b34-d0da-11f0-9ba0-fc3fdb83b633
3201a944-d0da-11f0-9ba0-fc3fdb83b633,LDV-2154,,2007-02-08,,,,3190da60-d0da-11f0-9ba0-fc3fdb83b633,false,,true,302f1b60-d0da-11f0-9ba0-fc3fdb83b633
3201ac35-d0da-11f0-9ba0-fc3fdb83b633,LDV-2155,,2007-02-08,,,,3190da60-d0da-11f0-9ba0-fc3fdb83b633,false,,true,302f1b8c-d0da-11f0-9ba0-fc3fdb83b633
3201af39-d0da-11f0-9ba0-fc3fdb83b633,LDV-2156,,2007-02-08,,,,3190da60-d0da-11f0-9ba0-fc3fdb83b633,false,,true,302f1bb7-d0da-11f0-9ba0-fc3fdb83b633
3201b20b-d0da-11f0-9ba0-fc3fdb83b633,LDV-2157,,2007-02-08,,,,3190da60-d0da-11f0-9ba0-fc3fdb83b633,false,,true,302f1be2-d0da-11f0-9ba0-fc3fdb83b633
3201b4e5-d0da-11f0-9ba0-fc3fdb83b633,LDV-2201,,2007-02-20,,,,3190cb7b-d0da-11f0-9ba0-fc3fdb83b633,false,,true,302f1c10-d0da-11f0-9ba0-fc3fdb83b633
3201b75e-d0da-11f0-9ba0-fc3fdb83b633,LDV-2203,,2007-02-20,,,,3190cb7b-d0da-11f0-9ba0-fc3fdb83b633,false,,true,302f1c3d-d0da-11f0-9ba0-fc3fdb83b633
3201b9e0-d0da-11f0-9ba0-fc3fdb83b633,LDV-2204,,2007-02-20,,,,3190cb7b-d0da-11f0-9ba0-fc3fdb83b633,false,,true,302f1c6b-d0da-11f0-9ba0-fc3fdb83b633
3201bc63-d0da-11f0-9ba0-fc3fdb83b633,LDV-2205,,2007-02-20,,,,3190cb7b-d0da-11f0-9ba0-fc3fdb83b633,false,,true,302ef26c-d0da-11f0-9ba0-fc3fdb83b633
3201bf1c-d0da-11f0-9ba0-fc3fdb83b633,LDV-2206,,2007-02-20,,,,3190cb7b-d0da-11f0-9ba0-fc3fdb83b633,false,,true,302f1c99-d0da-11f0-9ba0-fc3fdb83b633
3201c1d2-d0da-11f0-9ba0-fc3fdb83b633,LDV-2207,,2007-02-20,,,,3190cb7b-d0da-11f0-9ba0-fc3fdb83b633,false,,true,302f1cc7-d0da-11f0-9ba0-fc3fdb83b633
3201c489-d0da-11f0-9ba0-fc3fdb83b633,LDV-2209,,2007-02-20,,,,3190cb7b-d0da-11f0-9ba0-fc3fdb83b633,false,,true,302f1cf4-d0da-11f0-9ba0-fc3fdb83b633
3201c748-d0da-11f0-9ba0-fc3fdb83b633,LDV-2210,,2007-02-20,,,,3190cd8c-d0da-11f0-9ba0-fc3fdb83b633,false,,true,302f1d22-d0da-11f0-9ba0-fc3fdb83b633
3201c9bc-d0da-11f0-9ba0-fc3fdb83b633,LDV-2211,,2007-02-20,,,,3190cd8c-d0da-11f0-9ba0-fc3fdb83b633,false,,true,302f1d50-d0da-11f0-9ba0-fc3fdb83b633
3201cc39-d0da-11f0-9ba0-fc3fdb83b633,LDV-2213,,2007-02-20,,,,3190cd8c-d0da-11f0-9ba0-fc3fdb83b633,false,,true,302f1d80-d0da-11f0-9ba0-fc3fdb83b633
3201cedd-d0da-11f0-9ba0-fc3fdb83b633,LDV-2215,,2007-02-20,,,,3190cd8c-d0da-11f0-9ba0-fc3fdb83b633,false,,true,302f1e37-d0da-11f0-9ba0-fc3fdb83b633
3201d16b-d0da-11f0-9ba0-fc3fdb83b633,LDV-2216,,2007-02-20,,,,3190cd8c-d0da-11f0-9ba0-fc3fdb83b633,false,,true,302f1e6d-d0da-11f0-9ba0-fc3fdb83b633
3201d41f-d0da-11f0-9ba0-fc3fdb83b633,LDV-2217,,2007-02-20,,,,3190cd8c-d0da-11f0-9ba0-fc3fdb83b633,false,,true,302f1e9d-d0da-11f0-9ba0-fc3fdb83b633
3201d6e5-d0da-11f0-9ba0-fc3fdb83b633,LDV-2218,,2007-02-20,,,,3190cd8c-d0da-11f0-9ba0-fc3fdb83b633,false,,true,302f1ece-d0da-11f0-9ba0-fc3fdb83b633
3201d9af-d0da-11f0-9ba0-fc3fdb83b633,LDV-2220,,2007-02-20,,,,3190cd8c-d0da-11f0-9ba0-fc3fdb83b633,false,,true,302f1efe-d0da-11f0-9ba0-fc3fdb83b633
3201dd25-d0da-11f0-9ba0-fc3fdb83b633,LDV-2228,,2007-02-22,,,,3190d09d-d0da-11f0-9ba0-fc3fdb83b633,false,,true,302eec36-d0da-11f0-9ba0-fc3fdb83b633
3201dfb7-d0da-11f0-9ba0-fc3fdb83b633,LDV-2230,,2007-02-22,,,,3190d09d-d0da-11f0-9ba0-fc3fdb83b633,false,,true,302f1f2d-d0da-11f0-9ba0-fc3fdb83b633
3201e23e-d0da-11f0-9ba0-fc3fdb83b633,LDV-2231,,2007-02-22,,,,3190d09d-d0da-11f0-9ba0-fc3fdb83b633,false,,true,302f1f5a-d0da-11f0-9ba0-fc3fdb83b633
3201e4cb-d0da-11f0-9ba0-fc3fdb83b633,LDV-2232,,2007-02-22,,,,3190d09d-d0da-11f0-9ba0-fc3fdb83b633,false,,true,302ebea8-d0da-11f0-9ba0-fc3fdb83b633
3201e76c-d0da-11f0-9ba0-fc3fdb83b633,LDV-2233,,2007-02-22,,,,3190d09d-d0da-11f0-9ba0-fc3fdb83b633,false,,true,302ecc6c-d0da-11f0-9ba0-fc3fdb83b633
3201ea35-d0da-11f0-9ba0-fc3fdb83b633,LDV-2234,,2007-02-22,,,,3190d09d-d0da-11f0-9ba0-fc3fdb83b633,false,,true,302f1f88-d0da-11f0-9ba0-fc3fdb83b633
3201ecf3-d0da-11f0-9ba0-fc3fdb83b633,LDV-2236,,2007-02-22,,,,3190d09d-d0da-11f0-9ba0-fc3fdb83b633,false,,true,302f1fb6-d0da-11f0-9ba0-fc3fdb83b633
3201efc1-d0da-11f0-9ba0-fc3fdb83b633,LDV-2237,,2007-02-22,,,,3190d09d-d0da-11f0-9ba0-fc3fdb83b633,false,,true,302edc35-d0da-11f0-9ba0-fc3fdb83b633
3201f285-d0da-11f0-9ba0-fc3fdb83b633,LDV-2238,,2007-02-22,,,,3190d09d-d0da-11f0-9ba0-fc3fdb83b633,false,,true,302f1fe3-d0da-11f0-9ba0-fc3fdb83b633
3201f53d-d0da-11f0-9ba0-fc3fdb83b633,LDV-2239,,2007-02-22,,,,3190d09d-d0da-11f0-9ba0-fc3fdb83b633,false,,true,302e8c79-d0da-11f0-9ba0-fc3fdb83b633
3201f857-d0da-11f0-9ba0-fc3fdb83b633,LDV-2240,,2007-02-22,,,,3190d09d-d0da-11f0-9ba0-fc3fdb83b633,false,,true,302f2011-d0da-11f0-9ba0-fc3fdb83b633
3201fb30-d0da-11f0-9ba0-fc3fdb83b633,LDV-2241,,2007-02-22,,,,3190d09d-d0da-11f0-9ba0-fc3fdb83b633,false,,true,302ee41f-d0da-11f0-9ba0-fc3fdb83b633
3201fdf0-d0da-11f0-9ba0-fc3fdb83b633,LDV-2242,,2007-02-22,,,,3190d09d-d0da-11f0-9ba0-fc3fdb83b633,false,,true,302f203f-d0da-11f0-9ba0-fc3fdb83b633
320200b4-d0da-11f0-9ba0-fc3fdb83b633,LDV-2243,,2007-02-22,,,,3190d09d-d0da-11f0-9ba0-fc3fdb83b633,false,,true,302f206c-d0da-11f0-9ba0-fc3fdb83b633
3202037f-d0da-11f0-9ba0-fc3fdb83b633,LDV-2245,,2007-02-22,,,,3190d09d-d0da-11f0-9ba0-fc3fdb83b633,false,,true,302ecbd9-d0da-11f0-9ba0-fc3fdb83b633
32020669-d0da-11f0-9ba0-fc3fdb83b633,LDV-2247,,2007-02-22,,,,3190d09d-d0da-11f0-9ba0-fc3fdb83b633,false,,true,302f2099-d0da-11f0-9ba0-fc3fdb83b633
32020925-d0da-11f0-9ba0-fc3fdb83b633,LDV-2248,,2007-03-08,,,,3190c67e-d0da-11f0-9ba0-fc3fdb83b633,false,,true,302f20c7-d0da-11f0-9ba0-fc3fdb83b633
32020b98-d0da-11f0-9ba0-fc3fdb83b633,LDV-2249,,2007-03-08,,,,3190c67e-d0da-11f0-9ba0-fc3fdb83b633,false,,true,302ee61f-d0da-11f0-9ba0-fc3fdb83b633
32020e28-d0da-11f0-9ba0-fc3fdb83b633,LDV-2250,,2007-03-08,,,,3190c67e-d0da-11f0-9ba0-fc3fdb83b633,false,,true,302f20f3-d0da-11f0-9ba0-fc3fdb83b633
320210b1-d0da-11f0-9ba0-fc3fdb83b633,LDV-2251,,2007-03-08,,,,3190c67e-d0da-11f0-9ba0-fc3fdb83b633,false,,true,302f211f-d0da-11f0-9ba0-fc3fdb83b633
32021337-d0da-11f0-9ba0-fc3fdb83b633,LDV-2252,,2007-03-08,,,,3190c67e-d0da-11f0-9ba0-fc3fdb83b633,false,,true,302f2149-d0da-11f0-9ba0-fc3fdb83b633
320215f3-d0da-11f0-9ba0-fc3fdb83b633,LDV-2253,,2007-03-08,,,,3190c67e-d0da-11f0-9ba0-fc3fdb83b633,false,,true,302f2177-d0da-11f0-9ba0-fc3fdb83b633
320218b0-d0da-11f0-9ba0-fc3fdb83b633,LDV-2254,,2007-03-08,,,,3190c67e-d0da-11f0-9ba0-fc3fdb83b633,false,,true,302f21a4-d0da-11f0-9ba0-fc3fdb83b633
32021c3b-d0da-11f0-9ba0-fc3fdb83b633,LDV-2255,,2007-03-08,,,,3190c67e-d0da-11f0-9ba0-fc3fdb83b633,false,,true,302ef6db-d0da-11f0-9ba0-fc3fdb83b633
32021f8a-d0da-11f0-9ba0-fc3fdb83b633,LDV-2256,,2007-03-08,,,,3190c67e-d0da-11f0-9ba0-fc3fdb83b633,false,,true,302f21cf-d0da-11f0-9ba0-fc3fdb83b633
32022266-d0da-11f0-9ba0-fc3fdb83b633,LDV-2257,,2007-03-08,,,,3190c67e-d0da-11f0-9ba0-fc3fdb83b633,false,,true,302f21fb-d0da-11f0-9ba0-fc3fdb83b633
32022521-d0da-11f0-9ba0-fc3fdb83b633,LDV-2298,,2007-05-10,,,,3190c3d6-d0da-11f0-9ba0-fc3fdb83b633,false,,true,302f2226-d0da-11f0-9ba0-fc3fdb83b633
3202278a-d0da-11f0-9ba0-fc3fdb83b633,LDV-2299,,2007-05-10,,,,3190c3d6-d0da-11f0-9ba0-fc3fdb83b633,false,,true,302f2253-d0da-11f0-9ba0-fc3fdb83b633
320229e9-d0da-11f0-9ba0-fc3fdb83b633,LDV-2300,,2007-05-10,,,,3190c3d6-d0da-11f0-9ba0-fc3fdb83b633,false,,true,302f227e-d0da-11f0-9ba0-fc3fdb83b633
32022c62-d0da-11f0-9ba0-fc3fdb83b633,LDV-2301,,2007-05-10,,,,3190c3d6-d0da-11f0-9ba0-fc3fdb83b633,false,,true,302f22aa-d0da-11f0-9ba0-fc3fdb83b633
32022eee-d0da-11f0-9ba0-fc3fdb83b633,LDV-2302,,2007-05-10,,,,3190c3d6-d0da-11f0-9ba0-fc3fdb83b633,false,,true,302f22d5-d0da-11f0-9ba0-fc3fdb83b633
320231a6-d0da-11f0-9ba0-fc3fdb83b633,LDV-2304,,2007-05-10,,,,3190c3d6-d0da-11f0-9ba0-fc3fdb83b633,false,,true,302f2302-d0da-11f0-9ba0-fc3fdb83b633
32023442-d0da-11f0-9ba0-fc3fdb83b633,LDV-2305,,2007-05-10,,,,3190c3d6-d0da-11f0-9ba0-fc3fdb83b633,false,,true,302f232d-d0da-11f0-9ba0-fc3fdb83b633
320236f0-d0da-11f0-9ba0-fc3fdb83b633,LDV-2306,,2007-05-10,,,,3190c3d6-d0da-11f0-9ba0-fc3fdb83b633,false,,true,302f2359-d0da-11f0-9ba0-fc3fdb83b633
320239b5-d0da-11f0-9ba0-fc3fdb83b633,LDV-2307,,2007-05-10,,,,3190c3d6-d0da-11f0-9ba0-fc3fdb83b633,false,,true,302f2384-d0da-11f0-9ba0-fc3fdb83b633
32023c8a-d0da-11f0-9ba0-fc3fdb83b633,LDV-2308,,2007-05-18,,,,3190c495-d0da-11f0-9ba0-fc3fdb83b633,false,,true,302f23b2-d0da-11f0-9ba0-fc3fdb83b633
32023eef-d0da-11f0-9ba0-fc3fdb83b633,LDV-2309,,2007-05-18,,,,3190c495-d0da-11f0-9ba0-fc3fdb83b633,false,,true,302f23dc-d0da-11f0-9ba0-fc3fdb83b633
3202417d-d0da-11f0-9ba0-fc3fdb83b633,LDV-2311,,2007-05-18,,,,3190c495-d0da-11f0-9ba0-fc3fdb83b633,false,,true,302f2407-d0da-11f0-9ba0-fc3fdb83b633
3202441e-d0da-11f0-9ba0-fc3fdb83b633,LDV-2312,,2007-05-18,,,,3190c495-d0da-11f0-9ba0-fc3fdb83b633,false,,true,302f2432-d0da-11f0-9ba0-fc3fdb83b633
320246d3-d0da-11f0-9ba0-fc3fdb83b633,LDV-2313,,2007-05-18,,,,3190c495-d0da-11f0-9ba0-fc3fdb83b633,false,,true,302f245f-d0da-11f0-9ba0-fc3fdb83b633
32024974-d0da-11f0-9ba0-fc3fdb83b633,LDV-2314,,2007-05-18,,,,3190c495-d0da-11f0-9ba0-fc3fdb83b633,false,,true,302f248b-d0da-11f0-9ba0-fc3fdb83b633
32024c23-d0da-11f0-9ba0-fc3fdb83b633,LDV-2315,,2007-05-18,,,,3190c495-d0da-11f0-9ba0-fc3fdb83b633,false,,true,302f24b7-d0da-11f0-9ba0-fc3fdb83b633
32024eee-d0da-11f0-9ba0-fc3fdb83b633,LDV-2316,,2007-05-18,,,,3190c495-d0da-11f0-9ba0-fc3fdb83b633,false,,true,302f24e2-d0da-11f0-9ba0-fc3fdb83b633
320251b3-d0da-11f0-9ba0-fc3fdb83b633,LDV-2317,,2007-05-18,,,,3190c495-d0da-11f0-9ba0-fc3fdb83b633,false,,true,302f250f-d0da-11f0-9ba0-fc3fdb83b633
32025441-d0da-11f0-9ba0-fc3fdb83b633,LDV-2354,,2007-06-01,,,,3190dad8-d0da-11f0-9ba0-fc3fdb83b633,false,,true,302f253a-d0da-11f0-9ba0-fc3fdb83b633
320256a8-d0da-11f0-9ba0-fc3fdb83b633,LDV-2355,,2007-06-01,,,,3190dad8-d0da-11f0-9ba0-fc3fdb83b633,false,,true,302f2567-d0da-11f0-9ba0-fc3fdb83b633
3202593e-d0da-11f0-9ba0-fc3fdb83b633,LDV-2356,,2007-06-01,,,,3190dad8-d0da-11f0-9ba0-fc3fdb83b633,false,,true,302f2591-d0da-11f0-9ba0-fc3fdb83b633
32025bd7-d0da-11f0-9ba0-fc3fdb83b633,LDV-2358,,2007-06-01,,,,3190dad8-d0da-11f0-9ba0-fc3fdb83b633,false,,true,302f25be-d0da-11f0-9ba0-fc3fdb83b633
32025e64-d0da-11f0-9ba0-fc3fdb83b633,LDV-2359,,2007-06-01,,,,3190dad8-d0da-11f0-9ba0-fc3fdb83b633,false,,true,302f25ea-d0da-11f0-9ba0-fc3fdb83b633
32026105-d0da-11f0-9ba0-fc3fdb83b633,LDV-2396,,2007-06-15,,,,3190dbc4-d0da-11f0-9ba0-fc3fdb83b633,false,,true,302f2615-d0da-11f0-9ba0-fc3fdb83b633
3202636e-d0da-11f0-9ba0-fc3fdb83b633,LDV-2397,,2007-06-15,,,,3190dbc4-d0da-11f0-9ba0-fc3fdb83b633,false,,true,302f2640-d0da-11f0-9ba0-fc3fdb83b633
320265ef-d0da-11f0-9ba0-fc3fdb83b633,LDV-2398,,2007-06-15,,,,3190dbc4-d0da-11f0-9ba0-fc3fdb83b633,false,,true,302f266c-d0da-11f0-9ba0-fc3fdb83b633
32026905-d0da-11f0-9ba0-fc3fdb83b633,LDV-2399,,2007-06-15,,,,3190dbc4-d0da-11f0-9ba0-fc3fdb83b633,false,,true,302f2698-d0da-11f0-9ba0-fc3fdb83b633
32026c94-d0da-11f0-9ba0-fc3fdb83b633,LDV-2400,,2007-06-15,,,,3190dbc4-d0da-11f0-9ba0-fc3fdb83b633,false,,true,302f26c3-d0da-11f0-9ba0-fc3fdb83b633
320270ef-d0da-11f0-9ba0-fc3fdb83b633,LDV-2401,,2007-06-15,,,,3190dbc4-d0da-11f0-9ba0-fc3fdb83b633,false,,true,302f26ee-d0da-11f0-9ba0-fc3fdb83b633
3202740f-d0da-11f0-9ba0-fc3fdb83b633,LDV-2402,,2007-06-15,,,,3190dbc4-d0da-11f0-9ba0-fc3fdb83b633,false,,true,302f271a-d0da-11f0-9ba0-fc3fdb83b633
320279b7-d0da-11f0-9ba0-fc3fdb83b633,LDV-2403,,2007-06-15,,,,3190dbc4-d0da-11f0-9ba0-fc3fdb83b633,false,,true,302efaaa-d0da-11f0-9ba0-fc3fdb83b633
32027cb0-d0da-11f0-9ba0-fc3fdb83b633,LDV-2404,,2007-06-15,,,,3190dbc4-d0da-11f0-9ba0-fc3fdb83b633,false,,true,302f277c-d0da-11f0-9ba0-fc3fdb83b633
32027f81-d0da-11f0-9ba0-fc3fdb83b633,LDV-2405,,2007-06-15,,,,3190dbc4-d0da-11f0-9ba0-fc3fdb83b633,false,,true,302f27a9-d0da-11f0-9ba0-fc3fdb83b633
32028238-d0da-11f0-9ba0-fc3fdb83b633,LDV-2450,,2007-06-28,,,,3190d6e7-d0da-11f0-9ba0-fc3fdb83b633,false,,true,302f27d5-d0da-11f0-9ba0-fc3fdb83b633
32028497-d0da-11f0-9ba0-fc3fdb83b633,LDV-2451,,2007-06-28,,,,3190d6e7-d0da-11f0-9ba0-fc3fdb83b633,false,,true,302eedb1-d0da-11f0-9ba0-fc3fdb83b633
3202871a-d0da-11f0-9ba0-fc3fdb83b633,LDV-2452,,2007-06-28,,,,3190d6e7-d0da-11f0-9ba0-fc3fdb83b633,false,,true,302f2803-d0da-11f0-9ba0-fc3fdb83b633
3202898a-d0da-11f0-9ba0-fc3fdb83b633,LDV-2454,,2007-06-28,,,,3190d6e7-d0da-11f0-9ba0-fc3fdb83b633,false,,true,302f2830-d0da-11f0-9ba0-fc3fdb83b633
32028c0c-d0da-11f0-9ba0-fc3fdb83b633,LDV-2455,,2007-06-28,,,,3190d6e7-d0da-11f0-9ba0-fc3fdb83b633,false,,true,302e8ff5-d0da-11f0-9ba0-fc3fdb83b633
32028ed1-d0da-11f0-9ba0-fc3fdb83b633,LDV-2456,,2007-06-28,,,,3190d6e7-d0da-11f0-9ba0-fc3fdb83b633,false,,true,302f285d-d0da-11f0-9ba0-fc3fdb83b633
3202917a-d0da-11f0-9ba0-fc3fdb83b633,LDV-2457,,2007-06-28,,,,3190d6e7-d0da-11f0-9ba0-fc3fdb83b633,false,,true,302ee38b-d0da-11f0-9ba0-fc3fdb83b633
32029443-d0da-11f0-9ba0-fc3fdb83b633,LDV-2458,,2007-06-28,,,,3190d6e7-d0da-11f0-9ba0-fc3fdb83b633,false,,true,302f288a-d0da-11f0-9ba0-fc3fdb83b633
32029b8a-d0da-11f0-9ba0-fc3fdb83b633,LDV-2459,,2007-06-28,,,,3190d6e7-d0da-11f0-9ba0-fc3fdb83b633,false,,true,302ee94c-d0da-11f0-9ba0-fc3fdb83b633
32029e56-d0da-11f0-9ba0-fc3fdb83b633,LDV-2460,,2007-06-28,,,,3190d6e7-d0da-11f0-9ba0-fc3fdb83b633,false,,true,302f28b7-d0da-11f0-9ba0-fc3fdb83b633
3202a0d8-d0da-11f0-9ba0-fc3fdb83b633,LDV-2461,,2007-06-28,,,,3190d6e7-d0da-11f0-9ba0-fc3fdb83b633,false,,true,302f28e4-d0da-11f0-9ba0-fc3fdb83b633
3202a360-d0da-11f0-9ba0-fc3fdb83b633,LDV-2462,,2007-06-28,,,,3190d6e7-d0da-11f0-9ba0-fc3fdb83b633,false,,true,302f2911-d0da-11f0-9ba0-fc3fdb83b633
3202a61a-d0da-11f0-9ba0-fc3fdb83b633,LDV-2463,,2007-06-28,,,,3190d6e7-d0da-11f0-9ba0-fc3fdb83b633,false,,true,302eaf90-d0da-11f0-9ba0-fc3fdb83b633
3202a904-d0da-11f0-9ba0-fc3fdb83b633,LDV-2464,,2007-06-28,,,,3190d6e7-d0da-11f0-9ba0-fc3fdb83b633,false,,true,302f293e-d0da-11f0-9ba0-fc3fdb83b633
3202aba4-d0da-11f0-9ba0-fc3fdb83b633,LDV-2465,,2007-06-28,,,,3190d6e7-d0da-11f0-9ba0-fc3fdb83b633,false,,true,302f296d-d0da-11f0-9ba0-fc3fdb83b633
3202ae3d-d0da-11f0-9ba0-fc3fdb83b633,LDV-2466,,2007-06-28,,,,3190d6e7-d0da-11f0-9ba0-fc3fdb83b633,false,,true,302f2999-d0da-11f0-9ba0-fc3fdb83b633
3202b0f9-d0da-11f0-9ba0-fc3fdb83b633,LDV-2467,,2007-06-28,,,,3190d6e7-d0da-11f0-9ba0-fc3fdb83b633,false,,true,302f29c6-d0da-11f0-9ba0-fc3fdb83b633
3202b3af-d0da-11f0-9ba0-fc3fdb83b633,LDV-2468,,2007-06-28,,,,3190cf3a-d0da-11f0-9ba0-fc3fdb83b633,false,,true,302f29f3-d0da-11f0-9ba0-fc3fdb83b633
3202b603-d0da-11f0-9ba0-fc3fdb83b633,LDV-2469,,2007-06-28,,,,3190cf3a-d0da-11f0-9ba0-fc3fdb83b633,false,,true,302f2a21-d0da-11f0-9ba0-fc3fdb83b633
3202b855-d0da-11f0-9ba0-fc3fdb83b633,LDV-2470,,2007-06-28,,,,3190cf3a-d0da-11f0-9ba0-fc3fdb83b633,false,,true,302f2a4e-d0da-11f0-9ba0-fc3fdb83b633
3202babb-d0da-11f0-9ba0-fc3fdb83b633,LDV-2471,,2007-06-28,,,,3190cf3a-d0da-11f0-9ba0-fc3fdb83b633,false,,true,302ed7c5-d0da-11f0-9ba0-fc3fdb83b633
3202bd7d-d0da-11f0-9ba0-fc3fdb83b633,LDV-2472,,2007-06-28,,,,3190cf3a-d0da-11f0-9ba0-fc3fdb83b633,false,,true,302f2a7b-d0da-11f0-9ba0-fc3fdb83b633
3202bff5-d0da-11f0-9ba0-fc3fdb83b633,LDV-2473,,2007-06-28,,,,3190cf3a-d0da-11f0-9ba0-fc3fdb83b633,false,,true,302f2aa7-d0da-11f0-9ba0-fc3fdb83b633
3202c276-d0da-11f0-9ba0-fc3fdb83b633,LDV-2474,,2007-06-28,,,,3190cf3a-d0da-11f0-9ba0-fc3fdb83b633,false,,true,302f2ad5-d0da-11f0-9ba0-fc3fdb83b633
3202c4fd-d0da-11f0-9ba0-fc3fdb83b633,LDV-2475,,2007-06-28,,,,3190cf3a-d0da-11f0-9ba0-fc3fdb83b633,false,,true,302f2b03-d0da-11f0-9ba0-fc3fdb83b633
3202c784-d0da-11f0-9ba0-fc3fdb83b633,LDV-2535,,2007-07-26,,,,3190c58b-d0da-11f0-9ba0-fc3fdb83b633,false,,true,302f2b30-d0da-11f0-9ba0-fc3fdb83b633
3202c9db-d0da-11f0-9ba0-fc3fdb83b633,LDV-2536,,2007-07-26,,,,3190c58b-d0da-11f0-9ba0-fc3fdb83b633,false,,true,302f2b5d-d0da-11f0-9ba0-fc3fdb83b633
3202cc4a-d0da-11f0-9ba0-fc3fdb83b633,LDV-2537,,2007-07-26,,,,3190c58b-d0da-11f0-9ba0-fc3fdb83b633,false,,true,302f2b93-d0da-11f0-9ba0-fc3fdb83b633
3202ced0-d0da-11f0-9ba0-fc3fdb83b633,LDV-2538,,2007-07-26,,,,3190c58b-d0da-11f0-9ba0-fc3fdb83b633,false,,true,302f2bc2-d0da-11f0-9ba0-fc3fdb83b633
3202d15b-d0da-11f0-9ba0-fc3fdb83b633,LDV-2540,,2007-07-26,,,,3190c58b-d0da-11f0-9ba0-fc3fdb83b633,false,,true,302f2bf0-d0da-11f0-9ba0-fc3fdb83b633
3202d3f0-d0da-11f0-9ba0-fc3fdb83b633,LDV-2541,,2007-07-26,,,,3190c58b-d0da-11f0-9ba0-fc3fdb83b633,false,,true,302f2c1c-d0da-11f0-9ba0-fc3fdb83b633
3202d69d-d0da-11f0-9ba0-fc3fdb83b633,LDV-2542,,2007-07-26,,,,3190c58b-d0da-11f0-9ba0-fc3fdb83b633,false,,true,302f2c4a-d0da-11f0-9ba0-fc3fdb83b633
3202d94e-d0da-11f0-9ba0-fc3fdb83b633,LDV-2544,,2007-07-26,,,,3190c58b-d0da-11f0-9ba0-fc3fdb83b633,false,,true,302f2c77-d0da-11f0-9ba0-fc3fdb83b633
3202dbd6-d0da-11f0-9ba0-fc3fdb83b633,LDV-2545,,2007-07-26,,,,3190dcae-d0da-11f0-9ba0-fc3fdb83b633,false,,true,302f2ca6-d0da-11f0-9ba0-fc3fdb83b633
3202de2c-d0da-11f0-9ba0-fc3fdb83b633,LDV-2546,,2007-07-26,,,,3190dcae-d0da-11f0-9ba0-fc3fdb83b633,false,,true,302f2cd3-d0da-11f0-9ba0-fc3fdb83b633
3202e08e-d0da-11f0-9ba0-fc3fdb83b633,LDV-2548,,2007-07-26,,,,3190dcae-d0da-11f0-9ba0-fc3fdb83b633,false,,true,302f2d02-d0da-11f0-9ba0-fc3fdb83b633
3202e2f6-d0da-11f0-9ba0-fc3fdb83b633,LDV-2550,,2007-07-26,,,,3190dcae-d0da-11f0-9ba0-fc3fdb83b633,false,,true,302f2d30-d0da-11f0-9ba0-fc3fdb83b633
3202e5f1-d0da-11f0-9ba0-fc3fdb83b633,LDV-2551,,2007-07-26,,,,3190dcae-d0da-11f0-9ba0-fc3fdb83b633,false,,true,302f2d5c-d0da-11f0-9ba0-fc3fdb83b633
3202e886-d0da-11f0-9ba0-fc3fdb83b633,LDV-2552,,2007-07-26,,,,3190dcae-d0da-11f0-9ba0-fc3fdb83b633,false,,true,302f2d89-d0da-11f0-9ba0-fc3fdb83b633
3202eb17-d0da-11f0-9ba0-fc3fdb83b633,LDV-2553,,2007-07-26,,,,3190dcae-d0da-11f0-9ba0-fc3fdb83b633,false,,true,302f2db8-d0da-11f0-9ba0-fc3fdb83b633
3202eda7-d0da-11f0-9ba0-fc3fdb83b633,LDV-2554,,2007-07-26,,,,3190dcae-d0da-11f0-9ba0-fc3fdb83b633,false,,true,302f2de5-d0da-11f0-9ba0-fc3fdb83b633
3202f043-d0da-11f0-9ba0-fc3fdb83b633,LDV-2555,,2007-07-26,,,,3190d0d5-d0da-11f0-9ba0-fc3fdb83b633,false,,true,302f2e11-d0da-11f0-9ba0-fc3fdb83b633
3202f29f-d0da-11f0-9ba0-fc3fdb83b633,LDV-2556,,2007-07-26,,,,3190d0d5-d0da-11f0-9ba0-fc3fdb83b633,false,,true,302f2e3e-d0da-11f0-9ba0-fc3fdb83b633
3202f506-d0da-11f0-9ba0-fc3fdb83b633,LDV-2557,,2007-07-26,,,,3190d0d5-d0da-11f0-9ba0-fc3fdb83b633,false,,true,302f2e6b-d0da-11f0-9ba0-fc3fdb83b633
3202f860-d0da-11f0-9ba0-fc3fdb83b633,LDV-2558,,2007-07-26,,,,3190d0d5-d0da-11f0-9ba0-fc3fdb83b633,false,,true,302f2e9b-d0da-11f0-9ba0-fc3fdb83b633
3202fad0-d0da-11f0-9ba0-fc3fdb83b633,LDV-2559,,2007-07-26,,,,3190d0d5-d0da-11f0-9ba0-fc3fdb83b633,false,,true,302f2ec9-d0da-11f0-9ba0-fc3fdb83b633
3202fd6e-d0da-11f0-9ba0-fc3fdb83b633,LDV-2560,,2007-07-26,,,,3190d0d5-d0da-11f0-9ba0-fc3fdb83b633,false,,true,302f2ef7-d0da-11f0-9ba0-fc3fdb83b633
3203001a-d0da-11f0-9ba0-fc3fdb83b633,LDV-2562,,2007-07-26,,,,3190d0d5-d0da-11f0-9ba0-fc3fdb83b633,false,,true,302f2f25-d0da-11f0-9ba0-fc3fdb83b633
320302c1-d0da-11f0-9ba0-fc3fdb83b633,LDV-2563,,2007-07-26,,,,3190d0d5-d0da-11f0-9ba0-fc3fdb83b633,false,,true,302f2f52-d0da-11f0-9ba0-fc3fdb83b633
32030545-d0da-11f0-9ba0-fc3fdb83b633,LDV-2564,,2007-07-26,,,,3190d0d5-d0da-11f0-9ba0-fc3fdb83b633,false,,true,302f2f7f-d0da-11f0-9ba0-fc3fdb83b633
320307de-d0da-11f0-9ba0-fc3fdb83b633,LDV-2605,,2007-08-09,,,,3190cd50-d0da-11f0-9ba0-fc3fdb83b633,false,,true,302f2fab-d0da-11f0-9ba0-fc3fdb83b633
32030a34-d0da-11f0-9ba0-fc3fdb83b633,LDV-2607,,2007-08-09,,,,3190cd50-d0da-11f0-9ba0-fc3fdb83b633,false,,true,302f2fd7-d0da-11f0-9ba0-fc3fdb83b633
32030e6d-d0da-11f0-9ba0-fc3fdb83b633,LDV-2611,,2007-08-09,,,,3190cd50-d0da-11f0-9ba0-fc3fdb83b633,false,,true,302f3004-d0da-11f0-9ba0-fc3fdb83b633
320310d9-d0da-11f0-9ba0-fc3fdb83b633,LDV-2612,,2007-08-09,,,,3190cd50-d0da-11f0-9ba0-fc3fdb83b633,false,,true,302ea75c-d0da-11f0-9ba0-fc3fdb83b633
3203147e-d0da-11f0-9ba0-fc3fdb83b633,LDV-2613,,2007-08-09,,,,3190cd50-d0da-11f0-9ba0-fc3fdb83b633,false,,true,302f302f-d0da-11f0-9ba0-fc3fdb83b633
32031800-d0da-11f0-9ba0-fc3fdb83b633,LDV-2614,,2007-08-09,,,,3190cd50-d0da-11f0-9ba0-fc3fdb83b633,false,,true,302f305a-d0da-11f0-9ba0-fc3fdb83b633
32031ad4-d0da-11f0-9ba0-fc3fdb83b633,LDV-2615,,2007-08-09,,,,,false,,true,302f3088-d0da-11f0-9ba0-fc3fdb83b633
32031ce4-d0da-11f0-9ba0-fc3fdb83b633,LDV-2618,,2007-08-09,,,,,false,,true,302f30b6-d0da-11f0-9ba0-fc3fdb83b633
32031ef0-d0da-11f0-9ba0-fc3fdb83b633,LDV-2619,,2007-08-09,,,,,false,,true,302ece6c-d0da-11f0-9ba0-fc3fdb83b633
32032121-d0da-11f0-9ba0-fc3fdb83b633,LDV-2620,,2007-08-09,,,,,false,,true,302f30e4-d0da-11f0-9ba0-fc3fdb83b633
32032328-d0da-11f0-9ba0-fc3fdb83b633,LDV-2621,,2007-08-09,,,,,false,,true,302f3112-d0da-11f0-9ba0-fc3fdb83b633
32032527-d0da-11f0-9ba0-fc3fdb83b633,LDV-2622,,2007-08-09,,,,,false,,true,302f3140-d0da-11f0-9ba0-fc3fdb83b633
32032727-d0da-11f0-9ba0-fc3fdb83b633,LDV-2623,,2007-08-09,,,,,false,,true,302f316d-d0da-11f0-9ba0-fc3fdb83b633
32032937-d0da-11f0-9ba0-fc3fdb83b633,LDV-2624,,2007-08-09,,,,,false,,true,302f319b-d0da-11f0-9ba0-fc3fdb83b633
32032b61-d0da-11f0-9ba0-fc3fdb83b633,LDV-2658,,2007-08-23,,,,3190d027-d0da-11f0-9ba0-fc3fdb83b633,false,,true,302f31c8-d0da-11f0-9ba0-fc3fdb83b633
32032dd9-d0da-11f0-9ba0-fc3fdb83b633,LDV-2659,,2007-08-23,,,,3190d027-d0da-11f0-9ba0-fc3fdb83b633,false,,true,302f31f6-d0da-11f0-9ba0-fc3fdb83b633
32033056-d0da-11f0-9ba0-fc3fdb83b633,LDV-2660,,2007-08-23,,,,3190d027-d0da-11f0-9ba0-fc3fdb83b633,false,,true,302f3224-d0da-11f0-9ba0-fc3fdb83b633
3203334f-d0da-11f0-9ba0-fc3fdb83b633,LDV-2661,,2007-08-23,,,,3190d027-d0da-11f0-9ba0-fc3fdb83b633,false,,true,302f3251-d0da-11f0-9ba0-fc3fdb83b633
320335f4-d0da-11f0-9ba0-fc3fdb83b633,LDV-2663,,2007-08-23,,,,3190d027-d0da-11f0-9ba0-fc3fdb83b633,false,,true,302f327e-d0da-11f0-9ba0-fc3fdb83b633
320338a7-d0da-11f0-9ba0-fc3fdb83b633,LDV-2664,,2007-08-23,,,,3190d027-d0da-11f0-9ba0-fc3fdb83b633,false,,true,302f32ae-d0da-11f0-9ba0-fc3fdb83b633
32033b44-d0da-11f0-9ba0-fc3fdb83b633,LDV-2665,,2007-08-23,,,,3190d027-d0da-11f0-9ba0-fc3fdb83b633,false,,true,302f32db-d0da-11f0-9ba0-fc3fdb83b633
32033df9-d0da-11f0-9ba0-fc3fdb83b633,LDV-2666,,2007-08-23,,,,3190d027-d0da-11f0-9ba0-fc3fdb83b633,false,,true,302f3308-d0da-11f0-9ba0-fc3fdb83b633
320340ba-d0da-11f0-9ba0-fc3fdb83b633,LDV-2667,,2007-08-23,,,,3190d027-d0da-11f0-9ba0-fc3fdb83b633,false,,true,302f3335-d0da-11f0-9ba0-fc3fdb83b633
32034373-d0da-11f0-9ba0-fc3fdb83b633,LDV-2668,,2007-08-23,,,,3190d027-d0da-11f0-9ba0-fc3fdb83b633,false,,true,302f3363-d0da-11f0-9ba0-fc3fdb83b633
3203460a-d0da-11f0-9ba0-fc3fdb83b633,LDV-2669,,2007-08-23,,,,3190d027-d0da-11f0-9ba0-fc3fdb83b633,false,,true,302f3390-d0da-11f0-9ba0-fc3fdb83b633
320348b8-d0da-11f0-9ba0-fc3fdb83b633,LDV-2670,,2007-08-23,,,,3190d027-d0da-11f0-9ba0-fc3fdb83b633,false,,true,302f33bd-d0da-11f0-9ba0-fc3fdb83b633
32034b77-d0da-11f0-9ba0-fc3fdb83b633,LDV-2671,,2007-08-23,,,,3190d027-d0da-11f0-9ba0-fc3fdb83b633,false,,true,302f33ea-d0da-11f0-9ba0-fc3fdb83b633
32034e35-d0da-11f0-9ba0-fc3fdb83b633,LDV-2672,,2007-08-23,,,,3190d027-d0da-11f0-9ba0-fc3fdb83b633,false,,true,302f3418-d0da-11f0-9ba0-fc3fdb83b633
320350db-d0da-11f0-9ba0-fc3fdb83b633,LDV-2673,,2007-08-23,,,,3190d027-d0da-11f0-9ba0-fc3fdb83b633,false,,true,302f3446-d0da-11f0-9ba0-fc3fdb83b633
32035390-d0da-11f0-9ba0-fc3fdb83b633,LDV-2674,,2007-08-23,,,,3190d027-d0da-11f0-9ba0-fc3fdb83b633,false,,true,302f3472-d0da-11f0-9ba0-fc3fdb83b633
3203565f-d0da-11f0-9ba0-fc3fdb83b633,LDV-2675,,2007-08-23,,,,3190c550-d0da-11f0-9ba0-fc3fdb83b633,false,,true,302f34fc-d0da-11f0-9ba0-fc3fdb83b633
3203591e-d0da-11f0-9ba0-fc3fdb83b633,LDV-2676,,2007-08-23,,,,3190c550-d0da-11f0-9ba0-fc3fdb83b633,false,,true,302f3532-d0da-11f0-9ba0-fc3fdb83b633
32035ba6-d0da-11f0-9ba0-fc3fdb83b633,LDV-2677,,2007-08-23,,,,3190c550-d0da-11f0-9ba0-fc3fdb83b633,false,,true,302f3564-d0da-11f0-9ba0-fc3fdb83b633
32035e35-d0da-11f0-9ba0-fc3fdb83b633,LDV-2678,,2007-08-23,,,,3190c550-d0da-11f0-9ba0-fc3fdb83b633,false,,true,302f3596-d0da-11f0-9ba0-fc3fdb83b633
320360cb-d0da-11f0-9ba0-fc3fdb83b633,LDV-2679,,2007-08-23,,,,3190c550-d0da-11f0-9ba0-fc3fdb83b633,false,,true,302f35c4-d0da-11f0-9ba0-fc3fdb83b633
32036379-d0da-11f0-9ba0-fc3fdb83b633,LDV-2680,,2007-08-23,,,,3190c550-d0da-11f0-9ba0-fc3fdb83b633,false,,true,302e74cb-d0da-11f0-9ba0-fc3fdb83b633
32036638-d0da-11f0-9ba0-fc3fdb83b633,LDV-2681,,2007-08-23,,,,3190c550-d0da-11f0-9ba0-fc3fdb83b633,false,,true,302ed7c5-d0da-11f0-9ba0-fc3fdb83b633
32036912-d0da-11f0-9ba0-fc3fdb83b633,LDV-2682,,2007-08-23,,,,3190c550-d0da-11f0-9ba0-fc3fdb83b633,false,,true,302f35f3-d0da-11f0-9ba0-fc3fdb83b633
32036bd2-d0da-11f0-9ba0-fc3fdb83b633,LDV-2683,,2007-08-23,,,,3190c550-d0da-11f0-9ba0-fc3fdb83b633,false,,true,302f3674-d0da-11f0-9ba0-fc3fdb83b633
32036e8f-d0da-11f0-9ba0-fc3fdb83b633,LDV-2684,,2007-08-23,,,,3190c550-d0da-11f0-9ba0-fc3fdb83b633,false,,true,302f36a7-d0da-11f0-9ba0-fc3fdb83b633
3203713c-d0da-11f0-9ba0-fc3fdb83b633,LDV-2685,,2007-08-23,,,,3190c550-d0da-11f0-9ba0-fc3fdb83b633,false,,true,302f36d4-d0da-11f0-9ba0-fc3fdb83b633
320373f6-d0da-11f0-9ba0-fc3fdb83b633,LDV-2686,,2007-08-23,,,,3190c550-d0da-11f0-9ba0-fc3fdb83b633,false,,true,302f3701-d0da-11f0-9ba0-fc3fdb83b633
320376b7-d0da-11f0-9ba0-fc3fdb83b633,LDV-2687,,2007-08-23,,,,3190c550-d0da-11f0-9ba0-fc3fdb83b633,false,,true,302f372e-d0da-11f0-9ba0-fc3fdb83b633
32037980-d0da-11f0-9ba0-fc3fdb83b633,LDV-2688,,2007-09-06,,,,3190db4f-d0da-11f0-9ba0-fc3fdb83b633,false,,true,302f375a-d0da-11f0-9ba0-fc3fdb83b633
32037c02-d0da-11f0-9ba0-fc3fdb83b633,LDV-2689,,2007-09-06,,,,3190db4f-d0da-11f0-9ba0-fc3fdb83b633,false,,true,302f3786-d0da-11f0-9ba0-fc3fdb83b633
32037e8a-d0da-11f0-9ba0-fc3fdb83b633,LDV-2691,,2007-09-06,,,,3190db4f-d0da-11f0-9ba0-fc3fdb83b633,false,,true,302f37b1-d0da-11f0-9ba0-fc3fdb83b633
32038174-d0da-11f0-9ba0-fc3fdb83b633,LDV-2692,,2007-09-06,,,,3190db4f-d0da-11f0-9ba0-fc3fdb83b633,false,,true,302f37dc-d0da-11f0-9ba0-fc3fdb83b633
32038412-d0da-11f0-9ba0-fc3fdb83b633,LDV-2693,,2007-09-06,,,,3190c976-d0da-11f0-9ba0-fc3fdb83b633,false,,true,302f3808-d0da-11f0-9ba0-fc3fdb83b633
3203868c-d0da-11f0-9ba0-fc3fdb83b633,LDV-2694,,2007-09-06,,,,3190c976-d0da-11f0-9ba0-fc3fdb83b633,false,,true,302f3833-d0da-11f0-9ba0-fc3fdb83b633
32038915-d0da-11f0-9ba0-fc3fdb83b633,LDV-2695,,2007-09-06,,,,3190c976-d0da-11f0-9ba0-fc3fdb83b633,false,,true,302f385e-d0da-11f0-9ba0-fc3fdb83b633
32038ba8-d0da-11f0-9ba0-fc3fdb83b633,LDV-2696,,2007-09-06,,,,3190c976-d0da-11f0-9ba0-fc3fdb83b633,false,,true,302f3889-d0da-11f0-9ba0-fc3fdb83b633
32038e1f-d0da-11f0-9ba0-fc3fdb83b633,LDV-2697,,2007-09-06,,,,3190c976-d0da-11f0-9ba0-fc3fdb83b633,false,,true,302ef88d-d0da-11f0-9ba0-fc3fdb83b633
32039106-d0da-11f0-9ba0-fc3fdb83b633,LDV-2698,,2007-09-06,,,,3190c976-d0da-11f0-9ba0-fc3fdb83b633,false,,true,302f38b4-d0da-11f0-9ba0-fc3fdb83b633
320393ba-d0da-11f0-9ba0-fc3fdb83b633,LDV-2699,,2007-09-06,,,,3190c976-d0da-11f0-9ba0-fc3fdb83b633,false,,true,302f38df-d0da-11f0-9ba0-fc3fdb83b633
32039680-d0da-11f0-9ba0-fc3fdb83b633,LDV-2700,,2007-09-06,,,,3190c976-d0da-11f0-9ba0-fc3fdb83b633,false,,true,302f390a-d0da-11f0-9ba0-fc3fdb83b633
32039921-d0da-11f0-9ba0-fc3fdb83b633,LDV-2701,,2007-09-06,,,,3190c976-d0da-11f0-9ba0-fc3fdb83b633,false,,true,302e94c2-d0da-11f0-9ba0-fc3fdb83b633
32039bde-d0da-11f0-9ba0-fc3fdb83b633,LDV-2702,,2007-09-06,,,,3190c976-d0da-11f0-9ba0-fc3fdb83b633,false,,true,302f3935-d0da-11f0-9ba0-fc3fdb83b633
32039e9a-d0da-11f0-9ba0-fc3fdb83b633,LDV-2703,,2007-09-06,,,,3190c976-d0da-11f0-9ba0-fc3fdb83b633,false,,true,302f3962-d0da-11f0-9ba0-fc3fdb83b633
3203a15e-d0da-11f0-9ba0-fc3fdb83b633,LDV-2704,,2007-09-06,,,,3190c976-d0da-11f0-9ba0-fc3fdb83b633,false,,true,302f398d-d0da-11f0-9ba0-fc3fdb83b633
3203a3f0-d0da-11f0-9ba0-fc3fdb83b633,LDV-2705,,2007-09-06,,,,3190c976-d0da-11f0-9ba0-fc3fdb83b633,false,,true,302f39b8-d0da-11f0-9ba0-fc3fdb83b633
3203a941-d0da-11f0-9ba0-fc3fdb83b633,LDV-2706,,2007-09-06,,,,3190c976-d0da-11f0-9ba0-fc3fdb83b633,false,,true,302f39e3-d0da-11f0-9ba0-fc3fdb83b633
3203acbe-d0da-11f0-9ba0-fc3fdb83b633,LDV-2707,,2007-09-06,,,,3190c976-d0da-11f0-9ba0-fc3fdb83b633,false,,true,302f3a0e-d0da-11f0-9ba0-fc3fdb83b633
3203af7e-d0da-11f0-9ba0-fc3fdb83b633,LDV-2708,,2007-09-06,,,,3190c976-d0da-11f0-9ba0-fc3fdb83b633,false,,true,302f3a39-d0da-11f0-9ba0-fc3fdb83b633
3203b159-d0da-11f0-9ba0-fc3fdb83b633,LDV-2709,,2007-09-06,,,,3190c976-d0da-11f0-9ba0-fc3fdb83b633,false,,true,302f3a64-d0da-11f0-9ba0-fc3fdb83b633
3203b2eb-d0da-11f0-9ba0-fc3fdb83b633,LDV-2710,,2007-09-06,,,,3190c976-d0da-11f0-9ba0-fc3fdb83b633,false,,true,302f3a8e-d0da-11f0-9ba0-fc3fdb83b633
3203b47d-d0da-11f0-9ba0-fc3fdb83b633,LDV-2711,,2007-09-06,,,,3190c93a-d0da-11f0-9ba0-fc3fdb83b633,false,,false,
3203b5cc-d0da-11f0-9ba0-fc3fdb83b633,LDV-2712,,2007-09-06,,,,3190c93a-d0da-11f0-9ba0-fc3fdb83b633,false,,true,302f3abb-d0da-11f0-9ba0-fc3fdb83b633
3203b73b-d0da-11f0-9ba0-fc3fdb83b633,LDV-2713,,2007-09-06,,,,3190c93a-d0da-11f0-9ba0-fc3fdb83b633,false,,true,302f3ae5-d0da-11f0-9ba0-fc3fdb83b633
3203b8b2-d0da-11f0-9ba0-fc3fdb83b633,LDV-2714,,2007-09-06,,,,3190c93a-d0da-11f0-9ba0-fc3fdb83b633,false,,true,302ea57b-d0da-11f0-9ba0-fc3fdb83b633
3203bad9-d0da-11f0-9ba0-fc3fdb83b633,LDV-2715,,2007-09-06,,,,3190c93a-d0da-11f0-9ba0-fc3fdb83b633,false,,true,302f3b0f-d0da-11f0-9ba0-fc3fdb83b633
3203c495-d0da-11f0-9ba0-fc3fdb83b633,LDV-2716,,2007-09-06,,,,3190c93a-d0da-11f0-9ba0-fc3fdb83b633,false,,true,302f0e45-d0da-11f0-9ba0-fc3fdb83b633
3203c7a3-d0da-11f0-9ba0-fc3fdb83b633,LDV-2717,,2007-09-06,,,,3190c93a-d0da-11f0-9ba0-fc3fdb83b633,false,,true,302f0e8d-d0da-11f0-9ba0-fc3fdb83b633
3203ca89-d0da-11f0-9ba0-fc3fdb83b633,LDV-2760,,2007-09-20,,,,3190cbb6-d0da-11f0-9ba0-fc3fdb83b633,false,,true,302f0871-d0da-11f0-9ba0-fc3fdb83b633
3203cf11-d0da-11f0-9ba0-fc3fdb83b633,LDV-2761,,2007-09-20,,,,3190cbb6-d0da-11f0-9ba0-fc3fdb83b633,false,,true,302f3b3c-d0da-11f0-9ba0-fc3fdb83b633
3203d1d0-d0da-11f0-9ba0-fc3fdb83b633,LDV-2762,,2007-09-20,,,,3190cbb6-d0da-11f0-9ba0-fc3fdb83b633,false,,true,302f3b6a-d0da-11f0-9ba0-fc3fdb83b633
3203d46f-d0da-11f0-9ba0-fc3fdb83b633,LDV-2763,,2007-09-20,,,,3190cbb6-d0da-11f0-9ba0-fc3fdb83b633,false,,true,302f3b97-d0da-11f0-9ba0-fc3fdb83b633
3203daf3-d0da-11f0-9ba0-fc3fdb83b633,LDV-2764,,2007-09-20,,,,3190cbb6-d0da-11f0-9ba0-fc3fdb83b633,false,,true,302f3bc3-d0da-11f0-9ba0-fc3fdb83b633
3203ddc3-d0da-11f0-9ba0-fc3fdb83b633,LDV-2765,,2007-09-20,,,,3190cbb6-d0da-11f0-9ba0-fc3fdb83b633,false,,true,302f2de5-d0da-11f0-9ba0-fc3fdb83b633
3203e0a6-d0da-11f0-9ba0-fc3fdb83b633,LDV-2766,,2007-09-20,,,,3190cbb6-d0da-11f0-9ba0-fc3fdb83b633,false,,true,302f3bef-d0da-11f0-9ba0-fc3fdb83b633
3203e37f-d0da-11f0-9ba0-fc3fdb83b633,LDV-2767,,2007-09-20,,,,3190cbb6-d0da-11f0-9ba0-fc3fdb83b633,false,,true,302f3c1c-d0da-11f0-9ba0-fc3fdb83b633
3203e67b-d0da-11f0-9ba0-fc3fdb83b633,LDV-2768,,2007-09-20,,,,3190cbb6-d0da-11f0-9ba0-fc3fdb83b633,false,,true,302f3c48-d0da-11f0-9ba0-fc3fdb83b633
3203e987-d0da-11f0-9ba0-fc3fdb83b633,LDV-2769,,2007-09-20,,,,3190cbb6-d0da-11f0-9ba0-fc3fdb83b633,false,,true,302f3c75-d0da-11f0-9ba0-fc3fdb83b633
3203ec74-d0da-11f0-9ba0-fc3fdb83b633,LDV-2770,,2007-09-20,,,,3190c644-d0da-11f0-9ba0-fc3fdb83b633,false,,true,302f3ca1-d0da-11f0-9ba0-fc3fdb83b633
3203ef0c-d0da-11f0-9ba0-fc3fdb83b633,LDV-2771,,2007-09-20,,,,3190c644-d0da-11f0-9ba0-fc3fdb83b633,false,,true,302f3cce-d0da-11f0-9ba0-fc3fdb83b633
3203f198-d0da-11f0-9ba0-fc3fdb83b633,LDV-2772,,2007-09-20,,,,3190c644-d0da-11f0-9ba0-fc3fdb83b633,false,,true,302f3cfa-d0da-11f0-9ba0-fc3fdb83b633
3203f43d-d0da-11f0-9ba0-fc3fdb83b633,LDV-2773,,2007-09-20,,,,3190c644-d0da-11f0-9ba0-fc3fdb83b633,false,,true,302f2c77-d0da-11f0-9ba0-fc3fdb83b633
3203f735-d0da-11f0-9ba0-fc3fdb83b633,LDV-2774,,2007-09-20,,,,3190c644-d0da-11f0-9ba0-fc3fdb83b633,false,,true,302f2f52-d0da-11f0-9ba0-fc3fdb83b633
3203fb8e-d0da-11f0-9ba0-fc3fdb83b633,LDV-2775,,2007-09-20,,,,3190c644-d0da-11f0-9ba0-fc3fdb83b633,false,,true,302f3d26-d0da-11f0-9ba0-fc3fdb83b633
3203fe4a-d0da-11f0-9ba0-fc3fdb83b633,LDV-2776,,2007-09-20,,,,3190c644-d0da-11f0-9ba0-fc3fdb83b633,false,,true,302f3d52-d0da-11f0-9ba0-fc3fdb83b633
320401ed-d0da-11f0-9ba0-fc3fdb83b633,LDV-2777,,2007-09-20,,,,3190c644-d0da-11f0-9ba0-fc3fdb83b633,false,,true,302f3d7f-d0da-11f0-9ba0-fc3fdb83b633
320404a5-d0da-11f0-9ba0-fc3fdb83b633,LDV-2779,,2007-09-20,,,,3190c644-d0da-11f0-9ba0-fc3fdb83b633,false,,true,302f3dac-d0da-11f0-9ba0-fc3fdb83b633
32040778-d0da-11f0-9ba0-fc3fdb83b633,LDV-2780,,2007-09-20,,,,3190c644-d0da-11f0-9ba0-fc3fdb83b633,false,,true,302f3dd8-d0da-11f0-9ba0-fc3fdb83b633
32040a28-d0da-11f0-9ba0-fc3fdb83b633,LDV-2781,,2007-09-20,,,,3190c5ca-d0da-11f0-9ba0-fc3fdb83b633,false,,true,302f3e04-d0da-11f0-9ba0-fc3fdb83b633
32040c8e-d0da-11f0-9ba0-fc3fdb83b633,LDV-2782,,2007-09-20,,,,3190c5ca-d0da-11f0-9ba0-fc3fdb83b633,false,,true,302f3e31-d0da-11f0-9ba0-fc3fdb83b633
32040ef9-d0da-11f0-9ba0-fc3fdb83b633,LDV-2783,,2007-09-20,,,,3190c5ca-d0da-11f0-9ba0-fc3fdb83b633,false,,true,302f3e5d-d0da-11f0-9ba0-fc3fdb83b633
3204116c-d0da-11f0-9ba0-fc3fdb83b633,LDV-2784,,2007-09-20,,,,3190c5ca-d0da-11f0-9ba0-fc3fdb83b633,false,,true,302f3e89-d0da-11f0-9ba0-fc3fdb83b633
320413ef-d0da-11f0-9ba0-fc3fdb83b633,LDV-2785,,2007-09-20,,,,3190c5ca-d0da-11f0-9ba0-fc3fdb83b633,false,,true,302f3eb5-d0da-11f0-9ba0-fc3fdb83b633
320416a0-d0da-11f0-9ba0-fc3fdb83b633,LDV-2786,,2007-09-20,,,,3190c5ca-d0da-11f0-9ba0-fc3fdb83b633,false,,true,302f3ee2-d0da-11f0-9ba0-fc3fdb83b633
32041948-d0da-11f0-9ba0-fc3fdb83b633,LDV-2787,,2007-09-20,,,,3190c5ca-d0da-11f0-9ba0-fc3fdb83b633,false,,true,302f3564-d0da-11f0-9ba0-fc3fdb83b633
32041ec0-d0da-11f0-9ba0-fc3fdb83b633,LDV-2788,,2007-09-20,,,,3190c5ca-d0da-11f0-9ba0-fc3fdb83b633,false,,true,302f3f0d-d0da-11f0-9ba0-fc3fdb83b633
3204222a-d0da-11f0-9ba0-fc3fdb83b633,LDV-2789,,2007-09-20,,,,3190c5ca-d0da-11f0-9ba0-fc3fdb83b633,false,,true,302f3f3a-d0da-11f0-9ba0-fc3fdb83b633
32042814-d0da-11f0-9ba0-fc3fdb83b633,LDV-2790,,2007-10-05,,,,3190c9bc-d0da-11f0-9ba0-fc3fdb83b633,false,,true,302ea537-d0da-11f0-9ba0-fc3fdb83b633
32042af4-d0da-11f0-9ba0-fc3fdb83b633,LDV-2791,,2007-10-05,,,,3190c9bc-d0da-11f0-9ba0-fc3fdb83b633,false,,true,302f3f64-d0da-11f0-9ba0-fc3fdb83b633
32042d6d-d0da-11f0-9ba0-fc3fdb83b633,LDV-2792,,2007-10-05,,,,3190c9bc-d0da-11f0-9ba0-fc3fdb83b633,false,,true,302f3f90-d0da-11f0-9ba0-fc3fdb83b633
32042fe9-d0da-11f0-9ba0-fc3fdb83b633,LDV-2793,,2007-10-05,,,,3190c9bc-d0da-11f0-9ba0-fc3fdb83b633,false,,true,302f25ea-d0da-11f0-9ba0-fc3fdb83b633
32043290-d0da-11f0-9ba0-fc3fdb83b633,LDV-2794,,2007-10-05,,,,3190c9bc-d0da-11f0-9ba0-fc3fdb83b633,false,,true,302f3fbb-d0da-11f0-9ba0-fc3fdb83b633
32043541-d0da-11f0-9ba0-fc3fdb83b633,LDV-2795,,2007-10-18,,,,3190d45d-d0da-11f0-9ba0-fc3fdb83b633,false,,true,302f3fe8-d0da-11f0-9ba0-fc3fdb83b633
320437a8-d0da-11f0-9ba0-fc3fdb83b633,LDV-2796,,2007-10-18,,,,3190d45d-d0da-11f0-9ba0-fc3fdb83b633,false,,true,302f4015-d0da-11f0-9ba0-fc3fdb83b633
32043a10-d0da-11f0-9ba0-fc3fdb83b633,LDV-2797,,2007-10-18,,,,3190d45d-d0da-11f0-9ba0-fc3fdb83b633,false,,true,302f4042-d0da-11f0-9ba0-fc3fdb83b633
32043c7d-d0da-11f0-9ba0-fc3fdb83b633,LDV-2798,,2007-10-18,,,,3190d45d-d0da-11f0-9ba0-fc3fdb83b633,false,,true,302f406f-d0da-11f0-9ba0-fc3fdb83b633
32043efa-d0da-11f0-9ba0-fc3fdb83b633,LDV-2799,,2007-10-18,,,,3190d45d-d0da-11f0-9ba0-fc3fdb83b633,false,,true,302f409b-d0da-11f0-9ba0-fc3fdb83b633
320441a1-d0da-11f0-9ba0-fc3fdb83b633,LDV-2800,,2007-10-18,,,,3190d45d-d0da-11f0-9ba0-fc3fdb83b633,false,,true,302f40c8-d0da-11f0-9ba0-fc3fdb83b633
32044492-d0da-11f0-9ba0-fc3fdb83b633,LDV-2801,,2007-10-18,,,,3190d45d-d0da-11f0-9ba0-fc3fdb83b633,false,,true,302f40f5-d0da-11f0-9ba0-fc3fdb83b633
32044737-d0da-11f0-9ba0-fc3fdb83b633,LDV-2802,,2007-10-18,,,,3190d45d-d0da-11f0-9ba0-fc3fdb83b633,false,,true,302f4122-d0da-11f0-9ba0-fc3fdb83b633
320449dc-d0da-11f0-9ba0-fc3fdb83b633,LDV-2803,,2007-10-18,,,,3190d45d-d0da-11f0-9ba0-fc3fdb83b633,false,,true,302f414c-d0da-11f0-9ba0-fc3fdb83b633
32044c8f-d0da-11f0-9ba0-fc3fdb83b633,LDV-2804,,2007-10-18,,,,3190d45d-d0da-11f0-9ba0-fc3fdb83b633,false,,true,302f4179-d0da-11f0-9ba0-fc3fdb83b633
32044f23-d0da-11f0-9ba0-fc3fdb83b633,LDV-2805,,2007-10-18,,,,3190d45d-d0da-11f0-9ba0-fc3fdb83b633,false,,true,302f41a6-d0da-11f0-9ba0-fc3fdb83b633
320451c5-d0da-11f0-9ba0-fc3fdb83b633,LDV-2806,,2007-10-18,,,,3190d45d-d0da-11f0-9ba0-fc3fdb83b633,false,,true,302e7889-d0da-11f0-9ba0-fc3fdb83b633
320454d8-d0da-11f0-9ba0-fc3fdb83b633,LDV-2807,,2007-10-18,,,,3190d45d-d0da-11f0-9ba0-fc3fdb83b633,false,,true,302f41d3-d0da-11f0-9ba0-fc3fdb83b633
32045792-d0da-11f0-9ba0-fc3fdb83b633,LDV-2809,,2007-10-18,,,,3190d45d-d0da-11f0-9ba0-fc3fdb83b633,false,,true,302f4200-d0da-11f0-9ba0-fc3fdb83b633
32045a2f-d0da-11f0-9ba0-fc3fdb83b633,LDV-2810,,2007-10-18,,,,3190d45d-d0da-11f0-9ba0-fc3fdb83b633,false,,true,302f422d-d0da-11f0-9ba0-fc3fdb83b633
32045cdd-d0da-11f0-9ba0-fc3fdb83b633,LDV-2812,,2007-10-18,,,,3190d45d-d0da-11f0-9ba0-fc3fdb83b633,false,,true,302f425d-d0da-11f0-9ba0-fc3fdb83b633
32045f98-d0da-11f0-9ba0-fc3fdb83b633,LDV-2813,,2007-10-18,,,,3190d45d-d0da-11f0-9ba0-fc3fdb83b633,false,,true,302f428a-d0da-11f0-9ba0-fc3fdb83b633
3204625f-d0da-11f0-9ba0-fc3fdb83b633,LDV-2815,,2007-10-18,,,,3190d45d-d0da-11f0-9ba0-fc3fdb83b633,false,,true,302f42b6-d0da-11f0-9ba0-fc3fdb83b633
320464e9-d0da-11f0-9ba0-fc3fdb83b633,LDV-2816,,2007-10-18,,,,3190d45d-d0da-11f0-9ba0-fc3fdb83b633,false,,true,302f42e2-d0da-11f0-9ba0-fc3fdb83b633
32046783-d0da-11f0-9ba0-fc3fdb83b633,LDV-2817,,2007-10-18,,,,3190d45d-d0da-11f0-9ba0-fc3fdb83b633,false,,true,302f4310-d0da-11f0-9ba0-fc3fdb83b633
32046a54-d0da-11f0-9ba0-fc3fdb83b633,LDV-2818,,2007-10-18,,,,3190d45d-d0da-11f0-9ba0-fc3fdb83b633,false,,true,302f433b-d0da-11f0-9ba0-fc3fdb83b633
32046d11-d0da-11f0-9ba0-fc3fdb83b633,LDV-2819,,2007-10-18,,,,3190d45d-d0da-11f0-9ba0-fc3fdb83b633,false,,true,302f4368-d0da-11f0-9ba0-fc3fdb83b633
32046fb3-d0da-11f0-9ba0-fc3fdb83b633,LDV-2820,,2007-10-18,,,,3190d45d-d0da-11f0-9ba0-fc3fdb83b633,false,,true,302e8ab9-d0da-11f0-9ba0-fc3fdb83b633
3204726f-d0da-11f0-9ba0-fc3fdb83b633,LDV-2821,,2007-10-18,,,,3190d45d-d0da-11f0-9ba0-fc3fdb83b633,false,,true,302f4394-d0da-11f0-9ba0-fc3fdb83b633
32047520-d0da-11f0-9ba0-fc3fdb83b633,LDV-2823,,2007-10-18,,,,3190d45d-d0da-11f0-9ba0-fc3fdb83b633,false,,true,302efc2c-d0da-11f0-9ba0-fc3fdb83b633
320477f7-d0da-11f0-9ba0-fc3fdb83b633,LDV-2825,,2007-10-25,,,,3190d45d-d0da-11f0-9ba0-fc3fdb83b633,false,,true,302ebc48-d0da-11f0-9ba0-fc3fdb83b633
32047aa9-d0da-11f0-9ba0-fc3fdb83b633,LDV-2826,,2007-10-25,,,,3190d45d-d0da-11f0-9ba0-fc3fdb83b633,false,,true,302f43c1-d0da-11f0-9ba0-fc3fdb83b633
32047d41-d0da-11f0-9ba0-fc3fdb83b633,LDV-2827,,2007-10-25,,,,3190d45d-d0da-11f0-9ba0-fc3fdb83b633,false,,true,302f43ed-d0da-11f0-9ba0-fc3fdb83b633
32047ff1-d0da-11f0-9ba0-fc3fdb83b633,LDV-2828,,2007-10-25,,,,3190d45d-d0da-11f0-9ba0-fc3fdb83b633,false,,true,302f441a-d0da-11f0-9ba0-fc3fdb83b633
320482b7-d0da-11f0-9ba0-fc3fdb83b633,LDV-2829,,2007-10-25,,,,3190d45d-d0da-11f0-9ba0-fc3fdb83b633,false,,true,302f4445-d0da-11f0-9ba0-fc3fdb83b633
3204854f-d0da-11f0-9ba0-fc3fdb83b633,LDV-2830,,2007-11-01,,,,3190e4f1-d0da-11f0-9ba0-fc3fdb83b633,false,,true,302f4473-d0da-11f0-9ba0-fc3fdb83b633
320487b8-d0da-11f0-9ba0-fc3fdb83b633,LDV-2831,,2007-11-01,,,,3190e4f1-d0da-11f0-9ba0-fc3fdb83b633,false,,true,302f449f-d0da-11f0-9ba0-fc3fdb83b633
32048a26-d0da-11f0-9ba0-fc3fdb83b633,LDV-2832,,2007-11-01,,,,3190e4f1-d0da-11f0-9ba0-fc3fdb83b633,false,,true,302f44cb-d0da-11f0-9ba0-fc3fdb83b633
32048ca4-d0da-11f0-9ba0-fc3fdb83b633,LDV-2833,,2007-11-01,,,,3190e4f1-d0da-11f0-9ba0-fc3fdb83b633,false,,true,302eb6f2-d0da-11f0-9ba0-fc3fdb83b633
32048f3d-d0da-11f0-9ba0-fc3fdb83b633,LDV-2834,,2007-11-01,,,,3190e4f1-d0da-11f0-9ba0-fc3fdb83b633,false,,true,302f44f7-d0da-11f0-9ba0-fc3fdb83b633
320493b1-d0da-11f0-9ba0-fc3fdb83b633,LDV-2835,,2007-11-01,,,,3190e4f1-d0da-11f0-9ba0-fc3fdb83b633,false,,true,302f4524-d0da-11f0-9ba0-fc3fdb83b633
3204966c-d0da-11f0-9ba0-fc3fdb83b633,LDV-2836,,2007-11-01,,,,3190e4f1-d0da-11f0-9ba0-fc3fdb83b633,false,,true,302f4550-d0da-11f0-9ba0-fc3fdb83b633
32049a0d-d0da-11f0-9ba0-fc3fdb83b633,LDV-2837,,2007-11-01,,,,3190e4f1-d0da-11f0-9ba0-fc3fdb83b633,false,,true,302f457c-d0da-11f0-9ba0-fc3fdb83b633
32049dfe-d0da-11f0-9ba0-fc3fdb83b633,LDV-2839,,2007-11-01,,,,3190e4f1-d0da-11f0-9ba0-fc3fdb83b633,false,,true,302f45a7-d0da-11f0-9ba0-fc3fdb83b633
3204a0fc-d0da-11f0-9ba0-fc3fdb83b633,LDV-2840,,2007-11-01,,,,3190e546-d0da-11f0-9ba0-fc3fdb83b633,false,,true,302f45d5-d0da-11f0-9ba0-fc3fdb83b633
3204a394-d0da-11f0-9ba0-fc3fdb83b633,LDV-2842,,2007-11-01,,,,3190e546-d0da-11f0-9ba0-fc3fdb83b633,false,,true,302f4601-d0da-11f0-9ba0-fc3fdb83b633
3204a647-d0da-11f0-9ba0-fc3fdb83b633,LDV-2843,,2007-11-01,,,,3190e546-d0da-11f0-9ba0-fc3fdb83b633,false,,true,302f462c-d0da-11f0-9ba0-fc3fdb83b633
3204a902-d0da-11f0-9ba0-fc3fdb83b633,LDV-2845,,2007-11-01,,,,3190e546-d0da-11f0-9ba0-fc3fdb83b633,false,,true,302f4658-d0da-11f0-9ba0-fc3fdb83b633
3204af09-d0da-11f0-9ba0-fc3fdb83b633,LDV-2846,,2007-11-01,,,,3190e546-d0da-11f0-9ba0-fc3fdb83b633,false,,true,302f4686-d0da-11f0-9ba0-fc3fdb83b633
3204b1d3-d0da-11f0-9ba0-fc3fdb83b633,LDV-2847,,2007-11-01,,,,3190e546-d0da-11f0-9ba0-fc3fdb83b633,false,,true,302f46b2-d0da-11f0-9ba0-fc3fdb83b633
3204b480-d0da-11f0-9ba0-fc3fdb83b633,LDV-2848,,2007-11-01,,,,3190e546-d0da-11f0-9ba0-fc3fdb83b633,false,,true,302f46dd-d0da-11f0-9ba0-fc3fdb83b633
3204b736-d0da-11f0-9ba0-fc3fdb83b633,LDV-2849,,2007-11-01,,,,3190e546-d0da-11f0-9ba0-fc3fdb83b633,false,,true,302f4709-d0da-11f0-9ba0-fc3fdb83b633
3204b9fd-d0da-11f0-9ba0-fc3fdb83b633,LDV-2850,,2007-11-01,,,,3190e546-d0da-11f0-9ba0-fc3fdb83b633,false,,true,302efcc6-d0da-11f0-9ba0-fc3fdb83b633
3204bd0d-d0da-11f0-9ba0-fc3fdb83b633,LDV-2851,,2007-11-01,,,,3190e546-d0da-11f0-9ba0-fc3fdb83b633,false,,true,302f4736-d0da-11f0-9ba0-fc3fdb83b633
3204bfd8-d0da-11f0-9ba0-fc3fdb83b633,LDV-2852,,2007-11-01,,,,3190e546-d0da-11f0-9ba0-fc3fdb83b633,false,,true,302f4763-d0da-11f0-9ba0-fc3fdb83b633
3204c2b3-d0da-11f0-9ba0-fc3fdb83b633,LDV-2853,,2007-11-01,,,,3190e546-d0da-11f0-9ba0-fc3fdb83b633,false,,true,302f478e-d0da-11f0-9ba0-fc3fdb83b633
3204c5a0-d0da-11f0-9ba0-fc3fdb83b633,LDV-2854,,2007-11-01,,,,3190e546-d0da-11f0-9ba0-fc3fdb83b633,false,,true,302f47ba-d0da-11f0-9ba0-fc3fdb83b633
3204c899-d0da-11f0-9ba0-fc3fdb83b633,LDV-2856,,2007-11-01,,,,3190d060-d0da-11f0-9ba0-fc3fdb83b633,false,,true,302f47e7-d0da-11f0-9ba0-fc3fdb83b633
3204cb26-d0da-11f0-9ba0-fc3fdb83b633,LDV-2857,,2007-11-01,,,,3190d060-d0da-11f0-9ba0-fc3fdb83b633,false,,true,302f4813-d0da-11f0-9ba0-fc3fdb83b633
3204cdad-d0da-11f0-9ba0-fc3fdb83b633,LDV-2858,,2007-11-01,,,,3190d060-d0da-11f0-9ba0-fc3fdb83b633,false,,true,302f483f-d0da-11f0-9ba0-fc3fdb83b633
3204d03e-d0da-11f0-9ba0-fc3fdb83b633,LDV-2859,,2007-11-01,,,,3190d060-d0da-11f0-9ba0-fc3fdb83b633,false,,true,302f486b-d0da-11f0-9ba0-fc3fdb83b633
3204d349-d0da-11f0-9ba0-fc3fdb83b633,LDV-2860,,2007-11-08,,,,3190def7-d0da-11f0-9ba0-fc3fdb83b633,false,,true,302f4896-d0da-11f0-9ba0-fc3fdb83b633
3204d5c8-d0da-11f0-9ba0-fc3fdb83b633,LDV-2861,,2007-11-08,,,,3190def7-d0da-11f0-9ba0-fc3fdb83b633,false,,true,302f48c2-d0da-11f0-9ba0-fc3fdb83b633
3204d8ea-d0da-11f0-9ba0-fc3fdb83b633,LDV-2862,,2007-11-08,,,,3190def7-d0da-11f0-9ba0-fc3fdb83b633,false,,true,302f48ee-d0da-11f0-9ba0-fc3fdb83b633
3204db7c-d0da-11f0-9ba0-fc3fdb83b633,LDV-2863,,2007-11-08,,,,3190def7-d0da-11f0-9ba0-fc3fdb83b633,false,,true,302f4919-d0da-11f0-9ba0-fc3fdb83b633
3204de26-d0da-11f0-9ba0-fc3fdb83b633,LDV-2864,,2007-11-08,,,,3190def7-d0da-11f0-9ba0-fc3fdb83b633,false,,true,302f3f90-d0da-11f0-9ba0-fc3fdb83b633
3204e111-d0da-11f0-9ba0-fc3fdb83b633,LDV-2865,,2007-11-08,,,,3190def7-d0da-11f0-9ba0-fc3fdb83b633,false,,true,302f4946-d0da-11f0-9ba0-fc3fdb83b633
3204e3d6-d0da-11f0-9ba0-fc3fdb83b633,LDV-2866,,2007-11-08,,,,3190def7-d0da-11f0-9ba0-fc3fdb83b633,false,,true,302f4971-d0da-11f0-9ba0-fc3fdb83b633
3204e6b3-d0da-11f0-9ba0-fc3fdb83b633,LDV-2867,,2007-11-08,,,,3190def7-d0da-11f0-9ba0-fc3fdb83b633,false,,true,302f499c-d0da-11f0-9ba0-fc3fdb83b633
3204e99e-d0da-11f0-9ba0-fc3fdb83b633,LDV-2868,,2007-11-08,,,,3190def7-d0da-11f0-9ba0-fc3fdb83b633,false,,true,302e6ebf-d0da-11f0-9ba0-fc3fdb83b633
3204ec9c-d0da-11f0-9ba0-fc3fdb83b633,LDV-2869,,2007-11-08,,,,3190def7-d0da-11f0-9ba0-fc3fdb83b633,false,,true,302f49c6-d0da-11f0-9ba0-fc3fdb83b633
3204ef64-d0da-11f0-9ba0-fc3fdb83b633,LDV-2870,,2007-11-08,,,,3190def7-d0da-11f0-9ba0-fc3fdb83b633,false,,true,302f49f3-d0da-11f0-9ba0-fc3fdb83b633
3204f22a-d0da-11f0-9ba0-fc3fdb83b633,LDV-2871,,2007-11-08,,,,3190def7-d0da-11f0-9ba0-fc3fdb83b633,false,,true,302f194c-d0da-11f0-9ba0-fc3fdb83b633
3204f534-d0da-11f0-9ba0-fc3fdb83b633,LDV-2872,,2007-11-08,,,,3190def7-d0da-11f0-9ba0-fc3fdb83b633,false,,true,302f4a1d-d0da-11f0-9ba0-fc3fdb83b633
3204f8dc-d0da-11f0-9ba0-fc3fdb83b633,LDV-2873,,2007-11-08,,,,3190def7-d0da-11f0-9ba0-fc3fdb83b633,false,,true,302f0cf6-d0da-11f0-9ba0-fc3fdb83b633
3204fb96-d0da-11f0-9ba0-fc3fdb83b633,LDV-2874,,2007-11-08,,,,3190def7-d0da-11f0-9ba0-fc3fdb83b633,false,,true,302ea645-d0da-11f0-9ba0-fc3fdb83b633
3204fe4f-d0da-11f0-9ba0-fc3fdb83b633,LDV-2875,,2007-11-08,,,,3190def7-d0da-11f0-9ba0-fc3fdb83b633,false,,true,302f4a49-d0da-11f0-9ba0-fc3fdb83b633
3205010f-d0da-11f0-9ba0-fc3fdb83b633,LDV-2876,,2007-11-08,,,,3190def7-d0da-11f0-9ba0-fc3fdb83b633,false,,true,302f4a74-d0da-11f0-9ba0-fc3fdb83b633
320503dc-d0da-11f0-9ba0-fc3fdb83b633,LDV-2877,,2007-11-08,,,,3190def7-d0da-11f0-9ba0-fc3fdb83b633,false,,true,302f4a9f-d0da-11f0-9ba0-fc3fdb83b633
32050688-d0da-11f0-9ba0-fc3fdb83b633,LDV-2878,,2007-11-08,,,,3190def7-d0da-11f0-9ba0-fc3fdb83b633,false,,true,302ea4ed-d0da-11f0-9ba0-fc3fdb83b633
32050953-d0da-11f0-9ba0-fc3fdb83b633,LDV-2879,,2007-11-08,,,,3190def7-d0da-11f0-9ba0-fc3fdb83b633,false,,true,302f4aca-d0da-11f0-9ba0-fc3fdb83b633
32050c18-d0da-11f0-9ba0-fc3fdb83b633,LDV-2881,,2007-11-08,,,,3190def7-d0da-11f0-9ba0-fc3fdb83b633,false,,true,302f4af5-d0da-11f0-9ba0-fc3fdb83b633
32050f06-d0da-11f0-9ba0-fc3fdb83b633,LDV-2882,,2007-11-08,,,,3190def7-d0da-11f0-9ba0-fc3fdb83b633,false,,true,302f4b83-d0da-11f0-9ba0-fc3fdb83b633
320511c6-d0da-11f0-9ba0-fc3fdb83b633,LDV-2883,,2007-11-08,,,,3190def7-d0da-11f0-9ba0-fc3fdb83b633,false,,true,302f4bb3-d0da-11f0-9ba0-fc3fdb83b633
3205148b-d0da-11f0-9ba0-fc3fdb83b633,LDV-2884,,2007-11-08,,,,3190def7-d0da-11f0-9ba0-fc3fdb83b633,false,,true,302f398d-d0da-11f0-9ba0-fc3fdb83b633
32051779-d0da-11f0-9ba0-fc3fdb83b633,LDV-2891,,2007-11-23,,,,3190cc63-d0da-11f0-9ba0-fc3fdb83b633,false,,true,302f4be5-d0da-11f0-9ba0-fc3fdb83b633
320519f9-d0da-11f0-9ba0-fc3fdb83b633,LDV-2892,,2007-11-23,,,,3190cc63-d0da-11f0-9ba0-fc3fdb83b633,false,,true,302f4c18-d0da-11f0-9ba0-fc3fdb83b633
32051c71-d0da-11f0-9ba0-fc3fdb83b633,LDV-2893,,2007-11-23,,,,3190dd21-d0da-11f0-9ba0-fc3fdb83b633,false,,true,302f4c46-d0da-11f0-9ba0-fc3fdb83b633
32051f04-d0da-11f0-9ba0-fc3fdb83b633,LDV-2895,,2008-01-17,,,,3190df6e-d0da-11f0-9ba0-fc3fdb83b633,false,,true,302f4c72-d0da-11f0-9ba0-fc3fdb83b633
3205217f-d0da-11f0-9ba0-fc3fdb83b633,LDV-2896,,2008-01-17,,,,3190df6e-d0da-11f0-9ba0-fc3fdb83b633,false,,true,302f4c9e-d0da-11f0-9ba0-fc3fdb83b633
320523ff-d0da-11f0-9ba0-fc3fdb83b633,LDV-2897,,2008-01-17,,,,3190df6e-d0da-11f0-9ba0-fc3fdb83b633,false,,true,302f2fab-d0da-11f0-9ba0-fc3fdb83b633
320526a5-d0da-11f0-9ba0-fc3fdb83b633,LDV-2898,,2008-01-17,,,,3190df6e-d0da-11f0-9ba0-fc3fdb83b633,false,,true,302f3004-d0da-11f0-9ba0-fc3fdb83b633
32052953-d0da-11f0-9ba0-fc3fdb83b633,LDV-2900,,2008-01-17,,,,3190df6e-d0da-11f0-9ba0-fc3fdb83b633,false,,true,302f4ccb-d0da-11f0-9ba0-fc3fdb83b633
32052c0d-d0da-11f0-9ba0-fc3fdb83b633,LDV-2901,,2008-01-17,,,,3190df6e-d0da-11f0-9ba0-fc3fdb83b633,false,,true,302f4cf8-d0da-11f0-9ba0-fc3fdb83b633
32052fcf-d0da-11f0-9ba0-fc3fdb83b633,LDV-2902,,2008-01-17,,,,3190df6e-d0da-11f0-9ba0-fc3fdb83b633,false,,true,302e5a51-d0da-11f0-9ba0-fc3fdb83b633
320532c2-d0da-11f0-9ba0-fc3fdb83b633,LDV-2903,,2008-01-17,,,,3190df6e-d0da-11f0-9ba0-fc3fdb83b633,false,,true,302f2407-d0da-11f0-9ba0-fc3fdb83b633
320535ab-d0da-11f0-9ba0-fc3fdb83b633,LDV-2907,,2008-01-17,,,,3190e483-d0da-11f0-9ba0-fc3fdb83b633,false,,true,302f4d25-d0da-11f0-9ba0-fc3fdb83b633
32053831-d0da-11f0-9ba0-fc3fdb83b633,LDV-2908,,2008-01-17,,,,3190e483-d0da-11f0-9ba0-fc3fdb83b633,false,,true,302f4d52-d0da-11f0-9ba0-fc3fdb83b633
32053ace-d0da-11f0-9ba0-fc3fdb83b633,LDV-2909,,2008-01-17,,,,3190e483-d0da-11f0-9ba0-fc3fdb83b633,false,,true,302f4d7f-d0da-11f0-9ba0-fc3fdb83b633
32053d70-d0da-11f0-9ba0-fc3fdb83b633,LDV-2910,,2008-01-17,,,,3190e483-d0da-11f0-9ba0-fc3fdb83b633,false,,true,302f4dab-d0da-11f0-9ba0-fc3fdb83b633
32054026-d0da-11f0-9ba0-fc3fdb83b633,LDV-2911,,2008-01-17,,,,3190e483-d0da-11f0-9ba0-fc3fdb83b633,false,,true,302f4dd7-d0da-11f0-9ba0-fc3fdb83b633
320542e2-d0da-11f0-9ba0-fc3fdb83b633,LDV-2912,,2008-01-17,,,,3190e483-d0da-11f0-9ba0-fc3fdb83b633,false,,true,302f4e04-d0da-11f0-9ba0-fc3fdb83b633
3205463b-d0da-11f0-9ba0-fc3fdb83b633,LDV-2913,,2008-01-17,,,,3190e483-d0da-11f0-9ba0-fc3fdb83b633,false,,true,302f4e32-d0da-11f0-9ba0-fc3fdb83b633
320548fe-d0da-11f0-9ba0-fc3fdb83b633,LDV-2914,,2008-01-17,,,,3190e483-d0da-11f0-9ba0-fc3fdb83b633,false,,true,302f4e5e-d0da-11f0-9ba0-fc3fdb83b633
32054bd0-d0da-11f0-9ba0-fc3fdb83b633,LDV-2917,,2008-01-17,,,,3190e483-d0da-11f0-9ba0-fc3fdb83b633,false,,true,302f4e8a-d0da-11f0-9ba0-fc3fdb83b633
32054ea6-d0da-11f0-9ba0-fc3fdb83b633,LDV-2918,,2008-01-17,,,,3190e483-d0da-11f0-9ba0-fc3fdb83b633,false,,true,302f4eb7-d0da-11f0-9ba0-fc3fdb83b633
3205515b-d0da-11f0-9ba0-fc3fdb83b633,LDV-2919,,2008-01-10,,,,3190c7e9-d0da-11f0-9ba0-fc3fdb83b633,false,,true,302f2de5-d0da-11f0-9ba0-fc3fdb83b633
320553f7-d0da-11f0-9ba0-fc3fdb83b633,LDV-2920,,2008-01-10,,,,3190c7e9-d0da-11f0-9ba0-fc3fdb83b633,false,,true,302f3d26-d0da-11f0-9ba0-fc3fdb83b633
3205569e-d0da-11f0-9ba0-fc3fdb83b633,LDV-2921,,2008-01-10,,,,3190c7e9-d0da-11f0-9ba0-fc3fdb83b633,false,,true,302f4ee5-d0da-11f0-9ba0-fc3fdb83b633
32055929-d0da-11f0-9ba0-fc3fdb83b633,LDV-2922,,2008-01-10,,,,3190c7e9-d0da-11f0-9ba0-fc3fdb83b633,false,,true,302f4f1a-d0da-11f0-9ba0-fc3fdb83b633
32055bc8-d0da-11f0-9ba0-fc3fdb83b633,LDV-2923,,2008-01-10,,,,3190c7e9-d0da-11f0-9ba0-fc3fdb83b633,false,,true,302f4f49-d0da-11f0-9ba0-fc3fdb83b633
32055e8a-d0da-11f0-9ba0-fc3fdb83b633,LDV-2925,,2008-01-10,,,,3190c7e9-d0da-11f0-9ba0-fc3fdb83b633,false,,true,302f2ca6-d0da-11f0-9ba0-fc3fdb83b633
3205615e-d0da-11f0-9ba0-fc3fdb83b633,LDV-2929,,2008-01-10,,,,3190c7e9-d0da-11f0-9ba0-fc3fdb83b633,false,,true,302f2d30-d0da-11f0-9ba0-fc3fdb83b633
32056421-d0da-11f0-9ba0-fc3fdb83b633,LDV-2930,,2008-01-10,,,,3190c7e9-d0da-11f0-9ba0-fc3fdb83b633,false,,true,302f4f78-d0da-11f0-9ba0-fc3fdb83b633
320566e3-d0da-11f0-9ba0-fc3fdb83b633,LDV-2931,,2008-01-10,,,,3190c7e9-d0da-11f0-9ba0-fc3fdb83b633,false,,true,302f4fa8-d0da-11f0-9ba0-fc3fdb83b633
320569b6-d0da-11f0-9ba0-fc3fdb83b633,LDV-2932,,2008-01-10,,,,3190c7e9-d0da-11f0-9ba0-fc3fdb83b633,false,,true,302f4fd6-d0da-11f0-9ba0-fc3fdb83b633
32056c69-d0da-11f0-9ba0-fc3fdb83b633,LDV-2933,,2008-01-10,,,,3190c7e9-d0da-11f0-9ba0-fc3fdb83b633,false,,true,302f5005-d0da-11f0-9ba0-fc3fdb83b633
32056f21-d0da-11f0-9ba0-fc3fdb83b633,LDV-2934,,2008-01-10,,,,3190e59e-d0da-11f0-9ba0-fc3fdb83b633,false,,true,302f5032-d0da-11f0-9ba0-fc3fdb83b633
320571a4-d0da-11f0-9ba0-fc3fdb83b633,LDV-2935,,2008-01-10,,,,3190e59e-d0da-11f0-9ba0-fc3fdb83b633,false,,true,302f505f-d0da-11f0-9ba0-fc3fdb83b633
3205741c-d0da-11f0-9ba0-fc3fdb83b633,LDV-2936,,2008-01-10,,,,3190e59e-d0da-11f0-9ba0-fc3fdb83b633,false,,true,302f508c-d0da-11f0-9ba0-fc3fdb83b633
320576bb-d0da-11f0-9ba0-fc3fdb83b633,LDV-2937,,2008-01-10,,,,3190e59e-d0da-11f0-9ba0-fc3fdb83b633,false,,true,302f2cd3-d0da-11f0-9ba0-fc3fdb83b633
32057978-d0da-11f0-9ba0-fc3fdb83b633,LDV-2938,,2008-01-10,,,,3190e59e-d0da-11f0-9ba0-fc3fdb83b633,false,,true,302f50b9-d0da-11f0-9ba0-fc3fdb83b633
32057c3c-d0da-11f0-9ba0-fc3fdb83b633,LDV-2939,,2008-01-10,,,,3190e59e-d0da-11f0-9ba0-fc3fdb83b633,false,,true,302f50e7-d0da-11f0-9ba0-fc3fdb83b633
32057fe1-d0da-11f0-9ba0-fc3fdb83b633,LDV-2940,,2008-01-10,,,,3190e59e-d0da-11f0-9ba0-fc3fdb83b633,false,,true,302f2d5c-d0da-11f0-9ba0-fc3fdb83b633
320582e0-d0da-11f0-9ba0-fc3fdb83b633,LDV-2941,,2008-01-10,,,,3190e59e-d0da-11f0-9ba0-fc3fdb83b633,false,,true,302f2e11-d0da-11f0-9ba0-fc3fdb83b633
320585df-d0da-11f0-9ba0-fc3fdb83b633,LDV-2942,,2008-01-10,,,,3190e59e-d0da-11f0-9ba0-fc3fdb83b633,false,,true,302f5114-d0da-11f0-9ba0-fc3fdb83b633
320588ad-d0da-11f0-9ba0-fc3fdb83b633,LDV-2943,,2008-01-10,,,,3190e59e-d0da-11f0-9ba0-fc3fdb83b633,false,,true,302f5141-d0da-11f0-9ba0-fc3fdb83b633
32058cbe-d0da-11f0-9ba0-fc3fdb83b633,LDV-2947,,2008-01-24,,,,3190c606-d0da-11f0-9ba0-fc3fdb83b633,false,,true,302f516d-d0da-11f0-9ba0-fc3fdb83b633
32059007-d0da-11f0-9ba0-fc3fdb83b633,LDV-2948,,2008-01-24,,,,3190c606-d0da-11f0-9ba0-fc3fdb83b633,false,,true,302f519a-d0da-11f0-9ba0-fc3fdb83b633
32059291-d0da-11f0-9ba0-fc3fdb83b633,LDV-2949,,2008-01-24,,,,3190c606-d0da-11f0-9ba0-fc3fdb83b633,false,,true,302f51c9-d0da-11f0-9ba0-fc3fdb83b633
32059524-d0da-11f0-9ba0-fc3fdb83b633,LDV-2950,,2008-01-24,,,,3190c606-d0da-11f0-9ba0-fc3fdb83b633,false,,true,302f51f6-d0da-11f0-9ba0-fc3fdb83b633
320597d4-d0da-11f0-9ba0-fc3fdb83b633,LDV-2951,,2008-01-24,,,,3190c606-d0da-11f0-9ba0-fc3fdb83b633,false,,true,302f5223-d0da-11f0-9ba0-fc3fdb83b633
32059a9b-d0da-11f0-9ba0-fc3fdb83b633,LDV-2952,,2008-01-24,,,,3190c606-d0da-11f0-9ba0-fc3fdb83b633,false,,true,302f5250-d0da-11f0-9ba0-fc3fdb83b633
32059d5f-d0da-11f0-9ba0-fc3fdb83b633,LDV-2953,,2008-01-24,,,,3190c606-d0da-11f0-9ba0-fc3fdb83b633,false,,true,302f2cd3-d0da-11f0-9ba0-fc3fdb83b633
3205a424-d0da-11f0-9ba0-fc3fdb83b633,LDV-2954,,2008-01-24,,,,3190c606-d0da-11f0-9ba0-fc3fdb83b633,false,,true,302f527e-d0da-11f0-9ba0-fc3fdb83b633
3205a74c-d0da-11f0-9ba0-fc3fdb83b633,LDV-2955,,2008-01-24,,,,3190c606-d0da-11f0-9ba0-fc3fdb83b633,false,,true,302f52ac-d0da-11f0-9ba0-fc3fdb83b633
3205aa12-d0da-11f0-9ba0-fc3fdb83b633,LDV-2956,,2008-01-24,,,,3190c606-d0da-11f0-9ba0-fc3fdb83b633,false,,true,302f52d9-d0da-11f0-9ba0-fc3fdb83b633
3205aeb9-d0da-11f0-9ba0-fc3fdb83b633,LDV-2957,,2008-01-24,,,,3190c606-d0da-11f0-9ba0-fc3fdb83b633,false,,true,302f5307-d0da-11f0-9ba0-fc3fdb83b633
3205b1dd-d0da-11f0-9ba0-fc3fdb83b633,LDV-2958,,2008-01-24,,,,3190c606-d0da-11f0-9ba0-fc3fdb83b633,false,,true,302f5335-d0da-11f0-9ba0-fc3fdb83b633
3205ba39-d0da-11f0-9ba0-fc3fdb83b633,LDV-2960,,2008-01-24,,,,3190c606-d0da-11f0-9ba0-fc3fdb83b633,false,,true,302f5363-d0da-11f0-9ba0-fc3fdb83b633
3205be53-d0da-11f0-9ba0-fc3fdb83b633,LDV-2961,,2008-01-24,,,,3190c606-d0da-11f0-9ba0-fc3fdb83b633,false,,true,302f5391-d0da-11f0-9ba0-fc3fdb83b633
3205c154-d0da-11f0-9ba0-fc3fdb83b633,LDV-2962,,2008-01-24,,,,3190c606-d0da-11f0-9ba0-fc3fdb83b633,false,,true,302f53be-d0da-11f0-9ba0-fc3fdb83b633
3205c44e-d0da-11f0-9ba0-fc3fdb83b633,LDV-2963,,2008-01-24,,,,3190c606-d0da-11f0-9ba0-fc3fdb83b633,false,,true,302f53ec-d0da-11f0-9ba0-fc3fdb83b633
3205cbb3-d0da-11f0-9ba0-fc3fdb83b633,LDV-2964,,2008-01-24,,,,3190c606-d0da-11f0-9ba0-fc3fdb83b633,false,,true,302f541a-d0da-11f0-9ba0-fc3fdb83b633
3205cec9-d0da-11f0-9ba0-fc3fdb83b633,LDV-2965,,2008-01-24,,,,3190c606-d0da-11f0-9ba0-fc3fdb83b633,false,,true,302f5447-d0da-11f0-9ba0-fc3fdb83b633
3205d1eb-d0da-11f0-9ba0-fc3fdb83b633,LDV-2966,,2008-01-24,,,,3190c606-d0da-11f0-9ba0-fc3fdb83b633,false,,true,302f5474-d0da-11f0-9ba0-fc3fdb83b633
3205dda8-d0da-11f0-9ba0-fc3fdb83b633,LDV-2967,,2008-01-24,,,,3190c606-d0da-11f0-9ba0-fc3fdb83b633,false,,true,302f54a3-d0da-11f0-9ba0-fc3fdb83b633
3205e0de-d0da-11f0-9ba0-fc3fdb83b633,LDV-2968,,2008-01-24,,,,3190c606-d0da-11f0-9ba0-fc3fdb83b633,false,,true,302f54d0-d0da-11f0-9ba0-fc3fdb83b633
3205e3c0-d0da-11f0-9ba0-fc3fdb83b633,LDV-2969,,2008-01-24,,,,3190c606-d0da-11f0-9ba0-fc3fdb83b633,false,,true,302f54fd-d0da-11f0-9ba0-fc3fdb83b633
3205e6a4-d0da-11f0-9ba0-fc3fdb83b633,LDV-2970,,2008-01-24,,,,3190c606-d0da-11f0-9ba0-fc3fdb83b633,false,,true,302f552b-d0da-11f0-9ba0-fc3fdb83b633
3205e9e3-d0da-11f0-9ba0-fc3fdb83b633,LDV-2971,,2008-01-24,,,,3190c606-d0da-11f0-9ba0-fc3fdb83b633,false,,true,302f2f25-d0da-11f0-9ba0-fc3fdb83b633
3205ed52-d0da-11f0-9ba0-fc3fdb83b633,LDV-2977,,2008-02-01,,,,3190c513-d0da-11f0-9ba0-fc3fdb83b633,false,,true,302eca62-d0da-11f0-9ba0-fc3fdb83b633
3205f0c1-d0da-11f0-9ba0-fc3fdb83b633,LDV-2979,,2008-02-01,,,,3190c513-d0da-11f0-9ba0-fc3fdb83b633,false,,true,302f4445-d0da-11f0-9ba0-fc3fdb83b633
3205f285-d0da-11f0-9ba0-fc3fdb83b633,LDV-2980,,2008-02-07,,,,3190ccda-d0da-11f0-9ba0-fc3fdb83b633,false,,true,302f5557-d0da-11f0-9ba0-fc3fdb83b633
3205f41d-d0da-11f0-9ba0-fc3fdb83b633,LDV-2981,,2008-02-07,,,,3190ccda-d0da-11f0-9ba0-fc3fdb83b633,false,,true,302f4e04-d0da-11f0-9ba0-fc3fdb83b633
3205f5ab-d0da-11f0-9ba0-fc3fdb83b633,LDV-2982,,2008-02-07,,,,3190ccda-d0da-11f0-9ba0-fc3fdb83b633,false,,true,302f5583-d0da-11f0-9ba0-fc3fdb83b633
3205f737-d0da-11f0-9ba0-fc3fdb83b633,LDV-2983,,2008-02-07,,,,3190ccda-d0da-11f0-9ba0-fc3fdb83b633,false,,true,302f55af-d0da-11f0-9ba0-fc3fdb83b633
3205f8c2-d0da-11f0-9ba0-fc3fdb83b633,LDV-2984,,2008-02-07,,,,3190ccda-d0da-11f0-9ba0-fc3fdb83b633,false,,true,302f55dc-d0da-11f0-9ba0-fc3fdb83b633
3205fa6d-d0da-11f0-9ba0-fc3fdb83b633,LDV-2985,,2008-02-07,,,,3190ccda-d0da-11f0-9ba0-fc3fdb83b633,false,,true,302f5608-d0da-11f0-9ba0-fc3fdb83b633
3205fc13-d0da-11f0-9ba0-fc3fdb83b633,LDV-2986,,2008-02-07,,,,3190ccda-d0da-11f0-9ba0-fc3fdb83b633,false,,true,302f5633-d0da-11f0-9ba0-fc3fdb83b633
3205fdb7-d0da-11f0-9ba0-fc3fdb83b633,LDV-2987,,2008-02-07,,,,3190ccda-d0da-11f0-9ba0-fc3fdb83b633,false,,true,302f565f-d0da-11f0-9ba0-fc3fdb83b633
3205ff5c-d0da-11f0-9ba0-fc3fdb83b633,LDV-2988,,2008-02-07,,,,3190ccda-d0da-11f0-9ba0-fc3fdb83b633,false,,true,302f568a-d0da-11f0-9ba0-fc3fdb83b633
3206010f-d0da-11f0-9ba0-fc3fdb83b633,LDV-2989,,2008-02-07,,,,3190ccda-d0da-11f0-9ba0-fc3fdb83b633,false,,true,302f56b6-d0da-11f0-9ba0-fc3fdb83b633
320602a7-d0da-11f0-9ba0-fc3fdb83b633,LDV-2991,,2008-02-07,,,,3190ccda-d0da-11f0-9ba0-fc3fdb83b633,false,,true,302f56e2-d0da-11f0-9ba0-fc3fdb83b633
32060445-d0da-11f0-9ba0-fc3fdb83b633,LDV-2992,,2008-02-07,,,,3190ccda-d0da-11f0-9ba0-fc3fdb83b633,false,,true,302f570d-d0da-11f0-9ba0-fc3fdb83b633
320605ea-d0da-11f0-9ba0-fc3fdb83b633,LDV-2993,,2008-02-07,,,,3190ccda-d0da-11f0-9ba0-fc3fdb83b633,false,,true,302f5738-d0da-11f0-9ba0-fc3fdb83b633
3206079c-d0da-11f0-9ba0-fc3fdb83b633,LDV-2995,,2008-02-07,,,,3190ccda-d0da-11f0-9ba0-fc3fdb83b633,false,,true,302f5765-d0da-11f0-9ba0-fc3fdb83b633
32060934-d0da-11f0-9ba0-fc3fdb83b633,LDV-2996,,2008-02-07,,,,3190ccda-d0da-11f0-9ba0-fc3fdb83b633,false,,true,302f5791-d0da-11f0-9ba0-fc3fdb83b633
32060ad5-d0da-11f0-9ba0-fc3fdb83b633,LDV-2997,,2008-02-07,,,,3190ccda-d0da-11f0-9ba0-fc3fdb83b633,false,,true,302f57c0-d0da-11f0-9ba0-fc3fdb83b633
32060c7b-d0da-11f0-9ba0-fc3fdb83b633,LDV-2998,,2008-02-07,,,,3190ccda-d0da-11f0-9ba0-fc3fdb83b633,false,,true,302f57ec-d0da-11f0-9ba0-fc3fdb83b633
32060e2b-d0da-11f0-9ba0-fc3fdb83b633,LDV-2999,,2008-02-07,,,,3190ccda-d0da-11f0-9ba0-fc3fdb83b633,false,,true,302f5818-d0da-11f0-9ba0-fc3fdb83b633
32060fc6-d0da-11f0-9ba0-fc3fdb83b633,LDV-3000,,2008-02-07,,,,3190ccda-d0da-11f0-9ba0-fc3fdb83b633,false,,true,302f1979-d0da-11f0-9ba0-fc3fdb83b633
3206118f-d0da-11f0-9ba0-fc3fdb83b633,LDV-3001,,2008-02-07,,,,3190ccda-d0da-11f0-9ba0-fc3fdb83b633,false,,true,302f5843-d0da-11f0-9ba0-fc3fdb83b633
32061338-d0da-11f0-9ba0-fc3fdb83b633,LDV-3002,,2008-02-07,,,,3190ccda-d0da-11f0-9ba0-fc3fdb83b633,false,,true,302f20f3-d0da-11f0-9ba0-fc3fdb83b633
3206154c-d0da-11f0-9ba0-fc3fdb83b633,LDV-3003,,2008-02-07,,,,3190ccda-d0da-11f0-9ba0-fc3fdb83b633,false,,true,302f5873-d0da-11f0-9ba0-fc3fdb83b633
32061700-d0da-11f0-9ba0-fc3fdb83b633,LDV-3004,,2008-02-07,,,,3190ccda-d0da-11f0-9ba0-fc3fdb83b633,false,,true,302ea7a0-d0da-11f0-9ba0-fc3fdb83b633
320618ff-d0da-11f0-9ba0-fc3fdb83b633,LDV-3005,,2008-02-11,,,,3190dd95-d0da-11f0-9ba0-fc3fdb83b633,false,,true,302f589e-d0da-11f0-9ba0-fc3fdb83b633
32061c4c-d0da-11f0-9ba0-fc3fdb83b633,LDV-3007,,2008-02-11,,,,3190dd95-d0da-11f0-9ba0-fc3fdb83b633,false,,true,302f58cb-d0da-11f0-9ba0-fc3fdb83b633
32061ee9-d0da-11f0-9ba0-fc3fdb83b633,LDV-3008,,2008-02-11,,,,3190dd95-d0da-11f0-9ba0-fc3fdb83b633,false,,true,302e5a93-d0da-11f0-9ba0-fc3fdb83b633
320622b5-d0da-11f0-9ba0-fc3fdb83b633,LDV-3009,,2008-02-11,,,,3190dd95-d0da-11f0-9ba0-fc3fdb83b633,false,,true,302f58f7-d0da-11f0-9ba0-fc3fdb83b633
32062472-d0da-11f0-9ba0-fc3fdb83b633,LDV-3010,,2008-02-11,,,,3190dd95-d0da-11f0-9ba0-fc3fdb83b633,false,,true,302f19ff-d0da-11f0-9ba0-fc3fdb83b633
32062621-d0da-11f0-9ba0-fc3fdb83b633,LDV-3011,,2008-02-11,,,,3190dd95-d0da-11f0-9ba0-fc3fdb83b633,false,,true,302f5922-d0da-11f0-9ba0-fc3fdb83b633
320627bd-d0da-11f0-9ba0-fc3fdb83b633,LDV-3014,,2008-02-11,,,,3190dd95-d0da-11f0-9ba0-fc3fdb83b633,false,,true,302f565f-d0da-11f0-9ba0-fc3fdb83b633
3206296e-d0da-11f0-9ba0-fc3fdb83b633,LDV-3015,,2008-02-11,,,,3190dd95-d0da-11f0-9ba0-fc3fdb83b633,false,,true,302f2149-d0da-11f0-9ba0-fc3fdb83b633
32062b20-d0da-11f0-9ba0-fc3fdb83b633,LDV-3016,,2008-02-11,,,,3190dd95-d0da-11f0-9ba0-fc3fdb83b633,false,,true,302f594e-d0da-11f0-9ba0-fc3fdb83b633
32062cd9-d0da-11f0-9ba0-fc3fdb83b633,LDV-3017,,2008-02-11,,,,3190dd95-d0da-11f0-9ba0-fc3fdb83b633,false,,true,302f5979-d0da-11f0-9ba0-fc3fdb83b633
32062e86-d0da-11f0-9ba0-fc3fdb83b633,LDV-3018,,2008-02-11,,,,3190dd95-d0da-11f0-9ba0-fc3fdb83b633,false,,true,302e607f-d0da-11f0-9ba0-fc3fdb83b633
32063030-d0da-11f0-9ba0-fc3fdb83b633,LDV-3019,,2008-02-11,,,,3190dd95-d0da-11f0-9ba0-fc3fdb83b633,false,,true,302f59a5-d0da-11f0-9ba0-fc3fdb83b633
320631e6-d0da-11f0-9ba0-fc3fdb83b633,LDV-3021,,2008-02-11,,,,3190dd95-d0da-11f0-9ba0-fc3fdb83b633,false,,true,302f59d0-d0da-11f0-9ba0-fc3fdb83b633
3206339f-d0da-11f0-9ba0-fc3fdb83b633,LDV-3022,,2008-02-11,,,,3190ddd0-d0da-11f0-9ba0-fc3fdb83b633,false,,true,302f59fb-d0da-11f0-9ba0-fc3fdb83b633
32063517-d0da-11f0-9ba0-fc3fdb83b633,LDV-3023,,2008-02-11,,,,3190dd95-d0da-11f0-9ba0-fc3fdb83b633,false,,true,302f5a28-d0da-11f0-9ba0-fc3fdb83b633
320636a4-d0da-11f0-9ba0-fc3fdb83b633,LDV-3024,,2008-02-11,,,,3190dd95-d0da-11f0-9ba0-fc3fdb83b633,false,,true,302f5a54-d0da-11f0-9ba0-fc3fdb83b633
32063839-d0da-11f0-9ba0-fc3fdb83b633,LDV-3025,,2008-02-11,,,,3190dd95-d0da-11f0-9ba0-fc3fdb83b633,false,,true,302f5a80-d0da-11f0-9ba0-fc3fdb83b633
320639d2-d0da-11f0-9ba0-fc3fdb83b633,LDV-3026,,2008-02-11,,,,3190dd95-d0da-11f0-9ba0-fc3fdb83b633,false,,true,302f5aab-d0da-11f0-9ba0-fc3fdb83b633
32063b56-d0da-11f0-9ba0-fc3fdb83b633,LDV-3027,,2008-02-11,,,,3190dd95-d0da-11f0-9ba0-fc3fdb83b633,false,,true,302f5adb-d0da-11f0-9ba0-fc3fdb83b633
32063d39-d0da-11f0-9ba0-fc3fdb83b633,LDV-3031,,2008-02-21,,,,3190df31-d0da-11f0-9ba0-fc3fdb83b633,false,,true,302f194c-d0da-11f0-9ba0-fc3fdb83b633
32063ec9-d0da-11f0-9ba0-fc3fdb83b633,LDV-3034,,2008-02-21,,,,3190df31-d0da-11f0-9ba0-fc3fdb83b633,false,,true,302e5ce9-d0da-11f0-9ba0-fc3fdb83b633
3206403a-d0da-11f0-9ba0-fc3fdb83b633,LDV-3035,,2008-02-21,,,,3190df31-d0da-11f0-9ba0-fc3fdb83b633,false,,true,302e66af-d0da-11f0-9ba0-fc3fdb83b633
320641b8-d0da-11f0-9ba0-fc3fdb83b633,LDV-3036,,2008-02-21,,,,3190df31-d0da-11f0-9ba0-fc3fdb83b633,false,,true,302f5b07-d0da-11f0-9ba0-fc3fdb83b633
32064330-d0da-11f0-9ba0-fc3fdb83b633,LDV-3037,,2008-02-21,,,,3190df31-d0da-11f0-9ba0-fc3fdb83b633,false,,true,302f5b32-d0da-11f0-9ba0-fc3fdb83b633
32064bb3-d0da-11f0-9ba0-fc3fdb83b633,LDV-3038,,2008-02-21,,,,3190df31-d0da-11f0-9ba0-fc3fdb83b633,false,,true,302f5b5e-d0da-11f0-9ba0-fc3fdb83b633
32065083-d0da-11f0-9ba0-fc3fdb83b633,LDV-3039,,2008-02-21,,,,3190df31-d0da-11f0-9ba0-fc3fdb83b633,false,,true,302ea7a0-d0da-11f0-9ba0-fc3fdb83b633
320653d1-d0da-11f0-9ba0-fc3fdb83b633,LDV-3041,,2008-02-21,,,,3190df31-d0da-11f0-9ba0-fc3fdb83b633,false,,true,302f5b8b-d0da-11f0-9ba0-fc3fdb83b633
320656db-d0da-11f0-9ba0-fc3fdb83b633,LDV-3042,,2008-02-21,,,,3190df31-d0da-11f0-9ba0-fc3fdb83b633,false,,true,302f5bb7-d0da-11f0-9ba0-fc3fdb83b633
32065a62-d0da-11f0-9ba0-fc3fdb83b633,LDV-3043,,2008-02-21,,,,3190df31-d0da-11f0-9ba0-fc3fdb83b633,false,,true,302ef6db-d0da-11f0-9ba0-fc3fdb83b633
32065f2d-d0da-11f0-9ba0-fc3fdb83b633,LDV-3044,,2008-02-21,,,,3190df31-d0da-11f0-9ba0-fc3fdb83b633,false,,true,302f194c-d0da-11f0-9ba0-fc3fdb83b633
32066160-d0da-11f0-9ba0-fc3fdb83b633,LDV-3046,,2008-02-21,,,,3190df31-d0da-11f0-9ba0-fc3fdb83b633,false,,true,302f5be5-d0da-11f0-9ba0-fc3fdb83b633
32066386-d0da-11f0-9ba0-fc3fdb83b633,LDV-3047,,2008-02-21,,,,3190df31-d0da-11f0-9ba0-fc3fdb83b633,false,,true,302f5c11-d0da-11f0-9ba0-fc3fdb83b633
32066554-d0da-11f0-9ba0-fc3fdb83b633,LDV-3048,,2008-02-21,,,,3190df31-d0da-11f0-9ba0-fc3fdb83b633,false,,true,302f5c3d-d0da-11f0-9ba0-fc3fdb83b633
320666e6-d0da-11f0-9ba0-fc3fdb83b633,LDV-3049,,2008-02-21,,,,3190df31-d0da-11f0-9ba0-fc3fdb83b633,false,,true,302f5c69-d0da-11f0-9ba0-fc3fdb83b633
3206687a-d0da-11f0-9ba0-fc3fdb83b633,LDV-3050,,2008-02-21,,,,3190df31-d0da-11f0-9ba0-fc3fdb83b633,false,,true,302f5c95-d0da-11f0-9ba0-fc3fdb83b633
32066a18-d0da-11f0-9ba0-fc3fdb83b633,LDV-3051,,2008-02-21,,,,3190df31-d0da-11f0-9ba0-fc3fdb83b633,false,,true,302f5cc0-d0da-11f0-9ba0-fc3fdb83b633
32066bbe-d0da-11f0-9ba0-fc3fdb83b633,LDV-3052,,2008-02-21,,,,3190df31-d0da-11f0-9ba0-fc3fdb83b633,false,,true,302f194c-d0da-11f0-9ba0-fc3fdb83b633
32066d76-d0da-11f0-9ba0-fc3fdb83b633,LDV-3053,,2008-02-21,,,,3190df31-d0da-11f0-9ba0-fc3fdb83b633,false,,true,302f5ceb-d0da-11f0-9ba0-fc3fdb83b633
32066f0c-d0da-11f0-9ba0-fc3fdb83b633,LDV-3054,,2008-02-21,,,,3190df31-d0da-11f0-9ba0-fc3fdb83b633,false,,true,302f5d5d-d0da-11f0-9ba0-fc3fdb83b633
320670a7-d0da-11f0-9ba0-fc3fdb83b633,LDV-3055,,2008-02-21,,,,3190df31-d0da-11f0-9ba0-fc3fdb83b633,false,,true,302f5d93-d0da-11f0-9ba0-fc3fdb83b633
3206724b-d0da-11f0-9ba0-fc3fdb83b633,LDV-3056,,2008-02-28,,,,3190d111-d0da-11f0-9ba0-fc3fdb83b633,false,,true,302f5dc3-d0da-11f0-9ba0-fc3fdb83b633
320673bf-d0da-11f0-9ba0-fc3fdb83b633,LDV-3057,,2008-02-28,,,,3190d111-d0da-11f0-9ba0-fc3fdb83b633,false,,true,302f5df4-d0da-11f0-9ba0-fc3fdb83b633
3206752d-d0da-11f0-9ba0-fc3fdb83b633,LDV-3058,,2008-02-28,,,,3190d111-d0da-11f0-9ba0-fc3fdb83b633,false,,true,302f5e24-d0da-11f0-9ba0-fc3fdb83b633
320676a4-d0da-11f0-9ba0-fc3fdb83b633,LDV-3059,,2008-02-28,,,,3190d111-d0da-11f0-9ba0-fc3fdb83b633,false,,true,302f5e54-d0da-11f0-9ba0-fc3fdb83b633
32067823-d0da-11f0-9ba0-fc3fdb83b633,LDV-3060,,2008-02-28,,,,3190d111-d0da-11f0-9ba0-fc3fdb83b633,false,,true,302f5e83-d0da-11f0-9ba0-fc3fdb83b633
320679ba-d0da-11f0-9ba0-fc3fdb83b633,LDV-3061,,2008-02-28,,,,3190d111-d0da-11f0-9ba0-fc3fdb83b633,false,,true,302e8be3-d0da-11f0-9ba0-fc3fdb83b633
32067b99-d0da-11f0-9ba0-fc3fdb83b633,LDV-3062,,2008-02-28,,,,3190d111-d0da-11f0-9ba0-fc3fdb83b633,false,,true,302f5eb3-d0da-11f0-9ba0-fc3fdb83b633
32067d31-d0da-11f0-9ba0-fc3fdb83b633,LDV-3064,,2008-02-28,,,,3190d111-d0da-11f0-9ba0-fc3fdb83b633,false,,true,302e763a-d0da-11f0-9ba0-fc3fdb83b633
32067ede-d0da-11f0-9ba0-fc3fdb83b633,LDV-3066,,2008-02-28,,,,3190d111-d0da-11f0-9ba0-fc3fdb83b633,false,,true,302f5ee3-d0da-11f0-9ba0-fc3fdb83b633
3206806a-d0da-11f0-9ba0-fc3fdb83b633,LDV-3067,,2008-02-28,,,,3190d111-d0da-11f0-9ba0-fc3fdb83b633,false,,true,302f1fb6-d0da-11f0-9ba0-fc3fdb83b633
32068213-d0da-11f0-9ba0-fc3fdb83b633,LDV-3068,,2008-02-28,,,,3190d111-d0da-11f0-9ba0-fc3fdb83b633,false,,true,302f5f12-d0da-11f0-9ba0-fc3fdb83b633
320683ac-d0da-11f0-9ba0-fc3fdb83b633,LDV-3069,,2008-02-28,,,,3190d111-d0da-11f0-9ba0-fc3fdb83b633,false,,true,302f5f40-d0da-11f0-9ba0-fc3fdb83b633
3206853c-d0da-11f0-9ba0-fc3fdb83b633,LDV-3073,,2008-03-06,,,,3190cc2a-d0da-11f0-9ba0-fc3fdb83b633,false,,true,302ef88d-d0da-11f0-9ba0-fc3fdb83b633
320686c8-d0da-11f0-9ba0-fc3fdb83b633,LDV-3074,,2008-03-06,,,,3190cc2a-d0da-11f0-9ba0-fc3fdb83b633,false,,true,302f5f70-d0da-11f0-9ba0-fc3fdb83b633
32068830-d0da-11f0-9ba0-fc3fdb83b633,LDV-3075,,2008-03-06,,,,3190cc2a-d0da-11f0-9ba0-fc3fdb83b633,false,,true,302f5f9e-d0da-11f0-9ba0-fc3fdb83b633
320689a3-d0da-11f0-9ba0-fc3fdb83b633,LDV-3076,,2008-03-06,,,,3190cc2a-d0da-11f0-9ba0-fc3fdb83b633,false,,true,302f5fcc-d0da-11f0-9ba0-fc3fdb83b633
32068b5f-d0da-11f0-9ba0-fc3fdb83b633,LDV-3077,,2008-03-06,,,,3190cc2a-d0da-11f0-9ba0-fc3fdb83b633,false,,true,302ef6db-d0da-11f0-9ba0-fc3fdb83b633
32068cf6-d0da-11f0-9ba0-fc3fdb83b633,LDV-3078,,2008-03-06,,,,3190cc2a-d0da-11f0-9ba0-fc3fdb83b633,false,,true,302f2177-d0da-11f0-9ba0-fc3fdb83b633
32068e8a-d0da-11f0-9ba0-fc3fdb83b633,LDV-3079,,2008-03-06,,,,3190cc2a-d0da-11f0-9ba0-fc3fdb83b633,false,,true,302f5ffd-d0da-11f0-9ba0-fc3fdb83b633
32069017-d0da-11f0-9ba0-fc3fdb83b633,LDV-3080,,2008-03-06,,,,3190cc2a-d0da-11f0-9ba0-fc3fdb83b633,false,,true,302f107b-d0da-11f0-9ba0-fc3fdb83b633
3206919d-d0da-11f0-9ba0-fc3fdb83b633,LDV-3081,,2008-03-06,,,,3190cc2a-d0da-11f0-9ba0-fc3fdb83b633,false,,true,302f602c-d0da-11f0-9ba0-fc3fdb83b633
32069320-d0da-11f0-9ba0-fc3fdb83b633,LDV-3082,,2008-03-06,,,,3190cc2a-d0da-11f0-9ba0-fc3fdb83b633,false,,true,302f10fe-d0da-11f0-9ba0-fc3fdb83b633
320694c6-d0da-11f0-9ba0-fc3fdb83b633,LDV-3083,,2008-03-06,,,,3190cc2a-d0da-11f0-9ba0-fc3fdb83b633,false,,true,302ee61f-d0da-11f0-9ba0-fc3fdb83b633
32069667-d0da-11f0-9ba0-fc3fdb83b633,LDV-3084,,2008-03-06,,,,3190cc2a-d0da-11f0-9ba0-fc3fdb83b633,false,,true,302f6058-d0da-11f0-9ba0-fc3fdb83b633
320697e4-d0da-11f0-9ba0-fc3fdb83b633,LDV-3085,,2008-03-06,,,,3190cc2a-d0da-11f0-9ba0-fc3fdb83b633,false,,true,302f6085-d0da-11f0-9ba0-fc3fdb83b633
32069a01-d0da-11f0-9ba0-fc3fdb83b633,LDV-3086,,2008-03-06,,,,3190cc2a-d0da-11f0-9ba0-fc3fdb83b633,false,,true,302f60b4-d0da-11f0-9ba0-fc3fdb83b633
32069b97-d0da-11f0-9ba0-fc3fdb83b633,LDV-3087,,2008-03-06,,,,3190cc2a-d0da-11f0-9ba0-fc3fdb83b633,false,,true,302f60e3-d0da-11f0-9ba0-fc3fdb83b633
32069d2e-d0da-11f0-9ba0-fc3fdb83b633,LDV-3089,,2008-03-06,,,,3190cc2a-d0da-11f0-9ba0-fc3fdb83b633,false,,true,302f6110-d0da-11f0-9ba0-fc3fdb83b633
32069eb5-d0da-11f0-9ba0-fc3fdb83b633,LDV-3090,,2008-03-06,,,,3190cc2a-d0da-11f0-9ba0-fc3fdb83b633,false,,true,302f613e-d0da-11f0-9ba0-fc3fdb83b633
3206a039-d0da-11f0-9ba0-fc3fdb83b633,LDV-3091,,2008-03-06,,,,3190cc2a-d0da-11f0-9ba0-fc3fdb83b633,false,,true,302f616c-d0da-11f0-9ba0-fc3fdb83b633
3206a1c6-d0da-11f0-9ba0-fc3fdb83b633,LDV-3092,,2008-03-06,,,,3190cc2a-d0da-11f0-9ba0-fc3fdb83b633,false,,true,302ec872-d0da-11f0-9ba0-fc3fdb83b633
3206a369-d0da-11f0-9ba0-fc3fdb83b633,LDV-3093,,2008-03-06,,,,3190cc2a-d0da-11f0-9ba0-fc3fdb83b633,false,,true,302f619b-d0da-11f0-9ba0-fc3fdb83b633
3206a6fc-d0da-11f0-9ba0-fc3fdb83b633,LDV-3094,,2008-03-06,,,,3190cc2a-d0da-11f0-9ba0-fc3fdb83b633,false,,true,302f61c9-d0da-11f0-9ba0-fc3fdb83b633
3206a87f-d0da-11f0-9ba0-fc3fdb83b633,LDV-3095,,2008-03-06,,,,3190cc2a-d0da-11f0-9ba0-fc3fdb83b633,false,,true,302f04ad-d0da-11f0-9ba0-fc3fdb83b633
3206aa14-d0da-11f0-9ba0-fc3fdb83b633,LDV-3096,,2008-03-06,,,,3190cc2a-d0da-11f0-9ba0-fc3fdb83b633,false,,true,302f61f7-d0da-11f0-9ba0-fc3fdb83b633
3206ab99-d0da-11f0-9ba0-fc3fdb83b633,LDV-3122,,2008-03-27,,,,3190dbff-d0da-11f0-9ba0-fc3fdb83b633,false,,true,302f6226-d0da-11f0-9ba0-fc3fdb83b633
3206ad0d-d0da-11f0-9ba0-fc3fdb83b633,LDV-3123,,2008-03-27,,,,3190dbff-d0da-11f0-9ba0-fc3fdb83b633,false,,true,302f6257-d0da-11f0-9ba0-fc3fdb83b633
3206ae7a-d0da-11f0-9ba0-fc3fdb83b633,LDV-3124,,2008-03-27,,,,3190dbff-d0da-11f0-9ba0-fc3fdb83b633,false,,true,302f6287-d0da-11f0-9ba0-fc3fdb83b633
3206aff5-d0da-11f0-9ba0-fc3fdb83b633,LDV-3125,,2008-03-27,,,,3190dbff-d0da-11f0-9ba0-fc3fdb83b633,false,,true,302f62b7-d0da-11f0-9ba0-fc3fdb83b633
3206b224-d0da-11f0-9ba0-fc3fdb83b633,LDV-3126,,2008-03-27,,,,3190dbff-d0da-11f0-9ba0-fc3fdb83b633,false,,true,302f62e6-d0da-11f0-9ba0-fc3fdb83b633
3206b4dc-d0da-11f0-9ba0-fc3fdb83b633,LDV-3127,,2008-03-27,,,,3190dbff-d0da-11f0-9ba0-fc3fdb83b633,false,,true,302f2f25-d0da-11f0-9ba0-fc3fdb83b633
3206b6af-d0da-11f0-9ba0-fc3fdb83b633,LDV-3128,,2008-03-27,,,,3190dbff-d0da-11f0-9ba0-fc3fdb83b633,false,,true,302f6316-d0da-11f0-9ba0-fc3fdb83b633
3206b85d-d0da-11f0-9ba0-fc3fdb83b633,LDV-3129,,2008-03-27,,,,3190dbff-d0da-11f0-9ba0-fc3fdb83b633,false,,true,302f6347-d0da-11f0-9ba0-fc3fdb83b633
3206b9fa-d0da-11f0-9ba0-fc3fdb83b633,LDV-3130,,2008-03-27,,,,3190dc3a-d0da-11f0-9ba0-fc3fdb83b633,false,,true,302f6376-d0da-11f0-9ba0-fc3fdb83b633
3206bb7d-d0da-11f0-9ba0-fc3fdb83b633,LDV-3131,,2008-03-27,,,,3190dc3a-d0da-11f0-9ba0-fc3fdb83b633,false,,true,302f63a6-d0da-11f0-9ba0-fc3fdb83b633
3206bd0d-d0da-11f0-9ba0-fc3fdb83b633,LDV-3132,,2008-03-27,,,,3190dc3a-d0da-11f0-9ba0-fc3fdb83b633,false,,true,302f63d6-d0da-11f0-9ba0-fc3fdb83b633
3206beaa-d0da-11f0-9ba0-fc3fdb83b633,LDV-3133,,2008-03-27,,,,3190dc3a-d0da-11f0-9ba0-fc3fdb83b633,false,,true,302f6406-d0da-11f0-9ba0-fc3fdb83b633
3206c064-d0da-11f0-9ba0-fc3fdb83b633,LDV-3134,,2008-03-27,,,,3190dc3a-d0da-11f0-9ba0-fc3fdb83b633,false,,true,302f6435-d0da-11f0-9ba0-fc3fdb83b633
3206c2f6-d0da-11f0-9ba0-fc3fdb83b633,LDV-3135,,2008-03-27,,,,3190dc3a-d0da-11f0-9ba0-fc3fdb83b633,false,,true,302f6465-d0da-11f0-9ba0-fc3fdb83b633
3206c672-d0da-11f0-9ba0-fc3fdb83b633,LDV-3136,,2008-03-27,,,,3190dc3a-d0da-11f0-9ba0-fc3fdb83b633,false,,true,302f33bd-d0da-11f0-9ba0-fc3fdb83b633
3206c9ed-d0da-11f0-9ba0-fc3fdb83b633,LDV-3137,,2008-03-27,,,,3190dc3a-d0da-11f0-9ba0-fc3fdb83b633,false,,true,302f64fa-d0da-11f0-9ba0-fc3fdb83b633
3206cd46-d0da-11f0-9ba0-fc3fdb83b633,LDV-3138,,2008-03-27,,,,3190dc3a-d0da-11f0-9ba0-fc3fdb83b633,false,,true,302f6530-d0da-11f0-9ba0-fc3fdb83b633
3206d0a2-d0da-11f0-9ba0-fc3fdb83b633,LDV-3139,,2008-03-27,,,,3190dc3a-d0da-11f0-9ba0-fc3fdb83b633,false,,true,302f6563-d0da-11f0-9ba0-fc3fdb83b633
3206d44c-d0da-11f0-9ba0-fc3fdb83b633,LDV-3140,,2008-03-27,,,,3190dc3a-d0da-11f0-9ba0-fc3fdb83b633,false,,true,302f6597-d0da-11f0-9ba0-fc3fdb83b633
3206d778-d0da-11f0-9ba0-fc3fdb83b633,LDV-3150,,2008-04-03,,,,3190c8fc-d0da-11f0-9ba0-fc3fdb83b633,false,,true,302ea7a0-d0da-11f0-9ba0-fc3fdb83b633
3206daed-d0da-11f0-9ba0-fc3fdb83b633,LDV-3153,,2008-04-03,,,,3190c8fc-d0da-11f0-9ba0-fc3fdb83b633,false,,true,302f2253-d0da-11f0-9ba0-fc3fdb83b633
3206ddf0-d0da-11f0-9ba0-fc3fdb83b633,LDV-3154,,2008-04-03,,,,3190c8fc-d0da-11f0-9ba0-fc3fdb83b633,false,,true,302f65c7-d0da-11f0-9ba0-fc3fdb83b633
3206e0a3-d0da-11f0-9ba0-fc3fdb83b633,LDV-3155,,2008-04-03,,,,3190c8fc-d0da-11f0-9ba0-fc3fdb83b633,false,,true,302f65f8-d0da-11f0-9ba0-fc3fdb83b633
3206e374-d0da-11f0-9ba0-fc3fdb83b633,LDV-3156,,2008-04-03,,,,3190c8fc-d0da-11f0-9ba0-fc3fdb83b633,false,,true,302f6627-d0da-11f0-9ba0-fc3fdb83b633
3206e690-d0da-11f0-9ba0-fc3fdb83b633,LDV-3157,,2008-04-03,,,,3190c8fc-d0da-11f0-9ba0-fc3fdb83b633,false,,true,302f6657-d0da-11f0-9ba0-fc3fdb83b633
3206e9a7-d0da-11f0-9ba0-fc3fdb83b633,LDV-3158,,2008-04-03,,,,3190c8bc-d0da-11f0-9ba0-fc3fdb83b633,false,,true,302f6686-d0da-11f0-9ba0-fc3fdb83b633
3206ec83-d0da-11f0-9ba0-fc3fdb83b633,LDV-3159,,2008-04-03,,,,3190c8bc-d0da-11f0-9ba0-fc3fdb83b633,false,,true,302e5855-d0da-11f0-9ba0-fc3fdb83b633
3206ef2d-d0da-11f0-9ba0-fc3fdb83b633,LDV-3160,,2008-04-03,,,,3190c8bc-d0da-11f0-9ba0-fc3fdb83b633,false,,true,302f66b4-d0da-11f0-9ba0-fc3fdb83b633
3206f1d4-d0da-11f0-9ba0-fc3fdb83b633,LDV-3161,,2008-04-03,,,,3190c8bc-d0da-11f0-9ba0-fc3fdb83b633,false,,true,302f66e4-d0da-11f0-9ba0-fc3fdb83b633
3206f484-d0da-11f0-9ba0-fc3fdb83b633,LDV-3164,,2008-04-03,,,,3190c8bc-d0da-11f0-9ba0-fc3fdb83b633,false,,true,302f6714-d0da-11f0-9ba0-fc3fdb83b633
3206f945-d0da-11f0-9ba0-fc3fdb83b633,LDV-3176,,2008-04-10,,,,3190da9a-d0da-11f0-9ba0-fc3fdb83b633,false,,true,302f5c95-d0da-11f0-9ba0-fc3fdb83b633
3207006c-d0da-11f0-9ba0-fc3fdb83b633,LDV-3177,,2008-04-10,,,,3190da9a-d0da-11f0-9ba0-fc3fdb83b633,false,,true,302f6743-d0da-11f0-9ba0-fc3fdb83b633
32070326-d0da-11f0-9ba0-fc3fdb83b633,LDV-3178,,2008-04-10,,,,3190da9a-d0da-11f0-9ba0-fc3fdb83b633,false,,true,302f6772-d0da-11f0-9ba0-fc3fdb83b633
320705cb-d0da-11f0-9ba0-fc3fdb83b633,LDV-3179,,2008-04-10,,,,3190da9a-d0da-11f0-9ba0-fc3fdb83b633,false,,true,302f67a2-d0da-11f0-9ba0-fc3fdb83b633
3207086b-d0da-11f0-9ba0-fc3fdb83b633,LDV-3180,,2008-04-10,,,,3190da9a-d0da-11f0-9ba0-fc3fdb83b633,false,,true,302f67d2-d0da-11f0-9ba0-fc3fdb83b633
32070b44-d0da-11f0-9ba0-fc3fdb83b633,LDV-3181,,2008-04-10,,,,3190da9a-d0da-11f0-9ba0-fc3fdb83b633,false,,true,302f6802-d0da-11f0-9ba0-fc3fdb83b633
32071018-d0da-11f0-9ba0-fc3fdb83b633,LDV-3182,,2008-04-10,,,,3190da9a-d0da-11f0-9ba0-fc3fdb83b633,false,,true,302f6832-d0da-11f0-9ba0-fc3fdb83b633
320712d5-d0da-11f0-9ba0-fc3fdb83b633,LDV-3183,,2008-04-10,,,,3190da9a-d0da-11f0-9ba0-fc3fdb83b633,false,,true,302f194c-d0da-11f0-9ba0-fc3fdb83b633
320719a3-d0da-11f0-9ba0-fc3fdb83b633,LDV-3184,,2008-04-10,,,,3190da9a-d0da-11f0-9ba0-fc3fdb83b633,false,,true,302f6861-d0da-11f0-9ba0-fc3fdb83b633
32071d21-d0da-11f0-9ba0-fc3fdb83b633,LDV-3286,,2008-05-29,,,,3190c459-d0da-11f0-9ba0-fc3fdb83b633,false,,true,302f6891-d0da-11f0-9ba0-fc3fdb83b633
32071fc2-d0da-11f0-9ba0-fc3fdb83b633,LDV-3287,,2008-05-29,,,,3190c459-d0da-11f0-9ba0-fc3fdb83b633,false,,true,302f20f3-d0da-11f0-9ba0-fc3fdb83b633
3207227a-d0da-11f0-9ba0-fc3fdb83b633,LDV-3288,,2008-05-29,,,,3190c459-d0da-11f0-9ba0-fc3fdb83b633,false,,true,302f68c0-d0da-11f0-9ba0-fc3fdb83b633
32072506-d0da-11f0-9ba0-fc3fdb83b633,LDV-3289,,2008-05-29,,,,3190c459-d0da-11f0-9ba0-fc3fdb83b633,false,,true,302f68f0-d0da-11f0-9ba0-fc3fdb83b633
320727f2-d0da-11f0-9ba0-fc3fdb83b633,LDV-3292,,2008-05-29,,,,3190c459-d0da-11f0-9ba0-fc3fdb83b633,false,,true,302f3a39-d0da-11f0-9ba0-fc3fdb83b633
32072b02-d0da-11f0-9ba0-fc3fdb83b633,LDV-3293,,2008-05-29,,,,3190c459-d0da-11f0-9ba0-fc3fdb83b633,false,,true,302f227e-d0da-11f0-9ba0-fc3fdb83b633
32072de1-d0da-11f0-9ba0-fc3fdb83b633,LDV-3294,,2008-05-29,,,,3190c459-d0da-11f0-9ba0-fc3fdb83b633,false,,true,302f6920-d0da-11f0-9ba0-fc3fdb83b633
32073080-d0da-11f0-9ba0-fc3fdb83b633,LDV-3295,,2008-05-29,,,,3190c459-d0da-11f0-9ba0-fc3fdb83b633,false,,true,302f0d7d-d0da-11f0-9ba0-fc3fdb83b633
3207334c-d0da-11f0-9ba0-fc3fdb83b633,LDV-3296,,2008-05-29,,,,3190c459-d0da-11f0-9ba0-fc3fdb83b633,false,,true,302f6978-d0da-11f0-9ba0-fc3fdb83b633
32073602-d0da-11f0-9ba0-fc3fdb83b633,LDV-3297,,2008-05-29,,,,3190c459-d0da-11f0-9ba0-fc3fdb83b633,false,,true,302f69a9-d0da-11f0-9ba0-fc3fdb83b633
320738a4-d0da-11f0-9ba0-fc3fdb83b633,LDV-3298,,2008-05-29,,,,3190c459-d0da-11f0-9ba0-fc3fdb83b633,false,,true,302f69d8-d0da-11f0-9ba0-fc3fdb83b633
32073b4e-d0da-11f0-9ba0-fc3fdb83b633,LDV-3299,,2008-05-29,,,,3190c459-d0da-11f0-9ba0-fc3fdb83b633,false,,true,302f6a07-d0da-11f0-9ba0-fc3fdb83b633
32073e08-d0da-11f0-9ba0-fc3fdb83b633,LDV-3301,,2008-05-29,,,,3190c459-d0da-11f0-9ba0-fc3fdb83b633,false,,true,302f6a37-d0da-11f0-9ba0-fc3fdb83b633
320740ca-d0da-11f0-9ba0-fc3fdb83b633,LDV-3302,,2008-05-29,,,,3190c459-d0da-11f0-9ba0-fc3fdb83b633,false,,true,302f6a67-d0da-11f0-9ba0-fc3fdb83b633
3207436d-d0da-11f0-9ba0-fc3fdb83b633,LDV-3303,,2008-05-29,,,,3190c459-d0da-11f0-9ba0-fc3fdb83b633,false,,true,302f6802-d0da-11f0-9ba0-fc3fdb83b633
3207462f-d0da-11f0-9ba0-fc3fdb83b633,LDV-3304,,2008-05-29,,,,3190c459-d0da-11f0-9ba0-fc3fdb83b633,false,,false,
320748a8-d0da-11f0-9ba0-fc3fdb83b633,LDV-3305,,2008-05-29,,,,3190c459-d0da-11f0-9ba0-fc3fdb83b633,false,,true,302f55af-d0da-11f0-9ba0-fc3fdb83b633
32074b9d-d0da-11f0-9ba0-fc3fdb83b633,LDV-3306,,2008-05-29,,,,3190c459-d0da-11f0-9ba0-fc3fdb83b633,false,,true,302f6a96-d0da-11f0-9ba0-fc3fdb83b633
32074e97-d0da-11f0-9ba0-fc3fdb83b633,LDV-3332,,2008-06-12,,,,3190c41c-d0da-11f0-9ba0-fc3fdb83b633,false,,true,302f6ac4-d0da-11f0-9ba0-fc3fdb83b633
320751e5-d0da-11f0-9ba0-fc3fdb83b633,LDV-3333,,2008-06-12,,,,3190c41c-d0da-11f0-9ba0-fc3fdb83b633,false,,true,302f6af4-d0da-11f0-9ba0-fc3fdb83b633
3207546a-d0da-11f0-9ba0-fc3fdb83b633,LDV-3334,,2008-06-12,,,,3190c41c-d0da-11f0-9ba0-fc3fdb83b633,false,,true,302f6b24-d0da-11f0-9ba0-fc3fdb83b633
32075700-d0da-11f0-9ba0-fc3fdb83b633,LDV-3335,,2008-06-12,,,,3190c41c-d0da-11f0-9ba0-fc3fdb83b633,false,,true,302f250f-d0da-11f0-9ba0-fc3fdb83b633
320759a3-d0da-11f0-9ba0-fc3fdb83b633,LDV-3336,,2008-06-12,,,,3190c41c-d0da-11f0-9ba0-fc3fdb83b633,false,,true,302f6b53-d0da-11f0-9ba0-fc3fdb83b633
32075c4a-d0da-11f0-9ba0-fc3fdb83b633,LDV-3337,,2008-06-12,,,,3190c41c-d0da-11f0-9ba0-fc3fdb83b633,false,,true,302f4a49-d0da-11f0-9ba0-fc3fdb83b633
32075f1d-d0da-11f0-9ba0-fc3fdb83b633,LDV-3338,,2008-06-12,,,,3190c41c-d0da-11f0-9ba0-fc3fdb83b633,false,,true,302f6b82-d0da-11f0-9ba0-fc3fdb83b633
320761cc-d0da-11f0-9ba0-fc3fdb83b633,LDV-3339,,2008-06-12,,,,3190c41c-d0da-11f0-9ba0-fc3fdb83b633,false,,true,302f6bb2-d0da-11f0-9ba0-fc3fdb83b633
32076468-d0da-11f0-9ba0-fc3fdb83b633,LDV-3341,,2008-06-12,,,,3190c41c-d0da-11f0-9ba0-fc3fdb83b633,false,,true,302f0cf6-d0da-11f0-9ba0-fc3fdb83b633
3207673c-d0da-11f0-9ba0-fc3fdb83b633,LDV-3342,,2008-06-12,,,,3190c41c-d0da-11f0-9ba0-fc3fdb83b633,false,,true,302f6be1-d0da-11f0-9ba0-fc3fdb83b633
320769de-d0da-11f0-9ba0-fc3fdb83b633,LDV-3343,,2008-06-12,,,,3190c41c-d0da-11f0-9ba0-fc3fdb83b633,false,,true,302f6c0f-d0da-11f0-9ba0-fc3fdb83b633
32076c8a-d0da-11f0-9ba0-fc3fdb83b633,LDV-3344,,2008-06-12,,,,3190c41c-d0da-11f0-9ba0-fc3fdb83b633,false,,true,302f6c3e-d0da-11f0-9ba0-fc3fdb83b633
32076f47-d0da-11f0-9ba0-fc3fdb83b633,LDV-3345,,2008-06-12,,,,3190c41c-d0da-11f0-9ba0-fc3fdb83b633,false,,true,302e643f-d0da-11f0-9ba0-fc3fdb83b633
3207722d-d0da-11f0-9ba0-fc3fdb83b633,LDV-3346,,2008-06-12,,,,3190c41c-d0da-11f0-9ba0-fc3fdb83b633,false,,true,302f6c6e-d0da-11f0-9ba0-fc3fdb83b633
320775e0-d0da-11f0-9ba0-fc3fdb83b633,LDV-3347,,2008-06-12,,,,3190c41c-d0da-11f0-9ba0-fc3fdb83b633,false,,true,302f49f3-d0da-11f0-9ba0-fc3fdb83b633
320778c3-d0da-11f0-9ba0-fc3fdb83b633,LDV-3348,,2008-06-12,,,,3190c41c-d0da-11f0-9ba0-fc3fdb83b633,false,,true,302f6c9e-d0da-11f0-9ba0-fc3fdb83b633
32077b8f-d0da-11f0-9ba0-fc3fdb83b633,LDV-3349,,2008-06-12,,,,3190c41c-d0da-11f0-9ba0-fc3fdb83b633,false,,true,302f6ccd-d0da-11f0-9ba0-fc3fdb83b633
32077e5e-d0da-11f0-9ba0-fc3fdb83b633,LDV-3351,,2008-06-12,,,,3190c41c-d0da-11f0-9ba0-fc3fdb83b633,false,,true,302f6cfd-d0da-11f0-9ba0-fc3fdb83b633
320780f3-d0da-11f0-9ba0-fc3fdb83b633,LDV-3408,,2008-07-10,,,,3190dce7-d0da-11f0-9ba0-fc3fdb83b633,false,,true,302f6d2d-d0da-11f0-9ba0-fc3fdb83b633
3207836a-d0da-11f0-9ba0-fc3fdb83b633,LDV-3409,,2008-07-10,,,,3190dce7-d0da-11f0-9ba0-fc3fdb83b633,false,,true,302f6d5c-d0da-11f0-9ba0-fc3fdb83b633
320785dc-d0da-11f0-9ba0-fc3fdb83b633,LDV-3410,,2008-07-10,,,,3190dce7-d0da-11f0-9ba0-fc3fdb83b633,false,,true,302ea717-d0da-11f0-9ba0-fc3fdb83b633
32078870-d0da-11f0-9ba0-fc3fdb83b633,LDV-3412,,2008-07-10,,,,3190dce7-d0da-11f0-9ba0-fc3fdb83b633,false,,true,302f6d8c-d0da-11f0-9ba0-fc3fdb83b633
32078b09-d0da-11f0-9ba0-fc3fdb83b633,LDV-3413,,2008-07-10,,,,3190dce7-d0da-11f0-9ba0-fc3fdb83b633,false,,true,302f4af5-d0da-11f0-9ba0-fc3fdb83b633
32078dd2-d0da-11f0-9ba0-fc3fdb83b633,LDV-3414,,2008-07-10,,,,3190dce7-d0da-11f0-9ba0-fc3fdb83b633,false,,true,302f250f-d0da-11f0-9ba0-fc3fdb83b633
3207909c-d0da-11f0-9ba0-fc3fdb83b633,LDV-3415,,2008-07-10,,,,3190dce7-d0da-11f0-9ba0-fc3fdb83b633,false,,true,302f6ccd-d0da-11f0-9ba0-fc3fdb83b633
3207935a-d0da-11f0-9ba0-fc3fdb83b633,LDV-3416,,2008-07-10,,,,3190dce7-d0da-11f0-9ba0-fc3fdb83b633,false,,true,302f6ccd-d0da-11f0-9ba0-fc3fdb83b633
32079642-d0da-11f0-9ba0-fc3fdb83b633,LDV-3418,,2008-07-10,,,,3190dce7-d0da-11f0-9ba0-fc3fdb83b633,false,,true,302e66f1-d0da-11f0-9ba0-fc3fdb83b633
32079904-d0da-11f0-9ba0-fc3fdb83b633,LDV-3420,,2008-07-10,,,,3190dce7-d0da-11f0-9ba0-fc3fdb83b633,false,,true,302e5fbc-d0da-11f0-9ba0-fc3fdb83b633
32079c15-d0da-11f0-9ba0-fc3fdb83b633,LDV-3422,,2008-07-10,,,,3190dce7-d0da-11f0-9ba0-fc3fdb83b633,false,,true,302f6dba-d0da-11f0-9ba0-fc3fdb83b633
32079ef4-d0da-11f0-9ba0-fc3fdb83b633,LDV-3424,,2008-07-10,,,,3190dce7-d0da-11f0-9ba0-fc3fdb83b633,false,,true,302e69d6-d0da-11f0-9ba0-fc3fdb83b633
3207a1d6-d0da-11f0-9ba0-fc3fdb83b633,LDV-3425,,2008-07-10,,,,3190dce7-d0da-11f0-9ba0-fc3fdb83b633,false,,true,302f6deb-d0da-11f0-9ba0-fc3fdb83b633
3207a48d-d0da-11f0-9ba0-fc3fdb83b633,LDV-3426,,2008-07-10,,,,3190dce7-d0da-11f0-9ba0-fc3fdb83b633,false,,true,302e5fbc-d0da-11f0-9ba0-fc3fdb83b633
3207a760-d0da-11f0-9ba0-fc3fdb83b633,LDV-3427,,2008-07-10,,,,3190dce7-d0da-11f0-9ba0-fc3fdb83b633,false,,true,302f6e1a-d0da-11f0-9ba0-fc3fdb83b633
3207aa0f-d0da-11f0-9ba0-fc3fdb83b633,LDV-3428,,2008-07-24,,,,3190cd14-d0da-11f0-9ba0-fc3fdb83b633,false,,true,302f6e4a-d0da-11f0-9ba0-fc3fdb83b633
3207ac9a-d0da-11f0-9ba0-fc3fdb83b633,LDV-3429,,2008-07-24,,,,3190cd14-d0da-11f0-9ba0-fc3fdb83b633,false,,true,302f6e78-d0da-11f0-9ba0-fc3fdb83b633
3207af13-d0da-11f0-9ba0-fc3fdb83b633,LDV-3430,,2008-07-24,,,,3190cd14-d0da-11f0-9ba0-fc3fdb83b633,false,,true,302e6b64-d0da-11f0-9ba0-fc3fdb83b633
3207b1a2-d0da-11f0-9ba0-fc3fdb83b633,LDV-3431,,2008-07-24,,,,3190cd14-d0da-11f0-9ba0-fc3fdb83b633,false,,true,302f6ea8-d0da-11f0-9ba0-fc3fdb83b633
3207b427-d0da-11f0-9ba0-fc3fdb83b633,LDV-3432,,2008-07-24,,,,3190cd14-d0da-11f0-9ba0-fc3fdb83b633,false,,true,302e6b64-d0da-11f0-9ba0-fc3fdb83b633
3207b6f2-d0da-11f0-9ba0-fc3fdb83b633,LDV-3433,,2008-07-24,,,,3190cd14-d0da-11f0-9ba0-fc3fdb83b633,false,,true,302f6ed7-d0da-11f0-9ba0-fc3fdb83b633
3207b9a4-d0da-11f0-9ba0-fc3fdb83b633,LDV-3434,,2008-07-24,,,,3190cd14-d0da-11f0-9ba0-fc3fdb83b633,false,,true,302e643f-d0da-11f0-9ba0-fc3fdb83b633
3207bc85-d0da-11f0-9ba0-fc3fdb83b633,LDV-3436,,2008-07-24,,,,3190cd14-d0da-11f0-9ba0-fc3fdb83b633,false,,true,302f6f06-d0da-11f0-9ba0-fc3fdb83b633
3207bf3f-d0da-11f0-9ba0-fc3fdb83b633,LDV-3437,,2008-07-24,,,,3190cd14-d0da-11f0-9ba0-fc3fdb83b633,false,,true,302f6f35-d0da-11f0-9ba0-fc3fdb83b633
3207c216-d0da-11f0-9ba0-fc3fdb83b633,LDV-3438,,2008-07-24,,,,3190cd14-d0da-11f0-9ba0-fc3fdb83b633,false,,true,302f6f65-d0da-11f0-9ba0-fc3fdb83b633
3207c54a-d0da-11f0-9ba0-fc3fdb83b633,LDV-3441,,2008-08-07,,,,3190e7c6-d0da-11f0-9ba0-fc3fdb83b633,false,,true,302efaaa-d0da-11f0-9ba0-fc3fdb83b633
3207c7eb-d0da-11f0-9ba0-fc3fdb83b633,LDV-3442,,2008-08-07,,,,3190e7c6-d0da-11f0-9ba0-fc3fdb83b633,false,,true,302f6f95-d0da-11f0-9ba0-fc3fdb83b633
3207ca5b-d0da-11f0-9ba0-fc3fdb83b633,LDV-3444,,2008-08-07,,,,3190e7c6-d0da-11f0-9ba0-fc3fdb83b633,false,,true,302f6fc3-d0da-11f0-9ba0-fc3fdb83b633
3207cce0-d0da-11f0-9ba0-fc3fdb83b633,LDV-3445,,2008-08-07,,,,3190e7c6-d0da-11f0-9ba0-fc3fdb83b633,false,,true,302f6ff2-d0da-11f0-9ba0-fc3fdb83b633
3207cf76-d0da-11f0-9ba0-fc3fdb83b633,LDV-3446,,2008-08-07,,,,3190e7c6-d0da-11f0-9ba0-fc3fdb83b633,false,,true,302f7022-d0da-11f0-9ba0-fc3fdb83b633
3207d222-d0da-11f0-9ba0-fc3fdb83b633,LDV-3447,,2008-08-07,,,,3190e7c6-d0da-11f0-9ba0-fc3fdb83b633,false,,true,302f7050-d0da-11f0-9ba0-fc3fdb83b633
3207d4a6-d0da-11f0-9ba0-fc3fdb83b633,LDV-3448,,2008-08-07,,,,3190e7c6-d0da-11f0-9ba0-fc3fdb83b633,false,,true,302f707f-d0da-11f0-9ba0-fc3fdb83b633
3207d73e-d0da-11f0-9ba0-fc3fdb83b633,LDV-3450,,2008-08-07,,,,3190e7c6-d0da-11f0-9ba0-fc3fdb83b633,false,,true,302f70ae-d0da-11f0-9ba0-fc3fdb83b633
3207d9ed-d0da-11f0-9ba0-fc3fdb83b633,LDV-3451,,2008-08-07,,,,3190e7c6-d0da-11f0-9ba0-fc3fdb83b633,false,,true,302f70ae-d0da-11f0-9ba0-fc3fdb83b633
3207dca3-d0da-11f0-9ba0-fc3fdb83b633,LDV-3452,,2008-08-07,,,,3190e7c6-d0da-11f0-9ba0-fc3fdb83b633,false,,true,302f6f95-d0da-11f0-9ba0-fc3fdb83b633
3207df58-d0da-11f0-9ba0-fc3fdb83b633,LDV-3453,,2008-08-07,,,,3190e7c6-d0da-11f0-9ba0-fc3fdb83b633,false,,true,302e607f-d0da-11f0-9ba0-fc3fdb83b633
3207e219-d0da-11f0-9ba0-fc3fdb83b633,LDV-3454,,2008-08-07,,,,3190e7c6-d0da-11f0-9ba0-fc3fdb83b633,false,,true,302f70de-d0da-11f0-9ba0-fc3fdb83b633
3207e4da-d0da-11f0-9ba0-fc3fdb83b633,LDV-3455,,2008-08-07,,,,3190e7c6-d0da-11f0-9ba0-fc3fdb83b633,false,,true,302f710c-d0da-11f0-9ba0-fc3fdb83b633
3207e7b6-d0da-11f0-9ba0-fc3fdb83b633,LDV-3456,,2008-08-07,,,,3190e7c6-d0da-11f0-9ba0-fc3fdb83b633,false,,true,302f70ae-d0da-11f0-9ba0-fc3fdb83b633
3207eab1-d0da-11f0-9ba0-fc3fdb83b633,LDV-3457,,2008-08-07,,,,3190e7c6-d0da-11f0-9ba0-fc3fdb83b633,false,,true,302e6b64-d0da-11f0-9ba0-fc3fdb83b633
3207ed96-d0da-11f0-9ba0-fc3fdb83b633,LDV-3458,,2008-08-07,,,,3190e7c6-d0da-11f0-9ba0-fc3fdb83b633,false,,true,302f713b-d0da-11f0-9ba0-fc3fdb83b633
3207f07e-d0da-11f0-9ba0-fc3fdb83b633,LDV-3459,,2008-08-07,,,,3190e7c6-d0da-11f0-9ba0-fc3fdb83b633,false,,true,302e643f-d0da-11f0-9ba0-fc3fdb83b633
3207f37f-d0da-11f0-9ba0-fc3fdb83b633,LDV-3463,,2008-09-04,,,,3190c382-d0da-11f0-9ba0-fc3fdb83b633,false,,true,302e6d31-d0da-11f0-9ba0-fc3fdb83b633
3207f5ec-d0da-11f0-9ba0-fc3fdb83b633,LDV-3464,,2008-09-04,,,,3190c382-d0da-11f0-9ba0-fc3fdb83b633,false,,true,302f716a-d0da-11f0-9ba0-fc3fdb83b633
3207f872-d0da-11f0-9ba0-fc3fdb83b633,LDV-3466,,2008-09-04,,,,3190c382-d0da-11f0-9ba0-fc3fdb83b633,false,,true,302e66f1-d0da-11f0-9ba0-fc3fdb83b633
3207fb15-d0da-11f0-9ba0-fc3fdb83b633,LDV-3467,,2008-09-04,,,,3190c382-d0da-11f0-9ba0-fc3fdb83b633,false,,true,302e6b64-d0da-11f0-9ba0-fc3fdb83b633
3207ff13-d0da-11f0-9ba0-fc3fdb83b633,LDV-3468,,2008-09-04,,,,3190c382-d0da-11f0-9ba0-fc3fdb83b633,false,,true,302f2149-d0da-11f0-9ba0-fc3fdb83b633
32080251-d0da-11f0-9ba0-fc3fdb83b633,LDV-3470,,2008-09-04,,,,3190c382-d0da-11f0-9ba0-fc3fdb83b633,false,,true,302f7198-d0da-11f0-9ba0-fc3fdb83b633
3208057e-d0da-11f0-9ba0-fc3fdb83b633,LDV-3471,,2008-09-04,,,,3190c382-d0da-11f0-9ba0-fc3fdb83b633,false,,true,302f71c7-d0da-11f0-9ba0-fc3fdb83b633
320808a2-d0da-11f0-9ba0-fc3fdb83b633,LDV-3472,,2008-09-04,,,,3190c382-d0da-11f0-9ba0-fc3fdb83b633,false,,true,302efaaa-d0da-11f0-9ba0-fc3fdb83b633
32080bbb-d0da-11f0-9ba0-fc3fdb83b633,LDV-3473,,2008-09-04,,,,3190c382-d0da-11f0-9ba0-fc3fdb83b633,false,,true,302e6186-d0da-11f0-9ba0-fc3fdb83b633
32080f8a-d0da-11f0-9ba0-fc3fdb83b633,LDV-3474,,2008-09-04,,,,3190c382-d0da-11f0-9ba0-fc3fdb83b633,false,,true,302efaaa-d0da-11f0-9ba0-fc3fdb83b633
32081377-d0da-11f0-9ba0-fc3fdb83b633,LDV-3475,,2008-09-04,,,,3190c382-d0da-11f0-9ba0-fc3fdb83b633,false,,true,302e5c27-d0da-11f0-9ba0-fc3fdb83b633
3208169f-d0da-11f0-9ba0-fc3fdb83b633,LDV-3476,,2008-09-04,,,,3190c382-d0da-11f0-9ba0-fc3fdb83b633,false,,true,302ef88d-d0da-11f0-9ba0-fc3fdb83b633
320819e4-d0da-11f0-9ba0-fc3fdb83b633,LDV-3477,,2008-09-04,,,,3190c382-d0da-11f0-9ba0-fc3fdb83b633,false,,true,302f2149-d0da-11f0-9ba0-fc3fdb83b633
32081d42-d0da-11f0-9ba0-fc3fdb83b633,LDV-3478,,2008-09-04,,,,3190c382-d0da-11f0-9ba0-fc3fdb83b633,false,,true,302f71f5-d0da-11f0-9ba0-fc3fdb83b633
32082056-d0da-11f0-9ba0-fc3fdb83b633,LDV-3479,,2008-09-04,,,,3190c382-d0da-11f0-9ba0-fc3fdb83b633,false,,true,302f7224-d0da-11f0-9ba0-fc3fdb83b633
3208237a-d0da-11f0-9ba0-fc3fdb83b633,LDV-3480,,2008-09-04,,,,3190c382-d0da-11f0-9ba0-fc3fdb83b633,false,,true,302efaaa-d0da-11f0-9ba0-fc3fdb83b633
3208269f-d0da-11f0-9ba0-fc3fdb83b633,LDV-3481,,2008-09-04,,,,3190c382-d0da-11f0-9ba0-fc3fdb83b633,false,,true,302efaaa-d0da-11f0-9ba0-fc3fdb83b633
320829b9-d0da-11f0-9ba0-fc3fdb83b633,LDV-3482,,2008-09-04,,,,3190c382-d0da-11f0-9ba0-fc3fdb83b633,false,,true,302ea4ed-d0da-11f0-9ba0-fc3fdb83b633
32082c92-d0da-11f0-9ba0-fc3fdb83b633,LDV-3486,,2008-10-02,,,,3190c323-d0da-11f0-9ba0-fc3fdb83b633,false,,true,302f7254-d0da-11f0-9ba0-fc3fdb83b633
32082f0c-d0da-11f0-9ba0-fc3fdb83b633,LDV-3487,,2008-10-02,,,,3190c323-d0da-11f0-9ba0-fc3fdb83b633,false,,true,302f7282-d0da-11f0-9ba0-fc3fdb83b633
32083188-d0da-11f0-9ba0-fc3fdb83b633,LDV-3488,,2008-10-02,,,,3190c323-d0da-11f0-9ba0-fc3fdb83b633,false,,true,302f72b1-d0da-11f0-9ba0-fc3fdb83b633
320833ff-d0da-11f0-9ba0-fc3fdb83b633,LDV-3489,,2008-10-02,,,,3190c323-d0da-11f0-9ba0-fc3fdb83b633,false,,true,302e6186-d0da-11f0-9ba0-fc3fdb83b633
320836b9-d0da-11f0-9ba0-fc3fdb83b633,LDV-3490,,2008-10-02,,,,3190c323-d0da-11f0-9ba0-fc3fdb83b633,false,,true,302f4896-d0da-11f0-9ba0-fc3fdb83b633
32083b63-d0da-11f0-9ba0-fc3fdb83b633,LDV-3491,,2008-10-02,,,,3190c323-d0da-11f0-9ba0-fc3fdb83b633,false,,true,302f72e0-d0da-11f0-9ba0-fc3fdb83b633
32083e8f-d0da-11f0-9ba0-fc3fdb83b633,LDV-3492,,2008-10-02,,,,3190c323-d0da-11f0-9ba0-fc3fdb83b633,false,,true,302efaaa-d0da-11f0-9ba0-fc3fdb83b633
320841a7-d0da-11f0-9ba0-fc3fdb83b633,LDV-3493,,2008-10-02,,,,3190c323-d0da-11f0-9ba0-fc3fdb83b633,false,,true,302e68c8-d0da-11f0-9ba0-fc3fdb83b633
32084478-d0da-11f0-9ba0-fc3fdb83b633,LDV-3495,,2008-10-02,,,,3190c323-d0da-11f0-9ba0-fc3fdb83b633,false,,true,302e6102-d0da-11f0-9ba0-fc3fdb83b633
3208475c-d0da-11f0-9ba0-fc3fdb83b633,LDV-3496,,2008-10-02,,,,3190c323-d0da-11f0-9ba0-fc3fdb83b633,false,,true,302efaaa-d0da-11f0-9ba0-fc3fdb83b633
32084a6f-d0da-11f0-9ba0-fc3fdb83b633,LDV-3497,,2008-10-02,,,,3190c323-d0da-11f0-9ba0-fc3fdb83b633,false,,true,302f7310-d0da-11f0-9ba0-fc3fdb83b633
32084d1e-d0da-11f0-9ba0-fc3fdb83b633,LDV-3498,,2008-10-02,,,,3190c323-d0da-11f0-9ba0-fc3fdb83b633,false,,true,302f733e-d0da-11f0-9ba0-fc3fdb83b633
32084fdf-d0da-11f0-9ba0-fc3fdb83b633,LDV-3499,,2008-10-02,,,,3190c323-d0da-11f0-9ba0-fc3fdb83b633,false,,true,302f736c-d0da-11f0-9ba0-fc3fdb83b633
320852b6-d0da-11f0-9ba0-fc3fdb83b633,LDV-3500,,2008-10-02,,,,3190c323-d0da-11f0-9ba0-fc3fdb83b633,false,,true,302f739a-d0da-11f0-9ba0-fc3fdb83b633
32085571-d0da-11f0-9ba0-fc3fdb83b633,LDV-3501,,2008-10-02,,,,3190c323-d0da-11f0-9ba0-fc3fdb83b633,false,,true,302f3f90-d0da-11f0-9ba0-fc3fdb83b633
3208589f-d0da-11f0-9ba0-fc3fdb83b633,LDV-3502,,2008-10-02,,,,3190c323-d0da-11f0-9ba0-fc3fdb83b633,false,,true,302f73c9-d0da-11f0-9ba0-fc3fdb83b633
32085b66-d0da-11f0-9ba0-fc3fdb83b633,LDV-3503,,2008-10-02,,,,3190c323-d0da-11f0-9ba0-fc3fdb83b633,false,,true,302f73f8-d0da-11f0-9ba0-fc3fdb83b633
32085e42-d0da-11f0-9ba0-fc3fdb83b633,LDV-3504,,2008-10-02,,,,3190c323-d0da-11f0-9ba0-fc3fdb83b633,false,,true,302f7428-d0da-11f0-9ba0-fc3fdb83b633
32086117-d0da-11f0-9ba0-fc3fdb83b633,LDV-3505,,2008-10-31,,,,3190c737-d0da-11f0-9ba0-fc3fdb83b633,false,,false,
32086329-d0da-11f0-9ba0-fc3fdb83b633,LDV-3506,,2008-10-31,,,,3190c737-d0da-11f0-9ba0-fc3fdb83b633,false,,false,
32086531-d0da-11f0-9ba0-fc3fdb83b633,LDV-3507,,2008-10-31,,,,3190c737-d0da-11f0-9ba0-fc3fdb83b633,false,,false,
32086742-d0da-11f0-9ba0-fc3fdb83b633,LDV-3508,,2008-10-31,,,,3190c737-d0da-11f0-9ba0-fc3fdb83b633,false,,false,
32086968-d0da-11f0-9ba0-fc3fdb83b633,LDV-3509,,2008-10-31,,,,3190c737-d0da-11f0-9ba0-fc3fdb83b633,false,,false,
32086ba9-d0da-11f0-9ba0-fc3fdb83b633,LDV-3510,,2008-10-31,,,,3190c737-d0da-11f0-9ba0-fc3fdb83b633,false,,false,
32086df4-d0da-11f0-9ba0-fc3fdb83b633,LDV-3512,,2008-10-31,,,,3190c737-d0da-11f0-9ba0-fc3fdb83b633,false,,false,
3208704b-d0da-11f0-9ba0-fc3fdb83b633,LDV-3513,,2008-10-31,,,,3190c737-d0da-11f0-9ba0-fc3fdb83b633,false,,false,
320872af-d0da-11f0-9ba0-fc3fdb83b633,LDV-3514,,2008-10-31,,,,3190c737-d0da-11f0-9ba0-fc3fdb83b633,false,,false,
3208751c-d0da-11f0-9ba0-fc3fdb83b633,LDV-3515,,2008-10-31,,,,3190c737-d0da-11f0-9ba0-fc3fdb83b633,false,,false,
3208776e-d0da-11f0-9ba0-fc3fdb83b633,LDV-3516,,2008-10-31,,,,3190c737-d0da-11f0-9ba0-fc3fdb83b633,false,,false,
32087ad2-d0da-11f0-9ba0-fc3fdb83b633,LDV-3517,,2008-10-31,,,,3190c737-d0da-11f0-9ba0-fc3fdb83b633,false,,false,
32087d3d-d0da-11f0-9ba0-fc3fdb83b633,LDV-3518,,2008-10-31,,,,3190c737-d0da-11f0-9ba0-fc3fdb83b633,false,,false,
32087fa7-d0da-11f0-9ba0-fc3fdb83b633,LDV-3519,,2008-10-31,,,,3190c737-d0da-11f0-9ba0-fc3fdb83b633,false,,false,
320881f8-d0da-11f0-9ba0-fc3fdb83b633,LDV-3521,,2008-10-31,,,,3190c737-d0da-11f0-9ba0-fc3fdb83b633,false,,false,
3208844e-d0da-11f0-9ba0-fc3fdb83b633,LDV-3522,,2008-10-31,,,,3190c737-d0da-11f0-9ba0-fc3fdb83b633,false,,false,
32088702-d0da-11f0-9ba0-fc3fdb83b633,LDV-3523,,2008-10-31,,,,3190c737-d0da-11f0-9ba0-fc3fdb83b633,false,,false,
32088976-d0da-11f0-9ba0-fc3fdb83b633,LDV-3525,,2008-10-31,,,,3190c737-d0da-11f0-9ba0-fc3fdb83b633,false,,false,
32088be4-d0da-11f0-9ba0-fc3fdb83b633,LDV-3526,,2009-01-15,,,,3190db8a-d0da-11f0-9ba0-fc3fdb83b633,false,,true,302f2fd7-d0da-11f0-9ba0-fc3fdb83b633
32088edc-d0da-11f0-9ba0-fc3fdb83b633,LDV-3527,,2009-01-15,,,,3190db8a-d0da-11f0-9ba0-fc3fdb83b633,false,,true,302e6102-d0da-11f0-9ba0-fc3fdb83b633
3208917f-d0da-11f0-9ba0-fc3fdb83b633,LDV-3530,,2009-01-15,,,,3190db8a-d0da-11f0-9ba0-fc3fdb83b633,false,,true,302e6102-d0da-11f0-9ba0-fc3fdb83b633
3208942c-d0da-11f0-9ba0-fc3fdb83b633,LDV-3531,,2009-01-15,,,,3190db8a-d0da-11f0-9ba0-fc3fdb83b633,false,,true,302e6df7-d0da-11f0-9ba0-fc3fdb83b633
320896ca-d0da-11f0-9ba0-fc3fdb83b633,LDV-3532,,2009-01-15,,,,3190db8a-d0da-11f0-9ba0-fc3fdb83b633,false,,true,302f7456-d0da-11f0-9ba0-fc3fdb83b633
32089983-d0da-11f0-9ba0-fc3fdb83b633,LDV-3533,,2009-01-15,,,,3190db8a-d0da-11f0-9ba0-fc3fdb83b633,false,,true,302e643f-d0da-11f0-9ba0-fc3fdb83b633
32089c66-d0da-11f0-9ba0-fc3fdb83b633,LDV-3534,,2009-01-15,,,,3190db8a-d0da-11f0-9ba0-fc3fdb83b633,false,,true,302e6186-d0da-11f0-9ba0-fc3fdb83b633
32089f47-d0da-11f0-9ba0-fc3fdb83b633,LDV-3535,,2009-01-15,,,,3190db8a-d0da-11f0-9ba0-fc3fdb83b633,false,,true,302f7485-d0da-11f0-9ba0-fc3fdb83b633
3208a1f7-d0da-11f0-9ba0-fc3fdb83b633,LDV-3536,,2009-01-15,,,,3190db8a-d0da-11f0-9ba0-fc3fdb83b633,false,,true,302e5ffe-d0da-11f0-9ba0-fc3fdb83b633
3208a4cf-d0da-11f0-9ba0-fc3fdb83b633,LDV-3537,,2009-01-15,,,,3190db8a-d0da-11f0-9ba0-fc3fdb83b633,false,,true,302e5fbc-d0da-11f0-9ba0-fc3fdb83b633
3208a7b4-d0da-11f0-9ba0-fc3fdb83b633,LDV-3538,,2009-01-15,,,,3190db8a-d0da-11f0-9ba0-fc3fdb83b633,false,,true,302f74b3-d0da-11f0-9ba0-fc3fdb83b633
3208aa65-d0da-11f0-9ba0-fc3fdb83b633,LDV-3539,,2009-01-15,,,,3190db8a-d0da-11f0-9ba0-fc3fdb83b633,false,,true,302e5be7-d0da-11f0-9ba0-fc3fdb83b633
3208ada4-d0da-11f0-9ba0-fc3fdb83b633,LDV-3540,,2009-01-15,,,,3190db8a-d0da-11f0-9ba0-fc3fdb83b633,false,,true,302efaaa-d0da-11f0-9ba0-fc3fdb83b633
3208b0fb-d0da-11f0-9ba0-fc3fdb83b633,LDV-3541,,2009-01-15,,,,3190db8a-d0da-11f0-9ba0-fc3fdb83b633,false,,true,302e5fbc-d0da-11f0-9ba0-fc3fdb83b633
3208b3f5-d0da-11f0-9ba0-fc3fdb83b633,LDV-3542,,2009-01-15,,,,3190db8a-d0da-11f0-9ba0-fc3fdb83b633,false,,true,302f74e2-d0da-11f0-9ba0-fc3fdb83b633
3208b6ae-d0da-11f0-9ba0-fc3fdb83b633,LDV-3543,,2009-01-15,,,,3190db8a-d0da-11f0-9ba0-fc3fdb83b633,false,,true,302efaaa-d0da-11f0-9ba0-fc3fdb83b633
3208b9c5-d0da-11f0-9ba0-fc3fdb83b633,LDV-3544,,2009-01-15,,,,3190db8a-d0da-11f0-9ba0-fc3fdb83b633,false,,true,302f7511-d0da-11f0-9ba0-fc3fdb83b633
3208bc9f-d0da-11f0-9ba0-fc3fdb83b633,LDV-3545,,2009-01-15,,,,3190db8a-d0da-11f0-9ba0-fc3fdb83b633,false,,true,302f5d93-d0da-11f0-9ba0-fc3fdb83b633
3208bf6f-d0da-11f0-9ba0-fc3fdb83b633,LDV-3552,,2009-02-12,,,,3190c4d8-d0da-11f0-9ba0-fc3fdb83b633,false,,true,302e6186-d0da-11f0-9ba0-fc3fdb83b633
3208c228-d0da-11f0-9ba0-fc3fdb83b633,LDV-3553,,2009-02-12,,,,3190c4d8-d0da-11f0-9ba0-fc3fdb83b633,false,,true,302f7541-d0da-11f0-9ba0-fc3fdb83b633
3208c49a-d0da-11f0-9ba0-fc3fdb83b633,LDV-3556,,2009-02-12,,,,3190c4d8-d0da-11f0-9ba0-fc3fdb83b633,false,,true,302f7570-d0da-11f0-9ba0-fc3fdb83b633
3208c727-d0da-11f0-9ba0-fc3fdb83b633,LDV-3557,,2009-02-12,,,,3190c4d8-d0da-11f0-9ba0-fc3fdb83b633,false,,true,302f759f-d0da-11f0-9ba0-fc3fdb83b633
3208c9ab-d0da-11f0-9ba0-fc3fdb83b633,LDV-3558,,2009-02-12,,,,3190c4d8-d0da-11f0-9ba0-fc3fdb83b633,false,,true,302e5ca7-d0da-11f0-9ba0-fc3fdb83b633
3208cdda-d0da-11f0-9ba0-fc3fdb83b633,LDV-3559,,2009-02-12,,,,3190c4d8-d0da-11f0-9ba0-fc3fdb83b633,false,,true,302f75ce-d0da-11f0-9ba0-fc3fdb83b633
3208d079-d0da-11f0-9ba0-fc3fdb83b633,LDV-3560,,2009-02-12,,,,3190c4d8-d0da-11f0-9ba0-fc3fdb83b633,false,,true,302f75fd-d0da-11f0-9ba0-fc3fdb83b633
3208e682-d0da-11f0-9ba0-fc3fdb83b633,LDV-3561,,2009-02-12,,,,3190c4d8-d0da-11f0-9ba0-fc3fdb83b633,false,,true,302f762d-d0da-11f0-9ba0-fc3fdb83b633
3208ff9a-d0da-11f0-9ba0-fc3fdb83b633,LDV-3562,,2009-02-12,,,,3190c4d8-d0da-11f0-9ba0-fc3fdb83b633,false,,true,302f765b-d0da-11f0-9ba0-fc3fdb83b633
3209070f-d0da-11f0-9ba0-fc3fdb83b633,LDV-3563,,2009-02-12,,,,3190c4d8-d0da-11f0-9ba0-fc3fdb83b633,false,,true,302f768a-d0da-11f0-9ba0-fc3fdb83b633
320909f5-d0da-11f0-9ba0-fc3fdb83b633,LDV-3564,,2009-02-12,,,,3190c4d8-d0da-11f0-9ba0-fc3fdb83b633,false,,true,302f25be-d0da-11f0-9ba0-fc3fdb83b633
32090cdc-d0da-11f0-9ba0-fc3fdb83b633,LDV-3565,,2009-02-12,,,,3190c4d8-d0da-11f0-9ba0-fc3fdb83b633,false,,true,302e6186-d0da-11f0-9ba0-fc3fdb83b633
32090fd5-d0da-11f0-9ba0-fc3fdb83b633,LDV-3566,,2009-02-12,,,,3190c4d8-d0da-11f0-9ba0-fc3fdb83b633,false,,true,302f76b9-d0da-11f0-9ba0-fc3fdb83b633
320912bc-d0da-11f0-9ba0-fc3fdb83b633,LDV-3568,,2009-02-12,,,,3190c4d8-d0da-11f0-9ba0-fc3fdb83b633,false,,true,302e6b21-d0da-11f0-9ba0-fc3fdb83b633
32091599-d0da-11f0-9ba0-fc3fdb83b633,LDV-3569,,2009-02-12,,,,3190c4d8-d0da-11f0-9ba0-fc3fdb83b633,false,,true,302f76e8-d0da-11f0-9ba0-fc3fdb83b633
3209186f-d0da-11f0-9ba0-fc3fdb83b633,LDV-3570,,2009-02-12,,,,3190c4d8-d0da-11f0-9ba0-fc3fdb83b633,false,,true,302f7717-d0da-11f0-9ba0-fc3fdb83b633
32091b55-d0da-11f0-9ba0-fc3fdb83b633,LDV-3571,,2009-02-12,,,,3190c4d8-d0da-11f0-9ba0-fc3fdb83b633,false,,true,302f24e2-d0da-11f0-9ba0-fc3fdb83b633
32091e5a-d0da-11f0-9ba0-fc3fdb83b633,LDV-3572,,2009-02-12,,,,3190c4d8-d0da-11f0-9ba0-fc3fdb83b633,false,,true,302f7746-d0da-11f0-9ba0-fc3fdb83b633
32092116-d0da-11f0-9ba0-fc3fdb83b633,LDV-3575,,2009-02-23,,,,3190db14-d0da-11f0-9ba0-fc3fdb83b633,false,,true,302e6f42-d0da-11f0-9ba0-fc3fdb83b633
320923e8-d0da-11f0-9ba0-fc3fdb83b633,LDV-3582,,2009-03-26,,,,3190d510-d0da-11f0-9ba0-fc3fdb83b633,false,,false,
3209260e-d0da-11f0-9ba0-fc3fdb83b633,LDV-3583,,2009-03-26,,,,3190d510-d0da-11f0-9ba0-fc3fdb83b633,false,,false,
3209290e-d0da-11f0-9ba0-fc3fdb83b633,LDV-3584,,2009-03-26,,,,3190d510-d0da-11f0-9ba0-fc3fdb83b633,false,,false,
32092b4e-d0da-11f0-9ba0-fc3fdb83b633,LDV-3585,,2009-03-26,,,,3190d510-d0da-11f0-9ba0-fc3fdb83b633,false,,false,
32092ea0-d0da-11f0-9ba0-fc3fdb83b633,LDV-3586,,2009-03-26,,,,3190d510-d0da-11f0-9ba0-fc3fdb83b633,false,,false,
32093800-d0da-11f0-9ba0-fc3fdb83b633,LDV-3587,,2009-03-26,,,,3190d510-d0da-11f0-9ba0-fc3fdb83b633,false,,false,
32093b00-d0da-11f0-9ba0-fc3fdb83b633,LDV-3588,,2009-03-26,,,,3190d510-d0da-11f0-9ba0-fc3fdb83b633,false,,false,
32093db2-d0da-11f0-9ba0-fc3fdb83b633,LDV-3589,,2009-03-26,,,,3190d510-d0da-11f0-9ba0-fc3fdb83b633,false,,false,
320940c2-d0da-11f0-9ba0-fc3fdb83b633,LDV-3590,,2009-03-26,,,,3190d510-d0da-11f0-9ba0-fc3fdb83b633,false,,false,
3209435c-d0da-11f0-9ba0-fc3fdb83b633,LDV-3591,,2009-03-26,,,,3190d510-d0da-11f0-9ba0-fc3fdb83b633,false,,false,
320945a7-d0da-11f0-9ba0-fc3fdb83b633,LDV-3592,,2009-03-26,,,,3190d510-d0da-11f0-9ba0-fc3fdb83b633,false,,false,
3209488a-d0da-11f0-9ba0-fc3fdb83b633,LDV-3593,,2009-03-26,,,,3190d510-d0da-11f0-9ba0-fc3fdb83b633,false,,false,
3209639f-d0da-11f0-9ba0-fc3fdb83b633,LDV-3594,,2009-03-26,,,,3190d510-d0da-11f0-9ba0-fc3fdb83b633,false,,false,
3209677a-d0da-11f0-9ba0-fc3fdb83b633,LDV-3595,,2009-03-26,,,,3190d510-d0da-11f0-9ba0-fc3fdb83b633,false,,false,
32096ab9-d0da-11f0-9ba0-fc3fdb83b633,LDV-3596,,2009-03-26,,,,3190d510-d0da-11f0-9ba0-fc3fdb83b633,false,,false,
32096e04-d0da-11f0-9ba0-fc3fdb83b633,LDV-628,,2003-10-06,,,,3190bf06-d0da-11f0-9ba0-fc3fdb83b633,false,,true,302f7777-d0da-11f0-9ba0-fc3fdb83b633
32097202-d0da-11f0-9ba0-fc3fdb83b633,LDV-665,,2003-10-27,,,,3190bf06-d0da-11f0-9ba0-fc3fdb83b633,false,,true,302f77a5-d0da-11f0-9ba0-fc3fdb83b633
3209757e-d0da-11f0-9ba0-fc3fdb83b633,LDV-759,,2004-02-02,,,,3190bf06-d0da-11f0-9ba0-fc3fdb83b633,false,,true,302f2177-d0da-11f0-9ba0-fc3fdb83b633
3209792d-d0da-11f0-9ba0-fc3fdb83b633,LDV-787,,2004-08-26,,,,3190bf06-d0da-11f0-9ba0-fc3fdb83b633,false,,true,302f77d4-d0da-11f0-9ba0-fc3fdb83b633