id,Tipo,Reino,Filo,Clase,Orden,Familia,Genero,Especie
3027edbd-d0da-11f0-9ba0-fc3fdb83b633,Hongo,FUNGI,,,,,,
3027f4ae-d0da-11f0-9ba0-fc3fdb83b633,Hongo,FUNGI,ASCOMYCOTA,Sordariomycetes,Xylariales,Amphisphaeriaceae,Pestalotiopsis,Pestalotiopsis mangifolia
3027f585-d0da-11f0-9ba0-fc3fdb83b633,Hongo,FUNGI,ASCOMYCOTA,Sordariomycetes,PHYLLACHORALES,PHYLACHORACEAE,COLLETOTRICHUM,Colletotrichum boninense
3027f5d4-d0da-11f0-9ba0-fc3fdb83b633,Hongo,FUNGI,ASCOMYCOTA,Sordariomycetes,Sordariales,Chaetomiaceae,Chaetomium,Chaetomium cupreum
3027f61f-d0da-11f0-9ba0-fc3fdb83b633,Hongo,FUNGI,ASCOMYCOTA,Sordariomycetes,XYLARIALES,XYLARIACEAE,NODULISPORIUM,Daldinia loculata
3027f666-d0da-11f0-9ba0-fc3fdb83b633,Hongo,FUNGI,ASCOMYCOTA,Dothideomycetes,DOTHIDEALES,Botryosphaeriaceae,Neoscytalidium,Neoscytalidium dimidiatum
3027f6a8-d0da-11f0-9ba0-fc3fdb83b633,Hongo,FUNGI,ASCOMYCOTA,Sordariomycetes,HYPOCREALES,Nectriaceae,Cosmospora,Cosmospora butyri
3027f6e8-d0da-11f0-9ba0-fc3fdb83b633,Hongo,FUNGI,ASCOMYCOTA,Sordariomycetes,DIAPORTHALES,VALSACEA,PHOMOPSIS,Phomopsis longicolla
3027f72c-d0da-11f0-9ba0-fc3fdb83b633,Hongo,FUNGI,ASCOMYCOTA,Sordariomycetes,HYPOCREALES,Nectriaceae,Albonectria,Albonectria rigidiuscula
3027f76b-d0da-11f0-9ba0-fc3fdb83b633,Hongo,FUNGI,Ascomycota,Sordariomycetes,Diaporthales,VALSACEA,Phomopsis,Phomopsis oryzae
3027f7b2-d0da-11f0-9ba0-fc3fdb83b633,Hongo,FUNGI,ASCOMYCOTA,Sordariomycetes,DIAPORTHALES,VALSACEA,PHOMOPSIS,Phomopsis columnaris
3027f7f9-d0da-11f0-9ba0-fc3fdb83b633,Hongo,FUNGI,ASCOMYCOTA,Dothideomycetes,Mycosphaerellales,MYCOSPHAERELLACEAE,Pseudocercospora,Pseudocercospora macrospora
3027f83b-d0da-11f0-9ba0-fc3fdb83b633,Hongo,FUNGI,ASCOMYCOTA,Dothideomycetes,DOTHIDEALES,Phyllostictaceae,Phyllosticta,Phyllosticta capitalensis
3027f87b-d0da-11f0-9ba0-fc3fdb83b633,Hongo,FUNGI,ASCOMYCOTA,Sordariomycetes,PHYLLACHORALES,PHYLACHORACEAE,COLLETOTRICHUM,Colletotrichum sp FLS_2010
3027f8bd-d0da-11f0-9ba0-fc3fdb83b633,Hongo,FUNGI,ASCOMYCOTA,Sordariomycetes,XYLARIALES,Xylariaceae,Hypoxylon,Hypoxylon perforatum
3027f8fd-d0da-11f0-9ba0-fc3fdb83b633,Hongo,FUNGI,ASCOMYCOTA,Sordariomycetes,PHYLLACHORALES,PHYLACHORACEAE,COLLETOTRICHUM,Colletotrichum magnum
3027f93e-d0da-11f0-9ba0-fc3fdb83b633,Hongo,FUNGI,Ascomycota,Sordariomycetes,Diaporthales,VALSACEA,PHOMOPSIS,Diaporthe conorum
3027f97f-d0da-11f0-9ba0-fc3fdb83b633,Hongo,FUNGI,ASCOMYCOTA,Sordariomycetes,DIAPORTHALES,VALSACEA,PHOMOPSIS,Diaporthe stewartii
3027f9bf-d0da-11f0-9ba0-fc3fdb83b633,Hongo,FUNGI,Ascomycota,Sordariomycetes,Glomerellales,Glomerellaceae,Colletotrichum,Colletotrichum boninense
3027fa00-d0da-11f0-9ba0-fc3fdb83b633,Hongo,FUNGI,ASCOMYCOTA,Sordariomycetes,PLEOSPORALES,Plectosphaerellaceae,Plectosphaerella,Plectosphaerella melonis
3027fa41-d0da-11f0-9ba0-fc3fdb83b633,Hongo,FUNGI,Ascomycota,Sordariomycetes,PHYLLACHORALES,PHYLACHORACEAE,Colletotrichum,Colletotrichum ignotum
3027fa83-d0da-11f0-9ba0-fc3fdb83b633,Hongo,FUNGI,ASCOMYCOTA,Sordariomycetes,PHYLLACHORALES,TRICHOCOMACEAE,PENICILLIUM,Penicillium paxilli
3027fac3-d0da-11f0-9ba0-fc3fdb83b633,Hongo,FUNGI,ASCOMYCOTA,Sordariomycetes,PHYLLACHORALES,Glomerellaceae,Colletotrichum,Colletotrichum taiwanense
3027fb04-d0da-11f0-9ba0-fc3fdb83b633,Hongo,FUNGI,ASCOMYCOTA,Sordariomycetes,XYLARIALES,XYLARIACEAE,Pestalotiopsis,Pestalotiopsis mangifolia
3027fb45-d0da-11f0-9ba0-fc3fdb83b633,Hongo,FUNGI,Ascomycota,Sordariomycetes,Diaporthales,VALSACEA,PHOMOPSIS,Diaporthe sp FLS_2010
3027fb87-d0da-11f0-9ba0-fc3fdb83b633,Hongo,FUNGI,ASCOMYCOTA,Eurotiomycetes,Chaetothyriales,Chaetothyriaceae,Cyphellophora,Cyphellophora guyanensis
3027fbc7-d0da-11f0-9ba0-fc3fdb83b633,Hongo,FUNGI,ASCOMYCOTA,Dothideomycetes,MYCOPHAERELLALES,MYCOSPHAERELLACEAE,CLADOSPORIUM,Cladosporium colocasiae
3027fc09-d0da-11f0-9ba0-fc3fdb83b633,Hongo,FUNGI,ASCOMYCOTA,Dothideomycetes,PLEOSPORALES,Corynesporascaceae,CORYNESPORA,Corynespora cassiicola
3027fc49-d0da-11f0-9ba0-fc3fdb83b633,Hongo,FUNGI,ASCOMYCOTA,Dothideomycetes,PLEOSPORALES,INCERTAE SEDIS,PHOMA,Phoma exigua
3027fc8b-d0da-11f0-9ba0-fc3fdb83b633,Hongo,FUNGI,ASCOMYCOTA,Sordariomycetes,XYLARIALES,DIATRYPACEAE,EUTYPELLA,Eutypa sp 2 CCG_2012
3027fccd-d0da-11f0-9ba0-fc3fdb83b633,Hongo,FUNGI,ASCOMYCOTA,Sordariomycetes,PHYLLACHORALES,Phyllostictaceae,Phyllosticta,Phyllosticta capitalensis
3027fd10-d0da-11f0-9ba0-fc3fdb83b633,Hongo,FUNGI,Ascomycota,Sordariomycetes,Diaporthales,Diaporthaceae,Diaporthe,Diaporthe stewartii
3027fd52-d0da-11f0-9ba0-fc3fdb83b633,Hongo,FUNGI,ASCOMYCOTA,Sordariomycetes,Xylariales,PHYLACHORACEAE,Pestalotiopsis,Pestalotiopsis mangifolia
3027fd92-d0da-11f0-9ba0-fc3fdb83b633,Hongo,FUNGI,ASCOMYCOTA,Sordariomycetes,XYLARIALES,XYLARIACEAE,NODULISPORIUM,Hypoxylon investiens
3027fdd3-d0da-11f0-9ba0-fc3fdb83b633,Hongo,FUNGI,ASCOMYCOTA,Sordariomycetes,XYLARIALES,XYLARIACEAE,XYLARIA,Xylaria longipes
3027fe12-d0da-11f0-9ba0-fc3fdb83b633,Hongo,FUNGI,ASCOMYCOTA,Sordariomycetes,XYLARIALES,XYLARIACEAE,XYLARIA,Entonaema pallida
3027fe55-d0da-11f0-9ba0-fc3fdb83b633,Hongo,,Ascomycota,Sordariomycetes,Xylariales,Xylariaceae,Xylaria,Xylaria adscendens
3027fe95-d0da-11f0-9ba0-fc3fdb83b633,Hongo,,Ascomycota,Sordariomycetes,Xylariales,Xylariaceae,Xylaria,Xylaria enteroleuca
3027fed4-d0da-11f0-9ba0-fc3fdb83b633,Hongo,,Ascomycota,Sordariomycetes,Xylariales,Xylariaceae,Hypoxylon,Hypoxylon investiens
3027ff14-d0da-11f0-9ba0-fc3fdb83b633,Hongo,,Ascomycota,Sordariomycetes,Xylariales,Hyponectriaceae,Microdochium,Microdochium bolleyi
3027ff56-d0da-11f0-9ba0-fc3fdb83b633,Hongo,FUNGI,Ascomycota,Sordariomycetes,Glomerellales,Glomerellaceae,Colletotrichum,Colletotrichum dracaenophilum
3027ff97-d0da-11f0-9ba0-fc3fdb83b633,Hongo,FUNGI,Ascomycota,Dothideomycetes,Botryosphaeriales,Phyllostictaceae,Phyllosticta,Phyllosticta capitalensis
3027ffd7-d0da-11f0-9ba0-fc3fdb83b633,Hongo,FUNGI,Ascomycota,Dothideomycetes,Capnodiales,Cladosporiaceae,Cladosporium,Cladosporium colocasiae
30280016-d0da-11f0-9ba0-fc3fdb83b633,Hongo,FUNGI,Ascomycota,Dothideomycetes,Pleosporales,Didymellaceae,Didymella,Stagonosporopsis cucurbitacearum
30280057-d0da-11f0-9ba0-fc3fdb83b633,Hongo,FUNGI,Ascomycota,Dothideomycetes,Mycosphaerellales,Mycosphaerellaceae,Mycosphaerella,Mycosphaerella sp AA_2012
30280099-d0da-11f0-9ba0-fc3fdb83b633,Hongo,FUNGI,Ascomycota,Dothideomycetes,Pleosporales,Montagnulaceae,Paraconiothyrium,Paraconiothyrium brasiliense
302800d9-d0da-11f0-9ba0-fc3fdb83b633,Hongo,FUNGI,Ascomycota,Sordariomycetes,Magnaporthales,Magnaporthaceae,Mycoleptodiscus,Mycoleptodiscus indicus
3028011a-d0da-11f0-9ba0-fc3fdb83b633,Hongo,FUNGI,Ascomycota,Dothideomycetes,Mycosphaerellales,Mycosphaerellaceae,Septoria,Septoria scabiosicola
3028015b-d0da-11f0-9ba0-fc3fdb83b633,Hongo,FUNGI,ASCOMYCOTA,Sordariomycetes,XYLARIALES,Xylariaceae,Hypoxylon,Hypoxylon investiens
3028019b-d0da-11f0-9ba0-fc3fdb83b633,Hongo,FUNGI,ASCOMYCOTA,Sordariomycetes,XYLARIALES,Xylariaceae,PHOMOPSIS,Hypoxylon investiens
302801dd-d0da-11f0-9ba0-fc3fdb83b633,Hongo,FUNGI,ASCOMYCOTA,Sordariomycetes,PHYLLACHORALES,PHYLACHORACEAE,COLLETOTRICHUM,Colletotrichum cliviae
3028021a-d0da-11f0-9ba0-fc3fdb83b633,Hongo,FUNGI,ASCOMYCOTA,Sordariomycetes,PHYLLACHORALES,Glomerellaceae,Diaporthe,Diaporthe stewartii
3028025b-d0da-11f0-9ba0-fc3fdb83b633,Hongo,FUNGI,Ascomycota,Sordariomycetes,Glomerellales,Glomerellaceae,Colletotrichum,Colletotrichum magnum
3028029a-d0da-11f0-9ba0-fc3fdb83b633,Hongo,FUNGI,ASCOMYCOTA,Sordariomycetes,PHYLLACHORALES,PHYLACHORACEAE,COLLETOTRICHUM,Colletotrichum tropicale
302802dc-d0da-11f0-9ba0-fc3fdb83b633,Hongo,FUNGI,Ascomycota,Sordariomycetes,Glomerellales,Glomerellaceae,Colletotrichum,Colletotrichum tropicale
3028031c-d0da-11f0-9ba0-fc3fdb83b633,Hongo,FUNGI,ASCOMYCOTA,Sordariomycetes,XYLARIALES,XYLARIACEAE,NODULISPORIUM,Daldinia eschscholzii
3028035b-d0da-11f0-9ba0-fc3fdb83b633,Hongo,FUNGI,ASCOMYCOTA,Sordariomycetes,DIAPORTHALES,Diaporthaceae,Diaporthe,Phomopsis longicolla
3028039b-d0da-11f0-9ba0-fc3fdb83b633,Hongo,FUNGI,ASCOMYCOTA,Eurotiomycetes,EUROTIALES,TRICHOCOMACEAE,PENICILLIUM,Penicillium paxilli
302803db-d0da-11f0-9ba0-fc3fdb83b633,Hongo,FUNGI,Ascomycota,Sordariomycetes,Xylariales,Amphisphaeriaceae,Discosia,Discosia sp 7 KT_2010
3028041e-d0da-11f0-9ba0-fc3fdb83b633,Hongo,FUNGI,Basidiomycota,Agaricomycetes,Agaricales,Psathyrellaceae,Coprinellus,Coprinellus disseminatus
3028045f-d0da-11f0-9ba0-fc3fdb83b633,Hongo,,Ascomycota,Sordariomycetes,Diaporthales,Diaporthaceae,Diaporthe,Diaporthe australafricana
3028049e-d0da-11f0-9ba0-fc3fdb83b633,Hongo,,Ascomycota,Sordariomycetes,Glomerellales,Glomerellaceae,Colletotrichum,Colletotrichum gloeosporioides
302804de-d0da-11f0-9ba0-fc3fdb83b633,Hongo,,Ascomycota,Sordariomycetes,Xylariales,Xylariaceae,Xylaria,Xylaria grammica
3028051d-d0da-11f0-9ba0-fc3fdb83b633,Hongo,,Ascomycota,Sordariomycetes,Glomerellales,Glomerellaceae,Colletotrichum,Colletotrichum boninense
3028055e-d0da-11f0-9ba0-fc3fdb83b633,Hongo,,Ascomycota,Sordariomycetes,Diaporthales,Diaporthaceae,Diaporthe,Diaporthe passiflorae
3028059d-d0da-11f0-9ba0-fc3fdb83b633,Hongo,,Ascomycota,Sordariomycetes,Glomerellales,Glomerellaceae,Colletotrichum,Colletotrichum clavatum
302805dc-d0da-11f0-9ba0-fc3fdb83b633,Hongo,,Ascomycota,Leotiomycetes,Helotiales,Dermateaceae,Gloeosporium,Gloeosporium phormii
3028061b-d0da-11f0-9ba0-fc3fdb83b633,Hongo,,Ascomycota,Dothideomycetes,Pleosporales,Pleosporaceae,Alternaria,Alternaria longipes
3028065b-d0da-11f0-9ba0-fc3fdb83b633,Hongo,FUNGI,ASCOMYCOTA,ASCOMYCETES,XYLARIALES,XYLARIACEAE,XYLARIA,
302806a1-d0da-11f0-9ba0-fc3fdb83b633,Hongo,FUNGI,Ascomycota,Sordariomycetes,Xylariales,Xylariaceae,Hypoxylon,Hypoxylon fendleri
302806e3-d0da-11f0-9ba0-fc3fdb83b633,Hongo,FUNGI,ASCOMYCOTA,ASCOMYCETES,DOTHIDEALES,BOTRYOSPHAERIACEAE,PHYLLOSTICTA,
30280724-d0da-11f0-9ba0-fc3fdb83b633,Hongo,FUNGI,Ascomycota,Sordariomycetes,Glomerellales,Glomerellaceae,Colletotrichum,Colletotrichum taiwanense
30280764-d0da-11f0-9ba0-fc3fdb83b633,Hongo,FUNGI,Ascomycota,Dothideomycetes,Pleosporales,Pleosporaceae,Alternaria,Alternaria longissima
302807a3-d0da-11f0-9ba0-fc3fdb83b633,Hongo,FUNGI,ASCOMYCOTA,ASCOMYCETES,INCERTAE SEDIS,INCERTAE SEDIS,CHALARA,
302807e2-d0da-11f0-9ba0-fc3fdb83b633,Hongo,FUNGI,ASCOMYCOTA,ASCOMYCETES,MONILIALES,MONILIACEAE,FUSARIUM,
30280822-d0da-11f0-9ba0-fc3fdb83b633,Hongo,FUNGI,Ascomycota,Sordariomycetes,HELOTIALES,SCLEROTINIACEAE,Colletotrichum,Colletotrichum petchii
30280863-d0da-11f0-9ba0-fc3fdb83b633,Hongo,FUNGI,Ascomycota,Sordariomycetes,Hypocreales,Nectriaceae,Ilyonectria,Ilyonectria robusta
302808a3-d0da-11f0-9ba0-fc3fdb83b633,Hongo,FUNGI,Ascomycota,Dothideomycetes,Pleosporales,Pleosporales_Incertae sedis,Pyrenochaeta,Pyrenochaeta gentianicola
302808e3-d0da-11f0-9ba0-fc3fdb83b633,Hongo,FUNGI,Ascomycota,Sordariomycetes,Diaporthales,Diaporthaceae,Pseudovalsaria,Pseudovalsaria ferruginea
30280925-d0da-11f0-9ba0-fc3fdb83b633,Hongo,FUNGI,Ascomycota,Eurotiomycetes,Chaetothyriales,Chaetothyriaceae,Cyphellophora,Cyphellophora pauciseptata
30280966-d0da-11f0-9ba0-fc3fdb83b633,Hongo,FUNGI,Ascomycota,Dothideomycetes,Pleosporales,Massarineae,Acrocalymma,Acrocalymma vagum
302809a9-d0da-11f0-9ba0-fc3fdb83b633,Hongo,FUNGI,Ascomycota,Sordariomycetes,Mycosphaerellales,Mycosphaerellaceae,Septoria,Septoria scabiosicola
302809e8-d0da-11f0-9ba0-fc3fdb83b633,Hongo,FUNGI,Ascomycota,Leotiomycetes,Helotiales,Helotiaceae,Hymenoscyphus,Hymenoscyphus serotinus
30280a28-d0da-11f0-9ba0-fc3fdb83b633,Hongo,FUNGI,Ascomycota,Sordariomycetes,Glomerellales,Glomerellaceae,Colletotrichum,Colletotrichum petchii
30280a6a-d0da-11f0-9ba0-fc3fdb83b633,Hongo,FUNGI,Ascomycota,Dothideomycetes,Pleosporales,Mycosphaerellaceae,Pseudocercospora,Pseudocercospora nogalesii
30280aaa-d0da-11f0-9ba0-fc3fdb83b633,Hongo,FUNGI,Ascomycota,Dothideomycetes,Capnodiales,Cladosporiaceae,Cladosporium,Cladosporium perangustum
30280aec-d0da-11f0-9ba0-fc3fdb83b633,Hongo,FUNGI,Ascomycota,Sordariomycetes,Diaporthales,Diaporthaceae,Diaporthe,Diaporthe melonis var. brevistylospora
30280b2c-d0da-11f0-9ba0-fc3fdb83b633,Hongo,FUNGI,ASCOMYCOTA,ASCOMYCETES,SPHAEROPSIDALES,INCERTAE SEDIS,PHOMOPSIS,
30280b6c-d0da-11f0-9ba0-fc3fdb83b633,Hongo,FUNGI,Ascomycota,Dothideomycetes,Pleosporales,Sporormiaceae,Preussia,Preussia pseudominima
30280bac-d0da-11f0-9ba0-fc3fdb83b633,Hongo,FUNGI,Ascomycota,Eurotiomycetes,Coryneliales,Coryneliaceae,Corynelia,Corynelia uberata
30280bec-d0da-11f0-9ba0-fc3fdb83b633,Hongo,FUNGI,Ascomycota,Sordariomycetes,Xylariales,Xylariaceae,Muscodor,Muscodor albus
30280c2c-d0da-11f0-9ba0-fc3fdb83b633,Hongo,FUNGI,Ascomycota,Dothideomycetes,SPHAEROPSIDALES,Phyllostictaceae,PLENODOMUS,Phyllosticta capitalensis
30280c75-d0da-11f0-9ba0-fc3fdb83b633,Hongo,FUNGI,Ascomycota,Sordariomycetes,Diaporthales,Valsaceae,Cytospora,Cytospora diatrypelloidea
30280cb6-d0da-11f0-9ba0-fc3fdb83b633,Hongo,FUNGI,Ascomycota,Dothideomycetes,Pleosporales,Sporormiaceae,Preussia,Preussia isomera
30280cf7-d0da-11f0-9ba0-fc3fdb83b633,Hongo,FUNGI,Ascomycota,Dothideomycetes,PLEOSPORALES,VENTURIACEAE,Cladosporium,Cladosporium rectoides
30280d38-d0da-11f0-9ba0-fc3fdb83b633,Hongo,FUNGI,Ascomycota,Sordariomycetes,Xylariales,Corynesporascaceae,Pestalotiopsis,Pestalotiopsis mangifolia
30280d7a-d0da-11f0-9ba0-fc3fdb83b633,Hongo,FUNGI,Ascomycota,Sordariomycetes,Glomerellales,Plectosphaerellaceae,Plectosphaerella,Plectosphaerella plurivora
30280dbc-d0da-11f0-9ba0-fc3fdb83b633,Hongo,FUNGI,Ascomycota,Dothideomycetes,Mycosphaerellales,TUBERCULARIACEAE,Septoria,Septoria scabiosicola
30280dfc-d0da-11f0-9ba0-fc3fdb83b633,Hongo,FUNGI,Ascomycota,Sordariomycetes,Hypocreales,Nectriaceae,Fusarium,Fusarium sp FLS_2010
30280e78-d0da-11f0-9ba0-fc3fdb83b633,Hongo,,Ascomycota,Sordariomycetes,Pleosporales,Pleosporaceae,Diaporthe,Diaporthe passiflorae
30280ee7-d0da-11f0-9ba0-fc3fdb83b633,Hongo,FUNGI,Ascomycota,Dothideomycetes,Pleosporales,Didymellaceae,Didymella,Phoma tropica
30280f2a-d0da-11f0-9ba0-fc3fdb83b633,Hongo,FUNGI,Ascomycota,Sordariomycetes,Mycosphaerellales,Mycosphaerellaceae,Pseudocercospora,Pseudocercospora macrospora
3028136d-d0da-11f0-9ba0-fc3fdb83b633,Hongo,FUNGI,ASCOMYCOTA,ASCOMYCETES,HYPOCREALES,INCERTAE SEDIS,ACREMONIUM,
302813dd-d0da-11f0-9ba0-fc3fdb83b633,Hongo,FUNGI,Ascomycota,Sordariomycetes,Diaporthales,Diaporthaceae,Diaporthe,Diaporthe caulivora
30281433-d0da-11f0-9ba0-fc3fdb83b633,Hongo,FUNGI,Ascomycota,Sordariomycetes,Magnaporthales,Magnaporthaceae,Pyricularia,Pyricularia oryzae
30281491-d0da-11f0-9ba0-fc3fdb83b633,Hongo,FUNGI,Ascomycota,Dothideomycetes,Mycosphaerellales,Mycosphaerellaceae,Pseudocercosporella,Pseudocercosporella fraxini
302814dd-d0da-11f0-9ba0-fc3fdb83b633,Hongo,FUNGI,Ascomycota,Dothideomycetes,Pleosporales,Massarineae,HELICOSPORIUM,Acrocalymma vagum
30281523-d0da-11f0-9ba0-fc3fdb83b633,Hongo,FUNGI,Ascomycota,Dothideomycetes,Capnodiales,Mycosphaerellaceae,Ramichloridium,Ramichloridium sp AY_2010
30281568-d0da-11f0-9ba0-fc3fdb83b633,Hongo,FUNGI,Ascomycota,Sordariomycetes,Sordariales,Lasiosphaeriaceae,Podospora,Podospora fimiseda
302815ad-d0da-11f0-9ba0-fc3fdb83b633,Hongo,FUNGI,Ascomycota,Sordariomycetes,Glomerellales,Plectosphaerellaceae,Plectosphaerella,Plectosphaerella sp CBS 116708
302815f4-d0da-11f0-9ba0-fc3fdb83b633,Hongo,FUNGI,Ascomycota,Dothideomycetes,Pleosporales,Pleomassariaceae,Prosthemium,Prosthemium betulinum
30281638-d0da-11f0-9ba0-fc3fdb83b633,Hongo,FUNGI,Ascomycota,Dothideomycetes,Botryosphaeriales,Botryosphaeriaceae,Neodeightonia,Neodeightonia phoenicum
3028167d-d0da-11f0-9ba0-fc3fdb83b633,Hongo,FUNGI,Ascomycota,Sordariomycetes,Diaporthales,Melanconidaceae,Melanconiella,Melanconiella spodiaea
302816c3-d0da-11f0-9ba0-fc3fdb83b633,Hongo,FUNGI,Ascomycota,Eurotiomycetes,Eurotiales,Aspergillaceae,Penicillium,Penicillium macrosporum
30281707-d0da-11f0-9ba0-fc3fdb83b633,Hongo,FUNGI,ASCOMYCOTA,ASCOMYCETES,SPHAEROPSIDALES,INCERTAE SEDIS,PEYRONELLAEA,
3028174c-d0da-11f0-9ba0-fc3fdb83b633,Hongo,FUNGI,Ascomycota,Dothideomycetes,Mycosphaerellales,Mycosphaerellaceae,Devonomyces,Devonomyces endophyticus
30281793-d0da-11f0-9ba0-fc3fdb83b633,Hongo,FUNGI,Ascomycota,Dothideomycetes,Mycosphaerellales,Mycosphaerellaceae,Mycosphaerella,Dothistroma pini
302817d6-d0da-11f0-9ba0-fc3fdb83b633,Hongo,,Ascomycota,Sordariomycetes,Xylariales,Xylariaceae,Xylaria,Xylaria allantoidea
3028181a-d0da-11f0-9ba0-fc3fdb83b633,Hongo,,Ascomycota,Sordariomycetes,Xylariales,Xylariaceae,Xylaria,Xylaria bambusicola
3028185f-d0da-11f0-9ba0-fc3fdb83b633,Hongo,,Ascomycota,Sordariomycetes,Xylariales,Xylariaceae,Xylaria,Xylaria berteri
302818a4-d0da-11f0-9ba0-fc3fdb83b633,Hongo,FUNGI,Ascomycota,Dothideomycetes,Pleosporales,Pleosporales_Incertae sedis,Phoma,Phoma cf nebulosa JZG_2008
302818e9-d0da-11f0-9ba0-fc3fdb83b633,Hongo,FUNGI,ASCOMYCOTA,ASCOMYCETES,MONILIALES,DEMATIACEAE,BELTRANIA,
30281933-d0da-11f0-9ba0-fc3fdb83b633,Hongo,FUNGI,Ascomycota,Dothideomycetes,Mycosphaerellales,Mycosphaerellaceae,Pseudocercospora,Pseudocercospora chiangmaiensis
30281979-d0da-11f0-9ba0-fc3fdb83b633,Hongo,FUNGI,Ascomycota,Sordariomycetes,Xylariales,Xylariaceae,Xylaria,Xylaria polymorpha
302819be-d0da-11f0-9ba0-fc3fdb83b633,Hongo,FUNGI,Ascomycota,Dothideomycetes,Pleosporales,Pleosporaceae,Cochliobolus,Cochliobolus nisikadoi
30281a04-d0da-11f0-9ba0-fc3fdb83b633,Hongo,FUNGI,Ascomycota,Dothideomycetes,Mycosphaerellales,Mycosphaerellaceae,Mycosphaerella,Cercospora apii
30281a4a-d0da-11f0-9ba0-fc3fdb83b633,Hongo,FUNGI,Ascomycota,Sordariomycetes,Xylariales,Xylariaceae,Xylaria,Xylaria laevis
302e55da-d0da-11f0-9ba0-fc3fdb83b633,Hospedero,,,,,Pannariaceae,Pannaria,mosenii
302e57fb-d0da-11f0-9ba0-fc3fdb83b633,Hospedero,,,,,Parmeliaceae,Canoparmelia,caroliniana
302e5855-d0da-11f0-9ba0-fc3fdb83b633,Hospedero,,,,,Asteraceae,Piptocarpha,poeppigiana
302e58a0-d0da-11f0-9ba0-fc3fdb83b633,Hospedero,,,,,Solanaceae,Cestrum,
302e58e4-d0da-11f0-9ba0-fc3fdb83b633,Hospedero,,,,,Malastomateceae,Aciotis,
302e592f-d0da-11f0-9ba0-fc3fdb83b633,Hospedero,,,,,Turneraceae,,
302e5978-d0da-11f0-9ba0-fc3fdb83b633,Hospedero,,,,,Gesneriaceae,Alloplectus,
302e59c4-d0da-11f0-9ba0-fc3fdb83b633,Hospedero,,,,,Fabaceae/Pap.,Desmodium,
302e5a0f-d0da-11f0-9ba0-fc3fdb83b633,Hospedero,,,,,Apocynaceae,Mandevilla,hirsuta
302e5a51-d0da-11f0-9ba0-fc3fdb83b633,Hospedero,,,,,Blechnaceae,Salpichlaena,volubilis
302e5a93-d0da-11f0-9ba0-fc3fdb83b633,Hospedero,,,,,Moraceae,Ficus,
302e5ade-d0da-11f0-9ba0-fc3fdb83b633,Hospedero,,,,,Rubiaceae,Ferdinandusa,
302e5b21-d0da-11f0-9ba0-fc3fdb83b633,Hospedero,,,,,Chrysobalanaceae,Licania,hypoleuca
302e5b64-d0da-11f0-9ba0-fc3fdb83b633,Hospedero,,,,,Hypericaceae,Vismia,macrophylla
302e5ba5-d0da-11f0-9ba0-fc3fdb83b633,Hospedero,,,,,Chloranthaceae,Hedyosmum,
302e5be7-d0da-11f0-9ba0-fc3fdb83b633,Hospedero,,,,,Melastomataceae,Miconia,
302e5c27-d0da-11f0-9ba0-fc3fdb83b633,Hospedero,,,,,Myrsinaceae,Ardisia,
302e5c68-d0da-11f0-9ba0-fc3fdb83b633,Hospedero,,,,,Nyctaginaceae,Neea,
302e5ca7-d0da-11f0-9ba0-fc3fdb83b633,Hospedero,,,,,Heliconiaceae,Heliconia,
302e5ce9-d0da-11f0-9ba0-fc3fdb83b633,Hospedero,,,,,Araceae,Philodendron,grandipes
302e5d2c-d0da-11f0-9ba0-fc3fdb83b633,Hospedero,,,,,Acanthaceae,Justicia,sarapiquensis
302e5d6d-d0da-11f0-9ba0-fc3fdb83b633,Hospedero,,,,,Rubuiaceae,Warszewiczia,coccinea
302e5dac-d0da-11f0-9ba0-fc3fdb83b633,Hospedero,,,,,Marantaceae,,
302e5ded-d0da-11f0-9ba0-fc3fdb83b633,Hospedero,,,,,Fabaceae/Caes.,Bauhinia,
302e5e2e-d0da-11f0-9ba0-fc3fdb83b633,Hospedero,,,,,Annonaceae,Anaxagorea,
302e5e77-d0da-11f0-9ba0-fc3fdb83b633,Hospedero,,,,,Caricaceae,Jacaratia,dolichaula
302e5eb9-d0da-11f0-9ba0-fc3fdb83b633,Hospedero,,,,,Fabaceae/Pap.,Swartzia,simplex
302e5efa-d0da-11f0-9ba0-fc3fdb83b633,Hospedero,,,,,Areceae,Spathiphyllum,
302e5f3c-d0da-11f0-9ba0-fc3fdb83b633,Hospedero,,,,,Podocarpaceae,Podocarpus,oleifolius
302e5f7b-d0da-11f0-9ba0-fc3fdb83b633,Hospedero,,,,,Lycopodiaceae,Huperzia,
302e5fbc-d0da-11f0-9ba0-fc3fdb83b633,Hospedero,,,,,Rubiaceae,,
302e5ffe-d0da-11f0-9ba0-fc3fdb83b633,Hospedero,,,,,Araceae,Anthurium,
302e603f-d0da-11f0-9ba0-fc3fdb83b633,Hospedero,,,,,Lomariopsidaceae,Elaphoglossum,
302e607f-d0da-11f0-9ba0-fc3fdb83b633,Hospedero,,,,,Hippocastanaceae,Billia,rosea
302e60c0-d0da-11f0-9ba0-fc3fdb83b633,Hospedero,,,,,Arecaceae,Geonoma,
302e6102-d0da-11f0-9ba0-fc3fdb83b633,Hospedero,,,,,Clusiaceae,Clusia,
302e6145-d0da-11f0-9ba0-fc3fdb83b633,Hospedero,,,,,Campanulaceae,Burmeistera,obtusifolia
302e6186-d0da-11f0-9ba0-fc3fdb83b633,Hospedero,,,,,Gesneriaceae,,
302e61c6-d0da-11f0-9ba0-fc3fdb83b633,Hospedero,,,,,Myrsinaceae,Myrsine,coriacea
302e620c-d0da-11f0-9ba0-fc3fdb83b633,Hospedero,,,,,Celastraceae,,
302e624c-d0da-11f0-9ba0-fc3fdb83b633,Hospedero,,,,,Solanaceae,Witheringia,
302e628c-d0da-11f0-9ba0-fc3fdb83b633,Hospedero,,,,,Gesneriaceae,Besleria,
302e643f-d0da-11f0-9ba0-fc3fdb83b633,Hospedero,,,,,Rubiaceae,Psychotria,
302e648b-d0da-11f0-9ba0-fc3fdb83b633,Hospedero,,,,,Melastomatacea,Topobea,maurofernandeziana
302e64d3-d0da-11f0-9ba0-fc3fdb83b633,Hospedero,,,,,Piperaceae,Piper,imperiale -cf
302e651c-d0da-11f0-9ba0-fc3fdb83b633,Hospedero,,,,,Solanaceae,Solanum,
302e655e-d0da-11f0-9ba0-fc3fdb83b633,Hospedero,,,,,Melastomatacea,Miconia,
302e65a2-d0da-11f0-9ba0-fc3fdb83b633,Hospedero,,,,,Isoetaceae,Isoetes,storkii
302e65e6-d0da-11f0-9ba0-fc3fdb83b633,Hospedero,,,,,Urticaceae,Pilea,
302e662a-d0da-11f0-9ba0-fc3fdb83b633,Hospedero,,,,,Campanulaceae,Centropogon,
302e666c-d0da-11f0-9ba0-fc3fdb83b633,Hospedero,,,,,Asteraceae,Mikania,castroi
302e66af-d0da-11f0-9ba0-fc3fdb83b633,Hospedero,,,,,Tiliaceae,Goethalsia,meiantha
302e66f1-d0da-11f0-9ba0-fc3fdb83b633,Hospedero,,,,,Fabaceae/Mim.,Inga,
302e6736-d0da-11f0-9ba0-fc3fdb83b633,Hospedero,,,,,Cyperaceae,,
302e677a-d0da-11f0-9ba0-fc3fdb83b633,Hospedero,,,,,Fabaceae/Pap.,Machaerium,
302e67bd-d0da-11f0-9ba0-fc3fdb83b633,Hospedero,,,,,Marantaceae,Calathea,
302e6801-d0da-11f0-9ba0-fc3fdb83b633,Hospedero,,,,,Euphorbiaceae,Acalypha,diversifolia
302e6845-d0da-11f0-9ba0-fc3fdb83b633,Hospedero,,,,,Fabaceae/Pap.,Lonchocarpus,oliganthus
302e6887-d0da-11f0-9ba0-fc3fdb83b633,Hospedero,,,,,Fabaceae/Mim.,Zygia,longifolia
302e68c8-d0da-11f0-9ba0-fc3fdb83b633,Hospedero,,,,,Costaceae,Costus,
302e690c-d0da-11f0-9ba0-fc3fdb83b633,Hospedero,,,,,Tectariaceae,Tectaria,
302e6951-d0da-11f0-9ba0-fc3fdb83b633,Hospedero,,,,,Olacaceae,Minquartia,guianensis
302e6994-d0da-11f0-9ba0-fc3fdb83b633,Hospedero,,,,,Combretaceae,Terminalia,amazonia
302e69d6-d0da-11f0-9ba0-fc3fdb83b633,Hospedero,,,,,Solanaceae,Lycianthes,
302e6a18-d0da-11f0-9ba0-fc3fdb83b633,Hospedero,,,,,Hydrangeaceae,Hydrangea,
302e6a5a-d0da-11f0-9ba0-fc3fdb83b633,Hospedero,,,,,Bromeliaceae,Greigia,
302e6a9d-d0da-11f0-9ba0-fc3fdb83b633,Hospedero,,,,,Cyclanthaceae,Asplundia,
302e6adf-d0da-11f0-9ba0-fc3fdb83b633,Hospedero,,,,,Asteraceae,,
302e6b21-d0da-11f0-9ba0-fc3fdb83b633,Hospedero,,,,,Begoniaceae,Begonia,
302e6b64-d0da-11f0-9ba0-fc3fdb83b633,Hospedero,,,,,Rubiaceae,Palicourea,
302e6ba5-d0da-11f0-9ba0-fc3fdb83b633,Hospedero,,,,,Melastomataceae,Monochaetum,
302e6be7-d0da-11f0-9ba0-fc3fdb83b633,Hospedero,,,,,Urticaceae,,
302e6c29-d0da-11f0-9ba0-fc3fdb83b633,Hospedero,,,,,Fabaceae/Mim.,Cojoba,
302e6c6a-d0da-11f0-9ba0-fc3fdb83b633,Hospedero,,,,,Rubiaceae,Faramea,
302e6cab-d0da-11f0-9ba0-fc3fdb83b633,Hospedero,,,,,Commelinaceae,,
302e6cef-d0da-11f0-9ba0-fc3fdb83b633,Hospedero,,,,,Marcgraviaceae,Marcgravia,caudata
302e6d31-d0da-11f0-9ba0-fc3fdb83b633,Hospedero,,,,,Meliaceae,Guarea,
302e6d73-d0da-11f0-9ba0-fc3fdb83b633,Hospedero,,,,,Myrsinaceae,Paratesis,
302e6db4-d0da-11f0-9ba0-fc3fdb83b633,Hospedero,,,,,Myrtaceae,,
302e6df7-d0da-11f0-9ba0-fc3fdb83b633,Hospedero,,,,,Bombacaceae,Quararibea,
302e6e3a-d0da-11f0-9ba0-fc3fdb83b633,Hospedero,,,,,Clusiaceae,Dystovomita,paniculata
302e6e7d-d0da-11f0-9ba0-fc3fdb83b633,Hospedero,,,,,Rubiaceae,Psichotrya,
302e6ebf-d0da-11f0-9ba0-fc3fdb83b633,Hospedero,,,,,Asteraceae,Mikania,guaco
302e6f02-d0da-11f0-9ba0-fc3fdb83b633,Hospedero,,,,,Proteaceae,Roupala,
302e6f42-d0da-11f0-9ba0-fc3fdb83b633,Hospedero,,,,,Olacaceae,Heisteria,
302e6f86-d0da-11f0-9ba0-fc3fdb83b633,Hospedero,,,,,Moraceae,Ficus,colubrinae
302e6fc8-d0da-11f0-9ba0-fc3fdb83b633,Hospedero,,,,,Lacistemaceae,,
302e701b-d0da-11f0-9ba0-fc3fdb83b633,Hospedero,Plantae,MAGNOLIOPHYTA,Magnoliopsida,Gentianales,Apocynaceae,Stemmadenia,allenii
302e706a-d0da-11f0-9ba0-fc3fdb83b633,Hospedero,Plantae,MAGNOLIOPHYTA,Magnoliopsida,Scrophulariales,Acanthaceae,Bravaisia,integerrima
302e70b7-d0da-11f0-9ba0-fc3fdb83b633,Hospedero,Plantae,MAGNOLIOPHYTA,Magnoliopsida,Sapindales,Meliaceae,Trichilia,tuberculata
302e7100-d0da-11f0-9ba0-fc3fdb83b633,Hospedero,Plantae,MAGNOLIOPHYTA,Magnoliopsida,Rubiales,Rubiaceae,Ixora,nicaraguensis
302e7147-d0da-11f0-9ba0-fc3fdb83b633,Hospedero,Plantae,MAGNOLIOPHYTA,Magnoliopsida,Theales,Clusiaceae,Garcinia,madruno
302e718f-d0da-11f0-9ba0-fc3fdb83b633,Hospedero,Plantae,MAGNOLIOPHYTA,Magnoliopsida,Scrophulariales,Bignoniaceae,Tabebuia,chrysantha
302e71d7-d0da-11f0-9ba0-fc3fdb83b633,Hospedero,Plantae,MAGNOLIOPHYTA,Magnoliopsida,Violales,Caricaceae,Jacaratia,dolichaula
302e721d-d0da-11f0-9ba0-fc3fdb83b633,Hospedero,Plantae,MAGNOLIOPHYTA,Magnoliopsida,Rubiales,Rubiaceae,Randia,grandifolia
302e7264-d0da-11f0-9ba0-fc3fdb83b633,Hospedero,Plantae,MAGNOLIOPHYTA,Magnoliopsida,Euphorbiales,Euphorbiaceae,Sapium,glandulosum
302e72ab-d0da-11f0-9ba0-fc3fdb83b633,Hospedero,Plantae,MAGNOLIOPHYTA,Magnoliopsida,Laurales,Lauraceae,Persea,americana
302e7355-d0da-11f0-9ba0-fc3fdb83b633,Hospedero,Plantae,MAGNOLIOPHYTA,Magnoliopsida,Asterales,Asteraceae,Vernonia,patens
302e73e9-d0da-11f0-9ba0-fc3fdb83b633,Hospedero,Plantae,MAGNOLIOPHYTA,Magnoliopsida,Sapindales,Meliaceae,Cedrela,odorata
302e743c-d0da-11f0-9ba0-fc3fdb83b633,Hospedero,Plantae,MAGNOLIOPHYTA,Magnoliopsida,Malvales,Tiliaceae,Luehea,seemannii
302e7484-d0da-11f0-9ba0-fc3fdb83b633,Hospedero,Plantae,MAGNOLIOPHYTA,Magnoliopsida,Fabales,Fabaceae/Mim.,Samanea,saman
302e74cb-d0da-11f0-9ba0-fc3fdb83b633,Hospedero,Plantae,MAGNOLIOPHYTA,Magnoliopsida,Urticales,Ulmaceae,Trema,micrantha
302e7513-d0da-11f0-9ba0-fc3fdb83b633,Hospedero,Plantae,MAGNOLIOPHYTA,Magnoliopsida,Violales,Flacourtiaceae,Casearia,hirsuta
302e755a-d0da-11f0-9ba0-fc3fdb83b633,Hospedero,Plantae,MAGNOLIOPHYTA,Magnoliopsida,Violales,Bixaceae,Bixa,urucurana
302e75a7-d0da-11f0-9ba0-fc3fdb83b633,Hospedero,Plantae,MAGNOLIOPHYTA,Magnoliopsida,Polygonales,Polygonaceae,Triplaris,melaenodendron
302e75f2-d0da-11f0-9ba0-fc3fdb83b633,Hospedero,Plantae,MAGNOLIOPHYTA,Magnoliopsida,Piperales,Piperaceae,Piper,tuberculatum
302e763a-d0da-11f0-9ba0-fc3fdb83b633,Hospedero,Plantae,MAGNOLIOPHYTA,Magnoliopsida,Euphorbiales,Euphorbiaceae,Hura,crepitans
302e7683-d0da-11f0-9ba0-fc3fdb83b633,Hospedero,Plantae,MAGNOLIOPHYTA,Magnoliopsida,Fabales,Fabaceae/Mim.,Senna,reticulata
302e76ca-d0da-11f0-9ba0-fc3fdb83b633,Hospedero,Plantae,MAGNOLIOPHYTA,Magnoliopsida,Gentianales,Apocynaceae,Aspidosperma,rigidum
302e7716-d0da-11f0-9ba0-fc3fdb83b633,Hospedero,Plantae,MAGNOLIOPHYTA,Magnoliopsida,Sapindales,Burseraceae,Protium,costaricense
302e7767-d0da-11f0-9ba0-fc3fdb83b633,Hospedero,Plantae,MAGNOLIOPHYTA,Magnoliopsida,Capparidales,Capparidaceae,Capparis,cynophallophora
302e77b0-d0da-11f0-9ba0-fc3fdb83b633,Hospedero,Plantae,MAGNOLIOPHYTA,Magnoliopsida,Malvales,Sterculiaceae,Theobroma,angustifolium
302e77f8-d0da-11f0-9ba0-fc3fdb83b633,Hospedero,Plantae,MAGNOLIOPHYTA,Magnoliopsida,Urticales,Moraceae,Batocarpus,costaricensis
302e7841-d0da-11f0-9ba0-fc3fdb83b633,Hospedero,Plantae,MAGNOLIOPHYTA,Magnoliopsida,Sapindales,Sapindaceae,Cupania,livida
302e7889-d0da-11f0-9ba0-fc3fdb83b633,Hospedero,Plantae,MAGNOLIOPHYTA,Magnoliopsida,Magnoliales,Myristicaceae,Virola,koschnyi
302e78d1-d0da-11f0-9ba0-fc3fdb83b633,Hospedero,Plantae,MAGNOLIOPHYTA,Magnoliopsida,Rubiales,Rubiaceae,Chymarris,latifolia
302e7918-d0da-11f0-9ba0-fc3fdb83b633,Hospedero,Plantae,MAGNOLIOPHYTA,Magnoliopsida,Rosales,Chrysobalanaceae,Licania,platypus
302e7961-d0da-11f0-9ba0-fc3fdb83b633,Hospedero,Plantae,MAGNOLIOPHYTA,Magnoliopsida,Violales,Flacourtiaceae,Haseltia,floribunda
302e79aa-d0da-11f0-9ba0-fc3fdb83b633,Hospedero,Plantae,MAGNOLIOPHYTA,Magnoliopsida,Urticales,Moraceae,Ficus,maxima
302e79f2-d0da-11f0-9ba0-fc3fdb83b633,Hospedero,Plantae,MAGNOLIOPHYTA,Magnoliopsida,Lecythidales,Lecythidaceae,Eschweilera,longyrachis
302e7a3a-d0da-11f0-9ba0-fc3fdb83b633,Hospedero,Plantae,MAGNOLIOPHYTA,Magnoliopsida,Fabales,Fabaceae/Mim.,Mimosa,ervendbergii
302e7a84-d0da-11f0-9ba0-fc3fdb83b633,Hospedero,Plantae,MAGNOLIOPHYTA,Magnoliopsida,Urticales,Moraceae,Brosimum,costaricanum
302e7acb-d0da-11f0-9ba0-fc3fdb83b633,Hospedero,Plantae,MAGNOLIOPHYTA,Magnoliopsida,Rubiales,Rubiaceae,Guettarda,macrosperma
302e7b12-d0da-11f0-9ba0-fc3fdb83b633,Hospedero,Plantae,MAGNOLIOPHYTA,Magnoliopsida,Euphorbiales,Euphorbiaceae,Croton,billbergianus
302e7b59-d0da-11f0-9ba0-fc3fdb83b633,Hospedero,Plantae,MAGNOLIOPHYTA,Magnoliopsida,Rubiales,Rubiaceae,Rudgea,cornifolia
302e7ba2-d0da-11f0-9ba0-fc3fdb83b633,Hospedero,Plantae,MAGNOLIOPHYTA,Magnoliopsida,Fabales,Fabaceae/Mim.,Inga,marginata
302e7be9-d0da-11f0-9ba0-fc3fdb83b633,Hospedero,Plantae,MAGNOLIOPHYTA,Magnoliopsida,Polygonales,Polygonaceae,Coccoloba,padiformis
302e7c31-d0da-11f0-9ba0-fc3fdb83b633,Hospedero,Plantae,MAGNOLIOPHYTA,Magnoliopsida,Rubiales,Rubiaceae,Chomelia,microloba
302e7c78-d0da-11f0-9ba0-fc3fdb83b633,Hospedero,Plantae,MAGNOLIOPHYTA,Magnoliopsida,Malvales,Malvaceae,Hamppea,platanifolia
302e7cc0-d0da-11f0-9ba0-fc3fdb83b633,Hospedero,Plantae,MAGNOLIOPHYTA,Magnoliopsida,Urticales,Moraceae,Ficus,obtusifolia
302e7d0a-d0da-11f0-9ba0-fc3fdb83b633,Hospedero,Plantae,MAGNOLIOPHYTA,Magnoliopsida,Urticales,Ulmaceae,Celtis,iguanaea
302e7d51-d0da-11f0-9ba0-fc3fdb83b633,Hospedero,Plantae,MAGNOLIOPHYTA,Magnoliopsida,Caryophyllales,Nyctaginaceae,Guapira,costaricana
302e7d9a-d0da-11f0-9ba0-fc3fdb83b633,Hospedero,Plantae,MAGNOLIOPHYTA,Magnoliopsida,Capparidales,Capparaceae,Capparis,discolor
302e7de5-d0da-11f0-9ba0-fc3fdb83b633,Hospedero,Plantae,MAGNOLIOPHYTA,Magnoliopsida,Myrtales,Myrtaceae,Eugenia,SP 2
302e7e2d-d0da-11f0-9ba0-fc3fdb83b633,Hospedero,Plantae,MAGNOLIOPHYTA,Magnoliopsida,Magnoliales,Annonaceae,Guatteria,SP 1
302e7e74-d0da-11f0-9ba0-fc3fdb83b633,Hospedero,Plantae,MAGNOLIOPHYTA,Magnoliopsida,Lamiales,Verbenaceae,Aegyphilla,deppeana
302e7ebc-d0da-11f0-9ba0-fc3fdb83b633,Hospedero,Plantae,MAGNOLIOPHYTA,Magnoliopsida,Fabales,Fabaceae/Pap.,Swartzia,simplex
302e7f05-d0da-11f0-9ba0-fc3fdb83b633,Hospedero,Plantae,MAGNOLIOPHYTA,Magnoliopsida,Scrophulariales,Acanthaceae,Aphelandra,scabra
302e7f4c-d0da-11f0-9ba0-fc3fdb83b633,Hospedero,Plantae,MAGNOLIOPHYTA,Magnoliopsida,Malvales,Sterculiaceae,Pterygota,excelsa
302e7f94-d0da-11f0-9ba0-fc3fdb83b633,Hospedero,Plantae,MAGNOLIOPHYTA,Magnoliopsida,Ranunculales,Sabiaceae,Meliosma,donnellsmithii
302e7fdb-d0da-11f0-9ba0-fc3fdb83b633,Hospedero,Plantae,MAGNOLIOPHYTA,Magnoliopsida,Myrtales,Myrtaceae,Myrciaria,floribunda
302e8023-d0da-11f0-9ba0-fc3fdb83b633,Hospedero,Plantae,MAGNOLIOPHYTA,Magnoliopsida,Urticales,Moraceae,Sorocea,pubivena
302e806a-d0da-11f0-9ba0-fc3fdb83b633,Hospedero,Plantae,MAGNOLIOPHYTA,Magnoliopsida,Sapindales,Meliaceae,Guarea,tuerckeimi
302e80b1-d0da-11f0-9ba0-fc3fdb83b633,Hospedero,PLANTAE,MAGNOLIOPHYTA,MAGNOLIOPSIDA,FABALES,FABACEAE/MIM.,INGA,MULTIJUGA
302e80f8-d0da-11f0-9ba0-fc3fdb83b633,Hospedero,Plantae,MAGNOLIOPHYTA,Magnoliopsida,Sapindales,Anacardiaceae,Mangifera,indica
302e8141-d0da-11f0-9ba0-fc3fdb83b633,Hospedero,Plantae,MAGNOLIOPHYTA,Magnoliopsida,Polygalales,Vochysiaceae,Vochysia,guatemalensis
302e8189-d0da-11f0-9ba0-fc3fdb83b633,Hospedero,Plantae,MAGNOLIOPHYTA,Magnoliopsida,Violales,Violaceae,Rinorea,sylvatica
302e81d5-d0da-11f0-9ba0-fc3fdb83b633,Hospedero,Plantae,MAGNOLIOPHYTA,Magnoliopsida,Gentianales,Apocynaceae,Aspidosperma,myristicifolium
302e821e-d0da-11f0-9ba0-fc3fdb83b633,Hospedero,Plantae,MAGNOLIOPHYTA,Magnoliopsida,Rosales,Chrysobalanaceae,Hirtella,triandra
302e8265-d0da-11f0-9ba0-fc3fdb83b633,Hospedero,Plantae,MAGNOLIOPHYTA,Magnoliopsida,Magnoliales,Annonaceae,Guatteria,lucens
302e82a9-d0da-11f0-9ba0-fc3fdb83b633,Hospedero,Plantae,MAGNOLIOPHYTA,Magnoliopsida,Euphorbiales,Euphorbiaceae,Acalypha,ferdinandii
302e82f2-d0da-11f0-9ba0-fc3fdb83b633,Hospedero,Plantae,MAGNOLIOPHYTA,Magnoliopsida,Euphorbiales,Euphorbiaceae,Acalypha,diversifolia
302e833a-d0da-11f0-9ba0-fc3fdb83b633,Hospedero,Plantae,MAGNOLIOPHYTA,Magnoliopsida,Fabales,Fabaceae/Mim.,Inga,barbourii
302e8383-d0da-11f0-9ba0-fc3fdb83b633,Hospedero,Plantae,MAGNOLIOPHYTA,Magnoliopsida,Malvales,Elaeocarpaceae,Sloanea,petenensis
302e83ca-d0da-11f0-9ba0-fc3fdb83b633,Hospedero,Plantae,MAGNOLIOPHYTA,Magnoliopsida,Santalales,Olacaceae,Heisteria,concinna
302e8410-d0da-11f0-9ba0-fc3fdb83b633,Hospedero,Plantae,MAGNOLIOPHYTA,Magnoliopsida,Magnoliales,Annonaceae,Sapranthus,viridiflorus
302e8457-d0da-11f0-9ba0-fc3fdb83b633,Hospedero,Plantae,MAGNOLIOPHYTA,Magnoliopsida,Malvales,Bombacaceae,Quararibea,asterolepis
302e849f-d0da-11f0-9ba0-fc3fdb83b633,Hospedero,Plantae,MAGNOLIOPHYTA,Magnoliopsida,Urticales,Moraceae,Ficus,insipida
302e84e6-d0da-11f0-9ba0-fc3fdb83b633,Hospedero,Plantae,MAGNOLIOPHYTA,Magnoliopsida,Sapindales,Sapindaceae,Melicoccus,bijugatus
302e852e-d0da-11f0-9ba0-fc3fdb83b633,Hospedero,Plantae,MAGNOLIOPHYTA,Magnoliopsida,Malvales,Tiliaceae,Goethalsia,meiantha
302e8575-d0da-11f0-9ba0-fc3fdb83b633,Hospedero,Plantae,MAGNOLIOPHYTA,Magnoliopsida,Urticales,Moraceae,Sorocea,cufodontisii
302e85bb-d0da-11f0-9ba0-fc3fdb83b633,Hospedero,Plantae,MAGNOLIOPHYTA,Magnoliopsida,Asterales,Asteraceae,Neurolaena,lobata
302e8602-d0da-11f0-9ba0-fc3fdb83b633,Hospedero,Plantae,MAGNOLIOPHYTA,Magnoliopsida,Fabales,Fabaceae/Mim.,Pithecellobium,hymenaeifolium
302e864a-d0da-11f0-9ba0-fc3fdb83b633,Hospedero,Plantae,MAGNOLIOPHYTA,Magnoliopsida,Sapindales,Sapindaceae,Cupania,glabra
302e8692-d0da-11f0-9ba0-fc3fdb83b633,Hospedero,Plantae,MAGNOLIOPHYTA,Magnoliopsida,Scrophulariales,Bignoniaceae,Phryganocydia,corymbosa
302e86dc-d0da-11f0-9ba0-fc3fdb83b633,Hospedero,Plantae,MAGNOLIOPHYTA,Magnoliopsida,Fabales,Fabaceae/Pap.,Platymiscium,curuense
302e8723-d0da-11f0-9ba0-fc3fdb83b633,Hospedero,Plantae,MAGNOLIOPHYTA,Magnoliopsida,Violales,Flacourtiaceae,Xylosma,oligandra
302e876a-d0da-11f0-9ba0-fc3fdb83b633,Hospedero,Plantae,MAGNOLIOPHYTA,Magnoliopsida,Myrtales,Myrtaceae,Eugenia,oerstediana
302e87b0-d0da-11f0-9ba0-fc3fdb83b633,Hospedero,Plantae,MAGNOLIOPHYTA,Magnoliopsida,Ebenales,Sapotaceae,Pouteria,triplarifolia
302e87f9-d0da-11f0-9ba0-fc3fdb83b633,Hospedero,Plantae,MAGNOLIOPHYTA,Magnoliopsida,Fabales,Fabaceae/Mim.,Inga,jimenezii
302e8840-d0da-11f0-9ba0-fc3fdb83b633,Hospedero,Plantae,MAGNOLIOPHYTA,Magnoliopsida,Lamiales,Verbenaceae,Vitex,gaumerii
302e8936-d0da-11f0-9ba0-fc3fdb83b633,Hospedero,Plantae,MAGNOLIOPHYTA,Magnoliopsida,Euphorbiales,Euphorbiaceae,Jatropha,curcas
302e8988-d0da-11f0-9ba0-fc3fdb83b633,Hospedero,Plantae,MAGNOLIOPHYTA,Magnoliopsida,Lamiales,Verbenaceae,Gmelina,arborea
302e89d7-d0da-11f0-9ba0-fc3fdb83b633,Hospedero,Plantae,MAGNOLIOPHYTA,Magnoliopsida,Solanales,Solanaceae,Solanum,rudepannum
302e8a26-d0da-11f0-9ba0-fc3fdb83b633,Hospedero,Plantae,MAGNOLIOPHYTA,Magnoliopsida,Lamiales,Boraginaceae,Cordia,eriostigma
302e8a6f-d0da-11f0-9ba0-fc3fdb83b633,Hospedero,Plantae,MAGNOLIOPHYTA,Magnoliopsida,Urticales,Moraceae,Clarisia,racemosa
302e8ab9-d0da-11f0-9ba0-fc3fdb83b633,Hospedero,Plantae,MAGNOLIOPHYTA,Magnoliopsida,Sapindales,Simaroubaceae,Simarouba,amara
302e8b03-d0da-11f0-9ba0-fc3fdb83b633,Hospedero,Plantae,MAGNOLIOPHYTA,Magnoliopsida,Violales,Flacourtiaceae,Xylosma,chlorantha
302e8b4f-d0da-11f0-9ba0-fc3fdb83b633,Hospedero,Plantae,MAGNOLIOPHYTA,Magnoliopsida,Sapindales,Anacardiaceae,Astronium,graveolens
302e8b99-d0da-11f0-9ba0-fc3fdb83b633,Hospedero,Plantae,MAGNOLIOPHYTA,Magnoliopsida,Fabales,Fabaceae/Mim.,Inga,sapindoides
302e8be3-d0da-11f0-9ba0-fc3fdb83b633,Hospedero,PLANTAE,MAGNOLIOPHYTA,MAGNOLIOPSIDA,MYRTALES,MELASTOMATACEAE,MICONIA,IMPETIOLARIS
302e8c2e-d0da-11f0-9ba0-fc3fdb83b633,Hospedero,Plantae,MAGNOLIOPHYTA,Liliopsida,Asparagales,Dracaenaceae,Dracaena,americana
302e8c79-d0da-11f0-9ba0-fc3fdb83b633,Hospedero,PLANTAE,MAGNOLIOPHYTA,MAGNOLIOPSIDA,MAGNOLIALES,ANNONACEAE,DESMOPSIS,BIBRACTEATA
302e8cc4-d0da-11f0-9ba0-fc3fdb83b633,Hospedero,PLANTAE,MAGNOLIOPHYTA,MAGNOLIOPSIDA,FABALES,FABACEAE/PAP.,URIBEA,TAMARINDOIDES
302e8d0f-d0da-11f0-9ba0-fc3fdb83b633,Hospedero,Plantae,MAGNOLIOPHYTA,Magnoliopsida,Polygonales,Polygonaceae,Coccoloba,tuerckeimi
302e8d58-d0da-11f0-9ba0-fc3fdb83b633,Hospedero,Plantae,MAGNOLIOPHYTA,Magnoliopsida,Fabales,Fabaceae/Mim.,Cojoba,sophorocarpa
302e8da3-d0da-11f0-9ba0-fc3fdb83b633,Hospedero,Plantae,MAGNOLIOPHYTA,Magnoliopsida,Fabales,Fabaceae/Pap.,Lennea,viridiflora
302e8dee-d0da-11f0-9ba0-fc3fdb83b633,Hospedero,Plantae,MAGNOLIOPHYTA,Magnoliopsida,Ebenales,Sapotaceae,Pouteria,reticulata
302e8e36-d0da-11f0-9ba0-fc3fdb83b633,Hospedero,PLANTAE,MAGNOLIOPHYTA,MAGNOLIOPSIDA,URTICALES,MORACEAE,CLARISIA,BIFLORA
302e8e7f-d0da-11f0-9ba0-fc3fdb83b633,Hospedero,Plantae,MAGNOLIOPHYTA,Magnoliopsida,Rubiales,Rubiaceae,Pentagonia,tinajita
302e8ecc-d0da-11f0-9ba0-fc3fdb83b633,Hospedero,Plantae,MAGNOLIOPHYTA,Magnoliopsida,Urticales,Moraceae,Olmedia,aspera
302e8f16-d0da-11f0-9ba0-fc3fdb83b633,Hospedero,Plantae,MAGNOLIOPHYTA,Magnoliopsida,Piperales,Piperaceae,Piper,psilorhachis
302e8f61-d0da-11f0-9ba0-fc3fdb83b633,Hospedero,Plantae,MAGNOLIOPHYTA,Magnoliopsida,Sapindales,Meliaceae,Guarea,grandifolia
302e8fa9-d0da-11f0-9ba0-fc3fdb83b633,Hospedero,Plantae,MAGNOLIOPHYTA,Magnoliopsida,Violales,Flacourtiaceae,Casearia,corymbosa
302e8ff5-d0da-11f0-9ba0-fc3fdb83b633,Hospedero,Plantae,MAGNOLIOPHYTA,Magnoliopsida,Fabales,Fabaceae/Mim.,Zygia,longifolia
302e903e-d0da-11f0-9ba0-fc3fdb83b633,Hospedero,Plantae,MAGNOLIOPHYTA,Magnoliopsida,Urticales,Moraceae,Ficus,pertusa
302e9089-d0da-11f0-9ba0-fc3fdb83b633,Hospedero,Plantae,MAGNOLIOPHYTA,Magnoliopsida,Sapindales,Sapindaceae,Thouinidium,decandrum
302e90d4-d0da-11f0-9ba0-fc3fdb83b633,Hospedero,Plantae,MAGNOLIOPHYTA,Magnoliopsida,Myrtales,Melastomataceae,Miconia,argentea
302e911e-d0da-11f0-9ba0-fc3fdb83b633,Hospedero,PLANTAE,MAGNOLIOPHYTA,MAGNOLIOPSIDA,FABALES,FABACEAE/MIM.,ACACIA,COLLINSSII
302e9165-d0da-11f0-9ba0-fc3fdb83b633,Hospedero,,,,,Myrsinaceae,Ardisia,pleurobotria
302e91ad-d0da-11f0-9ba0-fc3fdb83b633,Hospedero,,,,,Ericaceae,Vaccinium,poasanum
302e91f5-d0da-11f0-9ba0-fc3fdb83b633,Hospedero,,,,,Melastomataceae,Miconia,biperulifera
302e923d-d0da-11f0-9ba0-fc3fdb83b633,Hospedero,,,,,Myrtaceae,Ugni,myricoides
302e9285-d0da-11f0-9ba0-fc3fdb83b633,Hospedero,,,,,Apiaceae,Myrrhidendron,donnellsmithii
302e92cc-d0da-11f0-9ba0-fc3fdb83b633,Hospedero,,,,,Myrsinaceae,Myrsine,dependens
302e9314-d0da-11f0-9ba0-fc3fdb83b633,Hospedero,,,,,Loranthaceae,Gaiadendron,punctatum
302e935c-d0da-11f0-9ba0-fc3fdb83b633,Hospedero,,,,,Passifloraceae,Passiflora,membranaceae
302e93a2-d0da-11f0-9ba0-fc3fdb83b633,Hospedero,,,,,Symplocaceae,Symplocos,serrulata
302e93ef-d0da-11f0-9ba0-fc3fdb83b633,Hospedero,,,,,Verbenaceae,Aegiphila,odontophylla
302e9436-d0da-11f0-9ba0-fc3fdb83b633,Hospedero,,,,,Smilacaceae,Smilax,panamensis
302e947d-d0da-11f0-9ba0-fc3fdb83b633,Hospedero,,,,,Piperaceae,Piper,irazuanum
302e94c2-d0da-11f0-9ba0-fc3fdb83b633,Hospedero,,,,,Cyperaceae,Uncinia,hamata
302e9508-d0da-11f0-9ba0-fc3fdb83b633,Hospedero,,,,,Cornaceae,Cornus,disciflora
302e954e-d0da-11f0-9ba0-fc3fdb83b633,Hospedero,,,,,Araliaceae,Oreopanax,nicaraguensis
302e9598-d0da-11f0-9ba0-fc3fdb83b633,Hospedero,,,,,Asteraceae,Sigesbeckia,jorullensis
302e95de-d0da-11f0-9ba0-fc3fdb83b633,Hospedero,,,,,Myrsinaceae,,
302e9625-d0da-11f0-9ba0-fc3fdb83b633,Hospedero,,,,,Asteraceae,Senecio,oerstedianus
302e966a-d0da-11f0-9ba0-fc3fdb83b633,Hospedero,,,,,Asteraceae,Senecio,
302e96b0-d0da-11f0-9ba0-fc3fdb83b633,Hospedero,,,,,Loganiaceae,Buddleja,skutchii
302e96fa-d0da-11f0-9ba0-fc3fdb83b633,Hospedero,,,,,Rubiaceae,Palicourea,adusta
302e9740-d0da-11f0-9ba0-fc3fdb83b633,Hospedero,,,,,Parmeliaceae,Parmotrema,fasciculatum
302e9788-d0da-11f0-9ba0-fc3fdb83b633,Hospedero,,,,,Physciaceae,Heterodermia,japonica
302e97d0-d0da-11f0-9ba0-fc3fdb83b633,Hospedero,,,,,Parmeliaceae,Rimelia,reticulata
302e9816-d0da-11f0-9ba0-fc3fdb83b633,Hospedero,,,,,Parmeliaceae,Rimelia,cetrata
302e985b-d0da-11f0-9ba0-fc3fdb83b633,Hospedero,,,,,Parmeliaceae,Parmotrema,tinctorum
302e98a0-d0da-11f0-9ba0-fc3fdb83b633,Hospedero,,,,,Physciaceae,Heterodermia,
302e98e5-d0da-11f0-9ba0-fc3fdb83b633,Hospedero,,,,,Parmeliaceae,Hypotrachyna,livida
302e9942-d0da-11f0-9ba0-fc3fdb83b633,Hospedero,Plantae,MAGNOLIOPHYTA,Magnoliopsida,Laurales,Lauraceae,Ocotea,sp-1
302e99ba-d0da-11f0-9ba0-fc3fdb83b633,Hospedero,Plantae,MAGNOLIOPHYTA,Magnoliopsida,Rubiales,Rubiaceae,Chiococca,pachyphylla
302e9a79-d0da-11f0-9ba0-fc3fdb83b633,Hospedero,Plantae,MAGNOLIOPHYTA,Magnoliopsida,Sapindales,Meliaceae,Guarea,sp-1
302e9b00-d0da-11f0-9ba0-fc3fdb83b633,Hospedero,Plantae,MAGNOLIOPHYTA,Magnoliopsida,Scrophulariales,Bignoniaceae,Parmentiera,valerioi
302e9b88-d0da-11f0-9ba0-fc3fdb83b633,Hospedero,Plantae,MAGNOLIOPHYTA,Magnoliopsida,Magnoliales,Annonaceae,Guatteria,tonduzii
302e9bfa-d0da-11f0-9ba0-fc3fdb83b633,Hospedero,Plantae,MAGNOLIOPHYTA,Magnoliopsida,Rubiales,Rubiaceae,Randia,sp-1
302e9c6f-d0da-11f0-9ba0-fc3fdb83b633,Hospedero,Plantae,MAGNOLIOPHYTA,Magnoliopsida,Sapindales,Rutaceae,Zanthoxylum,fagara
302e9ced-d0da-11f0-9ba0-fc3fdb83b633,Hospedero,Plantae,MAGNOLIOPHYTA,Magnoliopsida,Myrtales,Thymelaeaceae,Daphnopsis,americana
302e9d38-d0da-11f0-9ba0-fc3fdb83b633,Hospedero,Plantae,MAGNOLIOPHYTA,Magnoliopsida,Lamiales,Verbenaceae,Stachytarpheta,frantzii
302e9d7d-d0da-11f0-9ba0-fc3fdb83b633,Hospedero,Plantae,MAGNOLIOPHYTA,Magnoliopsida,Gentianales,Apocynaceae,Stemmadenia,donnell-smithii
302e9dc6-d0da-11f0-9ba0-fc3fdb83b633,Hospedero,Plantae,MAGNOLIOPHYTA,Magnoliopsida,Sapindales,Meliaceae,Trichilia,havanensis
302e9e0c-d0da-11f0-9ba0-fc3fdb83b633,Hospedero,Plantae,MAGNOLIOPHYTA,Magnoliopsida,Santalales,Olacaceae,Schoepfia,frutescens
302e9e51-d0da-11f0-9ba0-fc3fdb83b633,Hospedero,Plantae,MAGNOLIOPHYTA,Magnoliopsida,Malvales,Malvaceae,Malvaviscus,arboreus
302e9e96-d0da-11f0-9ba0-fc3fdb83b633,Hospedero,Plantae,MAGNOLIOPHYTA,Magnoliopsida,Fabales,Fabaceae/mim.,Inga,punctata
302e9edb-d0da-11f0-9ba0-fc3fdb83b633,Hospedero,Plantae,MAGNOLIOPHYTA,Magnoliopsida,Apiales,Araliaceae,Dendropanax,arboreus
302e9f1e-d0da-11f0-9ba0-fc3fdb83b633,Hospedero,,,,,Parmeliaceae,Parmotrema,
302e9f60-d0da-11f0-9ba0-fc3fdb83b633,Hospedero,,,,,Parmeliaceae,Parmotrema,coralliforme
302e9fa3-d0da-11f0-9ba0-fc3fdb83b633,Hospedero,,,,,Parmeliaceae,Rimelia,
302e9fe5-d0da-11f0-9ba0-fc3fdb83b633,Hospedero,,,,,Physciaceae,Heterodermia,albicans
302ea02d-d0da-11f0-9ba0-fc3fdb83b633,Hospedero,,,,,Parmeliaceae,Parmotrema,mellissii
302ea073-d0da-11f0-9ba0-fc3fdb83b633,Hospedero,Plantae,MAGNOLIOPHYTA,Magnoliopsida,Proteales,Proteaceae,Roupala,montana
302ea0bb-d0da-11f0-9ba0-fc3fdb83b633,Hospedero,Plantae,MAGNOLIOPHYTA,Magnoliopsida,Sapindales,Rutaceae,Zanthoxylum,caribaeum
302ea118-d0da-11f0-9ba0-fc3fdb83b633,Hospedero,Plantae,MAGNOLIOPHYTA,Magnoliopsida,Ebenales,Ebenaceae,Diospyros,digyna
302ea174-d0da-11f0-9ba0-fc3fdb83b633,Hospedero,Plantae,pteridophyta,pteropsida,filicales,Blechnaceae,Blechnum,occidentale
302ea20d-d0da-11f0-9ba0-fc3fdb83b633,Hospedero,Plantae,MAGNOLIOPHYTA,Magnoliopsida,Violales,Flacourtiaceae,Laetia,thamnia
302ea265-d0da-11f0-9ba0-fc3fdb83b633,Hospedero,Plantae,MAGNOLIOPHYTA,Magnoliopsida,Primulales,Myrsinaceae,Myrsine,pellucido-punctata
302ea2b2-d0da-11f0-9ba0-fc3fdb83b633,Hospedero,Plantae,MAGNOLIOPHYTA,Magnoliopsida,Violales,Turneraceae,Erblichia,odorata
302ea2fe-d0da-11f0-9ba0-fc3fdb83b633,Hospedero,,,,,Parmeliaceae,Hypotrachyna,
302ea344-d0da-11f0-9ba0-fc3fdb83b633,Hospedero,,,,,Parmeliaceae,Parmotrema,dominicanum
302ea389-d0da-11f0-9ba0-fc3fdb83b633,Hospedero,,,,,Pannariaceae,Pannaria,
302ea3d2-d0da-11f0-9ba0-fc3fdb83b633,Hospedero,,,,,Aquifoliaceae,Ilex,lamprophilla
302ea41a-d0da-11f0-9ba0-fc3fdb83b633,Hospedero,,,,,Araliaceae,Scheflera,
302ea463-d0da-11f0-9ba0-fc3fdb83b633,Hospedero,,,,,Rubiaceae,Palicourea,montivaga
302ea4a9-d0da-11f0-9ba0-fc3fdb83b633,Hospedero,,,,,Piperacaeae,Piper,
302ea4ed-d0da-11f0-9ba0-fc3fdb83b633,Hospedero,,,,,Araceae,,
302ea537-d0da-11f0-9ba0-fc3fdb83b633,Hospedero,,,,,Oleandraceae,Nephrolepis,biserrata
302ea57b-d0da-11f0-9ba0-fc3fdb83b633,Hospedero,,,,,Apiaceae,Hydrocotyle,
302ea5be-d0da-11f0-9ba0-fc3fdb83b633,Hospedero,,,,,Verbenaceae,Lantana,camara
302ea601-d0da-11f0-9ba0-fc3fdb83b633,Hospedero,,,,,Cecropiaceae,Coussapoa,
302ea645-d0da-11f0-9ba0-fc3fdb83b633,Hospedero,,,,,Myrtaceae,Psidium,guajava
302ea689-d0da-11f0-9ba0-fc3fdb83b633,Hospedero,,,,,Moraceae,Clarisia,biflora
302ea6ce-d0da-11f0-9ba0-fc3fdb83b633,Hospedero,,,,,Annonaceae,Rollinia,pittieri
302ea717-d0da-11f0-9ba0-fc3fdb83b633,Hospedero,,,,,Araceae,Philodendron,
302ea75c-d0da-11f0-9ba0-fc3fdb83b633,Hospedero,,,,,Euphorbiaceae,Conceveiba,pleiostemona
302ea7a0-d0da-11f0-9ba0-fc3fdb83b633,Hospedero,,,,,Monimiaceae,Siparuna,
302ea7e8-d0da-11f0-9ba0-fc3fdb83b633,Hospedero,Plantae,MAGNOLIOPHYTA,Magnoliopsida,Sapindales,Anacardiaceae,Amphipterygium,molle
302ea832-d0da-11f0-9ba0-fc3fdb83b633,Hospedero,Plantae,MAGNOLIOPHYTA,Magnoliopsida,Lamiales,Lamiaceae,Hyptis,suaveolens
302ea881-d0da-11f0-9ba0-fc3fdb83b633,Hospedero,Plantae,MAGNOLIOPHYTA,Magnoliopsida,Sapindales,Anacardiaceae,Anacardium,excelsum
302ea8c9-d0da-11f0-9ba0-fc3fdb83b633,Hospedero,Plantae,MAGNOLIOPHYTA,Magnoliopsida,Primulales,Myrsinaceae,Stylogyne,laevis
302ea914-d0da-11f0-9ba0-fc3fdb83b633,Hospedero,Plantae,MAGNOLIOPHYTA,Magnoliopsida,Urticales,Moraceae,Brosimum,alicastrum
302ea95d-d0da-11f0-9ba0-fc3fdb83b633,Hospedero,Plantae,MAGNOLIOPHYTA,Magnoliopsida,Malvales,Sterculiaceae,Herrania,purpurea
302ea9a4-d0da-11f0-9ba0-fc3fdb83b633,Hospedero,Plantae,MAGNOLIOPHYTA,Magnoliopsida,Urticales,Moraceae,Trophis,racemosa
302ea9ed-d0da-11f0-9ba0-fc3fdb83b633,Hospedero,Plantae,MAGNOLIOPHYTA,Magnoliopsida,Scrophulariales,Bignoniaceae,Tabebuia,rosea
302eaa33-d0da-11f0-9ba0-fc3fdb83b633,Hospedero,Plantae,MAGNOLIOPHYTA,Magnoliopsida,Sapindales,Rutaceae,Erythrochiton,gymnthus
302eaa7e-d0da-11f0-9ba0-fc3fdb83b633,Hospedero,Plantae,MAGNOLIOPHYTA,Magnoliopsida,Urticales,Moraceae,Brosimum,utile
302eaac6-d0da-11f0-9ba0-fc3fdb83b633,Hospedero,Plantae,MAGNOLIOPHYTA,Magnoliopsida,Malvales,Sterculiaceae,Guazuma,ulmifolia
302eab0f-d0da-11f0-9ba0-fc3fdb83b633,Hospedero,Plantae,MAGNOLIOPHYTA,Magnoliopsida,Polygalales,Malpighiaceae,Malpighia,glabra
302eab58-d0da-11f0-9ba0-fc3fdb83b633,Hospedero,Plantae,MAGNOLIOPHYTA,Magnoliopsida,Sapindales,Burseraceae,Bursera,simaruba
302eab9f-d0da-11f0-9ba0-fc3fdb83b633,Hospedero,Plantae,MAGNOLIOPHYTA,Magnoliopsida,Sapindales,Meliaceae,Trichilia,martiana
302eabe7-d0da-11f0-9ba0-fc3fdb83b633,Hospedero,Plantae,MAGNOLIOPHYTA,Magnoliopsida,Fabales,Fabaceae/Mim.,Enterolobium,cyclocarpum
302eac2e-d0da-11f0-9ba0-fc3fdb83b633,Hospedero,Plantae,MAGNOLIOPHYTA,Magnoliopsida,Fabales,Fabaceae/Caes.,Schizolobium,parahyba
302eac75-d0da-11f0-9ba0-fc3fdb83b633,Hospedero,Plantae,MAGNOLIOPHYTA,Magnoliopsida,Fabales,Fabaceae/Pap.,Machaerium,pittieri
302eacbc-d0da-11f0-9ba0-fc3fdb83b633,Hospedero,Plantae,MAGNOLIOPHYTA,Magnoliopsida,Euphorbiales,Euphorbiaceae,Acalypha,macrostachya
302ead03-d0da-11f0-9ba0-fc3fdb83b633,Hospedero,Plantae,MAGNOLIOPHYTA,Magnoliopsida,Myrtales,Combretaceae,Terminalia,amazonia
302ead4d-d0da-11f0-9ba0-fc3fdb83b633,Hospedero,Plantae,MAGNOLIOPHYTA,Magnoliopsida,Polygonales,Polygonaceae,Coccoloba,acuminata
302ead94-d0da-11f0-9ba0-fc3fdb83b633,Hospedero,Plantae,MAGNOLIOPHYTA,Magnoliopsida,Myrtales,Combretaceae,Terminalia,oblonga
302eaddb-d0da-11f0-9ba0-fc3fdb83b633,Hospedero,Plantae,MAGNOLIOPHYTA,Magnoliopsida,Sapindales,Anacardiaceae,Spondias,radlkoferi
302eae23-d0da-11f0-9ba0-fc3fdb83b633,Hospedero,Plantae,MAGNOLIOPHYTA,Magnoliopsida,Capparidales,Capparaceae,Crateva,tapia
302eae76-d0da-11f0-9ba0-fc3fdb83b633,Hospedero,Plantae,MAGNOLIOPHYTA,Magnoliopsida,Euphorbiales,Euphorbiaceae,Adelia,triloba
302eaeb8-d0da-11f0-9ba0-fc3fdb83b633,Hospedero,Plantae,MAGNOLIOPHYTA,Magnoliopsida,Rubiales,Rubiaceae,Hamelia,xerocarpa
302eaf00-d0da-11f0-9ba0-fc3fdb83b633,Hospedero,Plantae,MAGNOLIOPHYTA,Magnoliopsida,Malvales,Bombacaceae,Ochroma,pyramidale
302eaf49-d0da-11f0-9ba0-fc3fdb83b633,Hospedero,Plantae,MAGNOLIOPHYTA,Magnoliopsida,Urticales,Cecropiaceae,Cecropia,peltata
302eaf90-d0da-11f0-9ba0-fc3fdb83b633,Hospedero,Plantae,MAGNOLIOPHYTA,Magnoliopsida,Violales,Caricaceae,Carica,papaya
302eb08b-d0da-11f0-9ba0-fc3fdb83b633,Hospedero,Plantae,MAGNOLIOPHYTA,Magnoliopsida,Laurales,Lauraceae,Licaria,cufodontisii
302eb0da-d0da-11f0-9ba0-fc3fdb83b633,Hospedero,Plantae,MAGNOLIOPHYTA,Magnoliopsida,Sapindales,Burseraceae,Protium,panamense
302eb12b-d0da-11f0-9ba0-fc3fdb83b633,Hospedero,Plantae,MAGNOLIOPHYTA,Magnoliopsida,Magnoliales,Annonaceae,Oxandra,venezuelana
302eb178-d0da-11f0-9ba0-fc3fdb83b633,Hospedero,Plantae,MAGNOLIOPHYTA,Magnoliopsida,Gentianales,Apocynaceae,Aspidosperma,megalocarpon
302eb1c2-d0da-11f0-9ba0-fc3fdb83b633,Hospedero,Plantae,MAGNOLIOPHYTA,Magnoliopsida,Ebenales,Sapotaceae,Pouteria,subrotata
302eb20b-d0da-11f0-9ba0-fc3fdb83b633,Hospedero,Plantae,MAGNOLIOPHYTA,Magnoliopsida,Sapindales,Sapindaceae,Talisia,allenii
302eb254-d0da-11f0-9ba0-fc3fdb83b633,Hospedero,Plantae,MAGNOLIOPHYTA,Magnoliopsida,Piperales,Piperaceae,Piper,reticulatum
302eb29f-d0da-11f0-9ba0-fc3fdb83b633,Hospedero,Plantae,MAGNOLIOPHYTA,Magnoliopsida,Laurales,Lauraceae,Ocotea,nicaraguensis
302eb2e8-d0da-11f0-9ba0-fc3fdb83b633,Hospedero,Plantae,MAGNOLIOPHYTA,Magnoliopsida,Malvales,Bombacaceae,Pseudobombax,septetum
302eb332-d0da-11f0-9ba0-fc3fdb83b633,Hospedero,Plantae,MAGNOLIOPHYTA,Magnoliopsida,Fabales,Fabaceae/Pap.,Andira,inermis
302eb37a-d0da-11f0-9ba0-fc3fdb83b633,Hospedero,Plantae,MAGNOLIOPHYTA,Magnoliopsida,Myrtales,Melastomataceae,Mouriri,myrtilloides
302eb3c4-d0da-11f0-9ba0-fc3fdb83b633,Hospedero,PLANTAE,MAGNOLIOPHYTA,MAGNOLIOPSIDA,SAPINDALES,MELIACEAE,TRICHILIA,PALLIDA
302eb40d-d0da-11f0-9ba0-fc3fdb83b633,Hospedero,Plantae,MAGNOLIOPHYTA,Magnoliopsida,Myrtales,Myrtaceae,Eugenia,SP 1
302eb457-d0da-11f0-9ba0-fc3fdb83b633,Hospedero,Plantae,MAGNOLIOPHYTA,Magnoliopsida,Rosales,Chrysobalanaceae,Licania,arborea
302eb4a1-d0da-11f0-9ba0-fc3fdb83b633,Hospedero,Plantae,MAGNOLIOPHYTA,Magnoliopsida,Ebenales,Sapotaceae,Pouteria,glomerata
302eb4eb-d0da-11f0-9ba0-fc3fdb83b633,Hospedero,Plantae,MAGNOLIOPHYTA,Magnoliopsida,Rubiales,Rubiaceae,Randia,genipoides
302eb532-d0da-11f0-9ba0-fc3fdb83b633,Hospedero,Plantae,MAGNOLIOPHYTA,Magnoliopsida,Malvales,Tiliaceae,Apeiba,membranacea
302eb57c-d0da-11f0-9ba0-fc3fdb83b633,Hospedero,Plantae,MAGNOLIOPHYTA,Magnoliopsida,Rubiales,Rubiaceae,Faramea,occidentalis
302eb5c9-d0da-11f0-9ba0-fc3fdb83b633,Hospedero,Plantae,MAGNOLIOPHYTA,Magnoliopsida,Polygonales,Polygonaceae,Coccoloba,obovata
302eb618-d0da-11f0-9ba0-fc3fdb83b633,Hospedero,Plantae,MAGNOLIOPHYTA,Magnoliopsida,Fabales,Fabaceae/Pap.,Pterocarpus,hayesii
302eb661-d0da-11f0-9ba0-fc3fdb83b633,Hospedero,Plantae,MAGNOLIOPHYTA,Magnoliopsida,Urticales,Moraceae,Pseudolmedia,spuria
302eb6a9-d0da-11f0-9ba0-fc3fdb83b633,Hospedero,Plantae,MAGNOLIOPHYTA,Magnoliopsida,Fabales,Fabaceae/Mim.,Inga,leonis
302eb6f2-d0da-11f0-9ba0-fc3fdb83b633,Hospedero,Plantae,MAGNOLIOPHYTA,Magnoliopsida,Theales,Clusiaceae,Symphonia,globulifera
302eb73e-d0da-11f0-9ba0-fc3fdb83b633,Hospedero,Plantae,MAGNOLIOPHYTA,Magnoliopsida,Rubiales,Rubiaceae,Posoqueria,latifolia
302eb788-d0da-11f0-9ba0-fc3fdb83b633,Hospedero,Plantae,MAGNOLIOPHYTA,Magnoliopsida,Magnoliales,Myristicaceae,Virola,surinamensis
302eb7d2-d0da-11f0-9ba0-fc3fdb83b633,Hospedero,Plantae,MAGNOLIOPHYTA,Magnoliopsida,Theales,Clusiaceae,Calophyllum,brasiliense
302eb81b-d0da-11f0-9ba0-fc3fdb83b633,Hospedero,Plantae,MAGNOLIOPHYTA,Magnoliopsida,Urticales,Urticaceae,Urera,baccifera
302eb864-d0da-11f0-9ba0-fc3fdb83b633,Hospedero,Plantae,MAGNOLIOPHYTA,Magnoliopsida,Primulales,Myrsinaceae,Ardisia,standleyana
302eb8ae-d0da-11f0-9ba0-fc3fdb83b633,Hospedero,Plantae,MAGNOLIOPHYTA,Magnoliopsida,Rubiales,Rubiaceae,Pentagonia,sprucei
302eb8f6-d0da-11f0-9ba0-fc3fdb83b633,Hospedero,Plantae,MAGNOLIOPHYTA,Magnoliopsida,Urticales,Urticaceae,Myriocarpa,longipes
302eb93e-d0da-11f0-9ba0-fc3fdb83b633,Hospedero,Plantae,MAGNOLIOPHYTA,Magnoliopsida,Urticales,Urticaceae,Urera,elata
302eb989-d0da-11f0-9ba0-fc3fdb83b633,Hospedero,Plantae,MAGNOLIOPHYTA,Magnoliopsida,Myrtales,Myrtaceae,Eugenia,SP 3
302eb9d2-d0da-11f0-9ba0-fc3fdb83b633,Hospedero,Plantae,MAGNOLIOPHYTA,Magnoliopsida,Apiales,Araliaceae,Dendropax,caucanus
302eba1b-d0da-11f0-9ba0-fc3fdb83b633,Hospedero,Plantae,MAGNOLIOPHYTA,Magnoliopsida,Solanales,Solanaceae,Solanum,circitum
302eba64-d0da-11f0-9ba0-fc3fdb83b633,Hospedero,Plantae,MAGNOLIOPHYTA,Magnoliopsida,Solanales,Solanaceae,Cestrum,strigilatum
302ebaad-d0da-11f0-9ba0-fc3fdb83b633,Hospedero,Plantae,MAGNOLIOPHYTA,Magnoliopsida,Sapindales,Sapindaceae,Dilodendron,costaricensis
302ebaf6-d0da-11f0-9ba0-fc3fdb83b633,Hospedero,Plantae,MAGNOLIOPHYTA,Magnoliopsida,Rubiales,Rubiaceae,Psychotria,horizontalis
302ebb5a-d0da-11f0-9ba0-fc3fdb83b633,Hospedero,Plantae,MAGNOLIOPHYTA,Magnoliopsida,Violales,Flacourtiaceae,Hasseltia,floribunda
302ebbce-d0da-11f0-9ba0-fc3fdb83b633,Hospedero,Plantae,MAGNOLIOPHYTA,Magnoliopsida,Rubiales,Rubiaceae,Hamelia,magnifolia
302ebc48-d0da-11f0-9ba0-fc3fdb83b633,Hospedero,Plantae,MAGNOLIOPHYTA,Liliopsida,Commelinales,Commelinaceae,Dichorisandra,amabilis
302ebcb5-d0da-11f0-9ba0-fc3fdb83b633,Hospedero,Plantae,MAGNOLIOPHYTA,Magnoliopsida,Theales,Ochnaceae,Ouratea,lucens
302ebd2f-d0da-11f0-9ba0-fc3fdb83b633,Hospedero,Plantae,MAGNOLIOPHYTA,Magnoliopsida,Fabales,Fabaceae/Pap.,Erythrina,berteroana
302ebd7a-d0da-11f0-9ba0-fc3fdb83b633,Hospedero,Plantae,MAGNOLIOPHYTA,Magnoliopsida,Laurales,Lauraceae,Cinnamomum,cinnamomifolia
302ebdc7-d0da-11f0-9ba0-fc3fdb83b633,Hospedero,Plantae,MAGNOLIOPHYTA,Magnoliopsida,Rubiales,Rubiaceae,Alseis,costaricensis
302ebe11-d0da-11f0-9ba0-fc3fdb83b633,Hospedero,Plantae,MAGNOLIOPHYTA,Magnoliopsida,Myrtales,Melastomataceae,Miconia,SP 1
302ebe5a-d0da-11f0-9ba0-fc3fdb83b633,Hospedero,Plantae,MAGNOLIOPHYTA,Magnoliopsida,Fabales,Fabaceae/Mim.,Inga,acrocephala
302ebea8-d0da-11f0-9ba0-fc3fdb83b633,Hospedero,Plantae,MAGNOLIOPHYTA,Magnoliopsida,Euphorbiales,Euphorbiaceae,Tetrorchidium,rotundatum
302ebef4-d0da-11f0-9ba0-fc3fdb83b633,Hospedero,Plantae,MAGNOLIOPHYTA,Magnoliopsida,Malvales,Bombacaceae,Bombacopsis,quinata
302ebf3e-d0da-11f0-9ba0-fc3fdb83b633,Hospedero,Plantae,MAGNOLIOPHYTA,Magnoliopsida,Myrtales,Myrtaceae,Psidium,guajava
302ebf84-d0da-11f0-9ba0-fc3fdb83b633,Hospedero,,,,,Rosaceae,Alchemilla,pascuorum
302ebfcd-d0da-11f0-9ba0-fc3fdb83b633,Hospedero,,,,,Araliaceae,Oreopanax,xalapensis
302ec015-d0da-11f0-9ba0-fc3fdb83b633,Hospedero,,,,,Gesneriaceae,Alloplectus,ichthyoderma
302ec05b-d0da-11f0-9ba0-fc3fdb83b633,Hospedero,,,,,Cunoniaceae,Weinmannia,fagaroides
302ec0a1-d0da-11f0-9ba0-fc3fdb83b633,Hospedero,,,,,Solanaceae,Witheringia,coccoloboides
302ec11d-d0da-11f0-9ba0-fc3fdb83b633,Hospedero,,,,,Convallariaceae,Maianthemum,gigas
302ec168-d0da-11f0-9ba0-fc3fdb83b633,Hospedero,,,,,Caprifoliaceae,Viburnum,venustum
302ec1ae-d0da-11f0-9ba0-fc3fdb83b633,Hospedero,,,,,Rosaceae,Acaena,elongata
302ec1f5-d0da-11f0-9ba0-fc3fdb83b633,Hospedero,,,,,Myricaceae,Morella,pubescens
302ec23d-d0da-11f0-9ba0-fc3fdb83b633,Hospedero,,,,,Ericaceae,Gaultheria,gracilis
302ec283-d0da-11f0-9ba0-fc3fdb83b633,Hospedero,,,,,Myricaceae,Morella,cerifera
302ec2ce-d0da-11f0-9ba0-fc3fdb83b633,Hospedero,,,,,Ericaceae,Cavendishia,bracteata
302ec366-d0da-11f0-9ba0-fc3fdb83b633,Hospedero,,,,,Campanulaceae,Centropogon,ferrugineus
302ec3b1-d0da-11f0-9ba0-fc3fdb83b633,Hospedero,,,,,Asteraceae,Ageratina,badia
302ec3fa-d0da-11f0-9ba0-fc3fdb83b633,Hospedero,,,,,Onagraceae,Fuchsia,microphylla
302ec442-d0da-11f0-9ba0-fc3fdb83b633,Hospedero,,,,,Caprifoliaceae,Viburnum,costaricanum
302ec488-d0da-11f0-9ba0-fc3fdb83b633,Hospedero,,,,,Ericaceae,Disterigma,humboldtii
302ec4cf-d0da-11f0-9ba0-fc3fdb83b633,Hospedero,,,,,Grossulariaceae,Escallonia,myrtilloides
302ec517-d0da-11f0-9ba0-fc3fdb83b633,Hospedero,,,,,Melastomataceae,Miconia,tonduzii
302ec55e-d0da-11f0-9ba0-fc3fdb83b633,Hospedero,,,,,Solanaceae,Solanum,vacciniflorum
302ec5a6-d0da-11f0-9ba0-fc3fdb83b633,Hospedero,,,,,Rosaceae,Rubus,vulcanicola
302ec5ef-d0da-11f0-9ba0-fc3fdb83b633,Hospedero,,,,,Winteraceae,Drimys,granadensis
302ec63a-d0da-11f0-9ba0-fc3fdb83b633,Hospedero,,,,,Clethraceae,Clethra,suaveolens
302ec681-d0da-11f0-9ba0-fc3fdb83b633,Hospedero,,,,,Polygalaceae,Monnina,costaricensis
302ec6c9-d0da-11f0-9ba0-fc3fdb83b633,Hospedero,,,,,Poaceae,Melinis,minutiflora
302ec70f-d0da-11f0-9ba0-fc3fdb83b633,Hospedero,,,,,Ericaceae,Vaccinium,floribundum
302ec756-d0da-11f0-9ba0-fc3fdb83b633,Hospedero,,,,,Alstroemeriaceae,Bomarea,hirsuta
302ec79f-d0da-11f0-9ba0-fc3fdb83b633,Hospedero,,,,,Rosaceae,Prunus,fortunensis
302ec7e6-d0da-11f0-9ba0-fc3fdb83b633,Hospedero,,,,,Asteraceae,Hypochoeris,radicata
302ec82b-d0da-11f0-9ba0-fc3fdb83b633,Hospedero,,,,,Plantaginaceae,Plantago,australis
302ec872-d0da-11f0-9ba0-fc3fdb83b633,Hospedero,,,,,Asteraceae,Gamochaeta,americana
302ec8b7-d0da-11f0-9ba0-fc3fdb83b633,Hospedero,,,,,Asteraceae,Cirsium,subcoriaceum
302ec8fe-d0da-11f0-9ba0-fc3fdb83b633,Hospedero,,,,,Ericaceae,Macleania,rupestris
302ec946-d0da-11f0-9ba0-fc3fdb83b633,Hospedero,,,,,Polygonaceae,Muehlenbeckia,tamnifolia
302ec98c-d0da-11f0-9ba0-fc3fdb83b633,Hospedero,,,,,Araliaceae,Schefflera,rodriguesiana
302ec9d3-d0da-11f0-9ba0-fc3fdb83b633,Hospedero,,,,,Alstroemeriaceae,Bomarea,acutifolia
302eca19-d0da-11f0-9ba0-fc3fdb83b633,Hospedero,,,,,Brassicaceae,Cardamine,hirsuta
302eca62-d0da-11f0-9ba0-fc3fdb83b633,Hospedero,Plantae,MAGNOLIOPHYTA,Magnoliopsida,Asterales,Asteraceae,Trixis,inula
302ecaae-d0da-11f0-9ba0-fc3fdb83b633,Hospedero,Plantae,MAGNOLIOPHYTA,Liliopsida,Poales,Poaceae,Olyra,latifolia
302ecafa-d0da-11f0-9ba0-fc3fdb83b633,Hospedero,Plantae,MAGNOLIOPHYTA,Magnoliopsida,Euphorbiales,Euphorbiaceae,Garcia,nutans
302ecb46-d0da-11f0-9ba0-fc3fdb83b633,Hospedero,Plantae,MAGNOLIOPHYTA,Magnoliopsida,Rubiales,Rubiaceae,Calycophyllum,candidissimum
302ecb90-d0da-11f0-9ba0-fc3fdb83b633,Hospedero,Plantae,MAGNOLIOPHYTA,Magnoliopsida,Ebenales,Sapotaceae,Manilkara,chicle
302ecbd9-d0da-11f0-9ba0-fc3fdb83b633,Hospedero,Plantae,MAGNOLIOPHYTA,Magnoliopsida,Rubiales,Rubiaceae,Psychotria,carthagenensis
302ecc23-d0da-11f0-9ba0-fc3fdb83b633,Hospedero,Plantae,MAGNOLIOPHYTA,Magnoliopsida,Malvales,Bombacaceae,Ceiba,pentandra
302ecc6c-d0da-11f0-9ba0-fc3fdb83b633,Hospedero,Plantae,MAGNOLIOPHYTA,Magnoliopsida,Ebenales,Sapotaceae,Sideroxylon,capiri
302eccb4-d0da-11f0-9ba0-fc3fdb83b633,Hospedero,Plantae,MAGNOLIOPHYTA,Magnoliopsida,Caryophyllales,Nyctaginaceae,Pisonia,silvatica
302eccfd-d0da-11f0-9ba0-fc3fdb83b633,Hospedero,Plantae,MAGNOLIOPHYTA,Magnoliopsida,Sapindales,Anacardiaceae,Spondias,mombin
302ecd47-d0da-11f0-9ba0-fc3fdb83b633,Hospedero,Plantae,MAGNOLIOPHYTA,Liliopsida,Poales,Poaceae,Pharus,mezii
302ecd91-d0da-11f0-9ba0-fc3fdb83b633,Hospedero,Plantae,MAGNOLIOPHYTA,Magnoliopsida,Myrtales,Melastomataceae,Blakea,pauciflora
302ecddb-d0da-11f0-9ba0-fc3fdb83b633,Hospedero,Plantae,MAGNOLIOPHYTA,Magnoliopsida,Rubiales,Rubiaceae,Sabicea,panamensis
302ece25-d0da-11f0-9ba0-fc3fdb83b633,Hospedero,Plantae,MAGNOLIOPHYTA,Magnoliopsida,Myrtales,Melastomataceae,Blakea,sp-1
302ece6c-d0da-11f0-9ba0-fc3fdb83b633,Hospedero,Plantae,MAGNOLIOPHYTA,Magnoliopsida,Rubiales,Rubiaceae,Psychotria,elata
302eceb5-d0da-11f0-9ba0-fc3fdb83b633,Hospedero,Plantae,MAGNOLIOPHYTA,Magnoliopsida,Fabales,Fabaceae/Mim.,Inga,sp-1
302ecf00-d0da-11f0-9ba0-fc3fdb83b633,Hospedero,Plantae,MAGNOLIOPHYTA,Magnoliopsida,Solanales,Convolvulaceae,Ipomoea,sp-1
302ecf49-d0da-11f0-9ba0-fc3fdb83b633,Hospedero,Plantae,MAGNOLIOPHYTA,Magnoliopsida,Rubiales,Rubiaceae,Chomelia,spinosa
302ecf93-d0da-11f0-9ba0-fc3fdb83b633,Hospedero,Plantae,MAGNOLIOPHYTA,Magnoliopsida,Ericales,Ericaceae,Cavendishia,complectens
302ecfdd-d0da-11f0-9ba0-fc3fdb83b633,Hospedero,Plantae,MAGNOLIOPHYTA,Magnoliopsida,Malvales,Bombacaceae,Pachira,aquatica
302ed027-d0da-11f0-9ba0-fc3fdb83b633,Hospedero,Plantae,MAGNOLIOPHYTA,Magnoliopsida,Lamiales,Boraginaceae,Cordia,sp-1
302ed070-d0da-11f0-9ba0-fc3fdb83b633,Hospedero,Plantae,MAGNOLIOPHYTA,Magnoliopsida,Gentianales,Apocynaceae,Rauvolfia,aphlebia
302ed0b9-d0da-11f0-9ba0-fc3fdb83b633,Hospedero,Plantae,MAGNOLIOPHYTA,Magnoliopsida,Violales,Flacourtiaceae,Lozania,pittieri
302ed103-d0da-11f0-9ba0-fc3fdb83b633,Hospedero,Plantae,MAGNOLIOPHYTA,Magnoliopsida,Sapindales,Meliaceae,Guarea,bullata
302ed14c-d0da-11f0-9ba0-fc3fdb83b633,Hospedero,Plantae,MAGNOLIOPHYTA,Liliopsida,Arecales,Arecaceae,Euterpe,precatoria
302ed199-d0da-11f0-9ba0-fc3fdb83b633,Hospedero,Plantae,MAGNOLIOPHYTA,Liliopsida,Bromeliales,Bromeliaceae,Pitcairnia,arcuata
302ed1e2-d0da-11f0-9ba0-fc3fdb83b633,Hospedero,Plantae,MAGNOLIOPHYTA,Magnoliopsida,Theales,Ochnaceae,Cespedesia,macrophylla
302ed22b-d0da-11f0-9ba0-fc3fdb83b633,Hospedero,Plantae,MAGNOLIOPHYTA,Liliopsida,Arecales,Arecaceae,Bactris,hondurensis
302ed273-d0da-11f0-9ba0-fc3fdb83b633,Hospedero,Plantae,MAGNOLIOPHYTA,Liliopsida,Arecales,Arecaceae,Iriartea,deltoidea
302ed2bd-d0da-11f0-9ba0-fc3fdb83b633,Hospedero,Plantae,MAGNOLIOPHYTA,Magnoliopsida,Myrtales,Melastomataceae,Conostegia,micrantha
302ed306-d0da-11f0-9ba0-fc3fdb83b633,Hospedero,Plantae,MAGNOLIOPHYTA,Magnoliopsida,Rubiales,Rubiaceae,Hoffmannia,sp-1
302ed34f-d0da-11f0-9ba0-fc3fdb83b633,Hospedero,Plantae,MAGNOLIOPHYTA,Magnoliopsida,Piperales,Chloranthaceae,Hedyosmum,scaberrimum
302ed39e-d0da-11f0-9ba0-fc3fdb83b633,Hospedero,Plantae,MAGNOLIOPHYTA,Magnoliopsida,Euphorbiales,Euphorbiaceae,Croton,schiedeanus
302ed3e9-d0da-11f0-9ba0-fc3fdb83b633,Hospedero,Plantae,MAGNOLIOPHYTA,Magnoliopsida,Rubiales,Rubiaceae,Notopleura,polyphlebia
302ed433-d0da-11f0-9ba0-fc3fdb83b633,Hospedero,Plantae,MAGNOLIOPHYTA,Liliopsida,Cyclanthales,Cyclanthaceae,Cyclanthus,bipartitus
302ed47b-d0da-11f0-9ba0-fc3fdb83b633,Hospedero,Plantae,MAGNOLIOPHYTA,Magnoliopsida,Theales,Clusiaceae,Tovomita,weddelliana
302ed4c5-d0da-11f0-9ba0-fc3fdb83b633,Hospedero,Plantae,MAGNOLIOPHYTA,Magnoliopsida,Euphorbiales,Euphorbiaceae,Alchornea,latifolia
302ed512-d0da-11f0-9ba0-fc3fdb83b633,Hospedero,Plantae,MAGNOLIOPHYTA,Magnoliopsida,Sapindales,Hippocastanaceae,Billia,rosea
302ed55c-d0da-11f0-9ba0-fc3fdb83b633,Hospedero,Plantae,MAGNOLIOPHYTA,Magnoliopsida,Myrtales,Melastomataceae,Blakea,tuberculata
302ed641-d0da-11f0-9ba0-fc3fdb83b633,Hospedero,Plantae,MAGNOLIOPHYTA,Magnoliopsida,Solanales,Solanaceae,Witheringia,sp-1
302ed691-d0da-11f0-9ba0-fc3fdb83b633,Hospedero,Plantae,MAGNOLIOPHYTA,Magnoliopsida,Apiales,Araliaceae,Oreopanax,oerstedianus
302ed6e0-d0da-11f0-9ba0-fc3fdb83b633,Hospedero,Plantae,MAGNOLIOPHYTA,Magnoliopsida,Rubiales,Rubiaceae,Faramea,suerrensis
302ed72e-d0da-11f0-9ba0-fc3fdb83b633,Hospedero,Plantae,MAGNOLIOPHYTA,Magnoliopsida,Rubiales,Rubiaceae,Rudgea,reducticalix
302ed779-d0da-11f0-9ba0-fc3fdb83b633,Hospedero,Plantae,MAGNOLIOPHYTA,Magnoliopsida,Santalales,Olacaceae,Heisteria,macrophylla
302ed7c5-d0da-11f0-9ba0-fc3fdb83b633,Hospedero,Plantae,MAGNOLIOPHYTA,Magnoliopsida,Myrtales,Melastomataceae,Conostegia,xalapensis
302ed810-d0da-11f0-9ba0-fc3fdb83b633,Hospedero,Plantae,MAGNOLIOPHYTA,Magnoliopsida,Myrtales,Melastomataceae,Clidemia,hirta
302ed85d-d0da-11f0-9ba0-fc3fdb83b633,Hospedero,Plantae,MAGNOLIOPHYTA,Magnoliopsida,Asterales,Asteraceae,Bacharis,trinervis
302ed8a9-d0da-11f0-9ba0-fc3fdb83b633,Hospedero,Plantae,MAGNOLIOPHYTA,Liliopsida,Zingiberales,Marantaceae,Stromanthe,tonckat
302ed8f5-d0da-11f0-9ba0-fc3fdb83b633,Hospedero,Plantae,MAGNOLIOPHYTA,Magnoliopsida,Dilleniales,Dilleniaceae,Davilla,kunthii
302ed942-d0da-11f0-9ba0-fc3fdb83b633,Hospedero,Plantae,MAGNOLIOPHYTA,Magnoliopsida,Rosales,Rosaceae,Rubus,urticifolius
302ed98e-d0da-11f0-9ba0-fc3fdb83b633,Hospedero,Plantae,MAGNOLIOPHYTA,Magnoliopsida,Gentianales,Asclepiadaceae,Asclepias,curassavica
302ed9d9-d0da-11f0-9ba0-fc3fdb83b633,Hospedero,Plantae,MAGNOLIOPHYTA,Magnoliopsida,Rhamnales,Rhamnaceae,Gouania,hypoglauca
302eda24-d0da-11f0-9ba0-fc3fdb83b633,Hospedero,Plantae,MAGNOLIOPHYTA,Magnoliopsida,Lamiales,Verbenaceae,Lantana,camara
302eda6d-d0da-11f0-9ba0-fc3fdb83b633,Hospedero,Plantae,MAGNOLIOPHYTA,Magnoliopsida,Fabales,Fabaceae/Mim.,Inga,sp-2
302edabb-d0da-11f0-9ba0-fc3fdb83b633,Hospedero,Plantae,MAGNOLIOPHYTA,Magnoliopsida,Fabales,Fabaceae/Pap.,Rhynchosia,calycosa
302edb07-d0da-11f0-9ba0-fc3fdb83b633,Hospedero,Plantae,MAGNOLIOPHYTA,Magnoliopsida,Fabales,Fabaceae/Pap.,Rhynchosia,erythrinoides
302edb52-d0da-11f0-9ba0-fc3fdb83b633,Hospedero,Plantae,MAGNOLIOPHYTA,Magnoliopsida,Lamiales,Boraginaceae,Cordia,globosa
302edb9d-d0da-11f0-9ba0-fc3fdb83b633,Hospedero,Plantae,MAGNOLIOPHYTA,Magnoliopsida,Sapindales,Sapindaceae,Cupania,guatemalensis
302edbea-d0da-11f0-9ba0-fc3fdb83b633,Hospedero,Plantae,MAGNOLIOPHYTA,Magnoliopsida,Asterales,Asteraceae,Ageratum,conizoides
302edc35-d0da-11f0-9ba0-fc3fdb83b633,Hospedero,Plantae,MAGNOLIOPHYTA,Magnoliopsida,Linales,Erythroxylaceae,Erythroxylum,macrophyllum
302edc7f-d0da-11f0-9ba0-fc3fdb83b633,Hospedero,Plantae,MAGNOLIOPHYTA,Magnoliopsida,Rubiales,Rubiaceae,Coffea,arabica
302edccb-d0da-11f0-9ba0-fc3fdb83b633,Hospedero,Plantae,MAGNOLIOPHYTA,Magnoliopsida,Caryophyllales,Nyctaginaceae,Bougainvillea,glabra
302edd18-d0da-11f0-9ba0-fc3fdb83b633,Hospedero,Plantae,MAGNOLIOPHYTA,Magnoliopsida,Fabales,Fabaceae/Pap.,Diphysa,americana
302edd63-d0da-11f0-9ba0-fc3fdb83b633,Hospedero,Plantae,MAGNOLIOPHYTA,Magnoliopsida,Fabales,Fabaceae/mim.,Albizia,adinocephala
302eddae-d0da-11f0-9ba0-fc3fdb83b633,Hospedero,Plantae,MAGNOLIOPHYTA,Magnoliopsida,Fagales,Fagaceae,Quercus,oleoides
302eddf8-d0da-11f0-9ba0-fc3fdb83b633,Hospedero,Plantae,MAGNOLIOPHYTA,Magnoliopsida,Solanales,Solanaceae,Lycianthes,acapulcensis
302ede44-d0da-11f0-9ba0-fc3fdb83b633,Hospedero,Plantae,MAGNOLIOPHYTA,Magnoliopsida,Fabales,Fabaceae/Pap.,Lonchocarpus,minimiflorus
302ede8d-d0da-11f0-9ba0-fc3fdb83b633,Hospedero,Plantae,MAGNOLIOPHYTA,Magnoliopsida,Rubiales,Rubiaceae,Alibertia,edulis
302eded7-d0da-11f0-9ba0-fc3fdb83b633,Hospedero,Plantae,MAGNOLIOPHYTA,Magnoliopsida,Asterales,Asteraceae,Elephantopus,mollis
302edf22-d0da-11f0-9ba0-fc3fdb83b633,Hospedero,Plantae,MAGNOLIOPHYTA,Magnoliopsida,Euphorbiales,Euphorbiaceae,Euphorbia,schlechtendalii
302edf6d-d0da-11f0-9ba0-fc3fdb83b633,Hospedero,Plantae,MAGNOLIOPHYTA,Magnoliopsida,Fabales,Fabaceae/Mim.,Calliandra,bijuga
302edfb8-d0da-11f0-9ba0-fc3fdb83b633,Hospedero,Plantae,MAGNOLIOPHYTA,Magnoliopsida,Sapindales,Burseraceae,Bursera,glabra
302ee004-d0da-11f0-9ba0-fc3fdb83b633,Hospedero,Plantae,MAGNOLIOPHYTA,Liliopsida,Orchidales,Orchidaceae,Stenorrhychos,lanceolatum
302ee04e-d0da-11f0-9ba0-fc3fdb83b633,Hospedero,Plantae,MAGNOLIOPHYTA,Magnoliopsida,Fabales,Fabaceae/Pap.,Desmodium,incanum
302ee09b-d0da-11f0-9ba0-fc3fdb83b633,Hospedero,Plantae,MAGNOLIOPHYTA,Magnoliopsida,Fabales,Oxalidaceae,Oxalis,frutescens
302ee0e5-d0da-11f0-9ba0-fc3fdb83b633,Hospedero,Plantae,MAGNOLIOPHYTA,Magnoliopsida,Scrophulariales,Acanthaceae,Ruellia,golfodulcensis
302ee131-d0da-11f0-9ba0-fc3fdb83b633,Hospedero,Plantae,MAGNOLIOPHYTA,Liliopsida,Liliales,Iridaceae,Hypoxis,decumbens
302ee17e-d0da-11f0-9ba0-fc3fdb83b633,Hospedero,Plantae,MAGNOLIOPHYTA,Magnoliopsida,Polygalales,Malpighiaceae,Byrsonima,crassifolia
302ee1cc-d0da-11f0-9ba0-fc3fdb83b633,Hospedero,Plantae,MAGNOLIOPHYTA,Magnoliopsida,Fabales,Fabaceae/Caes.,Senna,pallida
302ee214-d0da-11f0-9ba0-fc3fdb83b633,Hospedero,Plantae,MAGNOLIOPHYTA,Magnoliopsida,Asterales,Asteraceae,Montanoa,tomentosa
302ee260-d0da-11f0-9ba0-fc3fdb83b633,Hospedero,Plantae,MAGNOLIOPHYTA,Magnoliopsida,Asterales,Asteraceae,Lasianthaea,fruticosa
302ee2aa-d0da-11f0-9ba0-fc3fdb83b633,Hospedero,Plantae,MAGNOLIOPHYTA,Magnoliopsida,Lamiales,Boraginaceae,Cordia,alliodora
302ee2f5-d0da-11f0-9ba0-fc3fdb83b633,Hospedero,Plantae,MAGNOLIOPHYTA,Magnoliopsida,Piperales,Piperaceae,Piper,sp-1
302ee340-d0da-11f0-9ba0-fc3fdb83b633,Hospedero,Plantae,MAGNOLIOPHYTA,Magnoliopsida,Ranunculales,Menispermaceae,Cissampelos,pareira
302ee38b-d0da-11f0-9ba0-fc3fdb83b633,Hospedero,Plantae,MAGNOLIOPHYTA,Magnoliopsida,Violales,Turneraceae,Turnera,ulmifolia
302ee3d5-d0da-11f0-9ba0-fc3fdb83b633,Hospedero,Plantae,MAGNOLIOPHYTA,Magnoliopsida,Asterales,Asteraceae,Chromolaena,glaberrima
302ee41f-d0da-11f0-9ba0-fc3fdb83b633,Hospedero,Plantae,MAGNOLIOPHYTA,Magnoliopsida,Primulales,Myrsinaceae,Ardisia,revoluta
302ee46a-d0da-11f0-9ba0-fc3fdb83b633,Hospedero,Plantae,MAGNOLIOPHYTA,Magnoliopsida,Fabales,Fabaceae/Mim.,Acacia,collinsii
302ee4b3-d0da-11f0-9ba0-fc3fdb83b633,Hospedero,,,,,Campanulaceae,Centropogon,gutierrezii
302ee4fc-d0da-11f0-9ba0-fc3fdb83b633,Hospedero,,,,,Begoniaceae,Begonia,oaxacana
302ee544-d0da-11f0-9ba0-fc3fdb83b633,Hospedero,,,,,Clethraceae,Clethra,formosa
302ee58c-d0da-11f0-9ba0-fc3fdb83b633,Hospedero,,,,,Lamiaceae,Prunella,vulgaris
302ee5d7-d0da-11f0-9ba0-fc3fdb83b633,Hospedero,,,,,Solanaceae,Solanum,longiconicum
302ee61f-d0da-11f0-9ba0-fc3fdb83b633,Hospedero,,,,,Solanaceae,Solanum,nigrescens
302ee669-d0da-11f0-9ba0-fc3fdb83b633,Hospedero,,,,,Scrophulariaceae,Calceolaria,tripartita
302ee6b0-d0da-11f0-9ba0-fc3fdb83b633,Hospedero,,,,,Lycopodiaceae,Lycopodium,clavatum
302ee6fa-d0da-11f0-9ba0-fc3fdb83b633,Hospedero,Plantae,MAGNOLIOPHYTA,Magnoliopsida,Malvales,Tiliaceae,Triumfetta,lapulacea
302ee745-d0da-11f0-9ba0-fc3fdb83b633,Hospedero,Plantae,MAGNOLIOPHYTA,Magnoliopsida,Gentianales,Apocynaceae,Rauvolfia,tetraphylla
302ee791-d0da-11f0-9ba0-fc3fdb83b633,Hospedero,Plantae,MAGNOLIOPHYTA,Magnoliopsida,Gentianales,Apocynaceae,Stenmadenia,pubescens
302ee7dd-d0da-11f0-9ba0-fc3fdb83b633,Hospedero,Plantae,MAGNOLIOPHYTA,Magnoliopsida,Malvales,Tiliaceae,Luehea,speciosa
302ee865-d0da-11f0-9ba0-fc3fdb83b633,Hospedero,Plantae,MAGNOLIOPHYTA,Magnoliopsida,Scrophulariales,Bignoniaceae,Crescentia,alata
302ee8b3-d0da-11f0-9ba0-fc3fdb83b633,Hospedero,Plantae,MAGNOLIOPHYTA,Magnoliopsida,Scrophulariales,Bignoniaceae,Crescentia,cujete
302ee901-d0da-11f0-9ba0-fc3fdb83b633,Hospedero,Plantae,MAGNOLIOPHYTA,Magnoliopsida,Urticales,Moraceae,Dorstenia,drakena
302ee94c-d0da-11f0-9ba0-fc3fdb83b633,Hospedero,Plantae,MAGNOLIOPHYTA,Magnoliopsida,Lamiales,Verbenaceae,Priva,lappulacea
302ee997-d0da-11f0-9ba0-fc3fdb83b633,Hospedero,Plantae,MAGNOLIOPHYTA,Magnoliopsida,Gentianales,Apocynaceae,Forsteronia,spicata
302ee9e6-d0da-11f0-9ba0-fc3fdb83b633,Hospedero,Plantae,MAGNOLIOPHYTA,Magnoliopsida,Rubiales,Rubiaceae,Hamelia,patens
302eea31-d0da-11f0-9ba0-fc3fdb83b633,Hospedero,Plantae,MAGNOLIOPHYTA,Liliopsida,Zingiberales,Marantaceae,G-13,sp-1
302eea7c-d0da-11f0-9ba0-fc3fdb83b633,Hospedero,Plantae,MAGNOLIOPHYTA,Magnoliopsida,Sapindales,Burseraceae,Bursera,graveolens
302eeac5-d0da-11f0-9ba0-fc3fdb83b633,Hospedero,Plantae,MAGNOLIOPHYTA,Magnoliopsida,Urticales,Moraceae,Maclura,tinctoria
302eeb0f-d0da-11f0-9ba0-fc3fdb83b633,Hospedero,Plantae,MAGNOLIOPHYTA,Magnoliopsida,Sapindales,Sapindaceae,Allophylus,racemosus
302eeb5a-d0da-11f0-9ba0-fc3fdb83b633,Hospedero,Plantae,MAGNOLIOPHYTA,Magnoliopsida,Piperales,Piperaceae,Piper,sp-2
302eeba3-d0da-11f0-9ba0-fc3fdb83b633,Hospedero,Plantae,MAGNOLIOPHYTA,Magnoliopsida,Malvales,Elaeocarpaceae,Sloanea,terniflora
302eebed-d0da-11f0-9ba0-fc3fdb83b633,Hospedero,Plantae,MAGNOLIOPHYTA,Magnoliopsida,Violales,Chrysobalanaceae,Hirtella,racemosa
302eec36-d0da-11f0-9ba0-fc3fdb83b633,Hospedero,Plantae,MAGNOLIOPHYTA,Magnoliopsida,Sapindales,Simaroubaceae,Picramnia,antidesma
302eec81-d0da-11f0-9ba0-fc3fdb83b633,Hospedero,Plantae,MAGNOLIOPHYTA,Magnoliopsida,Ebenales,Sapotaceae,Chrysophyllum,cainito
302eeccc-d0da-11f0-9ba0-fc3fdb83b633,Hospedero,Plantae,MAGNOLIOPHYTA,Magnoliopsida,Rubiales,Rubiaceae,Psychotria,sp-1
302eed18-d0da-11f0-9ba0-fc3fdb83b633,Hospedero,Plantae,MAGNOLIOPHYTA,Magnoliopsida,Rubiales,Rubiaceae,Psychotria,grandis
302eed62-d0da-11f0-9ba0-fc3fdb83b633,Hospedero,Plantae,MAGNOLIOPHYTA,Liliopsida,Arecales,Arecaceae,Attalea,butyracea
302eedb1-d0da-11f0-9ba0-fc3fdb83b633,Hospedero,Plantae,MAGNOLIOPHYTA,Magnoliopsida,Myrtales,Combretaceae,Terminalia,catappa
302eedfd-d0da-11f0-9ba0-fc3fdb83b633,Hospedero,Plantae,MAGNOLIOPHYTA,Magnoliopsida,Lamiales,Boraginaceae,Cordia,collococca
302eee49-d0da-11f0-9ba0-fc3fdb83b633,Hospedero,Plantae,MAGNOLIOPHYTA,Magnoliopsida,Asterales,Asteraceae,Pseudoelephantopus,spicatus
302eee94-d0da-11f0-9ba0-fc3fdb83b633,Hospedero,Plantae,MAGNOLIOPHYTA,Magnoliopsida,Urticales,Moraceae,Artocarpus,altilis
302eeee4-d0da-11f0-9ba0-fc3fdb83b633,Hospedero,Plantae,MAGNOLIOPHYTA,Magnoliopsida,Sapindales,Anacardiaceae,Spondias,purpurea
302eef2f-d0da-11f0-9ba0-fc3fdb83b633,Hospedero,Plantae,MAGNOLIOPHYTA,Magnoliopsida,Gentianales,Loganiaceae,Spigelia,palmeri
302eef7a-d0da-11f0-9ba0-fc3fdb83b633,Hospedero,Plantae,MAGNOLIOPHYTA,Magnoliopsida,Myrtales,Combretaceae,Laguncularia,racemosa
302eefc5-d0da-11f0-9ba0-fc3fdb83b633,Hospedero,Plantae,MAGNOLIOPHYTA,Magnoliopsida,Fabales,Fabaceae/Caes.,Delonix,regia
302ef010-d0da-11f0-9ba0-fc3fdb83b633,Hospedero,Plantae,MAGNOLIOPHYTA,Liliopsida,Poales,Poaceae,Setaria,liebmannii
302ef05e-d0da-11f0-9ba0-fc3fdb83b633,Hospedero,Plantae,MAGNOLIOPHYTA,Magnoliopsida,Fabales,Fabaceae/Caes.,Caesalpinia,platyloba
302ef0ab-d0da-11f0-9ba0-fc3fdb83b633,Hospedero,Plantae,MAGNOLIOPHYTA,Magnoliopsida,Violales,Cochlospermaceae,Cochlospermum,vitifolium
302ef0f6-d0da-11f0-9ba0-fc3fdb83b633,Hospedero,Plantae,MAGNOLIOPHYTA,Liliopsida,Arecales,Arecaceae,Acrocomia,aculeata
302ef143-d0da-11f0-9ba0-fc3fdb83b633,Hospedero,Plantae,MAGNOLIOPHYTA,Magnoliopsida,Gentianales,Asclepiadaceae,Marsdenia,sp-1
302ef191-d0da-11f0-9ba0-fc3fdb83b633,Hospedero,Plantae,MAGNOLIOPHYTA,Liliopsida,Bromeliales,Bromeliaceae,Bromelia,pinguin
302ef1da-d0da-11f0-9ba0-fc3fdb83b633,Hospedero,Plantae,MAGNOLIOPHYTA,Magnoliopsida,Gentianales,Apocynaceae,Plumeria,rubra
302ef224-d0da-11f0-9ba0-fc3fdb83b633,Hospedero,Plantae,MAGNOLIOPHYTA,Magnoliopsida,Lamiales,Verbenaceae,Lippia,sp-1
302ef26c-d0da-11f0-9ba0-fc3fdb83b633,Hospedero,Plantae,MAGNOLIOPHYTA,Magnoliopsida,Myrtales,Combretaceae,Conocarpus,erectus
302ef2c0-d0da-11f0-9ba0-fc3fdb83b633,Hospedero,Plantae,MAGNOLIOPHYTA,Magnoliopsida,Lamiales,Verbenaceae,Avicennia,germinans
302ef30e-d0da-11f0-9ba0-fc3fdb83b633,Hospedero,Plantae,MAGNOLIOPHYTA,Magnoliopsida,Santalales,Loranthaceae,Struthanthus,cassythoides
302ef359-d0da-11f0-9ba0-fc3fdb83b633,Hospedero,Plantae,MAGNOLIOPHYTA,Magnoliopsida,Rhizophorales,Rhizophoraceae,Rhizophora,mangle
302ef3a5-d0da-11f0-9ba0-fc3fdb83b633,Hospedero,Plantae,MAGNOLIOPHYTA,Magnoliopsida,Fabales,Fabaceae/mim.,Pithecellobium,lanceolatum
302ef3ee-d0da-11f0-9ba0-fc3fdb83b633,Hospedero,Plantae,MAGNOLIOPHYTA,Magnoliopsida,Rhamnales,Vitaceae,Cissus,alata
302ef439-d0da-11f0-9ba0-fc3fdb83b633,Hospedero,Plantae,MAGNOLIOPHYTA,Magnoliopsida,Fabales,Fabaceae/Pap.,Machaerium,sp-1
302ef485-d0da-11f0-9ba0-fc3fdb83b633,Hospedero,Plantae,MAGNOLIOPHYTA,Magnoliopsida,Malvales,Sterculiaceae,Waltheria,indica
302ef4d2-d0da-11f0-9ba0-fc3fdb83b633,Hospedero,Plantae,MAGNOLIOPHYTA,Magnoliopsida,capparidales,Capparidaceae,Cleome,viscosa
302ef51b-d0da-11f0-9ba0-fc3fdb83b633,Hospedero,Plantae,MAGNOLIOPHYTA,Magnoliopsida,capparidales,Capparidaceae,Crateva,tapia
302ef568-d0da-11f0-9ba0-fc3fdb83b633,Hospedero,Plantae,MAGNOLIOPHYTA,Magnoliopsida,Celastrales,Hippocrateaceae,Semialarium,mexicanum
302ef5b2-d0da-11f0-9ba0-fc3fdb83b633,Hospedero,Plantae,MAGNOLIOPHYTA,Magnoliopsida,Fabales,Fabaceae/Pap.,Dalbergia,brownei
302ef5ff-d0da-11f0-9ba0-fc3fdb83b633,Hospedero,Plantae,MAGNOLIOPHYTA,Magnoliopsida,Solanales,Solanaceae,Solanum,sp-1
302ef64b-d0da-11f0-9ba0-fc3fdb83b633,Hospedero,Plantae,MAGNOLIOPHYTA,Magnoliopsida,Fabales,Fabaceae/Caes.,Senna,atomaria
302ef693-d0da-11f0-9ba0-fc3fdb83b633,Hospedero,,,,,Rutaceae,Zanthoxylum,melanostictum
302ef6db-d0da-11f0-9ba0-fc3fdb83b633,Hospedero,,,,,Araliaceae,Dendropanax,arboreus
302ef725-d0da-11f0-9ba0-fc3fdb83b633,Hospedero,,,,,Melastomataceae,Miconia,longibracteata
302ef76d-d0da-11f0-9ba0-fc3fdb83b633,Hospedero,,,,,Bromeliaceae,Werauhia,williamsii
302ef7b4-d0da-11f0-9ba0-fc3fdb83b633,Hospedero,,,,,Orchidaceae,Epidendrum,barbae
302ef7fe-d0da-11f0-9ba0-fc3fdb83b633,Hospedero,,,,,Rubiaceae,Nertera,granadensis
302ef846-d0da-11f0-9ba0-fc3fdb83b633,Hospedero,,,,,Orchidaceae,Brachyonidium,
302ef88d-d0da-11f0-9ba0-fc3fdb83b633,Hospedero,,,,,Piperaceae,Peperomia,
302ef8d4-d0da-11f0-9ba0-fc3fdb83b633,Hospedero,,,,,Asteraceae,Clibadium,leiocarpum
302ef9bc-d0da-11f0-9ba0-fc3fdb83b633,Hospedero,,,,,Betulaceae,Alnus,acuminata
302efa0d-d0da-11f0-9ba0-fc3fdb83b633,Hospedero,,,,,Melastomataceae,Topobea,
302efa5b-d0da-11f0-9ba0-fc3fdb83b633,Hospedero,,,,,Asteraceae,Neomirandea,costaricensis
302efaaa-d0da-11f0-9ba0-fc3fdb83b633,Hospedero,,,,,Melastomataceae,,
302efaf3-d0da-11f0-9ba0-fc3fdb83b633,Hospedero,,,,,Campanulaceae,Centropogon,coccineus
302efb3e-d0da-11f0-9ba0-fc3fdb83b633,Hospedero,,,,,Campanulaceae,Centropogon,solanifolius
302efb8b-d0da-11f0-9ba0-fc3fdb83b633,Hospedero,Plantae,MAGNOLIOPHYTA,Magnoliopsida,Santalales,Loranthaceae,Phoradendron,chrysocladon
302efbdc-d0da-11f0-9ba0-fc3fdb83b633,Hospedero,Plantae,MAGNOLIOPHYTA,Liliopsida,Bromeliales,Bromeliaceae,Pitcairnia,brittoniana
302efc2c-d0da-11f0-9ba0-fc3fdb83b633,Hospedero,Plantae,MAGNOLIOPHYTA,Liliopsida,Zingiberales,Zingiberaceae,Renealmia,cernua
302efc79-d0da-11f0-9ba0-fc3fdb83b633,Hospedero,Plantae,MAGNOLIOPHYTA,Magnoliopsida,Myrtales,Melastomataceae,Pilocosta,nana
302efcc6-d0da-11f0-9ba0-fc3fdb83b633,Hospedero,Plantae,MAGNOLIOPHYTA,Magnoliopsida,Malvales,Malvaceae,Malvaviscus,palmanus
302efd14-d0da-11f0-9ba0-fc3fdb83b633,Hospedero,Plantae,MAGNOLIOPHYTA,Liliopsida,Orchidales,Orchidaceae,Epidendrum,sp-1
302efd61-d0da-11f0-9ba0-fc3fdb83b633,Hospedero,Plantae,MAGNOLIOPHYTA,Magnoliopsida,Scrophulariales,Gesneriaceae,Besleria,notabilis
302efdb0-d0da-11f0-9ba0-fc3fdb83b633,Hospedero,Plantae,MAGNOLIOPHYTA,Magnoliopsida,Scrophulariales,Gesneriaceae,Columnea,microcalyx
302efdfe-d0da-11f0-9ba0-fc3fdb83b633,Hospedero,Plantae,MAGNOLIOPHYTA,Magnoliopsida,Myrtales,Melastomataceae,Blakea,litoralis
302efe57-d0da-11f0-9ba0-fc3fdb83b633,Hospedero,Plantae,MAGNOLIOPHYTA,Magnoliopsida,Myrtales,Melastomataceae,Centradenia,inaequilateralis
302efea5-d0da-11f0-9ba0-fc3fdb83b633,Hospedero,Plantae,MAGNOLIOPHYTA,Liliopsida,Orchidales,Orchidaceae,Maxillaria,sp-1
302efef1-d0da-11f0-9ba0-fc3fdb83b633,Hospedero,Plantae,MAGNOLIOPHYTA,Magnoliopsida,Theales,Clusiaceae,Clusia,stenophylla
302eff42-d0da-11f0-9ba0-fc3fdb83b633,Hospedero,Plantae,MAGNOLIOPHYTA,Liliopsida,Bromeliales,Bromeliaceae,Guzmania,plicatifolia
302eff91-d0da-11f0-9ba0-fc3fdb83b633,Hospedero,Plantae,MAGNOLIOPHYTA,Liliopsida,Zingiberales,Marantaceae,Calathea,guzmanioides
302effe0-d0da-11f0-9ba0-fc3fdb83b633,Hospedero,Plantae,MAGNOLIOPHYTA,Magnoliopsida,Rubiales,Rubiaceae,Cosmibuena,valerii
302f0030-d0da-11f0-9ba0-fc3fdb83b633,Hospedero,Plantae,MAGNOLIOPHYTA,Magnoliopsida,Rubiales,Rubiaceae,Hoffmannia,asclepiadea
302f007e-d0da-11f0-9ba0-fc3fdb83b633,Hospedero,Plantae,MAGNOLIOPHYTA,Magnoliopsida,Scrophulariales,Gesneriaceae,Columnea,consanguinea
302f00cd-d0da-11f0-9ba0-fc3fdb83b633,Hospedero,Plantae,MAGNOLIOPHYTA,Magnoliopsida,Rubiales,Rubiaceae,Coccocypselum,herbaceum
302f011a-d0da-11f0-9ba0-fc3fdb83b633,Hospedero,Plantae,MAGNOLIOPHYTA,Magnoliopsida,Scrophulariales,Gesneriaceae,Capanea,grandiflora
302f0167-d0da-11f0-9ba0-fc3fdb83b633,Hospedero,Plantae,MAGNOLIOPHYTA,Liliopsida,Zingiberales,Heliconiaceae,Heliconia,tortuosa
302f01b3-d0da-11f0-9ba0-fc3fdb83b633,Hospedero,Plantae,MAGNOLIOPHYTA,Magnoliopsida,Primulales,Myrsinaceae,Ardisia,palmana
302f0208-d0da-11f0-9ba0-fc3fdb83b633,Hospedero,Plantae,MAGNOLIOPHYTA,Magnoliopsida,Piperales,Chloranthaceae,Hedyosmum,costaricense
302f0253-d0da-11f0-9ba0-fc3fdb83b633,Hospedero,Plantae,MAGNOLIOPHYTA,Magnoliopsida,Malvales,Malvaceae,Hampea,appendiculata
302f029d-d0da-11f0-9ba0-fc3fdb83b633,Hospedero,Plantae,MAGNOLIOPHYTA,Magnoliopsida,Theales,Clusiaceae,Vismia,bilbergiana
302f02e8-d0da-11f0-9ba0-fc3fdb83b633,Hospedero,Plantae,MAGNOLIOPHYTA,Magnoliopsida,Myrtales,Melastomataceae,Miconia,sp-1
302f0334-d0da-11f0-9ba0-fc3fdb83b633,Hospedero,Plantae,MAGNOLIOPHYTA,Magnoliopsida,Scrophulariales,Gesneriaceae,Paradrymonia,lineata
302f0381-d0da-11f0-9ba0-fc3fdb83b633,Hospedero,Plantae,MAGNOLIOPHYTA,Magnoliopsida,Scrophulariales,Gesneriaceae,Alloplectus,tetragonus
302f03cc-d0da-11f0-9ba0-fc3fdb83b633,Hospedero,Plantae,MAGNOLIOPHYTA,Magnoliopsida,Theales,Ochnaceae,Sauvagesia,erecta
302f0417-d0da-11f0-9ba0-fc3fdb83b633,Hospedero,Plantae,MAGNOLIOPHYTA,Liliopsida,Orchidales,Orchidaceae,Sobralia,warszewiczii
302f0462-d0da-11f0-9ba0-fc3fdb83b633,Hospedero,,,,,Asteraceae,Neomirandea,angularis
302f04ad-d0da-11f0-9ba0-fc3fdb83b633,Hospedero,,,,,Asteraceae,Ageratina,anisochroma
302f04f5-d0da-11f0-9ba0-fc3fdb83b633,Hospedero,,,,,Brunelliaceae,Brunellia,costaricensis
302f053d-d0da-11f0-9ba0-fc3fdb83b633,Hospedero,,,,,Juncaceae,Juncus,effusus
302f0585-d0da-11f0-9ba0-fc3fdb83b633,Hospedero,,,,,Clusiaceae,Vismia,bilbergiana
302f05cd-d0da-11f0-9ba0-fc3fdb83b633,Hospedero,,,,,Urticaceae,Pilea,auriculata
302f0615-d0da-11f0-9ba0-fc3fdb83b633,Hospedero,,,,,Asteraceae,Neomirandea,eximia
302f065c-d0da-11f0-9ba0-fc3fdb83b633,Hospedero,,,,,Polygalaceae,Monnina,saprogena
302f06a8-d0da-11f0-9ba0-fc3fdb83b633,Hospedero,Plantae,MAGNOLIOPHYTA,Magnoliopsida,Asterales,Asteraceae,Neomirandea,costaricensis
302f06f5-d0da-11f0-9ba0-fc3fdb83b633,Hospedero,Plantae,MAGNOLIOPHYTA,Magnoliopsida,Asterales,Asteraceae,Clibadium,sp nov
302f0742-d0da-11f0-9ba0-fc3fdb83b633,Hospedero,Plantae,MAGNOLIOPHYTA,Magnoliopsida,Apiales,Araliaceae,Scheflera,rodrigueziana
302f078d-d0da-11f0-9ba0-fc3fdb83b633,Hospedero,Plantae,MAGNOLIOPHYTA,Magnoliopsida,Rubiales,Rubiaceae,Psychotria,aggregata
302f07db-d0da-11f0-9ba0-fc3fdb83b633,Hospedero,Plantae,MAGNOLIOPHYTA,Liliopsida,Arecales,Arecaceae,Geonoma,hoffmanniana
302f0826-d0da-11f0-9ba0-fc3fdb83b633,Hospedero,Plantae,MAGNOLIOPHYTA,Magnoliopsida,Rubiales,Rubiaceae,Palicourea,montivaga
302f0871-d0da-11f0-9ba0-fc3fdb83b633,Hospedero,Plantae,MAGNOLIOPHYTA,Magnoliopsida,Rubiales,Rubiaceae,Nertera,granadensis
302f08bb-d0da-11f0-9ba0-fc3fdb83b633,Hospedero,Plantae,MAGNOLIOPHYTA,Magnoliopsida,Primulales,Myrsinaceae,Gentlea,micranthera
302f0908-d0da-11f0-9ba0-fc3fdb83b633,Hospedero,Plantae,MAGNOLIOPHYTA,Liliopsida,Dioscoreales,Dioscoreaceae,Dioscorea,racemosa
302f0951-d0da-11f0-9ba0-fc3fdb83b633,Hospedero,Plantae,MAGNOLIOPHYTA,Magnoliopsida,Myrtales,Melastomataceae,G-16,sp-1
302f099e-d0da-11f0-9ba0-fc3fdb83b633,Hospedero,Plantae,MAGNOLIOPHYTA,Magnoliopsida,Myrtales,Melastomataceae,Blakea,chlorantha
302f09e9-d0da-11f0-9ba0-fc3fdb83b633,Hospedero,Plantae,MAGNOLIOPHYTA,Magnoliopsida,Primulales,Myrsinaceae,Ardisia,compressa
302f0a36-d0da-11f0-9ba0-fc3fdb83b633,Hospedero,Plantae,MAGNOLIOPHYTA,Magnoliopsida,Rosales,Cunoniaceae,Weinmannia,burseraefolia
302f0a82-d0da-11f0-9ba0-fc3fdb83b633,Hospedero,Plantae,MAGNOLIOPHYTA,Magnoliopsida,Apiales,Araliaceae,Dendropanax,latilobus
302f0acf-d0da-11f0-9ba0-fc3fdb83b633,Hospedero,Plantae,MAGNOLIOPHYTA,Magnoliopsida,Asterales,Asteraceae,Neomirandea,angularis
302f0b1c-d0da-11f0-9ba0-fc3fdb83b633,Hospedero,Plantae,MAGNOLIOPHYTA,Magnoliopsida,Ericales,Ericaceae,Cavendishia,bracteata
302f0b69-d0da-11f0-9ba0-fc3fdb83b633,Hospedero,Plantae,MAGNOLIOPHYTA,Liliopsida,Poales,Poaceae,Ichnanthus,nemorosus
302f0bb7-d0da-11f0-9ba0-fc3fdb83b633,Hospedero,Plantae,MAGNOLIOPHYTA,Magnoliopsida,Piperales,Chloranthaceae,Hedyosmum,goudotianum
302f0c06-d0da-11f0-9ba0-fc3fdb83b633,Hospedero,Plantae,MAGNOLIOPHYTA,Liliopsida,Bromeliales,Bromeliaceae,Werauhia,pedicellata
302f0c56-d0da-11f0-9ba0-fc3fdb83b633,Hospedero,Plantae,MAGNOLIOPHYTA,Magnoliopsida,Gentianales,Gentianaceae,Symbolanthus,calygonus
302f0ca0-d0da-11f0-9ba0-fc3fdb83b633,Hospedero,,,,,Myricaceae,Morella,phanerodonta
302f0cf6-d0da-11f0-9ba0-fc3fdb83b633,Hospedero,,,,,Malvaceae,Hampea,appendiculata
302f0d39-d0da-11f0-9ba0-fc3fdb83b633,Hospedero,,,,,Poaceae,Gynerium,sagittatum
302f0d7d-d0da-11f0-9ba0-fc3fdb83b633,Hospedero,,,,,Gesneriaceae,Kohleria,spicata
302f0dc1-d0da-11f0-9ba0-fc3fdb83b633,Hospedero,,,,,Asteraceae,Vernonia,arborescens
302f0dfe-d0da-11f0-9ba0-fc3fdb83b633,Hospedero,,,,,Polygonaceae,Ploygonum,punctatum
302f0e45-d0da-11f0-9ba0-fc3fdb83b633,Hospedero,,,,,Asteraceae,Galinsoga,quadriradiata
302f0e8d-d0da-11f0-9ba0-fc3fdb83b633,Hospedero,,,,,Asteraceae,Jaegeria,hirta
302f0ed3-d0da-11f0-9ba0-fc3fdb83b633,Hospedero,,,,,Rubiaceae,Rondeletia,monteverdensis
302f0fa6-d0da-11f0-9ba0-fc3fdb83b633,Hospedero,,,,,Asteraceae,Baccharis,pedunculata
302f0ff3-d0da-11f0-9ba0-fc3fdb83b633,Hospedero,,,,,Rubiaceae,Psychotria,angustiflora
302f1031-d0da-11f0-9ba0-fc3fdb83b633,Hospedero,,,,,Actinidaceae,Saurauia,montana
302f107b-d0da-11f0-9ba0-fc3fdb83b633,Hospedero,,,,,Begoniaceae,Begonia,convallariodora
302f10bd-d0da-11f0-9ba0-fc3fdb83b633,Hospedero,,,,,Rubiaceae,Palicourea,padifolia
302f10fe-d0da-11f0-9ba0-fc3fdb83b633,Hospedero,,,,,Alzateaceae,Alzatea,verticillata
302f1146-d0da-11f0-9ba0-fc3fdb83b633,Hospedero,,,,,Rubiaceae,Gonzalagunia,rosea
302f118c-d0da-11f0-9ba0-fc3fdb83b633,Hospedero,,,,,Poaceae,Coix,lacryma-jobi
302f11d1-d0da-11f0-9ba0-fc3fdb83b633,Hospedero,,,,,Rubiaceae,Psychotria,luxurians
302f1211-d0da-11f0-9ba0-fc3fdb83b633,Hospedero,,,,,Fabaceae/Mim.,Cojoba,costaricensis
302f1290-d0da-11f0-9ba0-fc3fdb83b633,Hospedero,PLANTAE,MAGNOLIOPHYTA,Liliopsida,Cyperales,Cyperaceae,Cyperus,ligularis
302f1339-d0da-11f0-9ba0-fc3fdb83b633,Hospedero,PLANTAE,MAGNOLIOPHYTA,Magnoliopsida,Fabales,Fabaceae/Pap.,Canavalia,rosea
302f13ba-d0da-11f0-9ba0-fc3fdb83b633,Hospedero,PLANTAE,MAGNOLIOPHYTA,Magnoliopsida,Euphorbiales,Euphorbiaceae,Argythamnia,guatemalensis
302f145f-d0da-11f0-9ba0-fc3fdb83b633,Hospedero,PLANTAE,MAGNOLIOPHYTA,Magnoliopsida,Fabales,Fabaceae/Mim.,Lysiloma,divaricatum
302f14b3-d0da-11f0-9ba0-fc3fdb83b633,Hospedero,PLANTAE,MAGNOLIOPHYTA,Magnoliopsida,Fabales,Fabaceae/Mim.,Pithecellobium,dulce
302f14fd-d0da-11f0-9ba0-fc3fdb83b633,Hospedero,PLANTAE,MAGNOLIOPHYTA,Magnoliopsida,capparidales,Capparidaceae,Capparis,incana
302f1544-d0da-11f0-9ba0-fc3fdb83b633,Hospedero,PLANTAE,MAGNOLIOPHYTA,Liliopsida,Poales,Poaceae,Gouinia,virgata
302f158c-d0da-11f0-9ba0-fc3fdb83b633,Hospedero,PLANTAE,MAGNOLIOPHYTA,Magnoliopsida,Sapindales,Sapindaceae,Cardiospermum,microcarpum
302f1613-d0da-11f0-9ba0-fc3fdb83b633,Hospedero,PLANTAE,MAGNOLIOPHYTA,Liliopsida,Poales,Poaceae,Uniola,pittieri
302f1683-d0da-11f0-9ba0-fc3fdb83b633,Hospedero,PLANTAE,MAGNOLIOPHYTA,Magnoliopsida,Caryophyllales,Phytolaccaceae,Stegnosperma,cubense
302f16ce-d0da-11f0-9ba0-fc3fdb83b633,Hospedero,PLANTAE,MAGNOLIOPHYTA,Magnoliopsida,capparidales,Capparidaceae,Capparis,odoratissima
302f1745-d0da-11f0-9ba0-fc3fdb83b633,Hospedero,PLANTAE,MAGNOLIOPHYTA,Magnoliopsida,Scrophulariales,Scrophulariaceae,Russelia,sarmentosa
302f17aa-d0da-11f0-9ba0-fc3fdb83b633,Hospedero,PLANTAE,MAGNOLIOPHYTA,Magnoliopsida,Scrophulariales,Acanthaceae,Tetramerium,nervosum
302f17de-d0da-11f0-9ba0-fc3fdb83b633,Hospedero,PLANTAE,MAGNOLIOPHYTA,Magnoliopsida,Malvales,Sterculiaceae,Melochia,nodiflora
302f180d-d0da-11f0-9ba0-fc3fdb83b633,Hospedero,PLANTAE,MAGNOLIOPHYTA,Magnoliopsida,Asterales,Asteraceae,Melanthera,aspera
302f183c-d0da-11f0-9ba0-fc3fdb83b633,Hospedero,PLANTAE,MAGNOLIOPHYTA,Magnoliopsida,Caryophyllales,Amaranthaceae,Iresine,calea
302f186a-d0da-11f0-9ba0-fc3fdb83b633,Hospedero,PLANTAE,MAGNOLIOPHYTA,Magnoliopsida,Magnoliales,Annonaceae,Sapranthus,palanga
302f1899-d0da-11f0-9ba0-fc3fdb83b633,Hospedero,PLANTAE,MAGNOLIOPHYTA,Magnoliopsida,Fabales,Fabaceae/Pap.,Coursetia,elliptica
302f18c7-d0da-11f0-9ba0-fc3fdb83b633,Hospedero,PLANTAE,MAGNOLIOPHYTA,Magnoliopsida,Caryophyllales,Amaranthaceae,Blutaparon,vermiculare
302f18f5-d0da-11f0-9ba0-fc3fdb83b633,Hospedero,,,,,Rubiaceae,Hoffmannia,congesta
302f1921-d0da-11f0-9ba0-fc3fdb83b633,Hospedero,,,,,Gesneriaceae,Besleria,triflora
302f194c-d0da-11f0-9ba0-fc3fdb83b633,Hospedero,,,,,Piperaceae,Piper,
302f1979-d0da-11f0-9ba0-fc3fdb83b633,Hospedero,,,,,Campanulaceae,Burmeistera,cyclostigmata
302f19a5-d0da-11f0-9ba0-fc3fdb83b633,Hospedero,,,,,Marantaceae,Calathea,spiralis
302f19d1-d0da-11f0-9ba0-fc3fdb83b633,Hospedero,,,,,Arecaceae,Chamaedorea,scheryi
302f19ff-d0da-11f0-9ba0-fc3fdb83b633,Hospedero,,,,,Solanaceae,Solanum,ramonense
302f1a2b-d0da-11f0-9ba0-fc3fdb83b633,Hospedero,,,,,Gesneriaceae,Besleria,notabilis
302f1a57-d0da-11f0-9ba0-fc3fdb83b633,Hospedero,,,,,Rubiaceae,Psychotria,parvifolia
302f1a83-d0da-11f0-9ba0-fc3fdb83b633,Hospedero,,,,,Campanulaceae,Burmeistera,vulgaris
302f1aaf-d0da-11f0-9ba0-fc3fdb83b633,Hospedero,,,,,Rubiaceae,Psychotria,aubletiana
302f1adb-d0da-11f0-9ba0-fc3fdb83b633,Hospedero,,,,,Gesneriaceae,Drymonia,lanceolata
302f1b09-d0da-11f0-9ba0-fc3fdb83b633,Hospedero,,,,,Campanulaceae,Burmeistera,tenuiflora
302f1b34-d0da-11f0-9ba0-fc3fdb83b633,Hospedero,,,,,Cyclanthaceae,Sphaeradenia,praetermissa
302f1b60-d0da-11f0-9ba0-fc3fdb83b633,Hospedero,,,,,Rubiaceae,Palicourea,lasiorhachis
302f1b8c-d0da-11f0-9ba0-fc3fdb83b633,Hospedero,,,,,Solanaceae,Cestrum,standleyii
302f1bb7-d0da-11f0-9ba0-fc3fdb83b633,Hospedero,,,,,Rubiaceae,Psychotria,horizontalis
302f1be2-d0da-11f0-9ba0-fc3fdb83b633,Hospedero,,,,,Celastraceae,Perrottetia,longistylis
302f1c10-d0da-11f0-9ba0-fc3fdb83b633,Hospedero,PLANTAE,MAGNOLIOPHYTA,Magnoliopsida,Rhizophorales,Rhizophoraceae,Rhizophora,racemosa
302f1c3d-d0da-11f0-9ba0-fc3fdb83b633,Hospedero,PLANTAE,pteridophyta,pteropsida,Filicales,Pteridaceae,Acrostichum,aureum
302f1c6b-d0da-11f0-9ba0-fc3fdb83b633,Hospedero,PLANTAE,MAGNOLIOPHYTA,Liliopsida,Poales,Cyperaceae,Fimbristylis,spadicea
302f1c99-d0da-11f0-9ba0-fc3fdb83b633,Hospedero,PLANTAE,MAGNOLIOPHYTA,Magnoliopsida,Lamiales,Verbenaceae,Volkameria,pittieri
302f1cc7-d0da-11f0-9ba0-fc3fdb83b633,Hospedero,PLANTAE,MAGNOLIOPHYTA,Magnoliopsida,Fabales,Fabaceae/Pap.,Muellera,frutescens
302f1cf4-d0da-11f0-9ba0-fc3fdb83b633,Hospedero,PLANTAE,MAGNOLIOPHYTA,Liliopsida,Bromeliales,Bromeliaceae,Tillandsia,paucifolia
302f1d22-d0da-11f0-9ba0-fc3fdb83b633,Hospedero,PLANTAE,MAGNOLIOPHYTA,Magnoliopsida,Scrophulariales,Acanthaceae,Ruellia,inundata
302f1d50-d0da-11f0-9ba0-fc3fdb83b633,Hospedero,PLANTAE,MAGNOLIOPHYTA,Magnoliopsida,Scrophulariales,Acanthaceae,Dicliptera,sexangularis
302f1d80-d0da-11f0-9ba0-fc3fdb83b633,Hospedero,PLANTAE,MAGNOLIOPHYTA,Magnoliopsida,Lamiales,Verbenaceae,Aegiphila,cephalophora
302f1e37-d0da-11f0-9ba0-fc3fdb83b633,Hospedero,PLANTAE,MAGNOLIOPHYTA,Magnoliopsida,Fabales,Fabaceae/Caes.,Caesalpinia,exostemma
302f1e6d-d0da-11f0-9ba0-fc3fdb83b633,Hospedero,PLANTAE,MAGNOLIOPHYTA,Magnoliopsida,Fabales,Fabaceae/Mim.,Acacia,cornigera
302f1e9d-d0da-11f0-9ba0-fc3fdb83b633,Hospedero,PLANTAE,MAGNOLIOPHYTA,Magnoliopsida,Malvales,Malvaceae,Allosidastrum,pyramidatum
302f1ece-d0da-11f0-9ba0-fc3fdb83b633,Hospedero,PLANTAE,MAGNOLIOPHYTA,Magnoliopsida,Caryophyllales,Amaranthaceae,Iresine,angustifolia
302f1efe-d0da-11f0-9ba0-fc3fdb83b633,Hospedero,PLANTAE,MAGNOLIOPHYTA,Magnoliopsida,Myrtales,Combretaceae,Combretum,fruticosum
302f1f2d-d0da-11f0-9ba0-fc3fdb83b633,Hospedero,PLANTAE,MAGNOLIOPHYTA,Magnoliopsida,Violales,Flacourtiaceae,Casearia,sylvestris
302f1f5a-d0da-11f0-9ba0-fc3fdb83b633,Hospedero,PLANTAE,MAGNOLIOPHYTA,Magnoliopsida,Theales,Clusiaceae,Garcinia,intermedia
302f1f88-d0da-11f0-9ba0-fc3fdb83b633,Hospedero,PLANTAE,MAGNOLIOPHYTA,Magnoliopsida,Rubiales,Rubiaceae,Randia,sp-3
302f1fb6-d0da-11f0-9ba0-fc3fdb83b633,Hospedero,PLANTAE,MAGNOLIOPHYTA,Magnoliopsida,Solanales,Solanaceae,Solanum,rovirosanum
302f1fe3-d0da-11f0-9ba0-fc3fdb83b633,Hospedero,PLANTAE,MAGNOLIOPHYTA,Magnoliopsida,Myrtales,Myrtaceae,Eugenia,sp-1
302f2011-d0da-11f0-9ba0-fc3fdb83b633,Hospedero,PLANTAE,MAGNOLIOPHYTA,Magnoliopsida,capparidales,Capparidaceae,Capparis,frondosa
302f203f-d0da-11f0-9ba0-fc3fdb83b633,Hospedero,PLANTAE,MAGNOLIOPHYTA,Magnoliopsida,Lamiales,Boraginaceae,Tournefortia,bicolor
302f206c-d0da-11f0-9ba0-fc3fdb83b633,Hospedero,PLANTAE,MAGNOLIOPHYTA,Magnoliopsida,Caryophyllales,Amaranthaceae,Pfaffia,grandiflora
302f2099-d0da-11f0-9ba0-fc3fdb83b633,Hospedero,PLANTAE,MAGNOLIOPHYTA,Magnoliopsida,Scrophulariales,Acanthaceae,Barleria,oenotheroides
302f20c7-d0da-11f0-9ba0-fc3fdb83b633,Hospedero,,,,,Euphorbiaceae,Tetrorchidium,euryphyllum
302f20f3-d0da-11f0-9ba0-fc3fdb83b633,Hospedero,,,,,Campanulaceae,Centropogon,granulosus
302f211f-d0da-11f0-9ba0-fc3fdb83b633,Hospedero,,,,,Papaveraceae,Bocconia,arborea
302f2149-d0da-11f0-9ba0-fc3fdb83b633,Hospedero,,,,,Acanthaceae,,
302f2177-d0da-11f0-9ba0-fc3fdb83b633,Hospedero,,,,,Urticaceae,Myriocarpa,longipes
302f21a4-d0da-11f0-9ba0-fc3fdb83b633,Hospedero,,,,,Melastomataceae,Monochaetum,floribundum
302f21cf-d0da-11f0-9ba0-fc3fdb83b633,Hospedero,,,,,Solanaceae,Cuatresia,cuneata
302f21fb-d0da-11f0-9ba0-fc3fdb83b633,Hospedero,,,,,Verbenaceae,Aegiphila,
302f2226-d0da-11f0-9ba0-fc3fdb83b633,Hospedero,,,,,Acanthaceae,Justicia,comata
302f2253-d0da-11f0-9ba0-fc3fdb83b633,Hospedero,,,,,Lythraceae,Cuphea,epilobiifolia
302f227e-d0da-11f0-9ba0-fc3fdb83b633,Hospedero,,,,,Solanaceae,Solanum,rovirosanum
302f22aa-d0da-11f0-9ba0-fc3fdb83b633,Hospedero,,,,,Rubiaceae,Hippotis,albiflora
302f22d5-d0da-11f0-9ba0-fc3fdb83b633,Hospedero,,,,,Annonaceae,Anaxagorea,phaeocarpa
302f2302-d0da-11f0-9ba0-fc3fdb83b633,Hospedero,,,,,Clusiaceae,Clusia,gracilis
302f232d-d0da-11f0-9ba0-fc3fdb83b633,Hospedero,,,,,Scrophulariaceae,Schlegelia,fastigiata
302f2359-d0da-11f0-9ba0-fc3fdb83b633,Hospedero,,,,,Melastomataceae,Henriettea,tuberculosa
302f2384-d0da-11f0-9ba0-fc3fdb83b633,Hospedero,,,,,Rubiaceae,Faramea,multiflora
302f23b2-d0da-11f0-9ba0-fc3fdb83b633,Hospedero,,,,,Fabaceae/Mim,Pentaclethra,macroloba
302f23dc-d0da-11f0-9ba0-fc3fdb83b633,Hospedero,,,,,Solanaceae,Brunfelsia,grandiflora
302f2407-d0da-11f0-9ba0-fc3fdb83b633,Hospedero,,,,,Melastomataceae,Miconia,affinis
302f2432-d0da-11f0-9ba0-fc3fdb83b633,Hospedero,,,,,Asteraceae,Vernonia,patens
302f245f-d0da-11f0-9ba0-fc3fdb83b633,Hospedero,,,,,Melastomataceae,Conostegia,xalapensis
302f248b-d0da-11f0-9ba0-fc3fdb83b633,Hospedero,,,,,Gesneriaceae,Columnea,linearis
302f24b7-d0da-11f0-9ba0-fc3fdb83b633,Hospedero,,,,,Verbenaceae,Stachytarpheta,frantzii
302f24e2-d0da-11f0-9ba0-fc3fdb83b633,Hospedero,,,,,Moraceae,Artocarpus,altilis
302f250f-d0da-11f0-9ba0-fc3fdb83b633,Hospedero,,,,,Gesneriaceae,Drymonia,alloplectoides
302f253a-d0da-11f0-9ba0-fc3fdb83b633,Hospedero,,,,,Fabaceae/Caes.,Senna,reticulata
302f2567-d0da-11f0-9ba0-fc3fdb83b633,Hospedero,,,,,Fabaceae/Mim.,Stryphnodendron,microstachyum
302f2591-d0da-11f0-9ba0-fc3fdb83b633,Hospedero,,,,,Myrtaceae,Eugenia,stipitata
302f25be-d0da-11f0-9ba0-fc3fdb83b633,Hospedero,,,,,Zingiberaceae,Alpinia,purpurata
302f25ea-d0da-11f0-9ba0-fc3fdb83b633,Hospedero,,,,,Rubiaceae,Psychotria,berteriana
302f2615-d0da-11f0-9ba0-fc3fdb83b633,Hospedero,,,,,Myrtaceae,Calyptranthes,mesoamericana
302f2640-d0da-11f0-9ba0-fc3fdb83b633,Hospedero,,,,,Arecaceae,Asterogyne,martiana
302f266c-d0da-11f0-9ba0-fc3fdb83b633,Hospedero,,,,,Gesneriaceae,Besleria,columneoides
302f2698-d0da-11f0-9ba0-fc3fdb83b633,Hospedero,,,,,Commelinaceae,Floscopa,robusta
302f26c3-d0da-11f0-9ba0-fc3fdb83b633,Hospedero,,,,,Meliaceae,Guarea,rhopalocarpa
302f26ee-d0da-11f0-9ba0-fc3fdb83b633,Hospedero,,,,,Rubiaceae,Notopleura,pithecobia
302f271a-d0da-11f0-9ba0-fc3fdb83b633,Hospedero,,,,,Rubiaceae,Faramea,suerrensis
302f277c-d0da-11f0-9ba0-fc3fdb83b633,Hospedero,,,,,Rubiaceae,Faramea,parvibracteata
302f27a9-d0da-11f0-9ba0-fc3fdb83b633,Hospedero,,,,,Marantaceae,Calathea,micans
302f27d5-d0da-11f0-9ba0-fc3fdb83b633,Hospedero,Plantae,MAGNOLIOPHYTA,Magnoliopsida,Malvales,Malvaceae,Hibiscus,sp-1
302f2803-d0da-11f0-9ba0-fc3fdb83b633,Hospedero,Plantae,MAGNOLIOPHYTA,Magnoliopsida,Fabales,Fabaceae/Mim.,Mimosa,pudica
302f2830-d0da-11f0-9ba0-fc3fdb83b633,Hospedero,Plantae,MAGNOLIOPHYTA,Magnoliopsida,Polygonales,Polygonaceae,Coccoloba,uvifera
302f285d-d0da-11f0-9ba0-fc3fdb83b633,Hospedero,Plantae,MAGNOLIOPHYTA,Magnoliopsida,Rubiales,Rubiaceae,Borreria,assurgens
302f288a-d0da-11f0-9ba0-fc3fdb83b633,Hospedero,Plantae,MAGNOLIOPHYTA,Magnoliopsida,Asterales,Asteraceae,Melanthera,nivea
302f28b7-d0da-11f0-9ba0-fc3fdb83b633,Hospedero,Plantae,MAGNOLIOPHYTA,Magnoliopsida,Lamiales,Verbenaceae,Stachytarpheta,jamaicensis
302f28e4-d0da-11f0-9ba0-fc3fdb83b633,Hospedero,Plantae,MAGNOLIOPHYTA,Magnoliopsida,Asterales,Asteraceae,Tridax,sp-1
302f2911-d0da-11f0-9ba0-fc3fdb83b633,Hospedero,Plantae,MAGNOLIOPHYTA,Magnoliopsida,Malvales,Malvaceae,Sida,rhombifolia
302f293e-d0da-11f0-9ba0-fc3fdb83b633,Hospedero,Plantae,MAGNOLIOPHYTA,Liliopsida,Asparagales,Amaryllidaceae,Hymenocallis,littoralis
302f296d-d0da-11f0-9ba0-fc3fdb83b633,Hospedero,Plantae,MAGNOLIOPHYTA,Magnoliopsida,Solanales,Convolvulaceae,Ipomoea,pes-caprae
302f2999-d0da-11f0-9ba0-fc3fdb83b633,Hospedero,Plantae,MAGNOLIOPHYTA,Magnoliopsida,Rubiales,Rubiaceae,Morinda,citrifolia
302f29c6-d0da-11f0-9ba0-fc3fdb83b633,Hospedero,Plantae,MAGNOLIOPHYTA,Magnoliopsida,Scrophulariales,Bignoniaceae,Amphitecna,latifolia
302f29f3-d0da-11f0-9ba0-fc3fdb83b633,Hospedero,Plantae,MAGNOLIOPHYTA,Magnoliopsida,Malvales,Malvaceae,Pavonia,sp-1
302f2a21-d0da-11f0-9ba0-fc3fdb83b633,Hospedero,Plantae,MAGNOLIOPHYTA,Magnoliopsida,Caryophyllales,Nyctaginaceae,Neea,sp-1
302f2a4e-d0da-11f0-9ba0-fc3fdb83b633,Hospedero,Plantae,MAGNOLIOPHYTA,Magnoliopsida,Rosales,Chrysobalanaceae,Chrysobalanus,icaco
302f2a7b-d0da-11f0-9ba0-fc3fdb83b633,Hospedero,Plantae,MAGNOLIOPHYTA,Magnoliopsida,Campanulales,Campanulaceae,Hippobroma,longiflora
302f2aa7-d0da-11f0-9ba0-fc3fdb83b633,Hospedero,Plantae,MAGNOLIOPHYTA,Magnoliopsida,Gentianales,Gentianaceae,Enicostema,verticillatum
302f2ad5-d0da-11f0-9ba0-fc3fdb83b633,Hospedero,Plantae,MAGNOLIOPHYTA,Liliopsida,Cyperales,Cyperaceae,Fimbristylis,cymosa
302f2b03-d0da-11f0-9ba0-fc3fdb83b633,Hospedero,Plantae,MAGNOLIOPHYTA,Magnoliopsida,Rubiales,Rubiaceae,Randia,aculeata
302f2b30-d0da-11f0-9ba0-fc3fdb83b633,Hospedero,Plantae,MAGNOLIOPHYTA,Magnoliopsida,Haloragales,Gunneraceae,Gunnera,talamancana
302f2b5d-d0da-11f0-9ba0-fc3fdb83b633,Hospedero,Plantae,MAGNOLIOPHYTA,Magnoliopsida,Myrtales,Melastomataceae,Monochaetum,sp-1
302f2b93-d0da-11f0-9ba0-fc3fdb83b633,Hospedero,Plantae,MAGNOLIOPHYTA,Magnoliopsida,Scrophulariales,Scrophulariaceae,Castilleja,irasuensis
302f2bc2-d0da-11f0-9ba0-fc3fdb83b633,Hospedero,Plantae,MAGNOLIOPHYTA,Magnoliopsida,Ericales,Ericaceae,Comarostaphylis,arbutoides
302f2bf0-d0da-11f0-9ba0-fc3fdb83b633,Hospedero,Plantae,MAGNOLIOPHYTA,Liliopsida,Asparagales,Convallariaceae,Maianthemum,paniculatum
302f2c1c-d0da-11f0-9ba0-fc3fdb83b633,Hospedero,Plantae,MAGNOLIOPHYTA,Magnoliopsida,Rubiales,Rubiaceae,Arcytophyllum,lavarum
302f2c4a-d0da-11f0-9ba0-fc3fdb83b633,Hospedero,Plantae,MAGNOLIOPHYTA,Magnoliopsida,Ericales,Ericaceae,Gaultheria,erecta
302f2c77-d0da-11f0-9ba0-fc3fdb83b633,Hospedero,Plantae,MAGNOLIOPHYTA,Magnoliopsida,Asterales,Asteraceae,Hypochoeris,radicata
302f2ca6-d0da-11f0-9ba0-fc3fdb83b633,Hospedero,Plantae,MAGNOLIOPHYTA,Magnoliopsida,Ericales,Ericaceae,Vaccinium,floribundum
302f2cd3-d0da-11f0-9ba0-fc3fdb83b633,Hospedero,Plantae,MAGNOLIOPHYTA,Magnoliopsida,Asterales,Asteraceae,Ageratina,ixiocladon
302f2d02-d0da-11f0-9ba0-fc3fdb83b633,Hospedero,Plantae,MAGNOLIOPHYTA,Magnoliopsida,Dipsacales,Valerianaceae,Valeriana,prionophylla
302f2d30-d0da-11f0-9ba0-fc3fdb83b633,Hospedero,Plantae,MAGNOLIOPHYTA,Magnoliopsida,Asterales,Asteraceae,Senecio,oerstedianus
302f2d5c-d0da-11f0-9ba0-fc3fdb83b633,Hospedero,Plantae,MAGNOLIOPHYTA,Magnoliopsida,Rosales,Rosaceae,Lachemilla,pectinata
302f2d89-d0da-11f0-9ba0-fc3fdb83b633,Hospedero,Plantae,MAGNOLIOPHYTA,Magnoliopsida,Theales,Clusiaceae,Hypericum,irazuense
302f2db8-d0da-11f0-9ba0-fc3fdb83b633,Hospedero,Plantae,MAGNOLIOPHYTA,Magnoliopsida,Campanulales,Campanulaceae,Lobelia,irasuensis
302f2de5-d0da-11f0-9ba0-fc3fdb83b633,Hospedero,Plantae,MAGNOLIOPHYTA,Magnoliopsida,Asterales,Asteraceae,Ageratina,anisochroma
302f2e11-d0da-11f0-9ba0-fc3fdb83b633,Hospedero,Plantae,MAGNOLIOPHYTA,Magnoliopsida,Gentianales,Loganiaceae,Buddleja,nitida
302f2e3e-d0da-11f0-9ba0-fc3fdb83b633,Hospedero,Plantae,MAGNOLIOPHYTA,Magnoliopsida,Fabales,Fabaceae/Pap.,Trifolium,repens
302f2e6b-d0da-11f0-9ba0-fc3fdb83b633,Hospedero,Plantae,MAGNOLIOPHYTA,Magnoliopsida,Theales,Clusiaceae,Hypericum,gnidioides
302f2e9b-d0da-11f0-9ba0-fc3fdb83b633,Hospedero,Plantae,MAGNOLIOPHYTA,Magnoliopsida,Polygalales,Polygalaceae,Monnina,xalapensis
302f2ec9-d0da-11f0-9ba0-fc3fdb83b633,Hospedero,Plantae,MAGNOLIOPHYTA,Magnoliopsida,Geraniales,Geraniaceae,Geranium,guatemalense
302f2ef7-d0da-11f0-9ba0-fc3fdb83b633,Hospedero,Plantae,MAGNOLIOPHYTA,Liliopsida,Liliales,Iridaceae,Orthrosanthus,chimboracensis
302f2f25-d0da-11f0-9ba0-fc3fdb83b633,Hospedero,Plantae,MAGNOLIOPHYTA,Magnoliopsida,Myrtales,Onagraceae,Fuchsia,microphylla
302f2f52-d0da-11f0-9ba0-fc3fdb83b633,Hospedero,Plantae,MAGNOLIOPHYTA,Magnoliopsida,Rosales,Rosaceae,Hesperomeles,heterophylla
302f2f7f-d0da-11f0-9ba0-fc3fdb83b633,Hospedero,Plantae,MAGNOLIOPHYTA,Magnoliopsida,Ranunculales,Berberidaceae,Mahonia,paniculata
302f2fab-d0da-11f0-9ba0-fc3fdb83b633,Hospedero,,,,,Cecropiaceae,Pourouma,minor
302f2fd7-d0da-11f0-9ba0-fc3fdb83b633,Hospedero,,,,,Arecaceae,Reinhardtia,gracilis
302f3004-d0da-11f0-9ba0-fc3fdb83b633,Hospedero,,,,,Cecropiaceae,Pourouma,bicolor
302f302f-d0da-11f0-9ba0-fc3fdb83b633,Hospedero,,,,,Fabaceae/Mim.,Inga,umbellifera
302f305a-d0da-11f0-9ba0-fc3fdb83b633,Hospedero,,,,,Araceae,Dracontium,gigas
302f3088-d0da-11f0-9ba0-fc3fdb83b633,Hospedero,Plantae,MAGNOLIOPHYTA,Magnoliopsida,Ebenales,Sapotaceae,Micropholis,crotonoides
302f30b6-d0da-11f0-9ba0-fc3fdb83b633,Hospedero,Plantae,MAGNOLIOPHYTA,Liliopsida,Arecales,Arecaceae,Desmoncus,schippii
302f30e4-d0da-11f0-9ba0-fc3fdb83b633,Hospedero,Plantae,MAGNOLIOPHYTA,Liliopsida,Arecales,Arecaceae,Geonoma,congesta
302f3112-d0da-11f0-9ba0-fc3fdb83b633,Hospedero,Plantae,MAGNOLIOPHYTA,Magnoliopsida,Magnoliales,Annonaceae,Xylopia,bocatorena
302f3140-d0da-11f0-9ba0-fc3fdb83b633,Hospedero,Plantae,MAGNOLIOPHYTA,Magnoliopsida,Theales,Clusiaceae,Chrysochlamys,psychotriifolia
302f316d-d0da-11f0-9ba0-fc3fdb83b633,Hospedero,Plantae,MAGNOLIOPHYTA,Liliopsida,Cyclanthales,Cyclanthaceae,Asplundia,sp-1
302f319b-d0da-11f0-9ba0-fc3fdb83b633,Hospedero,Plantae,MAGNOLIOPHYTA,Magnoliopsida,Magnoliales,Myristicaceae,Compsoneura,mexicana
302f31c8-d0da-11f0-9ba0-fc3fdb83b633,Hospedero,Plantae,MAGNOLIOPHYTA,Magnoliopsida,Solanales,Solanaceae,G-22,sp-1
302f31f6-d0da-11f0-9ba0-fc3fdb83b633,Hospedero,Plantae,MAGNOLIOPHYTA,Magnoliopsida,Solanales,Solanaceae,Lycianthes,heteroclita
302f3224-d0da-11f0-9ba0-fc3fdb83b633,Hospedero,Plantae,MAGNOLIOPHYTA,Magnoliopsida,Solanales,Solanaceae,Lycianthes,storkii
302f3251-d0da-11f0-9ba0-fc3fdb83b633,Hospedero,Plantae,MAGNOLIOPHYTA,Magnoliopsida,Rubiales,Rubiaceae,Psychotria,chagrensis
302f327e-d0da-11f0-9ba0-fc3fdb83b633,Hospedero,Plantae,MAGNOLIOPHYTA,Magnoliopsida,Primulales,Myrsinaceae,Ardisia,glandulosomarginata
302f32ae-d0da-11f0-9ba0-fc3fdb83b633,Hospedero,Plantae,MAGNOLIOPHYTA,Magnoliopsida,Solanales,Solanaceae,Solanum,ramonense
302f32db-d0da-11f0-9ba0-fc3fdb83b633,Hospedero,Plantae,MAGNOLIOPHYTA,Magnoliopsida,Piperales,Piperaceae,Peperomia,sp-1
302f3308-d0da-11f0-9ba0-fc3fdb83b633,Hospedero,Plantae,MAGNOLIOPHYTA,Magnoliopsida,Urticales,Urticaceae,Pilea,gracilipes
302f3335-d0da-11f0-9ba0-fc3fdb83b633,Hospedero,Plantae,MAGNOLIOPHYTA,Magnoliopsida,Malvales,Elaeocarpaceae,Sloanea,ampla
302f3363-d0da-11f0-9ba0-fc3fdb83b633,Hospedero,Plantae,MAGNOLIOPHYTA,Magnoliopsida,Rubiales,Rubiaceae,Notopleura,anomothyrsa
302f3390-d0da-11f0-9ba0-fc3fdb83b633,Hospedero,Plantae,MAGNOLIOPHYTA,Magnoliopsida,Rubiales,Rubiaceae,Hoffmannia,valerii
302f33bd-d0da-11f0-9ba0-fc3fdb83b633,Hospedero,Plantae,MAGNOLIOPHYTA,Liliopsida,Commelinales,Commelinaceae,Tradescantia,zanonia
302f33ea-d0da-11f0-9ba0-fc3fdb83b633,Hospedero,Plantae,MAGNOLIOPHYTA,Magnoliopsida,Scrophulariales,Gesneriaceae,Drymonia,sp-1
302f3418-d0da-11f0-9ba0-fc3fdb83b633,Hospedero,Plantae,MAGNOLIOPHYTA,Magnoliopsida,Solanales,Solanaceae,Lycianthes,furcastistellata
302f3446-d0da-11f0-9ba0-fc3fdb83b633,Hospedero,Plantae,MAGNOLIOPHYTA,Magnoliopsida,Myrtales,Lythraceae,Cuphea,appendiculata
302f3472-d0da-11f0-9ba0-fc3fdb83b633,Hospedero,Plantae,MAGNOLIOPHYTA,Magnoliopsida,Sapindales,Anacardiaceae,Mauria,heterophylla
302f34fc-d0da-11f0-9ba0-fc3fdb83b633,Hospedero,Plantae,MAGNOLIOPHYTA,Magnoliopsida,Fabales,Fabaceae/Pap.,Arachis,pintoi
302f3532-d0da-11f0-9ba0-fc3fdb83b633,Hospedero,Plantae,MAGNOLIOPHYTA,Magnoliopsida,Myrtales,Melastomataceae,Tibouchina,urvilleana
302f3564-d0da-11f0-9ba0-fc3fdb83b633,Hospedero,Plantae,MAGNOLIOPHYTA,Magnoliopsida,Primulales,Myrsinaceae,Myrsine,coriacea
302f3596-d0da-11f0-9ba0-fc3fdb83b633,Hospedero,Plantae,MAGNOLIOPHYTA,Magnoliopsida,Solanales,Solanaceae,Solanum,umbellatum
302f35c4-d0da-11f0-9ba0-fc3fdb83b633,Hospedero,Plantae,MAGNOLIOPHYTA,Magnoliopsida,Proteales,Proteaceae,Roupala,glaberrima
302f35f3-d0da-11f0-9ba0-fc3fdb83b633,Hospedero,Plantae,MAGNOLIOPHYTA,Magnoliopsida,Rosales,Hydrangeaceae,Hydrangea,macrophylla
302f3674-d0da-11f0-9ba0-fc3fdb83b633,Hospedero,Plantae,MAGNOLIOPHYTA,Magnoliopsida,Papaverales,Papaveraceae,Bocconia,frutescens
302f36a7-d0da-11f0-9ba0-fc3fdb83b633,Hospedero,Plantae,MAGNOLIOPHYTA,Magnoliopsida,Lamiales,Verbenaceae,Citharexylum,donnell-smithii
302f36d4-d0da-11f0-9ba0-fc3fdb83b633,Hospedero,Plantae,MAGNOLIOPHYTA,Magnoliopsida,Euphorbiales,Euphorbiaceae,Croton,niveus
302f3701-d0da-11f0-9ba0-fc3fdb83b633,Hospedero,Plantae,MAGNOLIOPHYTA,Magnoliopsida,Myrtales,Myrtaceae,Syzygium,jambos
302f372e-d0da-11f0-9ba0-fc3fdb83b633,Hospedero,Plantae,MAGNOLIOPHYTA,Magnoliopsida,Rosales,Rosaceae,Eriobotrya,japonica
302f375a-d0da-11f0-9ba0-fc3fdb83b633,Hospedero,,,,,Poaceae,Saccharum,officinarum
302f3786-d0da-11f0-9ba0-fc3fdb83b633,Hospedero,,,,,Musaceae,Musa,acuminata
302f37b1-d0da-11f0-9ba0-fc3fdb83b633,Hospedero,,,,,Gesneriaceae,Drymonia,serrulata
302f37dc-d0da-11f0-9ba0-fc3fdb83b633,Hospedero,,,,,Lamiaceae,Hyptis,obtusiflora
302f3808-d0da-11f0-9ba0-fc3fdb83b633,Hospedero,,,,,Oleaceae,Forestiera,cartaginensis
302f3833-d0da-11f0-9ba0-fc3fdb83b633,Hospedero,,,,,Melastomataceae,Centradenia,inaequilateralis
302f385e-d0da-11f0-9ba0-fc3fdb83b633,Hospedero,,,,,Violaceae,Viola,stipularis
302f3889-d0da-11f0-9ba0-fc3fdb83b633,Hospedero,,,,,Euphorbiaceae,Hyeronima,oblonga
302f38b4-d0da-11f0-9ba0-fc3fdb83b633,Hospedero,,,,,Araceae,Anthurium,scandens
302f38df-d0da-11f0-9ba0-fc3fdb83b633,Hospedero,,,,,Bromeliaceae,Guzmania,scandens
302f390a-d0da-11f0-9ba0-fc3fdb83b633,Hospedero,,,,,Gesneriaceae,Capanea,grandiflora
302f3935-d0da-11f0-9ba0-fc3fdb83b633,Hospedero,,,,,Pteridaceae,Eriosorus,glaberrimus
302f3962-d0da-11f0-9ba0-fc3fdb83b633,Hospedero,,,,,Melastomataceae,Topobea,pittieri
302f398d-d0da-11f0-9ba0-fc3fdb83b633,Hospedero,,,,,Costaceae,Costus,scaber
302f39b8-d0da-11f0-9ba0-fc3fdb83b633,Hospedero,,,,,Asteraceae,Polyanthina,nemorosa
302f39e3-d0da-11f0-9ba0-fc3fdb83b633,Hospedero,,,,,Viscaceae,Phoradendron,chrysocladon
302f3a0e-d0da-11f0-9ba0-fc3fdb83b633,Hospedero,,,,,Celastraceae,Perrottetia,sessiliflora
302f3a39-d0da-11f0-9ba0-fc3fdb83b633,Hospedero,,,,,Rubiaceae,Rondeletia,buddleioides
302f3a64-d0da-11f0-9ba0-fc3fdb83b633,Hospedero,,,,,Asteraceae,Mikania,sylvatica
302f3a8e-d0da-11f0-9ba0-fc3fdb83b633,Hospedero,,,,,Melastomataceae,Conostegia,
302f3abb-d0da-11f0-9ba0-fc3fdb83b633,Hospedero,,,,,Poaceae,Poa,annua
302f3ae5-d0da-11f0-9ba0-fc3fdb83b633,Hospedero,,,,,Asteraceae,Synedrella,nodiflora
302f3b0f-d0da-11f0-9ba0-fc3fdb83b633,Hospedero,,,,,Lamiaceae,,
302f3b3c-d0da-11f0-9ba0-fc3fdb83b633,Hospedero,Plantae,MAGNOLIOPHYTA,Magnoliopsida,Santalales,Viscaceae,Dendrophthora,costaricensis
302f3b6a-d0da-11f0-9ba0-fc3fdb83b633,Hospedero,Plantae,MAGNOLIOPHYTA,Magnoliopsida,Myricales,Myricaceae,Morella,phanerodonta
302f3b97-d0da-11f0-9ba0-fc3fdb83b633,Hospedero,Plantae,PTERIDOPHYTA,Pteropsida,Filicales,Lomariopsidaceae,Elaphoglossum,sp-1
302f3bc3-d0da-11f0-9ba0-fc3fdb83b633,Hospedero,Plantae,MAGNOLIOPHYTA,Magnoliopsida,Rosales,Grossulariaceae,Escallonia,myrtilloides
302f3bef-d0da-11f0-9ba0-fc3fdb83b633,Hospedero,Plantae,MAGNOLIOPHYTA,Magnoliopsida,Theales,Clusiaceae,Clusia,arborea
302f3c1c-d0da-11f0-9ba0-fc3fdb83b633,Hospedero,Plantae,MAGNOLIOPHYTA,Magnoliopsida,Ericales,Ericaceae,Vaccinium,poasanum
302f3c48-d0da-11f0-9ba0-fc3fdb83b633,Hospedero,Plantae,MAGNOLIOPHYTA,Magnoliopsida,Ericales,Ericaceae,Vaccinium,consanguineum
302f3c75-d0da-11f0-9ba0-fc3fdb83b633,Hospedero,Plantae,MAGNOLIOPHYTA,Magnoliopsida,Santalales,Viscaceae,Dendrophthora,terminalis
302f3ca1-d0da-11f0-9ba0-fc3fdb83b633,Hospedero,Plantae,MAGNOLIOPHYTA,Magnoliopsida,Fabales,Fabaceae/Pap.,Ulex,europaeus
302f3cce-d0da-11f0-9ba0-fc3fdb83b633,Hospedero,Plantae,MAGNOLIOPHYTA,Magnoliopsida,Theales,Clusiaceae,Hypericum,costaricense
302f3cfa-d0da-11f0-9ba0-fc3fdb83b633,Hospedero,Plantae,MAGNOLIOPHYTA,Magnoliopsida,Gentianales,Gentianaceae,Halenia,rhyacophila
302f3d26-d0da-11f0-9ba0-fc3fdb83b633,Hospedero,Plantae,MAGNOLIOPHYTA,Magnoliopsida,Ericales,Ericaceae,Pernettya,prostrata
302f3d52-d0da-11f0-9ba0-fc3fdb83b633,Hospedero,Plantae,MAGNOLIOPHYTA,Liliopsida,Poales,Poaceae,Holcus,lanatus
302f3d7f-d0da-11f0-9ba0-fc3fdb83b633,Hospedero,Plantae,MAGNOLIOPHYTA,Magnoliopsida,Rosales,Rosaceae,Rubus,fagifolius
302f3dac-d0da-11f0-9ba0-fc3fdb83b633,Hospedero,Plantae,MAGNOLIOPHYTA,Liliopsida,Cyperales,Cyperaceae,Eleocharis,sp-2
302f3dd8-d0da-11f0-9ba0-fc3fdb83b633,Hospedero,Plantae,MAGNOLIOPHYTA,Liliopsida,Cyperales,Cyperaceae,Eleocharis,sp-1
302f3e04-d0da-11f0-9ba0-fc3fdb83b633,Hospedero,Plantae,MAGNOLIOPHYTA,Magnoliopsida,Myrtales,Melastomataceae,Miconia,tonduzii
302f3e31-d0da-11f0-9ba0-fc3fdb83b633,Hospedero,Plantae,MAGNOLIOPHYTA,Magnoliopsida,Ebenales,Symplocaceae,Symplocos,sp-1
302f3e5d-d0da-11f0-9ba0-fc3fdb83b633,Hospedero,Plantae,MAGNOLIOPHYTA,Magnoliopsida,Solanales,Solanaceae,Witheringia,meiantha
302f3e89-d0da-11f0-9ba0-fc3fdb83b633,Hospedero,Plantae,MAGNOLIOPHYTA,Magnoliopsida,Asterales,Asteraceae,Jungia,ferruginea
302f3eb5-d0da-11f0-9ba0-fc3fdb83b633,Hospedero,Plantae,MAGNOLIOPHYTA,Magnoliopsida,Campanulales,Campanulaceae,Centropogon,gutierrezii
302f3ee2-d0da-11f0-9ba0-fc3fdb83b633,Hospedero,Plantae,MAGNOLIOPHYTA,Magnoliopsida,Piperales,Piperaceae,Peperomia,sp-2
302f3f0d-d0da-11f0-9ba0-fc3fdb83b633,Hospedero,Plantae,PINOPHYTA,Pinopsida,Pinales,Podocarpaceae,Podocarpus,oleifolius
302f3f3a-d0da-11f0-9ba0-fc3fdb83b633,Hospedero,Plantae,MAGNOLIOPHYTA,Magnoliopsida,Capparidales,Brassicaceae,Cardamine,flexuosa
302f3f64-d0da-11f0-9ba0-fc3fdb83b633,Hospedero,,,,,Euphorbiaceae,Alchorneopsis,floribunda
302f3f90-d0da-11f0-9ba0-fc3fdb83b633,Hospedero,,,,,Poaceae,,
302f3fbb-d0da-11f0-9ba0-fc3fdb83b633,Hospedero,,,,,Melastomataceae,Clidemia,capitellata
302f3fe8-d0da-11f0-9ba0-fc3fdb83b633,Hospedero,Plantae,MAGNOLIOPHYTA,Magnoliopsida,Fabales,Fabaceae/Mim.,Pentaclethra,macroloba
302f4015-d0da-11f0-9ba0-fc3fdb83b633,Hospedero,Plantae,MAGNOLIOPHYTA,Liliopsida,Commelinales,Commelinaceae,Tripogandra,serrulata
302f4042-d0da-11f0-9ba0-fc3fdb83b633,Hospedero,Plantae,MAGNOLIOPHYTA,Magnoliopsida,Violales,Bixaceae,Bixa,orellana
302f406f-d0da-11f0-9ba0-fc3fdb83b633,Hospedero,Plantae,MAGNOLIOPHYTA,Magnoliopsida,Rubiales,Rubiaceae,Palicourea,guianensis
302f409b-d0da-11f0-9ba0-fc3fdb83b633,Hospedero,Plantae,MAGNOLIOPHYTA,Magnoliopsida,Piperales,Piperaceae,Piper,sp-3
302f40c8-d0da-11f0-9ba0-fc3fdb83b633,Hospedero,Plantae,MAGNOLIOPHYTA,Magnoliopsida,Scrophulariales,Acanthaceae,G-2,sp-1
302f40f5-d0da-11f0-9ba0-fc3fdb83b633,Hospedero,Plantae,MAGNOLIOPHYTA,Magnoliopsida,Laurales,Monimiaceae,Siparuna,sp-1
302f4122-d0da-11f0-9ba0-fc3fdb83b633,Hospedero,Plantae,MAGNOLIOPHYTA,Magnoliopsida,Euphorbiales,Caricaceae,Jacaratia,dolichaula
302f414c-d0da-11f0-9ba0-fc3fdb83b633,Hospedero,Plantae,MAGNOLIOPHYTA,Liliopsida,Arales,Araceae,G-4,sp-1
302f4179-d0da-11f0-9ba0-fc3fdb83b633,Hospedero,Plantae,MAGNOLIOPHYTA,Liliopsida,Arales,Araceae,Philodendron,sp-1
302f41a6-d0da-11f0-9ba0-fc3fdb83b633,Hospedero,Plantae,MAGNOLIOPHYTA,Magnoliopsida,Scrophulariales,Gesneriaceae,Columnea,purpurata
302f41d3-d0da-11f0-9ba0-fc3fdb83b633,Hospedero,Plantae,MAGNOLIOPHYTA,Magnoliopsida,Fabales,Burseraceae,Protium,
302f4200-d0da-11f0-9ba0-fc3fdb83b633,Hospedero,Plantae,MAGNOLIOPHYTA,Magnoliopsida,Fabales,Fabaceae/Caes.,Senna,fruticosa
302f422d-d0da-11f0-9ba0-fc3fdb83b633,Hospedero,Plantae,MAGNOLIOPHYTA,Liliopsida,Arecales,Arecaceae,Chamaedorea,tepejilote
302f425d-d0da-11f0-9ba0-fc3fdb83b633,Hospedero,Plantae,MAGNOLIOPHYTA,Magnoliopsida,Scrophulariales,Gesneriaceae,Columnea,nicaraguensis
302f428a-d0da-11f0-9ba0-fc3fdb83b633,Hospedero,Plantae,MAGNOLIOPHYTA,Magnoliopsida,Sapindales,Burseraceae,Protium,sp-1
302f42b6-d0da-11f0-9ba0-fc3fdb83b633,Hospedero,Plantae,MAGNOLIOPHYTA,Liliopsida,Asparagales,Smilacaceae,Smilax,domingensis
302f42e2-d0da-11f0-9ba0-fc3fdb83b633,Hospedero,Plantae,MAGNOLIOPHYTA,Liliopsida,Arales,Araceae,Dieffenbachia,sp-1
302f4310-d0da-11f0-9ba0-fc3fdb83b633,Hospedero,Plantae,MAGNOLIOPHYTA,Liliopsida,Cyclanthales,Cyclanthaceae,Carludovica,rotundifolia
302f433b-d0da-11f0-9ba0-fc3fdb83b633,Hospedero,Plantae,MAGNOLIOPHYTA,Magnoliopsida,Fabales,Fabaceae/Mim.,Inga,sp-4
302f4368-d0da-11f0-9ba0-fc3fdb83b633,Hospedero,Plantae,MAGNOLIOPHYTA,Magnoliopsida,Caryophyllales,Amaranthaceae,Cyathula,achyranthoides
302f4394-d0da-11f0-9ba0-fc3fdb83b633,Hospedero,Plantae,MAGNOLIOPHYTA,Magnoliopsida,Urticales,Moraceae,Ficus,sp-1
302f43c1-d0da-11f0-9ba0-fc3fdb83b633,Hospedero,Plantae,MAGNOLIOPHYTA,Magnoliopsida,Malvales,Sterculiaceae,Byttneria,aculeata
302f43ed-d0da-11f0-9ba0-fc3fdb83b633,Hospedero,Plantae,MAGNOLIOPHYTA,Magnoliopsida,Lamiales,Verbenaceae,Aegiphila,panamensis
302f441a-d0da-11f0-9ba0-fc3fdb83b633,Hospedero,Plantae,MAGNOLIOPHYTA,Magnoliopsida,Gentianales,Loganiaceae,Spigelia,humboldtiana
302f4445-d0da-11f0-9ba0-fc3fdb83b633,Hospedero,Plantae,MAGNOLIOPHYTA,Magnoliopsida,Scrophulariales,Acanthaceae,Aphelandra,aurantiaca
302f4473-d0da-11f0-9ba0-fc3fdb83b633,Hospedero,Plantae,MAGNOLIOPHYTA,Magnoliopsida,Theales,Clusiaceae,Chrysochlamys,glauca
302f449f-d0da-11f0-9ba0-fc3fdb83b633,Hospedero,Plantae,MAGNOLIOPHYTA,Magnoliopsida,Laurales,Lauraceae,Ocotea,sp-2
302f44cb-d0da-11f0-9ba0-fc3fdb83b633,Hospedero,Plantae,MAGNOLIOPHYTA,Magnoliopsida,Primulales,Myrsinaceae,Ardisia,auriculata
302f44f7-d0da-11f0-9ba0-fc3fdb83b633,Hospedero,Plantae,MAGNOLIOPHYTA,Magnoliopsida,Rubiales,Rubiaceae,Faramea,sp-1
302f4524-d0da-11f0-9ba0-fc3fdb83b633,Hospedero,Plantae,MAGNOLIOPHYTA,Magnoliopsida,Caryophyllales,Nyctaginaceae,Neea,pittieri
302f4550-d0da-11f0-9ba0-fc3fdb83b633,Hospedero,Plantae,MAGNOLIOPHYTA,Magnoliopsida,Magnoliales,Annonaceae,Guatteria,sp-1
302f457c-d0da-11f0-9ba0-fc3fdb83b633,Hospedero,Plantae,MAGNOLIOPHYTA,Magnoliopsida,Ericales,Ericaceae,Psammisia,ramiflora
302f45a7-d0da-11f0-9ba0-fc3fdb83b633,Hospedero,Plantae,MAGNOLIOPHYTA,Magnoliopsida,Rubiales,Rubiaceae,G-20,sp-1
302f45d5-d0da-11f0-9ba0-fc3fdb83b633,Hospedero,Plantae,MAGNOLIOPHYTA,Magnoliopsida,Scrophulariales,Gesneriaceae,Drymonia,coriacea
302f4601-d0da-11f0-9ba0-fc3fdb83b633,Hospedero,Plantae,MAGNOLIOPHYTA,Magnoliopsida,Rubiales,Rubiaceae,Psychotria,cyanococca
302f462c-d0da-11f0-9ba0-fc3fdb83b633,Hospedero,Plantae,MAGNOLIOPHYTA,Liliopsida,Zingiberales,Marantaceae,Calathea,sp-1
302f4658-d0da-11f0-9ba0-fc3fdb83b633,Hospedero,Plantae,MAGNOLIOPHYTA,Magnoliopsida,Sapindales,Sapindaceae,Paullinia,austin-smithii
302f4686-d0da-11f0-9ba0-fc3fdb83b633,Hospedero,Plantae,MAGNOLIOPHYTA,Magnoliopsida,Scrophulariales,Gesneriaceae,Drymonia,multiflora
302f46b2-d0da-11f0-9ba0-fc3fdb83b633,Hospedero,Plantae,MAGNOLIOPHYTA,Magnoliopsida,Rubiales,Rubiaceae,Psychotria,guapilensis
302f46dd-d0da-11f0-9ba0-fc3fdb83b633,Hospedero,Plantae,MAGNOLIOPHYTA,Magnoliopsida,Laurales,Monimiaceae,Siparuna,sp-2
302f4709-d0da-11f0-9ba0-fc3fdb83b633,Hospedero,Plantae,MAGNOLIOPHYTA,Magnoliopsida,Rubiales,Rubiaceae,Coccocypselum,sp-1
302f4736-d0da-11f0-9ba0-fc3fdb83b633,Hospedero,Plantae,MAGNOLIOPHYTA,Magnoliopsida,Lamiales,Boraginaceae,Tournefortia,glabra
302f4763-d0da-11f0-9ba0-fc3fdb83b633,Hospedero,Plantae,MAGNOLIOPHYTA,Magnoliopsida,Celastrales,Monimiaceae,Mollinedia,costaricensis
302f478e-d0da-11f0-9ba0-fc3fdb83b633,Hospedero,Plantae,MAGNOLIOPHYTA,Magnoliopsida,Rubiales,Rubiaceae,G-19,sp-1
302f47ba-d0da-11f0-9ba0-fc3fdb83b633,Hospedero,Plantae,MAGNOLIOPHYTA,Magnoliopsida,Rubiales,Rubiaceae,Palicourea,sp-2
302f47e7-d0da-11f0-9ba0-fc3fdb83b633,Hospedero,Plantae,MAGNOLIOPHYTA,Magnoliopsida,Asterales,Asteraceae,Baccharis,peduncularis
302f4813-d0da-11f0-9ba0-fc3fdb83b633,Hospedero,Plantae,MAGNOLIOPHYTA,Magnoliopsida,Piperales,Piperaceae,Piper,friedrichsthalii
302f483f-d0da-11f0-9ba0-fc3fdb83b633,Hospedero,Plantae,MAGNOLIOPHYTA,Magnoliopsida,Scrophulariales,Gesneriaceae,Kohleria,spicata
302f486b-d0da-11f0-9ba0-fc3fdb83b633,Hospedero,Plantae,MAGNOLIOPHYTA,Magnoliopsida,Myrtales,Melastomataceae,Tibouchina,longifolia
302f4896-d0da-11f0-9ba0-fc3fdb83b633,Hospedero,,,,,Rubiaceae,Coccocypselum,
302f48c2-d0da-11f0-9ba0-fc3fdb83b633,Hospedero,,,,,Clusiaceae,Vismia,macrophylla
302f48ee-d0da-11f0-9ba0-fc3fdb83b633,Hospedero,,,,,Clusiaceae,Vismia,billbergiana
302f4919-d0da-11f0-9ba0-fc3fdb83b633,Hospedero,,,,,Flacourtiaceae,Casearia,arborea
302f4946-d0da-11f0-9ba0-fc3fdb83b633,Hospedero,,,,,Dioscoreaceae,Dioscorea,
302f4971-d0da-11f0-9ba0-fc3fdb83b633,Hospedero,,,,,Asteraceae,Mikania,houstoniana
302f499c-d0da-11f0-9ba0-fc3fdb83b633,Hospedero,,,,,Cecropiaceae,Cecropia,insignis
302f49c6-d0da-11f0-9ba0-fc3fdb83b633,Hospedero,,,,,Rubiaceae,Sabicea,panamensis
302f49f3-d0da-11f0-9ba0-fc3fdb83b633,Hospedero,,,,,Melastomataceae,Clidemia,dentata
302f4a1d-d0da-11f0-9ba0-fc3fdb83b633,Hospedero,,,,,Sapotaceae,Pouteria,
302f4a49-d0da-11f0-9ba0-fc3fdb83b633,Hospedero,,,,,Chloranthaceae,Hedyosmum,scaberrimum
302f4a74-d0da-11f0-9ba0-fc3fdb83b633,Hospedero,,,,,Clusiaceae,Vismia,baccifera
302f4a9f-d0da-11f0-9ba0-fc3fdb83b633,Hospedero,,,,,Sapindaceae,Litchi,chinensis
302f4aca-d0da-11f0-9ba0-fc3fdb83b633,Hospedero,,,,,Lycopodiacee,Lycopodiella,cernua
302f4af5-d0da-11f0-9ba0-fc3fdb83b633,Hospedero,,,,,Vitaceae,Cissus,microcarpa
302f4b83-d0da-11f0-9ba0-fc3fdb83b633,Hospedero,,,,,Actinidiaceae,Saurauia,
302f4bb3-d0da-11f0-9ba0-fc3fdb83b633,Hospedero,,,,,Rubiaceae,Psychotria,poeppigiana
302f4be5-d0da-11f0-9ba0-fc3fdb83b633,Hospedero,Plantae,SPHENOPHYTA,Sphenopsida,Equisetales,Equisetaceae,Equisetum,giganteum
302f4c18-d0da-11f0-9ba0-fc3fdb83b633,Hospedero,Plantae,MAGNOLIOPHYTA,Liliopsida,Pontederiales,Pontederiaceae,Eichhornia,crassipes
302f4c46-d0da-11f0-9ba0-fc3fdb83b633,Hospedero,Plantae,MAGNOLIOPHYTA,Magnoliopsida,Caryophyllales,Phytolaccaceae,Rivina,humilis
302f4c72-d0da-11f0-9ba0-fc3fdb83b633,Hospedero,,,,,Lauraceae,Ocotea,meziana
302f4c9e-d0da-11f0-9ba0-fc3fdb83b633,Hospedero,,,,,Arecaceae,Welfia,georgii
302f4ccb-d0da-11f0-9ba0-fc3fdb83b633,Hospedero,,,,,Burseraceae,Protium,pittieri
302f4cf8-d0da-11f0-9ba0-fc3fdb83b633,Hospedero,,,,,Bignoniaceae,Jacaranda,copaia
302f4d25-d0da-11f0-9ba0-fc3fdb83b633,Hospedero,,,,,Apiaceae,Hydrocotyle,leucocephala
302f4d52-d0da-11f0-9ba0-fc3fdb83b633,Hospedero,,,,,Araceae,Anthurium,subsignatum
302f4d7f-d0da-11f0-9ba0-fc3fdb83b633,Hospedero,,,,,Araceae,Philodendron,aurantifolium
302f4dab-d0da-11f0-9ba0-fc3fdb83b633,Hospedero,,,,,Araceae,Monstera,dissecta
302f4dd7-d0da-11f0-9ba0-fc3fdb83b633,Hospedero,,,,,Cucurbitaceae,Gurania,coccinea
302f4e04-d0da-11f0-9ba0-fc3fdb83b633,Hospedero,,,,,Begoniaceae,Begonia,semiovata
302f4e32-d0da-11f0-9ba0-fc3fdb83b633,Hospedero,,,,,Rhamnaceae,Colubrina,spinosa
302f4e5e-d0da-11f0-9ba0-fc3fdb83b633,Hospedero,,,,,Cucurbitaceae,Gurania,makoyana
302f4e8a-d0da-11f0-9ba0-fc3fdb83b633,Hospedero,,,,,Lauraceae,Ocotea,leucoxylon
302f4eb7-d0da-11f0-9ba0-fc3fdb83b633,Hospedero,,,,,Arecaceae,Euterpe,precatoria
302f4ee5-d0da-11f0-9ba0-fc3fdb83b633,Hospedero,Plantae,MAGNOLIOPHYTA,Magnoliopsida,Apiales,Apiaceae,Eryngium,humile
302f4f1a-d0da-11f0-9ba0-fc3fdb83b633,Hospedero,Plantae,MAGNOLIOPHYTA,Magnoliopsida,Scrophulariales,Scrophulariaceae,Castilleja,talamancensis
302f4f49-d0da-11f0-9ba0-fc3fdb83b633,Hospedero,Plantae,MAGNOLIOPHYTA,Magnoliopsida,Myrtales,Myrtaceae,Ugni,myricoides
302f4f78-d0da-11f0-9ba0-fc3fdb83b633,Hospedero,Plantae,LYCOPHYTA,Lycopsida,Lycopodiales,Lycopodiaceae,Lycopodium,thyoides
302f4fa8-d0da-11f0-9ba0-fc3fdb83b633,Hospedero,Plantae,MAGNOLIOPHYTA,Liliopsida,Asparagales,Convallariaceae,Maianthemum,gigas
302f4fd6-d0da-11f0-9ba0-fc3fdb83b633,Hospedero,Plantae,MAGNOLIOPHYTA,Magnoliopsida,Apiales,Apiaceae,Myrrhidendron,donnellsmithii
302f5005-d0da-11f0-9ba0-fc3fdb83b633,Hospedero,Plantae,MAGNOLIOPHYTA,Magnoliopsida,Santalales,Viscaceae,Dendrophthora,squamigera
302f5032-d0da-11f0-9ba0-fc3fdb83b633,Hospedero,Plantae,MAGNOLIOPHYTA,Magnoliopsida,Asterales,Asteraceae,Sigesbeckia,jorullensis
302f505f-d0da-11f0-9ba0-fc3fdb83b633,Hospedero,Plantae,MAGNOLIOPHYTA,Magnoliopsida,Campanulales,Campanulaceae,Centropogon,
302f508c-d0da-11f0-9ba0-fc3fdb83b633,Hospedero,Plantae,MAGNOLIOPHYTA,Magnoliopsida,Solanales,Solanaceae,Solanum,
302f50b9-d0da-11f0-9ba0-fc3fdb83b633,Hospedero,Plantae,MAGNOLIOPHYTA,Magnoliopsida,Ranunculales,Ranunculaceae,Ranunculus,repens
302f50e7-d0da-11f0-9ba0-fc3fdb83b633,Hospedero,Plantae,MAGNOLIOPHYTA,Magnoliopsida,Asterales,Asteraceae,Bellis,perennis
302f5114-d0da-11f0-9ba0-fc3fdb83b633,Hospedero,Plantae,MAGNOLIOPHYTA,Magnoliopsida,Polygonales,Polygonaceae,Muehlenbeckia,tamnifolia
302f5141-d0da-11f0-9ba0-fc3fdb83b633,Hospedero,Plantae,MAGNOLIOPHYTA,Magnoliopsida,Myrtales,Melastomataceae,,
302f516d-d0da-11f0-9ba0-fc3fdb83b633,Hospedero,Plantae,MAGNOLIOPHYTA,Magnoliopsida,Campanulales,Campanulaceae,,
302f519a-d0da-11f0-9ba0-fc3fdb83b633,Hospedero,Plantae,MAGNOLIOPHYTA,Liliopsida,Cyperales,Cyperaceae,,
302f51c9-d0da-11f0-9ba0-fc3fdb83b633,Hospedero,Plantae,MAGNOLIOPHYTA,Magnoliopsida,Rhamnales,Rhamnaceae,Rhamnus,oreodendron
302f51f6-d0da-11f0-9ba0-fc3fdb83b633,Hospedero,Plantae,MAGNOLIOPHYTA,Magnoliopsida,Dipsacales,Caprifoliaceae,Viburnum,costaricanum
302f5223-d0da-11f0-9ba0-fc3fdb83b633,Hospedero,Plantae,pteridophyta,pteropsida,Filicales,Pteridaceae,,
302f5250-d0da-11f0-9ba0-fc3fdb83b633,Hospedero,Plantae,MAGNOLIOPHYTA,Magnoliopsida,Lamiales,Lamiaceae,Salvia,
302f527e-d0da-11f0-9ba0-fc3fdb83b633,Hospedero,Plantae,MAGNOLIOPHYTA,Magnoliopsida,Myrtales,Onagraceae,Fuchsia,splendens
302f52ac-d0da-11f0-9ba0-fc3fdb83b633,Hospedero,Plantae,MAGNOLIOPHYTA,Magnoliopsida,Myrtales,Onagraceae,Fuchsia,paniculata
302f52d9-d0da-11f0-9ba0-fc3fdb83b633,Hospedero,Plantae,LYCOPHYTA,Lycopsida,Lycopodiales,Lycopodiaceae,Huperzia,hippuridea
302f5307-d0da-11f0-9ba0-fc3fdb83b633,Hospedero,Plantae,MAGNOLIOPHYTA,Magnoliopsida,Rosales,Rosaceae,Rubus,miser
302f5335-d0da-11f0-9ba0-fc3fdb83b633,Hospedero,Plantae,MAGNOLIOPHYTA,Magnoliopsida,Fabales,Oxalidaceae,Oxalis,spiralis
302f5363-d0da-11f0-9ba0-fc3fdb83b633,Hospedero,Plantae,MAGNOLIOPHYTA,Magnoliopsida,Capparidales,Brassicaceae,Cardamine,fulcrata
302f5391-d0da-11f0-9ba0-fc3fdb83b633,Hospedero,Plantae,MAGNOLIOPHYTA,Magnoliopsida,Scrophulariales,Scrophulariaceae,Calceolaria,irazuensis
302f53be-d0da-11f0-9ba0-fc3fdb83b633,Hospedero,Plantae,MAGNOLIOPHYTA,Magnoliopsida,Urticales,Urticaceae,Urtica,leptophylla
302f53ec-d0da-11f0-9ba0-fc3fdb83b633,Hospedero,Plantae,MAGNOLIOPHYTA,Magnoliopsida,Asterales,Asteraceae,Senecio,cooperi
302f541a-d0da-11f0-9ba0-fc3fdb83b633,Hospedero,Plantae,MAGNOLIOPHYTA,Magnoliopsida,Polygonales,Polygonaceae,Rumex,costaricensis
302f5447-d0da-11f0-9ba0-fc3fdb83b633,Hospedero,Plantae,MAGNOLIOPHYTA,Magnoliopsida,Violales,Begoniaceae,Begonia,oaxacana
302f5474-d0da-11f0-9ba0-fc3fdb83b633,Hospedero,Plantae,MAGNOLIOPHYTA,Magnoliopsida,Ericales,Ericaceae,Macleania,rupestris
302f54a3-d0da-11f0-9ba0-fc3fdb83b633,Hospedero,Plantae,MAGNOLIOPHYTA,Magnoliopsida,Sapindales,Rutaceae,Zanthoxylum,melanostictum
302f54d0-d0da-11f0-9ba0-fc3fdb83b633,Hospedero,Plantae,MAGNOLIOPHYTA,Magnoliopsida,Solanales,Solanaceae,Cestrum,irazuensis
302f54fd-d0da-11f0-9ba0-fc3fdb83b633,Hospedero,Plantae,MAGNOLIOPHYTA,Magnoliopsida,Caryophyllales,Caryophyllaceae,Stellaria,irazuensis
302f552b-d0da-11f0-9ba0-fc3fdb83b633,Hospedero,Plantae,MAGNOLIOPHYTA,Magnoliopsida,Solanales,Solanaceae,Cestrum,poasanum
302f5557-d0da-11f0-9ba0-fc3fdb83b633,Hospedero,,,,,Rubiaceae,Notopleura,polyphlebia
302f5583-d0da-11f0-9ba0-fc3fdb83b633,Hospedero,,,,,Nyctaginaceae,Neea,psychotrioides
302f55af-d0da-11f0-9ba0-fc3fdb83b633,Hospedero,,,,,Araliaceae,Schefflera,systyla
302f55dc-d0da-11f0-9ba0-fc3fdb83b633,Hospedero,,,,,Cyclanthaceae,Dicranopygium,umbrophilum
302f5608-d0da-11f0-9ba0-fc3fdb83b633,Hospedero,,,,,Lauraceae,Ocotea,atirrensis
302f5633-d0da-11f0-9ba0-fc3fdb83b633,Hospedero,,,,,Amaranthaceae,Iresine,diffusa
302f565f-d0da-11f0-9ba0-fc3fdb83b633,Hospedero,,,,,Rubiaceae,Psychotria,suerrensis
302f568a-d0da-11f0-9ba0-fc3fdb83b633,Hospedero,,,,,Nyctaginaceae,Neea,amplifolia
302f56b6-d0da-11f0-9ba0-fc3fdb83b633,Hospedero,,,,,Rubiaceae,Raritebe,palicoureoides
302f56e2-d0da-11f0-9ba0-fc3fdb83b633,Hospedero,,,,,Acanthaceae,Justicia,
302f570d-d0da-11f0-9ba0-fc3fdb83b633,Hospedero,,,,,Cyperaceae,Mapania,assimilis
302f5738-d0da-11f0-9ba0-fc3fdb83b633,Hospedero,,,,,Melastomataceae,Blakea,anomala
302f5765-d0da-11f0-9ba0-fc3fdb83b633,Hospedero,,,,,Monimiaceae,Siparuna,grandiflora
302f5791-d0da-11f0-9ba0-fc3fdb83b633,Hospedero,,,,,Lythraceae,Cuphea,
302f57c0-d0da-11f0-9ba0-fc3fdb83b633,Hospedero,,,,,Acanthaceae,Aphelandra,dolichantha
302f57ec-d0da-11f0-9ba0-fc3fdb83b633,Hospedero,,,,,Gesneriaceae,Besleria,flavovirens
302f5818-d0da-11f0-9ba0-fc3fdb83b633,Hospedero,,,,,Commelinaceae,Dichorisandra,amabilis
302f5843-d0da-11f0-9ba0-fc3fdb83b633,Hospedero,,,,,Caapparaceae,Podandrogyne,decipiens
302f5873-d0da-11f0-9ba0-fc3fdb83b633,Hospedero,,,,,Melastomataceae,Ossaea,microphylla
302f589e-d0da-11f0-9ba0-fc3fdb83b633,Hospedero,,,,,Zingiberaceae,Renealmia,concinna
302f58cb-d0da-11f0-9ba0-fc3fdb83b633,Hospedero,,,,,Moraceae,,
302f58f7-d0da-11f0-9ba0-fc3fdb83b633,Hospedero,,,,,Violaceae,Rinorea,
302f5922-d0da-11f0-9ba0-fc3fdb83b633,Hospedero,,,,,Meliaceae,,
302f594e-d0da-11f0-9ba0-fc3fdb83b633,Hospedero,,,,,Ericaceae,Cavendishia,complectens
302f5979-d0da-11f0-9ba0-fc3fdb83b633,Hospedero,,,,,Verbenaceae,Vitex,cooperi
302f59a5-d0da-11f0-9ba0-fc3fdb83b633,Hospedero,,,,,Meliaceae,Guarea,bulllata
302f59d0-d0da-11f0-9ba0-fc3fdb83b633,Hospedero,,,,,Clusiaceae,Crhysochlamys,glauca
302f59fb-d0da-11f0-9ba0-fc3fdb83b633,Hospedero,,,,,Asteraceae,Clibadium,eggersii
302f5a28-d0da-11f0-9ba0-fc3fdb83b633,Hospedero,,,,,Amaranthaceae,Alternanthera,costaricensis
302f5a54-d0da-11f0-9ba0-fc3fdb83b633,Hospedero,,,,,Solanaceae,Cestrum,standleyi
302f5a80-d0da-11f0-9ba0-fc3fdb83b633,Hospedero,,,,,Fabaceae/Pap,Swartzia,
302f5aab-d0da-11f0-9ba0-fc3fdb83b633,Hospedero,,,,,Verbenaceae,Aegiphila,elata
302f5adb-d0da-11f0-9ba0-fc3fdb83b633,Hospedero,,,,,Myrsinaceae,Ardisia,auriculata
302f5b07-d0da-11f0-9ba0-fc3fdb83b633,Hospedero,,,,,Araceae,Dieffenbachia,nitidipetiolata
302f5b32-d0da-11f0-9ba0-fc3fdb83b633,Hospedero,,,,,Myristicaceae,Compsoneura,mexicana
302f5b5e-d0da-11f0-9ba0-fc3fdb83b633,Hospedero,,,,,Arecaceae,Bactris,hondurensis
302f5b8b-d0da-11f0-9ba0-fc3fdb83b633,Hospedero,,,,,Arecaceae,Geonoma,congesta
302f5bb7-d0da-11f0-9ba0-fc3fdb83b633,Hospedero,,,,,Arecaceae,Pholidostachys,pulchra
302f5be5-d0da-11f0-9ba0-fc3fdb83b633,Hospedero,,,,,Marantaceae,Ischnosiphon,inflatus
302f5c11-d0da-11f0-9ba0-fc3fdb83b633,Hospedero,,,,,Araceae,Monstera,glaucescens
302f5c3d-d0da-11f0-9ba0-fc3fdb83b633,Hospedero,,,,,Apocynaceae,Tabernaemontana,longipes
302f5c69-d0da-11f0-9ba0-fc3fdb83b633,Hospedero,,,,,Boraginaceae,Cordia,cymosa
302f5c95-d0da-11f0-9ba0-fc3fdb83b633,Hospedero,,,,,Clusiaceae,Symphonia,globulifera
302f5cc0-d0da-11f0-9ba0-fc3fdb83b633,Hospedero,,,,,Arecaceae,Geonoma,ferruginea
302f5ceb-d0da-11f0-9ba0-fc3fdb83b633,Hospedero,,,,,Clusiaceae,Calophyllum,brasiliense
302f5d5d-d0da-11f0-9ba0-fc3fdb83b633,Hospedero,,,,,Moraceae,Naucleopsis,naga
302f5d93-d0da-11f0-9ba0-fc3fdb83b633,Hospedero,,,,,Marattiaceae,Danaea,wendlandii
302f5dc3-d0da-11f0-9ba0-fc3fdb83b633,Hospedero,Plantae,MAGNOLIOPHYTA,Magnoliopsida,Rubiales,Rubiaceae,Pentagonia,hirsuta
302f5df4-d0da-11f0-9ba0-fc3fdb83b633,Hospedero,Plantae,MAGNOLIOPHYTA,Magnoliopsida,Violales,Flacourtiaceae,Lunania,parviflora
302f5e24-d0da-11f0-9ba0-fc3fdb83b633,Hospedero,Plantae,MAGNOLIOPHYTA,Magnoliopsida,Myrtales,Melastomataceae,Clidemia,
302f5e54-d0da-11f0-9ba0-fc3fdb83b633,Hospedero,Plantae,MAGNOLIOPHYTA,Magnoliopsida,Scrophulariales,Acanthaceae,Blechum,
302f5e83-d0da-11f0-9ba0-fc3fdb83b633,Hospedero,Plantae,MAGNOLIOPHYTA,Magnoliopsida,Fabales,Fabaceae/pap.,Desmodium,axillare
302f5eb3-d0da-11f0-9ba0-fc3fdb83b633,Hospedero,Plantae,MAGNOLIOPHYTA,Liliopsida,Arales,Araceae,Philodendron,hederaceum
302f5ee3-d0da-11f0-9ba0-fc3fdb83b633,Hospedero,Plantae,MAGNOLIOPHYTA,Magnoliopsida,Caryophyllales,Nyctaginaceae,Neea,
302f5f12-d0da-11f0-9ba0-fc3fdb83b633,Hospedero,Plantae,MAGNOLIOPHYTA,Magnoliopsida,Malvales,Sterculiaceae,Theobroma,cacao
302f5f40-d0da-11f0-9ba0-fc3fdb83b633,Hospedero,Plantae,MAGNOLIOPHYTA,Magnoliopsida,Piperales,Piperaceae,Piper,
302f5f70-d0da-11f0-9ba0-fc3fdb83b633,Hospedero,,,,,Urticaceae,Pilea,acuminata
302f5f9e-d0da-11f0-9ba0-fc3fdb83b633,Hospedero,,,,,Equisetaceae,Equisetum,bogotense
302f5fcc-d0da-11f0-9ba0-fc3fdb83b633,Hospedero,,,,,Dioscoreaceae,Dioscorea,standleyi
302f5ffd-d0da-11f0-9ba0-fc3fdb83b633,Hospedero,,,,,Rubiaceae,Sommera,donnell-smithii
302f602c-d0da-11f0-9ba0-fc3fdb83b633,Hospedero,,,,,Heliconiaceae,Heliconia,clinophila
302f6058-d0da-11f0-9ba0-fc3fdb83b633,Hospedero,,,,,Solanaceae,Browallia,americana
302f6085-d0da-11f0-9ba0-fc3fdb83b633,Hospedero,,,,,Polygonaceae,Polygonum,punctatum
302f60b4-d0da-11f0-9ba0-fc3fdb83b633,Hospedero,,,,,Ranunculaceae,Ranunculus,repens
302f60e3-d0da-11f0-9ba0-fc3fdb83b633,Hospedero,,,,,Ericaceae,Cavendishia,endresii
302f6110-d0da-11f0-9ba0-fc3fdb83b633,Hospedero,,,,,Juncaceae,Juncus,marginatus
302f613e-d0da-11f0-9ba0-fc3fdb83b633,Hospedero,,,,,Cyperaceae,Eleocharis,montana
302f616c-d0da-11f0-9ba0-fc3fdb83b633,Hospedero,,,,,Primulaceae,Anagallis,pumilla
302f619b-d0da-11f0-9ba0-fc3fdb83b633,Hospedero,,,,,Clusiaceae,Hypericum,tessifolium
302f61c9-d0da-11f0-9ba0-fc3fdb83b633,Hospedero,,,,,Ericaceae,Sphyrospermum,cordifolium
302f61f7-d0da-11f0-9ba0-fc3fdb83b633,Hospedero,,,,,Ericaceae,Sphyrospermum,dissimile
302f6226-d0da-11f0-9ba0-fc3fdb83b633,Hospedero,Plantae,MAGNOLIOPHYTA,Magnoliopsida,Scrophulariales,Gesneriaceae,Columnea,glabra
302f6257-d0da-11f0-9ba0-fc3fdb83b633,Hospedero,Plantae,MAGNOLIOPHYTA,Magnoliopsida,Rosales,Crassulaceae,Echeveria,australis
302f6287-d0da-11f0-9ba0-fc3fdb83b633,Hospedero,Plantae,MAGNOLIOPHYTA,Liliopsida,Arales,Araceae,Anthurium,scandens
302f62b7-d0da-11f0-9ba0-fc3fdb83b633,Hospedero,Plantae,MAGNOLIOPHYTA,Magnoliopsida,Theales,Theaceae,Freziera,candicans
302f62e6-d0da-11f0-9ba0-fc3fdb83b633,Hospedero,Plantae,MAGNOLIOPHYTA,Magnoliopsida,Lamiales,Verbenaceae,Lippia,
302f6316-d0da-11f0-9ba0-fc3fdb83b633,Hospedero,Plantae,MAGNOLIOPHYTA,Magnoliopsida,Scrophulariales,Gesneriaceae,Moussonia,deppeana
302f6347-d0da-11f0-9ba0-fc3fdb83b633,Hospedero,Plantae,MAGNOLIOPHYTA,Magnoliopsida,Rubiales,Rubiaceae,Palicourea,padifolia
302f6376-d0da-11f0-9ba0-fc3fdb83b633,Hospedero,Plantae,MAGNOLIOPHYTA,Liliopsida,Cyperales,Cyperaceae,Uncinia,hamata
302f63a6-d0da-11f0-9ba0-fc3fdb83b633,Hospedero,Plantae,MAGNOLIOPHYTA,Magnoliopsida,Rubiales,Rubiaceae,Notopleura,tolimensis
302f63d6-d0da-11f0-9ba0-fc3fdb83b633,Hospedero,Plantae,MAGNOLIOPHYTA,Magnoliopsida,Solanales,Solanaceae,Solanum,trizygum
302f6406-d0da-11f0-9ba0-fc3fdb83b633,Hospedero,Plantae,MAGNOLIOPHYTA,Magnoliopsida,Euphorbiales,Euphorbiaceae,Phyllanthus,niruri
302f6435-d0da-11f0-9ba0-fc3fdb83b633,Hospedero,Plantae,MAGNOLIOPHYTA,Liliopsida,Liliales,Alstroemeriaceae,Bomarea,hirsuta
302f6465-d0da-11f0-9ba0-fc3fdb83b633,Hospedero,Plantae,MAGNOLIOPHYTA,Magnoliopsida,Solanales,Solanaceae,Solanum,roblense
302f64fa-d0da-11f0-9ba0-fc3fdb83b633,Hospedero,Plantae,MAGNOLIOPHYTA,Magnoliopsida,Capparidales,Capparaceae,Podandrogyne,decipiens
302f6530-d0da-11f0-9ba0-fc3fdb83b633,Hospedero,Plantae,MAGNOLIOPHYTA,Magnoliopsida,Euphorbiales,Euphorbiaceae,Acalypha,septemloba
302f6563-d0da-11f0-9ba0-fc3fdb83b633,Hospedero,Plantae,MAGNOLIOPHYTA,Magnoliopsida,Violales,Cucurbitaceae,Cyclanthera,langaei
302f6597-d0da-11f0-9ba0-fc3fdb83b633,Hospedero,Plantae,MAGNOLIOPHYTA,Magnoliopsida,Violales,Begoniaceae,Begonia,estrellensis
302f65c7-d0da-11f0-9ba0-fc3fdb83b633,Hospedero,,,,,Asteraceae,Fleischmannia,sideritides
302f65f8-d0da-11f0-9ba0-fc3fdb83b633,Hospedero,,,,,Chloranthaceae,Hedyosmum,bonplandianum
302f6627-d0da-11f0-9ba0-fc3fdb83b633,Hospedero,,,,,Malvaceae,Malvaviscus,achanioides
302f6657-d0da-11f0-9ba0-fc3fdb83b633,Hospedero,,,,,Fabaceae/Pap.,Swartzia,
302f6686-d0da-11f0-9ba0-fc3fdb83b633,Hospedero,,,,,Melastomataceae,Aciotis,indecora
302f66b4-d0da-11f0-9ba0-fc3fdb83b633,Hospedero,,,,,Fabaceae/Pap.,,
302f66e4-d0da-11f0-9ba0-fc3fdb83b633,Hospedero,,,,,Haemodoraceae,Xiphidium,coeruleum
302f6714-d0da-11f0-9ba0-fc3fdb83b633,Hospedero,,,,,Rubiaceae,Notopleura,uliginosa
302f6743-d0da-11f0-9ba0-fc3fdb83b633,Hospedero,,,,,Burseraceae,Protium,
302f6772-d0da-11f0-9ba0-fc3fdb83b633,Hospedero,,,,,Poaceae,Panicum,polygonatum
302f67a2-d0da-11f0-9ba0-fc3fdb83b633,Hospedero,,,,,Cyperaceae,Scleria,melaleuca
302f67d2-d0da-11f0-9ba0-fc3fdb83b633,Hospedero,,,,,Asteraceae,Heterocondylus,vitalbae
302f6802-d0da-11f0-9ba0-fc3fdb83b633,Hospedero,,,,,Cyperaceae,Cyperus,laxus
302f6832-d0da-11f0-9ba0-fc3fdb83b633,Hospedero,,,,,Euphorbiaceae,Plukenetia,stipellata
302f6861-d0da-11f0-9ba0-fc3fdb83b633,Hospedero,,,,,Cyperaceae,Eleocharis,retroflexa
302f6891-d0da-11f0-9ba0-fc3fdb83b633,Hospedero,,,,,Fabaceae/Mim.,Mimosa,pudica
302f68c0-d0da-11f0-9ba0-fc3fdb83b633,Hospedero,,,,,Euphorbiaceae,Acalypha,
302f68f0-d0da-11f0-9ba0-fc3fdb83b633,Hospedero,,,,,Fabaceae/Pap.,Aeschynomene,scabra
302f6920-d0da-11f0-9ba0-fc3fdb83b633,Hospedero,,,,,Cecropiaceae,Coussapoa,parviceps
302f6978-d0da-11f0-9ba0-fc3fdb83b633,Hospedero,,,,,Cyperaceae,Cyperus,luzulae
302f69a9-d0da-11f0-9ba0-fc3fdb83b633,Hospedero,,,,,Balsaminaceae,Impatiens,walleriana
302f69d8-d0da-11f0-9ba0-fc3fdb83b633,Hospedero,,,,,Asteraceae,Bidens,pilosa
302f6a07-d0da-11f0-9ba0-fc3fdb83b633,Hospedero,,,,,Rubiaceae,Spermacoce,remota
302f6a37-d0da-11f0-9ba0-fc3fdb83b633,Hospedero,,,,,Asteraceae,Youngia,japonica
302f6a67-d0da-11f0-9ba0-fc3fdb83b633,Hospedero,,,,,Fabaceae/Pap.,Desmodium,adscendens
302f6a96-d0da-11f0-9ba0-fc3fdb83b633,Hospedero,,,,,Actinidiaceae,Saurauia,rubiformis
302f6ac4-d0da-11f0-9ba0-fc3fdb83b633,Hospedero,,,,,Lomariopsidaceae,Lomariopsis,
302f6af4-d0da-11f0-9ba0-fc3fdb83b633,Hospedero,,,,,Gesneriaceae,Columnea,
302f6b24-d0da-11f0-9ba0-fc3fdb83b633,Hospedero,,,,,Cyperaceae,Rhynchospora,polyphylla
302f6b53-d0da-11f0-9ba0-fc3fdb83b633,Hospedero,,,,,Melastomataceae,Pilocosta,nana
302f6b82-d0da-11f0-9ba0-fc3fdb83b633,Hospedero,,,,,Fabaceae/Mim.,Mimosa,
302f6bb2-d0da-11f0-9ba0-fc3fdb83b633,Hospedero,,,,,Piperaceae,Piper,friedrichsthalii
302f6be1-d0da-11f0-9ba0-fc3fdb83b633,Hospedero,,,,,Polypodiaceae,,
302f6c0f-d0da-11f0-9ba0-fc3fdb83b633,Hospedero,,,,,Asteraceae,Neurolaena,lobata
302f6c3e-d0da-11f0-9ba0-fc3fdb83b633,Hospedero,,,,,Urticaceae,Boehmeria,aspera
302f6c6e-d0da-11f0-9ba0-fc3fdb83b633,Hospedero,,,,,Fabaceae/Mim.,Inga,spectabilis
302f6c9e-d0da-11f0-9ba0-fc3fdb83b633,Hospedero,,,,,Ochnaceae,Sauvagesia,erecta
302f6ccd-d0da-11f0-9ba0-fc3fdb83b633,Hospedero,,,,,Gesneriaceae,Besleria,robusta
302f6cfd-d0da-11f0-9ba0-fc3fdb83b633,Hospedero,,,,,Vochysiaceae,Vochysia,ferruginea
302f6d2d-d0da-11f0-9ba0-fc3fdb83b633,Hospedero,,,,,Gesneriaceae,Drymonia,coriacea
302f6d5c-d0da-11f0-9ba0-fc3fdb83b633,Hospedero,,,,,Solanaceae,Solanum,trizygum
302f6d8c-d0da-11f0-9ba0-fc3fdb83b633,Hospedero,,,,,Melastomataceae,Leandra,longicoma
302f6dba-d0da-11f0-9ba0-fc3fdb83b633,Hospedero,,,,,Annonaceae,Guatteria,aeruginosa
302f6deb-d0da-11f0-9ba0-fc3fdb83b633,Hospedero,,,,,Solanaceae,Merinthopodium,neuranthum
302f6e1a-d0da-11f0-9ba0-fc3fdb83b633,Hospedero,,,,,Nyctaginaceae,Neea,urophylla
302f6e4a-d0da-11f0-9ba0-fc3fdb83b633,Hospedero,,,,,Verbenaceae,Citharexylum,costaricencis
302f6e78-d0da-11f0-9ba0-fc3fdb83b633,Hospedero,,,,,Polypodiaceae,Polypodium,
302f6ea8-d0da-11f0-9ba0-fc3fdb83b633,Hospedero,,,,,Apiaceae,Sanicula,liberta
302f6ed7-d0da-11f0-9ba0-fc3fdb83b633,Hospedero,,,,,Euphorbiaceae,Phyllanthus,valerii
302f6f06-d0da-11f0-9ba0-fc3fdb83b633,Hospedero,,,,,Gesneriaceae,Monopyle,maxonii
302f6f35-d0da-11f0-9ba0-fc3fdb83b633,Hospedero,,,,,Gentianaceae,Voyria,corymbosa
302f6f65-d0da-11f0-9ba0-fc3fdb83b633,Hospedero,,,,,Asclepiadaceae,Cynanchum,
302f6f95-d0da-11f0-9ba0-fc3fdb83b633,Hospedero,,,,,Ericaceae,,
302f6fc3-d0da-11f0-9ba0-fc3fdb83b633,Hospedero,,,,,Fagaceae,Quercus,
302f6ff2-d0da-11f0-9ba0-fc3fdb83b633,Hospedero,,,,,Smilacaceae,Smilax,
302f7022-d0da-11f0-9ba0-fc3fdb83b633,Hospedero,,,,,Ericaceae,Gaultheria,
302f7050-d0da-11f0-9ba0-fc3fdb83b633,Hospedero,,,,,Bromeliaceae,Werauhia,
302f707f-d0da-11f0-9ba0-fc3fdb83b633,Hospedero,,,,,Aspleniaceae,Asplenium,
302f70ae-d0da-11f0-9ba0-fc3fdb83b633,Hospedero,,,,,Orchidaceae,,
302f70de-d0da-11f0-9ba0-fc3fdb83b633,Hospedero,,,,,Asteraceae,Verbesina,
302f710c-d0da-11f0-9ba0-fc3fdb83b633,Hospedero,,,,,Rubiaceae,Rondeletia,
302f713b-d0da-11f0-9ba0-fc3fdb83b633,Hospedero,,,,,Flacourtiaceae,Lozania,
302f716a-d0da-11f0-9ba0-fc3fdb83b633,Hospedero,,,,,Meliaceae,Ruagea,glabra
302f7198-d0da-11f0-9ba0-fc3fdb83b633,Hospedero,,,,,Solanaceae,,
302f71c7-d0da-11f0-9ba0-fc3fdb83b633,Hospedero,,,,,Simaroubaceae,Picramnia,
302f71f5-d0da-11f0-9ba0-fc3fdb83b633,Hospedero,,,,,Orchidaceae,Lepanthes,
302f7224-d0da-11f0-9ba0-fc3fdb83b633,Hospedero,,,,,Araliaceae,Oreopanax,
302f7254-d0da-11f0-9ba0-fc3fdb83b633,Hospedero,,,,,Clusiaceae,Hypericum,
302f7282-d0da-11f0-9ba0-fc3fdb83b633,Hospedero,,,,,Verbenaceae,Stachytarpheta,
302f72b1-d0da-11f0-9ba0-fc3fdb83b633,Hospedero,,,,,Convolvulaceae,Ipomoea,
302f72e0-d0da-11f0-9ba0-fc3fdb83b633,Hospedero,,,,,Fabaceae/Mim.,Albizia,carbonaria
302f7310-d0da-11f0-9ba0-fc3fdb83b633,Hospedero,,,,,Gleicheniaceae,Gleichenia,
302f733e-d0da-11f0-9ba0-fc3fdb83b633,Hospedero,,,,,Gleicheniaceae,Gleichenia,bifida
302f736c-d0da-11f0-9ba0-fc3fdb83b633,Hospedero,,,,,Cucurbitaceae,,
302f739a-d0da-11f0-9ba0-fc3fdb83b633,Hospedero,,,,,Blechnaceae,Blechnum,
302f73c9-d0da-11f0-9ba0-fc3fdb83b633,Hospedero,,,,,Onagraceae,Ludwigia,
302f73f8-d0da-11f0-9ba0-fc3fdb83b633,Hospedero,,,,,Polygalaceae,Securidaca,
302f7428-d0da-11f0-9ba0-fc3fdb83b633,Hospedero,,,,,Pteridaceae,Eriosorus,
302f7456-d0da-11f0-9ba0-fc3fdb83b633,Hospedero,,,,,Lauraceae,Ocotea,
302f7485-d0da-11f0-9ba0-fc3fdb83b633,Hospedero,,,,,Solanaceae,Witeringia,
302f74b3-d0da-11f0-9ba0-fc3fdb83b633,Hospedero,,,,,Arecaceae,Bactris,
302f74e2-d0da-11f0-9ba0-fc3fdb83b633,Hospedero,,,,,Marattiaceae,Danaea,crispa
302f7511-d0da-11f0-9ba0-fc3fdb83b633,Hospedero,,,,,Hymenophyllaceae,Hymenophyllum,
302f7541-d0da-11f0-9ba0-fc3fdb83b633,Hospedero,,,,,Zingiberaceae,Alpinia,
302f7570-d0da-11f0-9ba0-fc3fdb83b633,Hospedero,,,,,Acanthaceae,Odontonema,tubaeforme
302f759f-d0da-11f0-9ba0-fc3fdb83b633,Hospedero,,,,,Zingiberaceae,,
302f75ce-d0da-11f0-9ba0-fc3fdb83b633,Hospedero,,,,,Orchidaceae,Arundina,graminifolia
302f75fd-d0da-11f0-9ba0-fc3fdb83b633,Hospedero,,,,,Vitaceae,Cissus,
302f762d-d0da-11f0-9ba0-fc3fdb83b633,Hospedero,,,,,Acanthaceae,Blechum,
302f765b-d0da-11f0-9ba0-fc3fdb83b633,Hospedero,,,,,Simaroubaceae,Quassia,amara
302f768a-d0da-11f0-9ba0-fc3fdb83b633,Hospedero,,,,,Malvaceae,Hibiscus,
302f76b9-d0da-11f0-9ba0-fc3fdb83b633,Hospedero,,,,,Cyperaceae,Cyperus,
302f76e8-d0da-11f0-9ba0-fc3fdb83b633,Hospedero,,,,,Bromeliaceae,Tillandsia,
302f7717-d0da-11f0-9ba0-fc3fdb83b633,Hospedero,,,,,Iridaceae,Neomarica,longifolia
302f7746-d0da-11f0-9ba0-fc3fdb83b633,Hospedero,,,,,Marantaceae,Calathea,lutea
302f7777-d0da-11f0-9ba0-fc3fdb83b633,Hospedero,,,,,Bixaceae,Bixa,urucurana
302f77a5-d0da-11f0-9ba0-fc3fdb83b633,Hospedero,,,,,Cecropiaceae,Cecropia,peltata
302f77d4-d0da-11f0-9ba0-fc3fdb83b633,Hospedero,,,,,Fabaceae/Pap.,Uribea,tamarindoides